<?xml version="1.0" encoding="utf-8"?><gpx version="1.1" creator="MySchweizMobil - https://map.schweizmobil.ch/" xmlns:xsi="http://www.w3.org/2001/XMLSchema-instance" xmlns="http://www.topografix.com/GPX/1/1" xsi:schemaLocation="http://www.topografix.com/GPX/1/1 http://www.topografix.com/GPX/1/1/gpx.xsd"><metadata><name>260811_windenpass</name><bounds minlat="47.20114022772759" minlon="9.26766430446878" maxlat="47.24223360745236" maxlon="9.338910213671625" /></metadata><trk><name>260811_windenpass</name><trkseg><trkpt lat="47.24223360745236" lon="9.269426628015935"><ele>1027.7999877929688</ele></trkpt><trkpt lat="47.242185942362994" lon="9.269538611639291"><ele>1028.1999816894531</ele></trkpt><trkpt lat="47.24213739903644" lon="9.269649243913591"><ele>1028.7999877929688</ele></trkpt><trkpt lat="47.24209347786382" lon="9.269752107560635"><ele>1029.2999877929688</ele></trkpt><trkpt lat="47.24202175065875" lon="9.269736437592655"><ele>1029.6999816894531</ele></trkpt><trkpt lat="47.24193935189396" lon="9.269826091825962"><ele>1030.0999755859375</ele></trkpt><trkpt lat="47.241874038241804" lon="9.269916331395507"><ele>1030.3999938964844</ele></trkpt><trkpt lat="47.2418078253977" lon="9.270006540231407"><ele>1030.5</ele></trkpt><trkpt lat="47.24174251127988" lon="9.27009677933529"><ele>1030.5</ele></trkpt><trkpt lat="47.24167719716206" lon="9.270187017973512"><ele>1030.3999938964844</ele></trkpt><trkpt lat="47.24161096289754" lon="9.2702785464935"><ele>1030.3999938964844</ele></trkpt><trkpt lat="47.24154564877972" lon="9.270368785131723"><ele>1030.2999877929688</ele></trkpt><trkpt lat="47.2414803346619" lon="9.270459023304284"><ele>1030.1999816894531</ele></trkpt><trkpt lat="47.24139663716778" lon="9.270573731977493"><ele>1030.1999816894531</ele></trkpt><trkpt lat="47.241316518746316" lon="9.270633076317608"><ele>1029.5999755859375</ele></trkpt><trkpt lat="47.241235522553325" lon="9.270691069308668"><ele>1029.0999755859375</ele></trkpt><trkpt lat="47.24115540459752" lon="9.270750413648784"><ele>1029.6999816894531</ele></trkpt><trkpt lat="47.241050735116005" lon="9.27082609012723"><ele>1030.2999877929688</ele></trkpt><trkpt lat="47.24097648728639" lon="9.270968864671886"><ele>1030.5</ele></trkpt><trkpt lat="47.24096899153665" lon="9.27110071759671"><ele>1030.5999755859375</ele></trkpt><trkpt lat="47.2409641337581" lon="9.271179817151278"><ele>1030.7999877929688</ele></trkpt><trkpt lat="47.240875591058284" lon="9.271203201729804"><ele>1031.0</ele></trkpt><trkpt lat="47.24078706884757" lon="9.27122526569292"><ele>1031.3999938964844</ele></trkpt><trkpt lat="47.24069852568209" lon="9.271248649805784"><ele>1031.6999816894531</ele></trkpt><trkpt lat="47.24055759701878" lon="9.271284768823534"><ele>1032.0999755859375</ele></trkpt><trkpt lat="47.24046763358638" lon="9.271284324582666"><ele>1032.1999816894531</ele></trkpt><trkpt lat="47.240377691574395" lon="9.271282559726387"><ele>1032.2999877929688</ele></trkpt><trkpt lat="47.24028772814199" lon="9.27128211548552"><ele>1032.5999755859375</ele></trkpt><trkpt lat="47.24019778566435" lon="9.271280351094902"><ele>1032.8999938964844</ele></trkpt><trkpt lat="47.24010782223195" lon="9.271279906854033"><ele>1033.3999938964844</ele></trkpt><trkpt lat="47.239972898270935" lon="9.27127791987732"><ele>1034.0999755859375</ele></trkpt><trkpt lat="47.23988433461636" lon="9.271302624139935"><ele>1035.0</ele></trkpt><trkpt lat="47.23980120755732" lon="9.271324872970581"><ele>1036.0</ele></trkpt><trkpt lat="47.23971922835335" lon="9.271388113964349"><ele>1037.1999816894531</ele></trkpt><trkpt lat="47.23965918272734" lon="9.271486455574632"><ele>1038.1999816894531</ele></trkpt><trkpt lat="47.23959913710132" lon="9.271584796719253"><ele>1039.1999816894531</ele></trkpt><trkpt lat="47.23953909100965" lon="9.271683137398213"><ele>1040.3999938964844</ele></trkpt><trkpt lat="47.23947904538363" lon="9.271781478077173"><ele>1041.5999755859375</ele></trkpt><trkpt lat="47.239418999291956" lon="9.271879818756133"><ele>1042.8999938964844</ele></trkpt><trkpt lat="47.23934046458453" lon="9.272009230218828"><ele>1044.2999877929688</ele></trkpt><trkpt lat="47.23929635202512" lon="9.272123969625682"><ele>1045.5</ele></trkpt><trkpt lat="47.239252218510956" lon="9.272240029647946"><ele>1046.6999816894531</ele></trkpt><trkpt lat="47.23920810595155" lon="9.272354768589139"><ele>1047.8999938964844</ele></trkpt><trkpt lat="47.23918087268248" lon="9.272426492534578"><ele>1048.7999877929688</ele></trkpt><trkpt lat="47.23915902944282" lon="9.272555206436664"><ele>1049.7999877929688</ele></trkpt><trkpt lat="47.2391312867403" lon="9.272715423256159"><ele>1050.8999938964844</ele></trkpt><trkpt lat="47.23910346953198" lon="9.27276731049642"><ele>1051.6999816894531</ele></trkpt><trkpt lat="47.239031322300434" lon="9.272778043989092"><ele>1052.2999877929688</ele></trkpt><trkpt lat="47.238986782263964" lon="9.272750093601644"><ele>1052.7999877929688</ele></trkpt><trkpt lat="47.23893083073199" lon="9.272647772915661"><ele>1053.7999877929688</ele></trkpt><trkpt lat="47.23884690320119" lon="9.272494291886687"><ele>1055.0999755859375</ele></trkpt><trkpt lat="47.23877156339586" lon="9.272423010785133"><ele>1056.2999877929688</ele></trkpt><trkpt lat="47.23869532439858" lon="9.272351699415594"><ele>1057.1999816894531</ele></trkpt><trkpt lat="47.238598697818816" lon="9.272261193953454"><ele>1058.0999755859375</ele></trkpt><trkpt lat="47.238562844228" lon="9.27213974809274"><ele>1059.2999877929688</ele></trkpt><trkpt lat="47.23852788936347" lon="9.272018333896995"><ele>1060.3999938964844</ele></trkpt><trkpt lat="47.23849203530699" lon="9.271896888501942"><ele>1061.3999938964844</ele></trkpt><trkpt lat="47.2384621812962" lon="9.271794144064188"><ele>1062.3999938964844</ele></trkpt><trkpt lat="47.23840440949425" lon="9.27169308392331"><ele>1063.5</ele></trkpt><trkpt lat="47.2383457175456" lon="9.271593313198537"><ele>1064.5999755859375</ele></trkpt><trkpt lat="47.23828794527799" lon="9.27149225352332"><ele>1065.5</ele></trkpt><trkpt lat="47.23825204465538" lon="9.271430253982544"><ele>1066.3999938964844</ele></trkpt><trkpt lat="47.23820159211755" lon="9.27132151927799"><ele>1067.3999938964844</ele></trkpt><trkpt lat="47.23815116100013" lon="9.271211464889348"><ele>1068.5</ele></trkpt><trkpt lat="47.23809980927035" lon="9.27110269991681"><ele>1069.6999816894531</ele></trkpt><trkpt lat="47.23804935673252" lon="9.270993965677917"><ele>1070.7999877929688</ele></trkpt><trkpt lat="47.23799890372902" lon="9.270885231904685"><ele>1072.0</ele></trkpt><trkpt lat="47.237948472145945" lon="9.270775177981704"><ele>1073.0999755859375</ele></trkpt><trkpt lat="47.2378971199505" lon="9.27066641394049"><ele>1074.1999816894531</ele></trkpt><trkpt lat="47.23783449828625" lon="9.270530843175948"><ele>1075.5</ele></trkpt><trkpt lat="47.237776725087315" lon="9.270429785363376"><ele>1076.0999755859375</ele></trkpt><trkpt lat="47.237719872035086" lon="9.2703274381347"><ele>1076.5999755859375</ele></trkpt><trkpt lat="47.23765948554501" lon="9.270221007056534"><ele>1078.2999877929688</ele></trkpt><trkpt lat="47.23763994174078" lon="9.270092198625207"><ele>1080.1999816894531</ele></trkpt><trkpt lat="47.23761872481555" lon="9.269955406431109"><ele>1081.2999877929688</ele></trkpt><trkpt lat="47.23762801848352" lon="9.269823622889817"><ele>1082.2999877929688</ele></trkpt><trkpt lat="47.23763818992302" lon="9.269693191163242"><ele>1083.1999816894531</ele></trkpt><trkpt lat="47.23764748265967" lon="9.26956140762195"><ele>1084.0999755859375</ele></trkpt><trkpt lat="47.2376532596536" lon="9.269481023773551"><ele>1084.8999938964844</ele></trkpt><trkpt lat="47.23763099592179" lon="9.269353442825377"><ele>1085.7999877929688</ele></trkpt><trkpt lat="47.23760965233669" lon="9.26922457292676"><ele>1086.6999816894531</ele></trkpt><trkpt lat="47.237587409093976" lon="9.269095671828836"><ele>1087.5999755859375</ele></trkpt><trkpt lat="47.237585911061615" lon="9.268963519018143"><ele>1088.5999755859375</ele></trkpt><trkpt lat="47.23758324375376" lon="9.268791695591062"><ele>1089.5999755859375</ele></trkpt><trkpt lat="47.23753075953573" lon="9.268697426188737"><ele>1090.3999938964844</ele></trkpt><trkpt lat="47.23744962038472" lon="9.268707857001573"><ele>1091.0999755859375</ele></trkpt><trkpt lat="47.23741239309311" lon="9.26878584222868"><ele>1091.7999877929688</ele></trkpt><trkpt lat="47.23741071484983" lon="9.268891466315836"><ele>1092.3999938964844</ele></trkpt><trkpt lat="47.237374326679856" lon="9.268916639965028"><ele>1093.0</ele></trkpt><trkpt lat="47.23728440562263" lon="9.26891355914995"><ele>1094.3999938964844</ele></trkpt><trkpt lat="47.23719448456541" lon="9.268910478800535"><ele>1096.6999816894531</ele></trkpt><trkpt lat="47.23706859489903" lon="9.268906165845692"><ele>1099.1999816894531</ele></trkpt><trkpt lat="47.23706670664251" lon="9.269024992361665"><ele>1101.3999938964844</ele></trkpt><trkpt lat="47.2371153216809" lon="9.269136301707476"><ele>1103.7999877929688</ele></trkpt><trkpt lat="47.23717961832881" lon="9.269279853440821"><ele>1106.2999877929688</ele></trkpt><trkpt lat="47.23713017627597" lon="9.269390445202589"><ele>1108.1999816894531</ele></trkpt><trkpt lat="47.23707985598594" lon="9.26949968514964"><ele>1109.5999755859375</ele></trkpt><trkpt lat="47.23703041346744" lon="9.269610276445746"><ele>1111.2999877929688</ele></trkpt><trkpt lat="47.23698009317741" lon="9.269719516392797"><ele>1113.0999755859375</ele></trkpt><trkpt lat="47.236930650658906" lon="9.269830107223243"><ele>1114.8999938964844</ele></trkpt><trkpt lat="47.23688122909516" lon="9.269939377438277"><ele>1116.5999755859375</ele></trkpt><trkpt lat="47.23684393800795" lon="9.270021322183311"><ele>1118.0999755859375</ele></trkpt><trkpt lat="47.23676724964753" lon="9.270091348327696"><ele>1119.6999816894531</ele></trkpt><trkpt lat="47.23669148143381" lon="9.270160085055977"><ele>1121.8999938964844</ele></trkpt><trkpt lat="47.236606574151665" lon="9.270237755030394"><ele>1124.0</ele></trkpt><trkpt lat="47.236599660944194" lon="9.270106739830226"><ele>1125.2999877929688</ele></trkpt><trkpt lat="47.236592579633" lon="9.269986286759377"><ele>1126.3999938964844</ele></trkpt><trkpt lat="47.23654051637277" lon="9.269865612965077"><ele>1127.5</ele></trkpt><trkpt lat="47.23643366061151" lon="9.2697959006764"><ele>1128.6999816894531</ele></trkpt><trkpt lat="47.23629793850705" lon="9.269844087772071"><ele>1129.6999816894531</ele></trkpt><trkpt lat="47.23625115165487" lon="9.269957410171628"><ele>1130.2999877929688</ele></trkpt><trkpt lat="47.23620526352897" lon="9.270070762839168"><ele>1130.7999877929688</ele></trkpt><trkpt lat="47.23615849716589" lon="9.270182764157653"><ele>1131.3999938964844</ele></trkpt><trkpt lat="47.23611260903999" lon="9.270296116359532"><ele>1132.0999755859375</ele></trkpt><trkpt lat="47.23606582125649" lon="9.270409437827766"><ele>1133.0</ele></trkpt><trkpt lat="47.236019033472985" lon="9.270522758830339"><ele>1134.1999816894531</ele></trkpt><trkpt lat="47.235960993450135" lon="9.270664755254984"><ele>1135.5999755859375</ele></trkpt><trkpt lat="47.235834683291614" lon="9.270686843432486"><ele>1136.8999938964844</ele></trkpt><trkpt lat="47.23574698064476" lon="9.270657416433096"><ele>1138.0999755859375</ele></trkpt><trkpt lat="47.23565925704315" lon="9.270629310049117"><ele>1139.2999877929688</ele></trkpt><trkpt lat="47.2355715543963" lon="9.270599883049726"><ele>1140.5999755859375</ele></trkpt><trkpt lat="47.23543192818761" lon="9.270554145332426"><ele>1142.0999755859375</ele></trkpt><trkpt lat="47.23535752808675" lon="9.270480262115598"><ele>1143.2999877929688</ele></trkpt><trkpt lat="47.23528220830485" lon="9.270407668780535"><ele>1144.3999938964844</ele></trkpt><trkpt lat="47.235207808203995" lon="9.270333786029369"><ele>1145.5999755859375</ele></trkpt><trkpt lat="47.2351334085688" lon="9.270259903743863"><ele>1146.7999877929688</ele></trkpt><trkpt lat="47.23504215432331" lon="9.27017091307789"><ele>1148.0</ele></trkpt><trkpt lat="47.23498346097767" lon="9.27007115026936"><ele>1149.0999755859375</ele></trkpt><trkpt lat="47.234924788586795" lon="9.26997006777674"><ele>1150.2999877929688</ele></trkpt><trkpt lat="47.234866993967444" lon="9.269870336167514"><ele>1151.3999938964844</ele></trkpt><trkpt lat="47.23481444781646" lon="9.26978003140539"><ele>1152.5</ele></trkpt><trkpt lat="47.23472869023681" lon="9.269741426687688"><ele>1153.6999816894531</ele></trkpt><trkpt lat="47.23459111433476" lon="9.26967991096899"><ele>1154.8999938964844</ele></trkpt><trkpt lat="47.23450104566291" lon="9.269686070736498"><ele>1156.0</ele></trkpt><trkpt lat="47.23441185569391" lon="9.2696935813874"><ele>1156.8999938964844</ele></trkpt><trkpt lat="47.23434790642932" lon="9.26969799445942"><ele>1157.7999877929688</ele></trkpt><trkpt lat="47.234263544902205" lon="9.269741335883737"><ele>1158.5999755859375</ele></trkpt><trkpt lat="47.23417826322839" lon="9.269785966258496"><ele>1159.3999938964844</ele></trkpt><trkpt lat="47.23409390170127" lon="9.269829307682812"><ele>1160.2999877929688</ele></trkpt><trkpt lat="47.23400861956179" lon="9.269873938057572"><ele>1161.1999816894531</ele></trkpt><trkpt lat="47.233924258034676" lon="9.269917279016227"><ele>1161.8999938964844</ele></trkpt><trkpt lat="47.233838975895196" lon="9.269961908925325"><ele>1162.5999755859375</ele></trkpt><trkpt lat="47.23375461436808" lon="9.270005249418318"><ele>1163.1999816894531</ele></trkpt><trkpt lat="47.2336693322286" lon="9.270049879327416"><ele>1163.8999938964844</ele></trkpt><trkpt lat="47.233584970235825" lon="9.27009321982041"><ele>1164.7999877929688</ele></trkpt><trkpt lat="47.233499688562006" lon="9.270137849263847"><ele>1165.8999938964844</ele></trkpt><trkpt lat="47.233368147630244" lon="9.270205990411341"><ele>1167.1999816894531</ele></trkpt><trkpt lat="47.233278037048876" lon="9.270214789547026"><ele>1168.2999877929688</ele></trkpt><trkpt lat="47.233169900719076" lon="9.270225611981004"><ele>1169.1999816894531</ele></trkpt><trkpt lat="47.23308702977374" lon="9.270175218582153"><ele>1169.8999938964844</ele></trkpt><trkpt lat="47.2330032591708" lon="9.270124793983996"><ele>1170.5999755859375</ele></trkpt><trkpt lat="47.23293820442632" lon="9.270085578784347"><ele>1171.5</ele></trkpt><trkpt lat="47.23288614163175" lon="9.269964912906289"><ele>1172.5999755859375</ele></trkpt><trkpt lat="47.23287111427635" lon="9.26983494963497"><ele>1173.5999755859375</ele></trkpt><trkpt lat="47.23285698564723" lon="9.269705017097294"><ele>1174.6999816894531</ele></trkpt><trkpt lat="47.23284197924659" lon="9.269573733676225"><ele>1175.8999938964844</ele></trkpt><trkpt lat="47.23282302170992" lon="9.26940797176212"><ele>1177.0999755859375</ele></trkpt><trkpt lat="47.232758827507496" lon="9.26931462995708"><ele>1178.1999816894531</ele></trkpt><trkpt lat="47.23269553249702" lon="9.269221319351345"><ele>1179.1999816894531</ele></trkpt><trkpt lat="47.232631316874176" lon="9.269129298627377"><ele>1180.2999877929688</ele></trkpt><trkpt lat="47.23256802139804" lon="9.269035988487303"><ele>1181.5</ele></trkpt><trkpt lat="47.232480093836784" lon="9.268907491117716"><ele>1182.8999938964844</ele></trkpt><trkpt lat="47.232405692804605" lon="9.268833614420146"><ele>1184.2999877929688</ele></trkpt><trkpt lat="47.23233037162572" lon="9.268761027604342"><ele>1185.3999938964844</ele></trkpt><trkpt lat="47.23225597059354" lon="9.268687150906771"><ele>1186.5</ele></trkpt><trkpt lat="47.23218064941466" lon="9.268614564556628"><ele>1187.6999816894531</ele></trkpt><trkpt lat="47.232116871047765" lon="9.268551619257778"><ele>1188.7999877929688</ele></trkpt><trkpt lat="47.23206367669627" lon="9.26844544801861"><ele>1189.8999938964844</ele></trkpt><trkpt lat="47.232003539800644" lon="9.268323188181967"><ele>1191.1999816894531</ele></trkpt><trkpt lat="47.23196494206786" lon="9.268204308580607"><ele>1192.5</ele></trkpt><trkpt lat="47.23192726448178" lon="9.268084139563143"><ele>1193.5999755859375</ele></trkpt><trkpt lat="47.231888666749" lon="9.267965259961784"><ele>1194.8999938964844</ele></trkpt><trkpt lat="47.23183208703995" lon="9.267788967117667"><ele>1196.3999938964844</ele></trkpt><trkpt lat="47.231770609971136" lon="9.267694401554763"><ele>1197.8999938964844</ele></trkpt><trkpt lat="47.23166312370449" lon="9.26766430446878"><ele>1199.1999816894531</ele></trkpt><trkpt lat="47.231645761057734" lon="9.267794476356357"><ele>1200.3999938964844</ele></trkpt><trkpt lat="47.231622332241386" lon="9.267966708634049"><ele>1201.3999938964844</ele></trkpt><trkpt lat="47.23156847897917" lon="9.268071855418384"><ele>1202.3999938964844</ele></trkpt><trkpt lat="47.23151372652501" lon="9.268176971003413"><ele>1203.5</ele></trkpt><trkpt lat="47.231459852308035" lon="9.268283437006176"><ele>1204.5999755859375</ele></trkpt><trkpt lat="47.23140599858016" lon="9.26838858332485"><ele>1205.5</ele></trkpt><trkpt lat="47.231362372171134" lon="9.268472945317626"><ele>1206.1999816894531</ele></trkpt><trkpt lat="47.23127711145207" lon="9.268516255542636"><ele>1206.8999938964844</ele></trkpt><trkpt lat="47.23119187215343" lon="9.268558245152235"><ele>1207.5999755859375</ele></trkpt><trkpt lat="47.23110661143437" lon="9.268601554911584"><ele>1208.1999816894531</ele></trkpt><trkpt lat="47.23101773299277" lon="9.268646061886102"><ele>1208.7999877929688</ele></trkpt><trkpt lat="47.23096210183576" lon="9.268749824725091"><ele>1209.3999938964844</ele></trkpt><trkpt lat="47.230906470213085" lon="9.26885358709842"><ele>1210.0</ele></trkpt><trkpt lat="47.23085083859041" lon="9.26895734993741"><ele>1210.6999816894531</ele></trkpt><trkpt lat="47.230767391156405" lon="9.26911299303174"><ele>1211.2999877929688</ele></trkpt><trkpt lat="47.23079689126462" lon="9.269238163717091"><ele>1211.6999816894531</ele></trkpt><trkpt lat="47.23082634899765" lon="9.269365974701941"><ele>1212.2999877929688</ele></trkpt><trkpt lat="47.23089888878167" lon="9.269443749450147"><ele>1213.0</ele></trkpt><trkpt lat="47.23097142810002" lon="9.269521523732692"><ele>1213.0999755859375</ele></trkpt><trkpt lat="47.23102981084958" lon="9.269584284164011"><ele>1213.0999755859375</ele></trkpt><trkpt lat="47.23106294916943" lon="9.269706938415766"><ele>1213.2999877929688</ele></trkpt><trkpt lat="47.2311063320376" lon="9.269864286761731"><ele>1213.3999938964844</ele></trkpt><trkpt lat="47.23111301474273" lon="9.270009810104966"><ele>1213.2999877929688</ele></trkpt><trkpt lat="47.23107333667576" lon="9.270128648262471"><ele>1213.1999816894531</ele></trkpt><trkpt lat="47.231046919710934" lon="9.270205672830343"><ele>1213.0999755859375</ele></trkpt><trkpt lat="47.231050215195864" lon="9.270337871741503"><ele>1212.7999877929688</ele></trkpt><trkpt lat="47.231052341870964" lon="9.270430404692888"><ele>1212.7999877929688</ele></trkpt><trkpt lat="47.23102872353047" lon="9.270557717885822"><ele>1213.0</ele></trkpt><trkpt lat="47.23101301304996" lon="9.270640393253416"><ele>1213.0999755859375</ele></trkpt><trkpt lat="47.230929773300886" lon="9.270782832987607"><ele>1213.3999938964844</ele></trkpt><trkpt lat="47.23085918929428" lon="9.270864947233349"><ele>1213.7999877929688</ele></trkpt><trkpt lat="47.23078950447962" lon="9.270947091747075"><ele>1214.1999816894531</ele></trkpt><trkpt lat="47.23071889951825" lon="9.271030525676906"><ele>1214.5</ele></trkpt><trkpt lat="47.230648315511644" lon="9.271112638991326"><ele>1214.7999877929688</ele></trkpt><trkpt lat="47.23057863069698" lon="9.271194783039391"><ele>1215.0</ele></trkpt><trkpt lat="47.23050804622471" lon="9.27127689588815"><ele>1215.0</ele></trkpt><trkpt lat="47.23043833998963" lon="9.271360359620303"><ele>1215.0</ele></trkpt><trkpt lat="47.23036775551736" lon="9.2714424720034"><ele>1215.0</ele></trkpt><trkpt lat="47.23030633153394" lon="9.271514331921935"><ele>1215.1999816894531</ele></trkpt><trkpt lat="47.23026755172759" lon="9.271633198019117"><ele>1216.0</ele></trkpt><trkpt lat="47.230228771455586" lon="9.2717520641163"><ele>1217.1999816894531</ele></trkpt><trkpt lat="47.23017392726615" lon="9.271919249556959"><ele>1218.3999938964844</ele></trkpt><trkpt lat="47.230095501989126" lon="9.271985242143273"><ele>1219.3999938964844</ele></trkpt><trkpt lat="47.230017996858805" lon="9.272049944847822"><ele>1220.3999938964844</ele></trkpt><trkpt lat="47.22993957158178" lon="9.272115936968476"><ele>1221.5999755859375</ele></trkpt><trkpt lat="47.22986204503104" lon="9.272181959822774"><ele>1222.7999877929688</ele></trkpt><trkpt lat="47.229783619754016" lon="9.272247951477766"><ele>1224.0</ele></trkpt><trkpt lat="47.22973620891571" lon="9.272287270519882"><ele>1225.2999877929688</ele></trkpt><trkpt lat="47.22965275729075" lon="9.27244290523231"><ele>1226.6999816894531</ele></trkpt><trkpt lat="47.229615753982216" lon="9.272563151083887"><ele>1228.0999755859375</ele></trkpt><trkpt lat="47.229577851016074" lon="9.272683366201818"><ele>1229.3999938964844</ele></trkpt><trkpt lat="47.22954084724188" lon="9.272803611587733"><ele>1230.5999755859375</ele></trkpt><trkpt lat="47.22951051685959" lon="9.272900311276317"><ele>1232.0</ele></trkpt><trkpt lat="47.229438174981624" lon="9.272979718632996"><ele>1233.3999938964844</ele></trkpt><trkpt lat="47.229366732761264" lon="9.27305915672332"><ele>1234.7999877929688</ele></trkpt><trkpt lat="47.229294411838055" lon="9.27313724346459"><ele>1236.0999755859375</ele></trkpt><trkpt lat="47.22922207042575" lon="9.273216649889946"><ele>1237.3999938964844</ele></trkpt><trkpt lat="47.22915062773973" lon="9.273296087514609"><ele>1238.8999938964844</ele></trkpt><trkpt lat="47.22907828586176" lon="9.273375493939966"><ele>1240.6999816894531</ele></trkpt><trkpt lat="47.22899770364165" lon="9.27346386294812"><ele>1242.5</ele></trkpt><trkpt lat="47.22893677838147" lon="9.273560831323266"><ele>1244.2999877929688</ele></trkpt><trkpt lat="47.22887583170086" lon="9.2736591193825"><ele>1246.0</ele></trkpt><trkpt lat="47.2288158047013" lon="9.273756118491292"><ele>1247.5</ele></trkpt><trkpt lat="47.22875487897545" lon="9.273853086400777"><ele>1249.1999816894531</ele></trkpt><trkpt lat="47.228693932294846" lon="9.27395137399435"><ele>1251.0</ele></trkpt><trkpt lat="47.22863300610334" lon="9.274048341438174"><ele>1252.6999816894531</ele></trkpt><trkpt lat="47.22857207991183" lon="9.274145308416337"><ele>1254.1999816894531</ele></trkpt><trkpt lat="47.228512052912265" lon="9.274242306128144"><ele>1255.6999816894531</ele></trkpt><trkpt lat="47.228451105766" lon="9.274340592790395"><ele>1257.3999938964844</ele></trkpt><trkpt lat="47.22839017957449" lon="9.274437559302896"><ele>1259.3999938964844</ele></trkpt><trkpt lat="47.22832925291732" lon="9.274534525815398"><ele>1261.2999877929688</ele></trkpt><trkpt lat="47.22826830530539" lon="9.274632812011987"><ele>1263.0999755859375</ele></trkpt><trkpt lat="47.22823136905208" lon="9.274692299310118"><ele>1264.7999877929688</ele></trkpt><trkpt lat="47.22815902624279" lon="9.274771702475846"><ele>1266.5</ele></trkpt><trkpt lat="47.22810316365212" lon="9.27483318047598"><ele>1268.0999755859375</ele></trkpt><trkpt lat="47.22813702747226" lon="9.274966423399746"><ele>1269.6999816894531</ele></trkpt><trkpt lat="47.228204941377044" lon="9.275051967706531"><ele>1271.1999816894531</ele></trkpt><trkpt lat="47.228273754008114" lon="9.275137542746961"><ele>1272.7999877929688</ele></trkpt><trkpt lat="47.22834164649248" lon="9.275224407669157"><ele>1274.5999755859375</ele></trkpt><trkpt lat="47.22841045912355" lon="9.275309983175248"><ele>1276.3999938964844</ele></trkpt><trkpt lat="47.22847837256268" lon="9.275395528413355"><ele>1278.1999816894531</ele></trkpt><trkpt lat="47.22856922307983" lon="9.27550959866494"><ele>1280.0999755859375</ele></trkpt><trkpt lat="47.228621491696686" lon="9.275617060251534"><ele>1281.7999877929688</ele></trkpt><trkpt lat="47.22867375984788" lon="9.275724521372467"><ele>1283.2999877929688</ele></trkpt><trkpt lat="47.22874257247895" lon="9.275810098275542"><ele>1284.7999877929688</ele></trkpt><trkpt lat="47.22881140559912" lon="9.275894355494529"><ele>1286.2999877929688</ele></trkpt><trkpt lat="47.22888021776453" lon="9.275979932863265"><ele>1287.8999938964844</ele></trkpt><trkpt lat="47.228949029464275" lon="9.276065510232002"><ele>1289.6999816894531</ele></trkpt><trkpt lat="47.22901786258444" lon="9.27614976791665"><ele>1291.5</ele></trkpt><trkpt lat="47.229079607408494" lon="9.276227178052068"><ele>1293.0999755859375</ele></trkpt><trkpt lat="47.22907855408266" lon="9.276293182745576"><ele>1294.5</ele></trkpt><trkpt lat="47.229002761188895" lon="9.276363220531493"><ele>1296.1999816894531</ele></trkpt><trkpt lat="47.22892694687471" lon="9.27643457846716"><ele>1297.8999938964844</ele></trkpt><trkpt lat="47.22885025385767" lon="9.276504585053772"><ele>1299.3999938964844</ele></trkpt><trkpt lat="47.228804577142" lon="9.276547921355814"><ele>1301.1999816894531</ele></trkpt><trkpt lat="47.22868662606925" lon="9.276609904132783"><ele>1303.3999938964844</ele></trkpt><trkpt lat="47.228711917065084" lon="9.276716439053416"><ele>1305.2999877929688</ele></trkpt><trkpt lat="47.22878631390631" lon="9.276790321804583"><ele>1306.7999877929688</ele></trkpt><trkpt lat="47.22886071028188" lon="9.276864205487072"><ele>1308.5</ele></trkpt><trkpt lat="47.22893335018307" lon="9.276935386937112"><ele>1310.0999755859375</ele></trkpt><trkpt lat="47.22901617689058" lon="9.276988427620381"><ele>1311.7999877929688</ele></trkpt><trkpt lat="47.229129281360656" lon="9.27706100186333"><ele>1313.7999877929688</ele></trkpt><trkpt lat="47.22921909810975" lon="9.277070696931332"><ele>1315.6999816894531</ele></trkpt><trkpt lat="47.22929992247373" lon="9.277080082334578"><ele>1317.2999877929688</ele></trkpt><trkpt lat="47.22938683768734" lon="9.27704609092325"><ele>1319.2999877929688</ele></trkpt><trkpt lat="47.229517210274935" lon="9.276995102874935"><ele>1321.5</ele></trkpt><trkpt lat="47.22960007889196" lon="9.277045504190028"><ele>1323.7999877929688</ele></trkpt><trkpt lat="47.22972213337198" lon="9.277121028862894"><ele>1325.7999877929688</ele></trkpt><trkpt lat="47.22973801055923" lon="9.277253658510745"><ele>1327.6999816894531</ele></trkpt><trkpt lat="47.22968152817339" lon="9.277410214301199"><ele>1329.3999938964844</ele></trkpt><trkpt lat="47.229597999714315" lon="9.277457531075925"><ele>1331.1999816894531</ele></trkpt><trkpt lat="47.22946360940114" lon="9.277534796856344"><ele>1333.0999755859375</ele></trkpt><trkpt lat="47.2294443603605" lon="9.277613384183496"><ele>1335.0</ele></trkpt><trkpt lat="47.22951440047473" lon="9.277734668925405"><ele>1336.5999755859375</ele></trkpt><trkpt lat="47.229468596633524" lon="9.277785925660282"><ele>1338.0</ele></trkpt><trkpt lat="47.22937783179805" lon="9.27783563407138"><ele>1339.0</ele></trkpt><trkpt lat="47.22928791074082" lon="9.277832538820803"><ele>1339.7999877929688</ele></trkpt><trkpt lat="47.22919798921794" lon="9.277829443570226"><ele>1340.7999877929688</ele></trkpt><trkpt lat="47.22911441838369" lon="9.277879399247468"><ele>1342.1999816894531</ele></trkpt><trkpt lat="47.229031725786626" lon="9.277930706273764"><ele>1343.7999877929688</ele></trkpt><trkpt lat="47.22894815495238" lon="9.277980661951005"><ele>1345.5</ele></trkpt><trkpt lat="47.228865483310074" lon="9.278030648361892"><ele>1347.0</ele></trkpt><trkpt lat="47.22874374454841" lon="9.278104384895414"><ele>1348.2999877929688</ele></trkpt><trkpt lat="47.228653823491186" lon="9.278101289179176"><ele>1349.7999877929688</ele></trkpt><trkpt lat="47.22856390243396" lon="9.2780981939286"><ele>1351.7999877929688</ele></trkpt><trkpt lat="47.22847398137674" lon="9.278095098212361"><ele>1353.7999877929688</ele></trkpt><trkpt lat="47.22838824708015" lon="9.278055164497346"><ele>1355.0999755859375</ele></trkpt><trkpt lat="47.22832216927782" lon="9.27802383247763"><ele>1355.7999877929688</ele></trkpt><trkpt lat="47.22823838144541" lon="9.27797472011298"><ele>1356.8999938964844</ele></trkpt><trkpt lat="47.22815279522911" lon="9.277925546746701"><ele>1358.1999816894531</ele></trkpt><trkpt lat="47.22808398492634" lon="9.277839968446642"><ele>1359.5</ele></trkpt><trkpt lat="47.22801166260615" lon="9.277748986613005"><ele>1360.8999938964844</ele></trkpt><trkpt lat="47.22790438961238" lon="9.27770567080006"><ele>1362.5999755859375</ele></trkpt><trkpt lat="47.22781453188509" lon="9.277698616031557"><ele>1364.3999938964844</ele></trkpt><trkpt lat="47.2277246741578" lon="9.277691561263055"><ele>1366.7999877929688</ele></trkpt><trkpt lat="47.22763481596485" lon="9.277684506494552"><ele>1369.0999755859375</ele></trkpt><trkpt lat="47.22754495823756" lon="9.277677451260388"><ele>1371.1999816894531</ele></trkpt><trkpt lat="47.22745510051027" lon="9.277670396491885"><ele>1373.6999816894531</ele></trkpt><trkpt lat="47.22736524278298" lon="9.277663341723382"><ele>1375.8999938964844</ele></trkpt><trkpt lat="47.227311332244426" lon="9.277658845297992"><ele>1377.6999816894531</ele></trkpt><trkpt lat="47.227223673369735" lon="9.277626771479845"><ele>1379.0999755859375</ele></trkpt><trkpt lat="47.22711455961689" lon="9.277586034499109"><ele>1379.2999877929688</ele></trkpt><trkpt lat="47.22704367619008" lon="9.277517556678504"><ele>1378.6999816894531</ele></trkpt><trkpt lat="47.22695356514305" lon="9.277526342310011"><ele>1379.1999816894531</ele></trkpt><trkpt lat="47.226864353753626" lon="9.277535159140825"><ele>1381.2999877929688</ele></trkpt><trkpt lat="47.22673731157556" lon="9.277546636294574"><ele>1383.6999816894531</ele></trkpt><trkpt lat="47.22664963174611" lon="9.277515883091837"><ele>1385.0</ele></trkpt><trkpt lat="47.22656287159771" lon="9.277483840938658"><ele>1385.8999938964844</ele></trkpt><trkpt lat="47.22645103931427" lon="9.277444331906736"><ele>1387.0999755859375</ele></trkpt><trkpt lat="47.226360991597176" lon="9.277449158020318"><ele>1388.7999877929688</ele></trkpt><trkpt lat="47.226288970559835" lon="9.277451962698251"><ele>1391.0999755859375</ele></trkpt><trkpt lat="47.22621745523065" lon="9.277423087041825"><ele>1392.5999755859375</ele></trkpt><trkpt lat="47.22618317278102" lon="9.277316248044372"><ele>1392.5</ele></trkpt><trkpt lat="47.22610350837931" lon="9.277234262321144"><ele>1393.0</ele></trkpt><trkpt lat="47.226013587322086" lon="9.277231168467551"><ele>1395.1999816894531</ele></trkpt><trkpt lat="47.22586971335113" lon="9.277226218022406"><ele>1398.0</ele></trkpt><trkpt lat="47.22581744706258" lon="9.277118762023747"><ele>1400.8999938964844</ele></trkpt><trkpt lat="47.22573651839048" lon="9.27711597783491"><ele>1403.2999877929688</ele></trkpt><trkpt lat="47.22572022024542" lon="9.27700975863263"><ele>1404.1999816894531</ele></trkpt><trkpt lat="47.22565811825916" lon="9.276954792905599"><ele>1404.0</ele></trkpt><trkpt lat="47.225623624864966" lon="9.27686115540564"><ele>1403.8999938964844</ele></trkpt><trkpt lat="47.2255426957272" lon="9.276858371682465"><ele>1405.3999938964844</ele></trkpt><trkpt lat="47.22547160182148" lon="9.276803097222"><ele>1407.2999877929688</ele></trkpt><trkpt lat="47.22540371119976" lon="9.276716235559434"><ele>1408.5</ele></trkpt><trkpt lat="47.225321685895324" lon="9.276613039895892"><ele>1409.7999877929688</ele></trkpt><trkpt lat="47.22526849806309" lon="9.276506873778999"><ele>1410.5</ele></trkpt><trkpt lat="47.225208369549364" lon="9.276384620461613"><ele>1410.0</ele></trkpt><trkpt lat="47.225167960394174" lon="9.276267007458955"><ele>1410.1999816894531</ele></trkpt><trkpt lat="47.225127551704645" lon="9.27614939538762"><ele>1411.5</ele></trkpt><trkpt lat="47.2250708155334" lon="9.275983676314354"><ele>1412.6999816894531</ele></trkpt><trkpt lat="47.22500808117911" lon="9.27596831228584"><ele>1414.0999755859375</ele></trkpt><trkpt lat="47.224973587784916" lon="9.275874676648527"><ele>1416.2999877929688</ele></trkpt><trkpt lat="47.22489638859406" lon="9.275807308033109"><ele>1419.0</ele></trkpt><trkpt lat="47.22483160952106" lon="9.2757509322837"><ele>1420.3999938964844</ele></trkpt><trkpt lat="47.2247893800959" lon="9.275634578894824"><ele>1420.1999816894531</ele></trkpt><trkpt lat="47.22474625147879" lon="9.275518195237964"><ele>1420.8999938964844</ele></trkpt><trkpt lat="47.22470402251929" lon="9.275401842780411"><ele>1423.3999938964844</ele></trkpt><trkpt lat="47.224650566931814" lon="9.27525604935363"><ele>1426.0</ele></trkpt><trkpt lat="47.22456106683239" lon="9.275226559489965"><ele>1427.7999877929688</ele></trkpt><trkpt lat="47.22454514587298" lon="9.27509658364579"><ele>1427.7999877929688</ele></trkpt><trkpt lat="47.22452136920765" lon="9.274895020294935"><ele>1426.5</ele></trkpt><trkpt lat="47.22445161500946" lon="9.274812060408294"><ele>1426.2999877929688</ele></trkpt><trkpt lat="47.22438096255064" lon="9.274729070719332"><ele>1428.3999938964844</ele></trkpt><trkpt lat="47.22431120881811" lon="9.274646112229675"><ele>1431.2999877929688</ele></trkpt><trkpt lat="47.224241455085576" lon="9.274563153740019"><ele>1433.2999877929688</ele></trkpt><trkpt lat="47.22417699126527" lon="9.27448698040098"><ele>1434.5999755859375</ele></trkpt><trkpt lat="47.22413112176582" lon="9.274373145774007"><ele>1434.6999816894531</ele></trkpt><trkpt lat="47.224085251800716" lon="9.274259311612695"><ele>1433.5999755859375</ele></trkpt><trkpt lat="47.22404715931043" lon="9.274165554437786"><ele>1432.1999816894531</ele></trkpt><trkpt lat="47.224013715516776" lon="9.27400592342019"><ele>1431.5</ele></trkpt><trkpt lat="47.22393463226035" lon="9.273943776730448"><ele>1433.3999938964844</ele></trkpt><trkpt lat="47.223871524911374" lon="9.273895385675132"><ele>1436.6999816894531</ele></trkpt><trkpt lat="47.22383293323219" lon="9.273776520509273"><ele>1439.0</ele></trkpt><trkpt lat="47.22379438346252" lon="9.273655015043914"><ele>1441.0</ele></trkpt><trkpt lat="47.22373122861609" lon="9.27366605354473"><ele>1444.2999877929688</ele></trkpt><trkpt lat="47.223652145825326" lon="9.27360390778631"><ele>1448.1999816894531</ele></trkpt><trkpt lat="47.22358903801069" lon="9.273555517662317"><ele>1451.3999938964844</ele></trkpt><trkpt lat="47.22354680718854" lon="9.273439169395715"><ele>1453.6999816894531</ele></trkpt><trkpt lat="47.22350290371105" lon="9.273314839694649"><ele>1455.8999938964844</ele></trkpt><trkpt lat="47.22342572407797" lon="9.273246156983078"><ele>1459.0999755859375</ele></trkpt><trkpt lat="47.223378697410226" lon="9.273204922676086"><ele>1461.8999938964844</ele></trkpt><trkpt lat="47.223324607592076" lon="9.273098733276129"><ele>1463.7999877929688</ele></trkpt><trkpt lat="47.2232827283442" lon="9.273016734980047"><ele>1465.2999877929688</ele></trkpt><trkpt lat="47.223209250718355" lon="9.272941576316953"><ele>1467.5999755859375</ele></trkpt><trkpt lat="47.22309683775529" lon="9.272825461812317"><ele>1470.1999816894531</ele></trkpt><trkpt lat="47.22307112393901" lon="9.272745340131223"><ele>1473.5999755859375</ele></trkpt><trkpt lat="47.222982581239194" lon="9.272768715396523"><ele>1479.8999938964844</ele></trkpt><trkpt lat="47.2228542631492" lon="9.272803931962699"><ele>1488.0999755859375</ele></trkpt><trkpt lat="47.22280015330762" lon="9.272699065040797"><ele>1495.7999877929688</ele></trkpt><trkpt lat="47.222749514039606" lon="9.27260224102065"><ele>1501.6999816894531</ele></trkpt><trkpt lat="47.22271333588287" lon="9.272614206653088"><ele>1505.5999755859375</ele></trkpt><trkpt lat="47.22269640350714" lon="9.272547593340278"><ele>1508.5</ele></trkpt><trkpt lat="47.22264308203012" lon="9.272506144829094"><ele>1512.7999877929688</ele></trkpt><trkpt lat="47.222557820845395" lon="9.27254944248125"><ele>1519.7999877929688</ele></trkpt><trkpt lat="47.22247076174244" lon="9.272592678666115"><ele>1527.6999816894531</ele></trkpt><trkpt lat="47.22239321516827" lon="9.272660012356937"><ele>1534.1999816894531</ele></trkpt><trkpt lat="47.22232478717342" lon="9.27271973527968"><ele>1540.5999755859375</ele></trkpt><trkpt lat="47.22219973895699" lon="9.272662618663162"><ele>1547.5</ele></trkpt><trkpt lat="47.22213847702369" lon="9.272554866038263"><ele>1552.5999755859375</ele></trkpt><trkpt lat="47.222066750749946" lon="9.272539198864251"><ele>1556.0</ele></trkpt><trkpt lat="47.22202284168452" lon="9.272471660748124"><ele>1558.8999938964844</ele></trkpt><trkpt lat="47.22200422734022" lon="9.272510641720146"><ele>1563.0999755859375</ele></trkpt><trkpt lat="47.22187770763412" lon="9.272545919753611"><ele>1570.1999816894531</ele></trkpt><trkpt lat="47.221815357450396" lon="9.272450016345829"><ele>1577.0</ele></trkpt><trkpt lat="47.22177232662216" lon="9.272383829578757"><ele>1581.5</ele></trkpt><trkpt lat="47.221684666350484" lon="9.272351768333465"><ele>1585.0</ele></trkpt><trkpt lat="47.22161130979657" lon="9.272325480356812"><ele>1588.0</ele></trkpt><trkpt lat="47.221532062627375" lon="9.27221711166203"><ele>1591.3999938964844</ele></trkpt><trkpt lat="47.221443271730095" lon="9.272199539002031"><ele>1595.0999755859375</ele></trkpt><trkpt lat="47.221370625309646" lon="9.272185161244124"><ele>1598.5999755859375</ele></trkpt><trkpt lat="47.22129307826981" lon="9.272252493537962"><ele>1602.0</ele></trkpt><trkpt lat="47.22121553122997" lon="9.2723198258318"><ele>1605.2999877929688</ele></trkpt><trkpt lat="47.22115166159347" lon="9.27237574197352"><ele>1608.6999816894531</ele></trkpt><trkpt lat="47.22105379961431" lon="9.272306353785098"><ele>1613.5999755859375</ele></trkpt><trkpt lat="47.22092748992145" lon="9.272328432649374"><ele>1619.2999877929688</ele></trkpt><trkpt lat="47.220926019363105" lon="9.272420825436711"><ele>1623.6999816894531</ele></trkpt><trkpt lat="47.220851980149746" lon="9.272550345864147"><ele>1627.0</ele></trkpt><trkpt lat="47.22076347889379" lon="9.272571079898626"><ele>1629.0</ele></trkpt><trkpt lat="47.220707474742085" lon="9.272585005033761"><ele>1629.1999816894531</ele></trkpt><trkpt lat="47.220619729720056" lon="9.272558222990483"><ele>1628.2999877929688</ele></trkpt><trkpt lat="47.22056423034519" lon="9.272540470585227"><ele>1627.3999938964844</ele></trkpt><trkpt lat="47.22051863837987" lon="9.272578523959965"><ele>1626.3999938964844</ele></trkpt><trkpt lat="47.220480777323246" lon="9.272696077823639"><ele>1625.5</ele></trkpt><trkpt lat="47.220528468023986" lon="9.272808644920588"><ele>1625.2999877929688</ele></trkpt><trkpt lat="47.22057617967948" lon="9.272919892333448"><ele>1626.0</ele></trkpt><trkpt lat="47.22062387038022" lon="9.273032459896058"><ele>1626.3999938964844</ele></trkpt><trkpt lat="47.2206975906156" lon="9.273205348290503"><ele>1626.1999816894531</ele></trkpt><trkpt lat="47.220686494838446" lon="9.273337027523667"><ele>1625.5</ele></trkpt><trkpt lat="47.220640271902084" lon="9.273414676543325"><ele>1625.2999877929688</ele></trkpt><trkpt lat="47.220692542381585" lon="9.273522119503468"><ele>1625.7999877929688</ele></trkpt><trkpt lat="47.2206914909184" lon="9.273588113952428"><ele>1626.8999938964844</ele></trkpt><trkpt lat="47.22077994002029" lon="9.273683593608439"><ele>1628.0</ele></trkpt><trkpt lat="47.220760693307966" lon="9.273762168828398"><ele>1627.0999755859375</ele></trkpt><trkpt lat="47.22069711657241" lon="9.273799602873623"><ele>1624.3999938964844</ele></trkpt><trkpt lat="47.22060937108472" lon="9.273772818036377"><ele>1621.7999877929688</ele></trkpt><trkpt lat="47.22055387170985" lon="9.273755064699799"><ele>1619.1999816894531</ele></trkpt><trkpt lat="47.220465305726975" lon="9.273779754992574"><ele>1616.1999816894531</ele></trkpt><trkpt lat="47.22038217727095" lon="9.273801990784705"><ele>1612.5999755859375</ele></trkpt><trkpt lat="47.220302088186145" lon="9.273746415507048"><ele>1608.1999816894531</ele></trkpt><trkpt lat="47.2202190537937" lon="9.273875622544438"><ele>1604.1999816894531</ele></trkpt><trkpt lat="47.22012913133949" lon="9.273872533813119"><ele>1601.0</ele></trkpt><trkpt lat="47.22003920888528" lon="9.273869444616139"><ele>1598.0999755859375</ele></trkpt><trkpt lat="47.219951463863254" lon="9.273842660244554"><ele>1595.2999877929688</ele></trkpt><trkpt lat="47.21986281918362" lon="9.273815845139325"><ele>1592.5999755859375</ele></trkpt><trkpt lat="47.21979747060686" lon="9.273795112036169"><ele>1590.2999877929688</ele></trkpt><trkpt lat="47.21979852207005" lon="9.273729118984193"><ele>1588.7999877929688</ele></trkpt><trkpt lat="47.21975377108902" lon="9.273714376147836"><ele>1587.5</ele></trkpt><trkpt lat="47.21972784632817" lon="9.273647456429899"><ele>1585.0999755859375</ele></trkpt><trkpt lat="47.21963624050841" lon="9.273749956395477"><ele>1581.6999816894531</ele></trkpt><trkpt lat="47.219582497142255" lon="9.273734904360026"><ele>1579.0</ele></trkpt><trkpt lat="47.219574766699225" lon="9.27365540387109"><ele>1576.7999877929688</ele></trkpt><trkpt lat="47.2195306471549" lon="9.273601065389812"><ele>1574.0999755859375</ele></trkpt><trkpt lat="47.219395763706416" lon="9.273596433456987"><ele>1571.2999877929688</ele></trkpt><trkpt lat="47.2193966046907" lon="9.273543639108539"><ele>1568.7999877929688</ele></trkpt><trkpt lat="47.2192897493951" lon="9.2734739407897"><ele>1565.7999877929688</ele></trkpt><trkpt lat="47.21919919596985" lon="9.273510448168963"><ele>1562.6999816894531</ele></trkpt><trkpt lat="47.21911145048216" lon="9.27348366426304"><ele>1559.2999877929688</ele></trkpt><trkpt lat="47.21900220774114" lon="9.273450860753655"><ele>1555.6999816894531</ele></trkpt><trkpt lat="47.21896792110056" lon="9.273344038054347"><ele>1552.5</ele></trkpt><trkpt lat="47.21887799864635" lon="9.273340950254351"><ele>1549.5</ele></trkpt><trkpt lat="47.21878807619214" lon="9.273337861988693"><ele>1546.5</ele></trkpt><trkpt lat="47.21870714612305" lon="9.27333508292213"><ele>1544.0</ele></trkpt><trkpt lat="47.218634577002376" lon="9.273372207768261"><ele>1541.7999877929688</ele></trkpt><trkpt lat="47.218548798467964" lon="9.273334927856922"><ele>1539.7999877929688</ele></trkpt><trkpt lat="47.21843801019713" lon="9.273286225274205"><ele>1537.8999938964844</ele></trkpt><trkpt lat="47.21832989342511" lon="9.27329571871087"><ele>1536.2999877929688</ele></trkpt><trkpt lat="47.218231610022485" lon="9.273252727929503"><ele>1535.2999877929688</ele></trkpt><trkpt lat="47.218202740419656" lon="9.273370585404336"><ele>1534.8999938964844</ele></trkpt><trkpt lat="47.218146226368845" lon="9.273472967557609"><ele>1534.5</ele></trkpt><trkpt lat="47.21808226592839" lon="9.273590940516442"><ele>1534.0</ele></trkpt><trkpt lat="47.21800212468952" lon="9.273651574272662"><ele>1533.5</ele></trkpt><trkpt lat="47.21792198345065" lon="9.273712208028883"><ele>1532.7999877929688</ele></trkpt><trkpt lat="47.21784186316654" lon="9.273771521635354"><ele>1531.6999816894531</ele></trkpt><trkpt lat="47.21776262111962" lon="9.273832185193896"><ele>1530.0</ele></trkpt><trkpt lat="47.217663364484906" lon="9.273906687274575"><ele>1527.5</ele></trkpt><trkpt lat="47.21757402550429" lon="9.27392342640087"><ele>1524.8999938964844</ele></trkpt><trkpt lat="47.21748466556892" lon="9.273941485676914"><ele>1522.6999816894531</ele></trkpt><trkpt lat="47.21739622624591" lon="9.273958255536854"><ele>1520.5</ele></trkpt><trkpt lat="47.21725724078715" lon="9.273985174484551"><ele>1517.7999877929688</ele></trkpt><trkpt lat="47.21718316199258" lon="9.274060539901257"><ele>1514.7999877929688</ele></trkpt><trkpt lat="47.21708344202489" lon="9.2741640759632"><ele>1511.5</ele></trkpt><trkpt lat="47.21699414541945" lon="9.274178175255656"><ele>1508.5999755859375</ele></trkpt><trkpt lat="47.21690486976877" lon="9.274190954398364"><ele>1506.5999755859375</ele></trkpt><trkpt lat="47.216814673971385" lon="9.274205022957176"><ele>1504.7999877929688</ele></trkpt><trkpt lat="47.21672537736595" lon="9.274219121783972"><ele>1502.1999816894531</ele></trkpt><trkpt lat="47.21658739633858" lon="9.274239471182227"><ele>1499.2999877929688</ele></trkpt><trkpt lat="47.21655574347824" lon="9.274362510535866"><ele>1496.8999938964844</ele></trkpt><trkpt lat="47.2165298643522" lon="9.274461979046464"><ele>1494.5</ele></trkpt><trkpt lat="47.21644374355674" lon="9.27450259681791"><ele>1492.2999877929688</ele></trkpt><trkpt lat="47.21635854290798" lon="9.274541925173253"><ele>1490.0</ele></trkpt><trkpt lat="47.216239797882736" lon="9.274597267620265"><ele>1487.2999877929688</ele></trkpt><trkpt lat="47.216164004057646" lon="9.27466729003936"><ele>1484.6999816894531</ele></trkpt><trkpt lat="47.21608818974346" lon="9.274738632608205"><ele>1482.1999816894531</ele></trkpt><trkpt lat="47.216011497192085" lon="9.274808623827994"><ele>1479.6999816894531</ele></trkpt><trkpt lat="47.2159356828779" lon="9.274879965931177"><ele>1477.6999816894531</ele></trkpt><trkpt lat="47.21585988951847" lon="9.274949987884611"><ele>1476.0</ele></trkpt><trkpt lat="47.21578407473862" lon="9.275021329056472"><ele>1473.8999938964844</ele></trkpt><trkpt lat="47.21570828091353" lon="9.275091350544244"><ele>1471.0999755859375</ele></trkpt><trkpt lat="47.21563156694174" lon="9.275162660516798"><ele>1468.5999755859375</ele></trkpt><trkpt lat="47.215582251083106" lon="9.275208502542228"><ele>1466.5</ele></trkpt><trkpt lat="47.21553901210427" lon="9.275324538815767"><ele>1463.8999938964844</ele></trkpt><trkpt lat="47.21549577312544" lon="9.275440574157983"><ele>1460.0999755859375</ele></trkpt><trkpt lat="47.21544125908986" lon="9.275586592499167"><ele>1455.8999938964844</ele></trkpt><trkpt lat="47.215385620482266" lon="9.27569031715393"><ele>1452.0999755859375</ele></trkpt><trkpt lat="47.21532910363749" lon="9.2757926909253"><ele>1449.1999816894531</ele></trkpt><trkpt lat="47.215273465029895" lon="9.275896415580064"><ele>1447.5999755859375</ele></trkpt><trkpt lat="47.215217826887965" lon="9.276000140234828"><ele>1447.2999877929688</ele></trkpt><trkpt lat="47.215181682724506" lon="9.276066241320223"><ele>1447.0</ele></trkpt><trkpt lat="47.21515538170934" lon="9.27619210164994"><ele>1446.0999755859375</ele></trkpt><trkpt lat="47.215113470330834" lon="9.276394011918455"><ele>1444.5999755859375</ele></trkpt><trkpt lat="47.215054297819734" lon="9.27649365272373"><ele>1443.0999755859375</ele></trkpt><trkpt lat="47.21499512484297" lon="9.276593293063343"><ele>1442.0999755859375</ele></trkpt><trkpt lat="47.21493597328663" lon="9.276691613718867"><ele>1441.2999877929688</ele></trkpt><trkpt lat="47.21487680077553" lon="9.27679125405848"><ele>1440.6999816894531</ele></trkpt><trkpt lat="47.21478989254683" lon="9.276937476359308"><ele>1440.2999877929688</ele></trkpt><trkpt lat="47.21475110668689" lon="9.277056303806603"><ele>1440.0999755859375</ele></trkpt><trkpt lat="47.21470474731177" lon="9.277198638767004"><ele>1439.8999938964844</ele></trkpt><trkpt lat="47.21464294008911" lon="9.277294225990772"><ele>1439.6999816894531</ele></trkpt><trkpt lat="47.214580233208835" lon="9.277389782015234"><ele>1439.5999755859375</ele></trkpt><trkpt lat="47.21451842552051" lon="9.277485368773341"><ele>1439.3999938964844</ele></trkpt><trkpt lat="47.21445571864024" lon="9.277580924332142"><ele>1439.2999877929688</ele></trkpt><trkpt lat="47.21441882196814" lon="9.277637754566967"><ele>1438.6999816894531</ele></trkpt><trkpt lat="47.214388044085354" lon="9.277762137819082"><ele>1437.5</ele></trkpt><trkpt lat="47.214351448230445" lon="9.277912729419768"><ele>1436.0</ele></trkpt><trkpt lat="47.21435473486781" lon="9.278044887352735"><ele>1434.7999877929688</ele></trkpt><trkpt lat="47.214356855489314" lon="9.27813739143312"><ele>1434.1999816894531</ele></trkpt><trkpt lat="47.2143341274932" lon="9.27826469251886"><ele>1433.5999755859375</ele></trkpt><trkpt lat="47.214317300822586" lon="9.278360505588353"><ele>1433.0</ele></trkpt><trkpt lat="47.21435770811513" lon="9.278478095773607"><ele>1432.7999877929688</ele></trkpt><trkpt lat="47.2143946448341" lon="9.278587644454092"><ele>1432.7999877929688</ele></trkpt><trkpt lat="47.2143970313482" lon="9.278719771187752"><ele>1432.3999938964844</ele></trkpt><trkpt lat="47.21439920645207" lon="9.278865095227957"><ele>1430.5999755859375</ele></trkpt><trkpt lat="47.214352135080844" lon="9.278995518572628"><ele>1427.7999877929688</ele></trkpt><trkpt lat="47.21436737570912" lon="9.279167701024562"><ele>1425.0</ele></trkpt><trkpt lat="47.2144288434647" lon="9.279262248892337"><ele>1422.5</ele></trkpt><trkpt lat="47.214436357840896" lon="9.279354938771576"><ele>1419.8999938964844</ele></trkpt><trkpt lat="47.214484062511474" lon="9.279466179199517"><ele>1417.3999938964844</ele></trkpt><trkpt lat="47.21452311286703" lon="9.279555994085968"><ele>1414.7999877929688</ele></trkpt><trkpt lat="47.21452893875539" lon="9.279754261951894"><ele>1412.1999816894531</ele></trkpt><trkpt lat="47.21460712375119" lon="9.279928614385426"><ele>1410.6999816894531</ele></trkpt><trkpt lat="47.21458349470049" lon="9.280055883806199"><ele>1410.1999816894531</ele></trkpt><trkpt lat="47.21456777723506" lon="9.280138530768454"><ele>1409.7999877929688</ele></trkpt><trkpt lat="47.21456566546112" lon="9.280270503368229"><ele>1409.0999755859375</ele></trkpt><trkpt lat="47.214563554152846" lon="9.280402475968003"><ele>1408.5999755859375</ele></trkpt><trkpt lat="47.21456059766933" lon="9.280587237328291"><ele>1408.3999938964844</ele></trkpt><trkpt lat="47.21456388151273" lon="9.28071939619258"><ele>1408.3999938964844</ele></trkpt><trkpt lat="47.214565788861364" lon="9.28082509804517"><ele>1408.2999877929688</ele></trkpt><trkpt lat="47.214618051890284" lon="9.28093253588304"><ele>1408.2999877929688</ele></trkpt><trkpt lat="47.21459922287613" lon="9.280984704848379"><ele>1408.1999816894531</ele></trkpt><trkpt lat="47.21453606616706" lon="9.280995732173324"><ele>1407.5</ele></trkpt><trkpt lat="47.214507822413" lon="9.281073985621333"><ele>1406.6999816894531</ele></trkpt><trkpt lat="47.21452011819929" lon="9.28120513400063"><ele>1406.0</ele></trkpt><trkpt lat="47.214532435406" lon="9.281334963161498"><ele>1405.7999877929688</ele></trkpt><trkpt lat="47.21454473165795" lon="9.281466112006456"><ele>1406.5</ele></trkpt><trkpt lat="47.21455395873636" lon="9.281564143951982"><ele>1407.1999816894531</ele></trkpt><trkpt lat="47.214522298425436" lon="9.281687174923718"><ele>1406.7999877929688</ele></trkpt><trkpt lat="47.21449641371146" lon="9.281786636449397"><ele>1405.7999877929688</ele></trkpt><trkpt lat="47.2144520864822" lon="9.281745493877679"><ele>1404.7999877929688</ele></trkpt><trkpt lat="47.214449973311275" lon="9.281877466011792"><ele>1404.0</ele></trkpt><trkpt lat="47.21444785967469" lon="9.282009438145906"><ele>1403.5</ele></trkpt><trkpt lat="47.21444574603811" lon="9.282141410280019"><ele>1402.8999938964844</ele></trkpt><trkpt lat="47.214444055221975" lon="9.282246987801045"><ele>1401.8999938964844</ele></trkpt><trkpt lat="47.21436476614326" lon="9.28231027442962"><ele>1400.3999938964844</ele></trkpt><trkpt lat="47.21431647334248" lon="9.282348222099245"><ele>1399.2999877929688</ele></trkpt><trkpt lat="47.21429016487673" lon="9.282474077306688"><ele>1399.0999755859375</ele></trkpt><trkpt lat="47.21426473511383" lon="9.282601283397526"><ele>1399.2999877929688</ele></trkpt><trkpt lat="47.21423842664808" lon="9.282727138139307"><ele>1399.3999938964844</ele></trkpt><trkpt lat="47.21421209676191" lon="9.282854313030839"><ele>1399.5</ele></trkpt><trkpt lat="47.21418668748811" lon="9.282980198971927"><ele>1399.6999816894531</ele></trkpt><trkpt lat="47.2141603785567" lon="9.28310605371371"><ele>1400.0</ele></trkpt><trkpt lat="47.214134947862476" lon="9.283233259338886"><ele>1400.3999938964844</ele></trkpt><trkpt lat="47.21411156933755" lon="9.283344690222293"><ele>1400.5999755859375</ele></trkpt><trkpt lat="47.214062112849206" lon="9.283455220516771"><ele>1400.5</ele></trkpt><trkpt lat="47.214012677781284" lon="9.28356443112716"><ele>1400.5</ele></trkpt><trkpt lat="47.213962322101" lon="9.283674930222332"><ele>1400.8999938964844</ele></trkpt><trkpt lat="47.21390633843839" lon="9.28379975957796"><ele>1401.2999877929688</ele></trkpt><trkpt lat="47.21390422293916" lon="9.28393173031509"><ele>1401.1999816894531</ele></trkpt><trkpt lat="47.213902107439935" lon="9.284063701052219"><ele>1400.3999938964844</ele></trkpt><trkpt lat="47.213899991475046" lon="9.284195671789348"><ele>1399.0999755859375</ele></trkpt><trkpt lat="47.21385206794366" lon="9.284378877840936"><ele>1397.1999816894531</ele></trkpt><trkpt lat="47.213858308270574" lon="9.284550749696791"><ele>1394.8999938964844</ele></trkpt><trkpt lat="47.213893006555736" lon="9.284631174057722"><ele>1392.5999755859375</ele></trkpt><trkpt lat="47.21386306686327" lon="9.284815000835806"><ele>1390.0999755859375</ele></trkpt><trkpt lat="47.213879357557744" lon="9.284921198152006"><ele>1388.3999938964844</ele></trkpt><trkpt lat="47.21385132241994" lon="9.284986251499504"><ele>1387.5</ele></trkpt><trkpt lat="47.213771196082234" lon="9.285045543685555"><ele>1386.5999755859375</ele></trkpt><trkpt lat="47.21369655011222" lon="9.285099742934108"><ele>1385.2999877929688</ele></trkpt><trkpt lat="47.213667667936534" lon="9.285217583645135"><ele>1383.0999755859375</ele></trkpt><trkpt lat="47.21368029806763" lon="9.285220277030021"><ele>1383.3599853515625</ele></trkpt><trkpt lat="47.213670297991484" lon="9.285250277258456"><ele>1382.8199768066406</ele></trkpt><trkpt lat="47.21366029791534" lon="9.285290276631713"><ele>1381.6899719238281</ele></trkpt><trkpt lat="47.21366029791534" lon="9.285310276784003"><ele>1381.469970703125</ele></trkpt><trkpt lat="47.21367029752582" lon="9.285330276470631"><ele>1380.9399719238281</ele></trkpt><trkpt lat="47.21367029752582" lon="9.285350276622921"><ele>1380.5</ele></trkpt><trkpt lat="47.21368029760197" lon="9.285380276385695"><ele>1379.8299865722656</ele></trkpt><trkpt lat="47.21368029713631" lon="9.285410276148468"><ele>1379.239990234375</ele></trkpt><trkpt lat="47.21368029713631" lon="9.285440276376903"><ele>1378.6199951171875</ele></trkpt><trkpt lat="47.21367029706016" lon="9.285470276139677"><ele>1377.8899841308594</ele></trkpt><trkpt lat="47.21366029698402" lon="9.285510275978595"><ele>1377.1199951171875</ele></trkpt><trkpt lat="47.21366029698402" lon="9.285530275665224"><ele>1376.72998046875</ele></trkpt><trkpt lat="47.213660296518356" lon="9.285550275817513"><ele>1376.2099914550781</ele></trkpt><trkpt lat="47.213680296670645" lon="9.285580275580287"><ele>1375.8499755859375</ele></trkpt><trkpt lat="47.213680296670645" lon="9.285590275656432"><ele>1375.7099914550781</ele></trkpt><trkpt lat="47.213680296670645" lon="9.285610275808722"><ele>1375.3299865722656</ele></trkpt><trkpt lat="47.213680296670645" lon="9.28563027549535"><ele>1374.9299926757812</ele></trkpt><trkpt lat="47.2136702965945" lon="9.285640275571495"><ele>1374.5599975585938</ele></trkpt><trkpt lat="47.213660296052694" lon="9.285640275105834"><ele>1373.8599853515625</ele></trkpt><trkpt lat="47.21365029597655" lon="9.285630275029689"><ele>1373.4399719238281</ele></trkpt><trkpt lat="47.213640295900404" lon="9.285640275105834"><ele>1373.1099853515625</ele></trkpt><trkpt lat="47.213640295900404" lon="9.285660275258124"><ele>1372.5699768066406</ele></trkpt><trkpt lat="47.213640295900404" lon="9.285700275097042"><ele>1371.8299865722656</ele></trkpt><trkpt lat="47.213640295900404" lon="9.285720274783671"><ele>1371.2599792480469</ele></trkpt><trkpt lat="47.2136302953586" lon="9.2857402744703"><ele>1370.5499877929688</ele></trkpt><trkpt lat="47.2136302953586" lon="9.285750274546444"><ele>1370.0699768066406</ele></trkpt><trkpt lat="47.2136302953586" lon="9.285770274698734"><ele>1369.5899963378906</ele></trkpt><trkpt lat="47.21365029504523" lon="9.285810274071991"><ele>1368.6199951171875</ele></trkpt><trkpt lat="47.21365029504523" lon="9.285840274300426"><ele>1367.8599853515625</ele></trkpt><trkpt lat="47.21366029465571" lon="9.285860273987055"><ele>1367.4499816894531</ele></trkpt><trkpt lat="47.213670294731855" lon="9.285890273749828"><ele>1366.5299987792969</ele></trkpt><trkpt lat="47.21368029434234" lon="9.285940273664892"><ele>1365.5099792480469</ele></trkpt><trkpt lat="47.21370029402897" lon="9.285990273579955"><ele>1364.2799987792969</ele></trkpt><trkpt lat="47.21371029410511" lon="9.286020273342729"><ele>1363.47998046875</ele></trkpt><trkpt lat="47.21372029418126" lon="9.286040273029357"><ele>1363.1499938964844</ele></trkpt><trkpt lat="47.213740293867886" lon="9.286100273020566"><ele>1362.0299987792969</ele></trkpt><trkpt lat="47.213760293554515" lon="9.286120273172855"><ele>1361.7599792480469</ele></trkpt><trkpt lat="47.213760293554515" lon="9.286150272935629"><ele>1361.2899780273438</ele></trkpt><trkpt lat="47.21377029363066" lon="9.286160273011774"><ele>1361.0999755859375</ele></trkpt><trkpt lat="47.21377029363066" lon="9.286180272698402"><ele>1360.7699890136719</ele></trkpt><trkpt lat="47.21376029308885" lon="9.286250272300094"><ele>1359.3799743652344</ele></trkpt><trkpt lat="47.21376029308885" lon="9.286270272452384"><ele>1358.9399719238281</ele></trkpt><trkpt lat="47.21375029301271" lon="9.28628027252853"><ele>1358.5799865722656</ele></trkpt><trkpt lat="47.21373029286042" lon="9.286340272054076"><ele>1357.3299865722656</ele></trkpt><trkpt lat="47.21372029231861" lon="9.286380271892995"><ele>1356.3199768066406</ele></trkpt><trkpt lat="47.21371029224247" lon="9.286410271655768"><ele>1355.6499938964844</ele></trkpt><trkpt lat="47.21370029216632" lon="9.286450271494687"><ele>1354.9199829101562</ele></trkpt><trkpt lat="47.21370029216632" lon="9.286480271723121"><ele>1354.3099975585938</ele></trkpt><trkpt lat="47.21369029209018" lon="9.28652027156204"><ele>1353.719970703125</ele></trkpt><trkpt lat="47.21367029193789" lon="9.286540271248668"><ele>1353.2599792480469</ele></trkpt><trkpt lat="47.21366029186174" lon="9.286590271163732"><ele>1352.6799926757812</ele></trkpt><trkpt lat="47.21364029170945" lon="9.286640271078795"><ele>1351.9599914550781</ele></trkpt><trkpt lat="47.21364029170945" lon="9.286670270841569"><ele>1351.7799987792969</ele></trkpt><trkpt lat="47.21364029170945" lon="9.286690270993859"><ele>1351.6999816894531</ele></trkpt><trkpt lat="47.21362029155716" lon="9.286720271222293"><ele>1351.5799865722656</ele></trkpt><trkpt lat="47.21361029148102" lon="9.286730270832777"><ele>1351.5199890136719</ele></trkpt><trkpt lat="47.21360029140487" lon="9.286760271061212"><ele>1351.3399963378906</ele></trkpt><trkpt lat="47.21358029125258" lon="9.286810270976275"><ele>1350.8999938964844</ele></trkpt><trkpt lat="47.213540291413665" lon="9.286890270654112"><ele>1350.1399841308594</ele></trkpt><trkpt lat="47.21351029118523" lon="9.286980270408094"><ele>1348.97998046875</ele></trkpt><trkpt lat="47.21349029103294" lon="9.287030270323157"><ele>1348.3399963378906</ele></trkpt><trkpt lat="47.213420290499926" lon="9.287220269907266"><ele>1345.7699890136719</ele></trkpt><trkpt lat="47.213380290195346" lon="9.287280269898474"><ele>1344.7799987792969</ele></trkpt><trkpt lat="47.21337028965354" lon="9.287330269347876"><ele>1343.6399841308594</ele></trkpt><trkpt lat="47.21335028996691" lon="9.287360269576311"><ele>1343.0599975585938</ele></trkpt><trkpt lat="47.21331028966233" lon="9.287490269169211"><ele>1341.5999755859375</ele></trkpt><trkpt lat="47.213300289586186" lon="9.287520268931985"><ele>1341.3099975585938</ele></trkpt><trkpt lat="47.2132802894339" lon="9.287540269084275"><ele>1340.9399719238281</ele></trkpt><trkpt lat="47.213240288663656" lon="9.287570268381387"><ele>1338.9599914550781</ele></trkpt><trkpt lat="47.213200288359076" lon="9.28760026814416"><ele>1337.5099792480469</ele></trkpt><trkpt lat="47.2131702885963" lon="9.287630267906934"><ele>1336.47998046875</ele></trkpt><trkpt lat="47.21315028844401" lon="9.287650268059224"><ele>1335.8299865722656</ele></trkpt><trkpt lat="47.21313028829172" lon="9.287680267821997"><ele>1335.239990234375</ele></trkpt><trkpt lat="47.21311028813943" lon="9.287710267584771"><ele>1334.7699890136719</ele></trkpt><trkpt lat="47.21309028752148" lon="9.28777026757598"><ele>1333.47998046875</ele></trkpt><trkpt lat="47.213080287911" lon="9.287790267728269"><ele>1333.4299926757812</ele></trkpt><trkpt lat="47.21306028775871" lon="9.287810267414898"><ele>1333.3399963378906</ele></trkpt><trkpt lat="47.21303028753027" lon="9.287960267625749"><ele>1332.7999877929688</ele></trkpt><trkpt lat="47.21302028745413" lon="9.288100267294794"><ele>1331.2799987792969</ele></trkpt><trkpt lat="47.212980286218226" lon="9.288490266073495"><ele>1325.6899719238281</ele></trkpt><trkpt lat="47.212960285600275" lon="9.288590265903622"><ele>1324.0899963378906</ele></trkpt><trkpt lat="47.21289028506726" lon="9.28878026502207"><ele>1321.2899780273438</ele></trkpt><trkpt lat="47.21281028538942" lon="9.288960264995694"><ele>1321.2799987792969</ele></trkpt><trkpt lat="47.212690284941345" lon="9.289190264884382"><ele>1319.72998046875</ele></trkpt><trkpt lat="47.21260028425604" lon="9.28927026456222"><ele>1317.6699829101562</ele></trkpt><trkpt lat="47.21247028419748" lon="9.289370264392346"><ele>1315.8399963378906</ele></trkpt><trkpt lat="47.21232028352097" lon="9.289480263832957"><ele>1314.0</ele></trkpt><trkpt lat="47.212210283149034" lon="9.289570263586938"><ele>1312.219970703125</ele></trkpt><trkpt lat="47.21212028292939" lon="9.28966026334092"><ele>1311.0999755859375</ele></trkpt><trkpt lat="47.21205028286204" lon="9.289740263018757"><ele>1310.3499755859375</ele></trkpt><trkpt lat="47.211980282794684" lon="9.289860263001174"><ele>1309.719970703125</ele></trkpt><trkpt lat="47.211920282803476" lon="9.289950262755156"><ele>1309.0199890136719</ele></trkpt><trkpt lat="47.21185028227046" lon="9.290020262822509"><ele>1308.1599731445312</ele></trkpt><trkpt lat="47.21178028220311" lon="9.290060262661427"><ele>1308.1399841308594</ele></trkpt><trkpt lat="47.211750282440335" lon="9.290080262813717"><ele>1308.1399841308594</ele></trkpt><trkpt lat="47.21174028236419" lon="9.290090262889862"><ele>1308.1999816894531</ele></trkpt><trkpt lat="47.211710282601416" lon="9.290140262804925"><ele>1308.4399719238281</ele></trkpt><trkpt lat="47.21168028237298" lon="9.290200262796134"><ele>1308.9199829101562</ele></trkpt><trkpt lat="47.21164028253406" lon="9.290320263244212"><ele>1309.8499755859375</ele></trkpt><trkpt lat="47.21170028252527" lon="9.290600263047963"><ele>1309.5499877929688</ele></trkpt><trkpt lat="47.211750282440335" lon="9.29085026262328"><ele>1308.6499938964844</ele></trkpt><trkpt lat="47.21176028251648" lon="9.290900263004005"><ele>1308.8999938964844</ele></trkpt><trkpt lat="47.21178028266877" lon="9.291010262910277"><ele>1308.5</ele></trkpt><trkpt lat="47.211860282346606" lon="9.291300262324512"><ele>1307.1099853515625</ele></trkpt><trkpt lat="47.211880282033235" lon="9.291390262544155"><ele>1306.5999755859375</ele></trkpt><trkpt lat="47.21190028171986" lon="9.29155026236549"><ele>1305.6999816894531</ele></trkpt><trkpt lat="47.21193028148264" lon="9.291960261762142"><ele>1303.0999755859375</ele></trkpt><trkpt lat="47.21193028148264" lon="9.291970261838287"><ele>1303.0699768066406</ele></trkpt><trkpt lat="47.21202028077096" lon="9.292330261319876"><ele>1301.0999755859375</ele></trkpt><trkpt lat="47.21209028083831" lon="9.2925102612935"><ele>1300.0699768066406</ele></trkpt><trkpt lat="47.21209028083831" lon="9.29253026098013"><ele>1299.9399719238281</ele></trkpt><trkpt lat="47.21215028036386" lon="9.292610261123627"><ele>1299.2599792480469</ele></trkpt><trkpt lat="47.21219028066844" lon="9.29266026103869"><ele>1298.8499755859375</ele></trkpt><trkpt lat="47.21222028043121" lon="9.29270026087761"><ele>1298.469970703125</ele></trkpt><trkpt lat="47.212250280193985" lon="9.292750260792673"><ele>1298.0599975585938</ele></trkpt><trkpt lat="47.2122902800329" lon="9.292820260860026"><ele>1297.4199829101562</ele></trkpt><trkpt lat="47.212360280100256" lon="9.292980260681361"><ele>1296.3899841308594</ele></trkpt><trkpt lat="47.21239027986303" lon="9.293080260511488"><ele>1295.8299865722656</ele></trkpt><trkpt lat="47.21241027954966" lon="9.293160260189325"><ele>1295.4299926757812</ele></trkpt><trkpt lat="47.21243027970195" lon="9.293280260171741"><ele>1294.7699890136719</ele></trkpt><trkpt lat="47.21244027931243" lon="9.293350260239094"><ele>1294.3999938964844</ele></trkpt><trkpt lat="47.21245027938858" lon="9.293520260136575"><ele>1293.5</ele></trkpt><trkpt lat="47.21248027915135" lon="9.29368025995791"><ele>1292.6999816894531</ele></trkpt><trkpt lat="47.21250027883798" lon="9.293800259940326"><ele>1292.0999755859375</ele></trkpt><trkpt lat="47.21254027914256" lon="9.293910259380937"><ele>1291.5</ele></trkpt><trkpt lat="47.21265027858317" lon="9.294190259184688"><ele>1289.7999877929688</ele></trkpt><trkpt lat="47.21269027842209" lon="9.29430025909096"><ele>1289.1599731445312</ele></trkpt><trkpt lat="47.21274027833715" lon="9.29445025883615"><ele>1288.1999816894531</ele></trkpt><trkpt lat="47.21281027793884" lon="9.294690258800983"><ele>1287.0</ele></trkpt><trkpt lat="47.21285027777776" lon="9.294840258546174"><ele>1286.2099914550781</ele></trkpt><trkpt lat="47.21291027776897" lon="9.295040258206427"><ele>1285.1299743652344</ele></trkpt><trkpt lat="47.21294027753174" lon="9.295180258341134"><ele>1284.3899841308594</ele></trkpt><trkpt lat="47.21298027737066" lon="9.295340258162469"><ele>1283.5199890136719</ele></trkpt><trkpt lat="47.21310027688742" lon="9.295760257635266"><ele>1281.3099975585938</ele></trkpt><trkpt lat="47.213140276726335" lon="9.295900257769972"><ele>1280.6499938964844</ele></trkpt><trkpt lat="47.21320027625188" lon="9.296160257421434"><ele>1279.3999938964844</ele></trkpt><trkpt lat="47.213250276166946" lon="9.296400256920606"><ele>1278.0</ele></trkpt><trkpt lat="47.21333027584478" lon="9.29679025663063"><ele>1276.0799865722656</ele></trkpt><trkpt lat="47.21339027537033" lon="9.29709025658667"><ele>1275.1399841308594</ele></trkpt><trkpt lat="47.213400275446475" lon="9.297160256188363"><ele>1274.1999816894531</ele></trkpt><trkpt lat="47.21344027528539" lon="9.297370256390423"><ele>1273.1999816894531</ele></trkpt><trkpt lat="47.21345027489588" lon="9.297480256296694"><ele>1272.6999816894531</ele></trkpt><trkpt lat="47.213470274582505" lon="9.297680255956948"><ele>1271.7999877929688</ele></trkpt><trkpt lat="47.21348027465865" lon="9.297980255447328"><ele>1270.5999755859375</ele></trkpt><trkpt lat="47.21350027434528" lon="9.29828025540337"><ele>1269.2999877929688</ele></trkpt><trkpt lat="47.213650273159146" lon="9.299480254761875"><ele>1264.6999816894531</ele></trkpt><trkpt lat="47.213690272998065" lon="9.299690254498273"><ele>1264.0</ele></trkpt><trkpt lat="47.21387027250603" lon="9.300500253681093"><ele>1260.5999755859375</ele></trkpt><trkpt lat="47.2139002722688" lon="9.300700253807008"><ele>1259.7999877929688</ele></trkpt><trkpt lat="47.2140302718617" lon="9.301480253227055"><ele>1256.7999877929688</ele></trkpt><trkpt lat="47.214040271472186" lon="9.301530253142118"><ele>1256.5399780273438</ele></trkpt><trkpt lat="47.21411027153954" lon="9.301840252708644"><ele>1255.3099975585938</ele></trkpt><trkpt lat="47.21411027153954" lon="9.301850252784789"><ele>1255.2699890136719</ele></trkpt><trkpt lat="47.21412027115002" lon="9.30194025253877"><ele>1254.9499816894531</ele></trkpt><trkpt lat="47.21413027122617" lon="9.302210252732038"><ele>1253.8199768066406</ele></trkpt><trkpt lat="47.21414027083665" lon="9.302310252562165"><ele>1253.469970703125</ele></trkpt><trkpt lat="47.214170271065086" lon="9.302430252544582"><ele>1253.0399780273438</ele></trkpt><trkpt lat="47.214170271065086" lon="9.302440252620727"><ele>1253.0</ele></trkpt><trkpt lat="47.21423027059063" lon="9.302590252365917"><ele>1252.2999877929688</ele></trkpt><trkpt lat="47.21441027056426" lon="9.30296025192365"><ele>1250.5399780273438</ele></trkpt><trkpt lat="47.21460027014837" lon="9.303340251557529"><ele>1248.739990234375</ele></trkpt><trkpt lat="47.214830269571394" lon="9.3037902507931"><ele>1245.6799926757812</ele></trkpt><trkpt lat="47.21484026918188" lon="9.303820251021534"><ele>1245.47998046875</ele></trkpt><trkpt lat="47.21485026925802" lon="9.303850250784308"><ele>1245.2799987792969</ele></trkpt><trkpt lat="47.214940269012004" lon="9.304060250520706"><ele>1243.6999816894531</ele></trkpt><trkpt lat="47.21504026837647" lon="9.304320250172168"><ele>1242.0</ele></trkpt><trkpt lat="47.21510026836768" lon="9.304480249993503"><ele>1240.8699951171875</ele></trkpt><trkpt lat="47.21513026813045" lon="9.30462025012821"><ele>1239.969970703125</ele></trkpt><trkpt lat="47.21515026828274" lon="9.304680249653757"><ele>1239.5599975585938</ele></trkpt><trkpt lat="47.21515026781708" lon="9.304720249958336"><ele>1239.1999816894531</ele></trkpt><trkpt lat="47.215160267893225" lon="9.304800249636173"><ele>1238.6999816894531</ele></trkpt><trkpt lat="47.21517026750371" lon="9.305040249601007"><ele>1237.1999816894531</ele></trkpt><trkpt lat="47.21519026719034" lon="9.305450248997658"><ele>1234.6999816894531</ele></trkpt><trkpt lat="47.21518026664853" lon="9.305750248488039"><ele>1232.8999938964844</ele></trkpt><trkpt lat="47.21518026664853" lon="9.305920248385519"><ele>1231.8899841308594</ele></trkpt><trkpt lat="47.215190266259015" lon="9.306160248350352"><ele>1230.5</ele></trkpt><trkpt lat="47.21521026594564" lon="9.306360248010606"><ele>1229.489990234375</ele></trkpt><trkpt lat="47.21523026563227" lon="9.306580247823149"><ele>1228.22998046875</ele></trkpt><trkpt lat="47.21524026570842" lon="9.306740247644484"><ele>1227.4299926757812</ele></trkpt><trkpt lat="47.21524026570842" lon="9.306740247644484"><ele>1227.4199829101562</ele></trkpt><trkpt lat="47.215240265242755" lon="9.30690024746582"><ele>1226.5099792480469</ele></trkpt><trkpt lat="47.215240265242755" lon="9.307090247049928"><ele>1225.3199768066406</ele></trkpt><trkpt lat="47.215240264777094" lon="9.307170247193426"><ele>1224.8799743652344</ele></trkpt><trkpt lat="47.215240264777094" lon="9.307250246871263"><ele>1224.469970703125</ele></trkpt><trkpt lat="47.215260264929384" lon="9.30735024670139"><ele>1223.9099731445312</ele></trkpt><trkpt lat="47.21527026453987" lon="9.307440246921033"><ele>1223.5</ele></trkpt><trkpt lat="47.215310264378786" lon="9.307640246581286"><ele>1222.239990234375</ele></trkpt><trkpt lat="47.21534026414156" lon="9.307810246478766"><ele>1221.219970703125</ele></trkpt><trkpt lat="47.21537026390433" lon="9.307960246223956"><ele>1220.2999877929688</ele></trkpt><trkpt lat="47.21539026405662" lon="9.308070246130228"><ele>1219.4599914550781</ele></trkpt><trkpt lat="47.21539026359096" lon="9.308190245646983"><ele>1218.5</ele></trkpt><trkpt lat="47.21538026351482" lon="9.308340245857835"><ele>1217.4399719238281</ele></trkpt><trkpt lat="47.21537026343867" lon="9.308470245450735"><ele>1216.4299926757812</ele></trkpt><trkpt lat="47.215360262896866" lon="9.308700245339423"><ele>1214.72998046875</ele></trkpt><trkpt lat="47.215360262896866" lon="9.30878024501726"><ele>1214.1299743652344</ele></trkpt><trkpt lat="47.21537026250735" lon="9.308860244695097"><ele>1213.5</ele></trkpt><trkpt lat="47.21539026219398" lon="9.308970244601369"><ele>1212.4399719238281</ele></trkpt><trkpt lat="47.21540026227012" lon="9.309020244516432"><ele>1212.0099792480469</ele></trkpt><trkpt lat="47.21542026242241" lon="9.30908024450764"><ele>1211.5299987792969</ele></trkpt><trkpt lat="47.21546026226133" lon="9.309170244261622"><ele>1210.7999877929688</ele></trkpt><trkpt lat="47.21553026186302" lon="9.309310244396329"><ele>1209.7999877929688</ele></trkpt><trkpt lat="47.215580261778086" lon="9.30942024383694"><ele>1209.0199890136719</ele></trkpt><trkpt lat="47.21564026130363" lon="9.309550243895501"><ele>1208.1399841308594</ele></trkpt><trkpt lat="47.21567026153207" lon="9.309600243810564"><ele>1207.75</ele></trkpt><trkpt lat="47.21570026129484" lon="9.309650243725628"><ele>1207.3999938964844</ele></trkpt><trkpt lat="47.21574026113376" lon="9.309690243564546"><ele>1207.0999755859375</ele></trkpt><trkpt lat="47.21578026097268" lon="9.309730243403465"><ele>1206.6999816894531</ele></trkpt><trkpt lat="47.21589026087895" lon="9.309840243309736"><ele>1205.3999938964844</ele></trkpt><trkpt lat="47.21591026103124" lon="9.309880243148655"><ele>1205.1499938964844</ele></trkpt><trkpt lat="47.215920260641724" lon="9.309900243300945"><ele>1205.0</ele></trkpt><trkpt lat="47.216010260395706" lon="9.31006024312228"><ele>1203.6699829101562</ele></trkpt><trkpt lat="47.216050260234624" lon="9.310140242800117"><ele>1203.0999755859375</ele></trkpt><trkpt lat="47.216290259733796" lon="9.310670242179185"><ele>1199.6999816894531</ele></trkpt><trkpt lat="47.21630025980994" lon="9.310710242483765"><ele>1199.469970703125</ele></trkpt><trkpt lat="47.21632025949657" lon="9.310730242170393"><ele>1199.2899780273438</ele></trkpt><trkpt lat="47.216330259572715" lon="9.310740242246538"><ele>1199.0299987792969</ele></trkpt><trkpt lat="47.21636025933549" lon="9.310770242009312"><ele>1198.5999755859375</ele></trkpt><trkpt lat="47.21640025917441" lon="9.310820241924375"><ele>1197.7799987792969</ele></trkpt><trkpt lat="47.21653025876731" lon="9.310930241364986"><ele>1195.5099792480469</ele></trkpt><trkpt lat="47.216610258445144" lon="9.311000241432339"><ele>1194.0999755859375</ele></trkpt><trkpt lat="47.21667025843635" lon="9.311080241110176"><ele>1192.6499938964844</ele></trkpt><trkpt lat="47.216720257885754" lon="9.311160240788013"><ele>1191.3499755859375</ele></trkpt><trkpt lat="47.21676025772467" lon="9.311210240703076"><ele>1190.3099975585938</ele></trkpt><trkpt lat="47.216810257639736" lon="9.311260240152478"><ele>1188.989990234375</ele></trkpt><trkpt lat="47.21684025740251" lon="9.311270240228623"><ele>1188.3699951171875</ele></trkpt><trkpt lat="47.21686025708914" lon="9.311280239839107"><ele>1188.0699768066406</ele></trkpt><trkpt lat="47.21690025692806" lon="9.311290239915252"><ele>1187.219970703125</ele></trkpt><trkpt lat="47.216940256766975" lon="9.31131023960188"><ele>1186.2699890136719</ele></trkpt><trkpt lat="47.21702025644481" lon="9.311350239440799"><ele>1184.7999877929688</ele></trkpt><trkpt lat="47.21712025627494" lon="9.311390239279717"><ele>1182.969970703125</ele></trkpt><trkpt lat="47.21717025619" lon="9.31142023904249"><ele>1182.0499877929688</ele></trkpt><trkpt lat="47.21726025547832" lon="9.311470238491893"><ele>1180.0999755859375</ele></trkpt><trkpt lat="47.21730025531724" lon="9.311510238330811"><ele>1179.25</ele></trkpt><trkpt lat="47.21732025546953" lon="9.31153023801744"><ele>1178.5999755859375</ele></trkpt><trkpt lat="47.21741025475785" lon="9.31166023761034"><ele>1176.3799743652344</ele></trkpt><trkpt lat="47.21754025435075" lon="9.311860237270594"><ele>1172.7899780273438</ele></trkpt><trkpt lat="47.21772025292739" lon="9.312140236143023"><ele>1167.8099975585938</ele></trkpt><trkpt lat="47.21788025228307" lon="9.312410235404968"><ele>1163.25</ele></trkpt><trkpt lat="47.21794025180861" lon="9.312510234769434"><ele>1161.469970703125</ele></trkpt><trkpt lat="47.21800025133416" lon="9.31261023459956"><ele>1159.8699951171875</ele></trkpt><trkpt lat="47.21804025117308" lon="9.312650234438479"><ele>1159.0799865722656</ele></trkpt><trkpt lat="47.218080251012" lon="9.312700234353542"><ele>1158.1799926757812</ele></trkpt><trkpt lat="47.218230250291526" lon="9.312860233709216"><ele>1154.4499816894531</ele></trkpt><trkpt lat="47.218420249409974" lon="9.313090232666582"><ele>1149.8599853515625</ele></trkpt><trkpt lat="47.218490249011666" lon="9.313180232420564"><ele>1148.1999816894531</ele></trkpt><trkpt lat="47.218620248138905" lon="9.313350231852382"><ele>1144.6799926757812</ele></trkpt><trkpt lat="47.21867024805397" lon="9.31343023153022"><ele>1143.2099914550781</ele></trkpt><trkpt lat="47.218730247579515" lon="9.313510231208056"><ele>1141.6599731445312</ele></trkpt><trkpt lat="47.21890024654567" lon="9.313830230385065"><ele>1136.8499755859375</ele></trkpt><trkpt lat="47.218990246299654" lon="9.313960229512304"><ele>1134.6299743652344</ele></trkpt><trkpt lat="47.21903024613857" lon="9.314020229503512"><ele>1133.7899780273438</ele></trkpt><trkpt lat="47.219060245901346" lon="9.314040229655802"><ele>1133.3899841308594</ele></trkpt><trkpt lat="47.219120245892555" lon="9.314110229257494"><ele>1132.3399963378906</ele></trkpt><trkpt lat="47.21917024534196" lon="9.314160229172558"><ele>1131.4299926757812</ele></trkpt><trkpt lat="47.21924024540931" lon="9.314210229087621"><ele>1130.3999938964844</ele></trkpt><trkpt lat="47.21926024509594" lon="9.314240228850394"><ele>1129.9599914550781</ele></trkpt><trkpt lat="47.21927024517208" lon="9.314280228689313"><ele>1129.5899963378906</ele></trkpt><trkpt lat="47.21928024524823" lon="9.314310228917748"><ele>1129.1999816894531</ele></trkpt><trkpt lat="47.21928024478257" lon="9.314360228832811"><ele>1128.6999816894531</ele></trkpt><trkpt lat="47.21926024463028" lon="9.314410228282213"><ele>1128.0999755859375</ele></trkpt><trkpt lat="47.219230244867504" lon="9.314440228510648"><ele>1127.5399780273438</ele></trkpt><trkpt lat="47.219190244562924" lon="9.314430228434503"><ele>1126.6899719238281</ele></trkpt><trkpt lat="47.2191402441822" lon="9.314390228129923"><ele>1125.6999816894531</ele></trkpt><trkpt lat="47.21912024402991" lon="9.314380228053778"><ele>1125.2999877929688</ele></trkpt><trkpt lat="47.2190602440387" lon="9.314340227749199"><ele>1124.1999816894531</ele></trkpt><trkpt lat="47.21897024381906" lon="9.314300227444619"><ele>1122.6499938964844</ele></trkpt><trkpt lat="47.21893024351448" lon="9.314280227292329"><ele>1121.8699951171875</ele></trkpt><trkpt lat="47.21892024343833" lon="9.314280227292329"><ele>1121.6199951171875</ele></trkpt><trkpt lat="47.21883024321869" lon="9.314260226674378"><ele>1119.8799743652344</ele></trkpt><trkpt lat="47.21875024307519" lon="9.314230226911604"><ele>1119.0799865722656</ele></trkpt><trkpt lat="47.218740242533386" lon="9.314230226445943"><ele>1118.2899780273438</ele></trkpt><trkpt lat="47.21870024269447" lon="9.314220226369798"><ele>1117.3999938964844</ele></trkpt><trkpt lat="47.21865024231374" lon="9.314210226293653"><ele>1116.489990234375</ele></trkpt><trkpt lat="47.21858024224639" lon="9.314200225751847"><ele>1115.1899719238281</ele></trkpt><trkpt lat="47.21852024178952" lon="9.31423022551462"><ele>1113.8299865722656</ele></trkpt><trkpt lat="47.21848024148494" lon="9.31425022566691"><ele>1113.0899963378906</ele></trkpt><trkpt lat="47.218450241256505" lon="9.314280225429684"><ele>1112.3999938964844</ele></trkpt><trkpt lat="47.218300241045654" lon="9.314390224870294"><ele>1109.239990234375</ele></trkpt><trkpt lat="47.218200240284204" lon="9.314460224471986"><ele>1107.0999755859375</ele></trkpt><trkpt lat="47.218120240140706" lon="9.314510223921388"><ele>1105.4099731445312</ele></trkpt><trkpt lat="47.21801023976877" lon="9.314570223446935"><ele>1103.1999816894531</ele></trkpt><trkpt lat="47.2177802384831" lon="9.314680222887546"><ele>1098.719970703125</ele></trkpt><trkpt lat="47.21773023856804" lon="9.31471022265032"><ele>1097.6599731445312</ele></trkpt><trkpt lat="47.21768023818731" lon="9.314740222413093"><ele>1096.5999755859375</ele></trkpt><trkpt lat="47.21763023780659" lon="9.314780222252011"><ele>1095.5299987792969</ele></trkpt><trkpt lat="47.2176102376543" lon="9.31480022193864"><ele>1095.0199890136719</ele></trkpt><trkpt lat="47.217580237891525" lon="9.314850221853703"><ele>1094.2899780273438</ele></trkpt><trkpt lat="47.2175302375108" lon="9.314920221455395"><ele>1092.989990234375</ele></trkpt><trkpt lat="47.21747023705393" lon="9.314980221446604"><ele>1091.7599792480469</ele></trkpt><trkpt lat="47.217440236825496" lon="9.314990221522748"><ele>1091.1299743652344</ele></trkpt><trkpt lat="47.21740023698658" lon="9.315000221133232"><ele>1090.3499755859375</ele></trkpt><trkpt lat="47.21732023637742" lon="9.314990221057087"><ele>1088.7599792480469</ele></trkpt><trkpt lat="47.217210236005485" lon="9.314970220439136"><ele>1086.5599975585938</ele></trkpt><trkpt lat="47.21712023578584" lon="9.31496021989733"><ele>1084.9399719238281</ele></trkpt><trkpt lat="47.21703023510054" lon="9.31496021989733"><ele>1083.1699829101562</ele></trkpt><trkpt lat="47.216840234585106" lon="9.314980219118297"><ele>1079.4599914550781</ele></trkpt><trkpt lat="47.216690233908594" lon="9.315000218339264"><ele>1076.6499938964844</ele></trkpt><trkpt lat="47.216590233612806" lon="9.315030218102038"><ele>1074.8699951171875</ele></trkpt><trkpt lat="47.21656023338437" lon="9.315040218178183"><ele>1074.1999816894531</ele></trkpt><trkpt lat="47.21635023271665" lon="9.315150217153132"><ele>1070.1399841308594</ele></trkpt><trkpt lat="47.21629023272544" lon="9.315180217381567"><ele>1069.7999877929688</ele></trkpt><trkpt lat="47.21590023254976" lon="9.314910217188299"><ele>1069.2999877929688</ele></trkpt><trkpt lat="47.21585023216903" lon="9.314870216883719"><ele>1069.0999755859375</ele></trkpt><trkpt lat="47.215810232330114" lon="9.314860216807574"><ele>1068.8999938964844</ele></trkpt><trkpt lat="47.215770232491195" lon="9.314850216731429"><ele>1068.6999816894531</ele></trkpt><trkpt lat="47.21565023204312" lon="9.314820216968656"><ele>1068.0999755859375</ele></trkpt><trkpt lat="47.2155302320607" lon="9.314780216664076"><ele>1067.4399719238281</ele></trkpt><trkpt lat="47.215350231621414" lon="9.314720216672868"><ele>1066.3999938964844</ele></trkpt><trkpt lat="47.215180231723934" lon="9.314650216139853"><ele>1065.5</ele></trkpt><trkpt lat="47.2149902312085" lon="9.314550216309726"><ele>1064.3999938964844</ele></trkpt><trkpt lat="47.21473023109138" lon="9.314410215709358"><ele>1062.8999938964844</ele></trkpt><trkpt lat="47.21448023058474" lon="9.314260215498507"><ele>1061.2999877929688</ele></trkpt><trkpt lat="47.2141002304852" lon="9.314040215220302"><ele>1059.3999938964844</ele></trkpt><trkpt lat="47.21401023026556" lon="9.313980215229094"><ele>1059.0999755859375</ele></trkpt><trkpt lat="47.21376023022458" lon="9.313810214865953"><ele>1058.1899719238281</ele></trkpt><trkpt lat="47.2136402297765" lon="9.31372021464631"><ele>1057.9299926757812</ele></trkpt><trkpt lat="47.21340022981167" lon="9.313520214520395"><ele>1057.3699951171875</ele></trkpt><trkpt lat="47.21319022960961" lon="9.313370214775205"><ele>1057.0</ele></trkpt><trkpt lat="47.2131302296184" lon="9.31334021454677"><ele>1056.8999938964844</ele></trkpt><trkpt lat="47.21307022962719" lon="9.313300214707851"><ele>1056.8399963378906</ele></trkpt><trkpt lat="47.21298022987321" lon="9.313250214327127"><ele>1056.719970703125</ele></trkpt><trkpt lat="47.212930229492486" lon="9.313240214716643"><ele>1056.6899719238281</ele></trkpt><trkpt lat="47.21283022966236" lon="9.313190214335918"><ele>1056.5999755859375</ele></trkpt><trkpt lat="47.21273022936657" lon="9.313380213920027"><ele>1054.6899719238281</ele></trkpt><trkpt lat="47.212680228985846" lon="9.313480214215815"><ele>1054.0</ele></trkpt><trkpt lat="47.21265022922307" lon="9.313550213817507"><ele>1053.6099853515625</ele></trkpt><trkpt lat="47.21264022914693" lon="9.313570213969797"><ele>1053.469970703125</ele></trkpt><trkpt lat="47.21260022884235" lon="9.313570213969797"><ele>1053.3999938964844</ele></trkpt><trkpt lat="47.212590229231864" lon="9.313570213969797"><ele>1053.4199829101562</ele></trkpt><trkpt lat="47.212570229079574" lon="9.313580214045942"><ele>1053.3399963378906</ele></trkpt><trkpt lat="47.21254022885114" lon="9.313580214045942"><ele>1053.2699890136719</ele></trkpt><trkpt lat="47.212510229088366" lon="9.313580214045942"><ele>1053.1799926757812</ele></trkpt><trkpt lat="47.21246022870764" lon="9.313580214045942"><ele>1052.9599914550781</ele></trkpt><trkpt lat="47.21245022909716" lon="9.313580214045942"><ele>1052.9299926757812</ele></trkpt><trkpt lat="47.21245022909716" lon="9.31358021358028"><ele>1052.9199829101562</ele></trkpt><trkpt lat="47.21237022895366" lon="9.31360021373257"><ele>1052.5999755859375</ele></trkpt><trkpt lat="47.21222022874281" lon="9.313650213647634"><ele>1052.3199768066406</ele></trkpt><trkpt lat="47.212110228836536" lon="9.313680213876069"><ele>1052.0699768066406</ele></trkpt><trkpt lat="47.21209022868425" lon="9.313680213410407"><ele>1052.0299987792969</ele></trkpt><trkpt lat="47.211960228625685" lon="9.313690213486552"><ele>1052.0599975585938</ele></trkpt><trkpt lat="47.21192022878677" lon="9.313690213486552"><ele>1052.0999755859375</ele></trkpt><trkpt lat="47.21191022871062" lon="9.313690213486552"><ele>1052.1299743652344</ele></trkpt><trkpt lat="47.21189022855833" lon="9.313700213562697"><ele>1052.1599731445312</ele></trkpt><trkpt lat="47.21184022864327" lon="9.313720213714987"><ele>1052.1099853515625</ele></trkpt><trkpt lat="47.211730228737" lon="9.31379021378234"><ele>1052.219970703125</ele></trkpt><trkpt lat="47.21172022866085" lon="9.313800213858485"><ele>1052.1799926757812</ele></trkpt><trkpt lat="47.21170022850856" lon="9.313810213468969"><ele>1052.1499938964844</ele></trkpt><trkpt lat="47.21167022874579" lon="9.313820213545114"><ele>1052.1899719238281</ele></trkpt><trkpt lat="47.21164022851735" lon="9.313830213621259"><ele>1052.1199951171875</ele></trkpt><trkpt lat="47.21161022875458" lon="9.313830213621259"><ele>1052.0499877929688</ele></trkpt><trkpt lat="47.21153022861108" lon="9.313850213773549"><ele>1051.6599731445312</ele></trkpt><trkpt lat="47.21148022869602" lon="9.313860213384032"><ele>1051.3899841308594</ele></trkpt><trkpt lat="47.21142022823915" lon="9.313870213460177"><ele>1050.9199829101562</ele></trkpt><trkpt lat="47.21135022863746" lon="9.313830213155597"><ele>1050.6899719238281</ele></trkpt><trkpt lat="47.21131022833288" lon="9.313800213392824"><ele>1050.5299987792969</ele></trkpt><trkpt lat="47.21131022833288" lon="9.313800213392824"><ele>1050.5299987792969</ele></trkpt><trkpt lat="47.211280228570104" lon="9.313830213155597"><ele>1050.3999938964844</ele></trkpt><trkpt lat="47.21111022820696" lon="9.314010213129222"><ele>1049.0999755859375</ele></trkpt><trkpt lat="47.21108022797853" lon="9.314030212815851"><ele>1048.7999877929688</ele></trkpt><trkpt lat="47.211030228063464" lon="9.31407021312043"><ele>1048.2799987792969</ele></trkpt><trkpt lat="47.21094022784382" lon="9.314160212874413"><ele>1047.5</ele></trkpt><trkpt lat="47.21085022762418" lon="9.314280212391168"><ele>1046.2599792480469</ele></trkpt><trkpt lat="47.21084022754803" lon="9.314310212619603"><ele>1046.0999755859375</ele></trkpt><trkpt lat="47.21079022716731" lon="9.31439021229744"><ele>1045.3799743652344</ele></trkpt><trkpt lat="47.21077022701502" lon="9.314430212136358"><ele>1045.0499877929688</ele></trkpt><trkpt lat="47.210740227252245" lon="9.314450212288648"><ele>1044.8499755859375</ele></trkpt><trkpt lat="47.210720227099955" lon="9.314470211975276"><ele>1044.3699951171875</ele></trkpt><trkpt lat="47.21069022687152" lon="9.314490212127566"><ele>1043.8799743652344</ele></trkpt><trkpt lat="47.21061022672802" lon="9.314560211729258"><ele>1042.7999877929688</ele></trkpt><trkpt lat="47.210490226279944" lon="9.314680211711675"><ele>1041.6399841308594</ele></trkpt><trkpt lat="47.210470226593316" lon="9.314700211863965"><ele>1041.6999816894531</ele></trkpt><trkpt lat="47.21042022621259" lon="9.314740211702883"><ele>1040.8899841308594</ele></trkpt><trkpt lat="47.21042022621259" lon="9.314750211313367"><ele>1040.8399963378906</ele></trkpt><trkpt lat="47.21035022614524" lon="9.314810211304575"><ele>1040.3999938964844</ele></trkpt><trkpt lat="47.210300226230174" lon="9.314870211295784"><ele>1040.0199890136719</ele></trkpt><trkpt lat="47.210220226086676" lon="9.314950211439282"><ele>1039.4399719238281</ele></trkpt><trkpt lat="47.210200225934386" lon="9.314960211049765"><ele>1039.3599853515625</ele></trkpt><trkpt lat="47.21017022617161" lon="9.31497021112591"><ele>1039.3099975585938</ele></trkpt><trkpt lat="47.21016022609547" lon="9.314980211202055"><ele>1039.1999816894531</ele></trkpt><trkpt lat="47.21013022586703" lon="9.315000211354345"><ele>1039.0299987792969</ele></trkpt><trkpt lat="47.210050225723535" lon="9.315020211040974"><ele>1038.6299743652344</ele></trkpt><trkpt lat="47.20998022565618" lon="9.315040211193264"><ele>1038.2999877929688</ele></trkpt><trkpt lat="47.20993022574112" lon="9.315050211269408"><ele>1038.5599975585938</ele></trkpt><trkpt lat="47.209900225978345" lon="9.315050211269408"><ele>1038.5199890136719</ele></trkpt><trkpt lat="47.209880225826055" lon="9.315060210879892"><ele>1038.5699768066406</ele></trkpt><trkpt lat="47.20982022583485" lon="9.315100211184472"><ele>1038.7599792480469</ele></trkpt><trkpt lat="47.20977022591978" lon="9.315150211099535"><ele>1039.5499877929688</ele></trkpt><trkpt lat="47.20976022584364" lon="9.31516021117568"><ele>1039.6199951171875</ele></trkpt><trkpt lat="47.209750226233155" lon="9.31518021132797"><ele>1039.6799926757812</ele></trkpt><trkpt lat="47.209730226080865" lon="9.315250211395323"><ele>1039.5299987792969</ele></trkpt><trkpt lat="47.20970022585243" lon="9.315290211234242"><ele>1039.72998046875</ele></trkpt><trkpt lat="47.209690226241946" lon="9.315310211386532"><ele>1039.8599853515625</ele></trkpt><trkpt lat="47.2096802261658" lon="9.31535021122545"><ele>1040.0499877929688</ele></trkpt><trkpt lat="47.20964022632688" lon="9.315430211368948"><ele>1040.2899780273438</ele></trkpt><trkpt lat="47.20962022617459" lon="9.315450211521238"><ele>1040.6299743652344</ele></trkpt><trkpt lat="47.209580226335675" lon="9.315530211664736"><ele>1041.4599914550781</ele></trkpt><trkpt lat="47.20957022625953" lon="9.315560211893171"><ele>1041.6499938964844</ele></trkpt><trkpt lat="47.20949022611603" lon="9.315700211562216"><ele>1041.0</ele></trkpt><trkpt lat="47.20949022611603" lon="9.315720211248845"><ele>1040.3999938964844</ele></trkpt><trkpt lat="47.20943022612482" lon="9.31573021132499"><ele>1039.3999938964844</ele></trkpt><trkpt lat="47.20940022589639" lon="9.315700211096555"><ele>1038.7799987792969</ele></trkpt><trkpt lat="47.20939022582024" lon="9.31569021102041"><ele>1038.4599914550781</ele></trkpt><trkpt lat="47.20939022582024" lon="9.31569021102041"><ele>1038.4499816894531</ele></trkpt><trkpt lat="47.20934022543952" lon="9.315660210791975"><ele>1037.6999816894531</ele></trkpt><trkpt lat="47.2093002256006" lon="9.315640210639685"><ele>1037.1899719238281</ele></trkpt><trkpt lat="47.209290225524455" lon="9.31563021056354"><ele>1036.97998046875</ele></trkpt><trkpt lat="47.20924022514373" lon="9.315620210487396"><ele>1036.2599792480469</ele></trkpt><trkpt lat="47.20909022493288" lon="9.315600210335106"><ele>1034.5999755859375</ele></trkpt><trkpt lat="47.20905022509396" lon="9.315600210335106"><ele>1034.4499816894531</ele></trkpt><trkpt lat="47.209020224865526" lon="9.31559021025896"><ele>1034.3299865722656</ele></trkpt><trkpt lat="47.20898022502661" lon="9.31557021010667"><ele>1034.2699890136719</ele></trkpt><trkpt lat="47.208930225111544" lon="9.315540210343897"><ele>1034.2999877929688</ele></trkpt><trkpt lat="47.2088402248919" lon="9.315470210276544"><ele>1034.6899719238281</ele></trkpt><trkpt lat="47.2088402248919" lon="9.315480210352689"><ele>1034.7099914550781</ele></trkpt><trkpt lat="47.2088402248919" lon="9.315500210504979"><ele>1034.7599792480469</ele></trkpt><trkpt lat="47.2088402248919" lon="9.315540210343897"><ele>1034.8099975585938</ele></trkpt><trkpt lat="47.20882022520527" lon="9.315660210326314"><ele>1034.9499816894531</ele></trkpt><trkpt lat="47.208780225366354" lon="9.316170210484415"><ele>1035.5599975585938</ele></trkpt><trkpt lat="47.208760225214064" lon="9.31633021030575"><ele>1035.739990234375</ele></trkpt><trkpt lat="47.20875022560358" lon="9.316520210821182"><ele>1036.6099853515625</ele></trkpt><trkpt lat="47.208740225527436" lon="9.316620210651308"><ele>1037.219970703125</ele></trkpt><trkpt lat="47.20872022584081" lon="9.31677021086216"><ele>1038.0699768066406</ele></trkpt><trkpt lat="47.20872022584081" lon="9.316820211242884"><ele>1038.4099731445312</ele></trkpt><trkpt lat="47.20872022630647" lon="9.317070211283863"><ele>1039.8599853515625</ele></trkpt><trkpt lat="47.20872022630647" lon="9.317090211436152"><ele>1039.9499816894531</ele></trkpt><trkpt lat="47.20872022630647" lon="9.317110211588442"><ele>1040.0499877929688</ele></trkpt><trkpt lat="47.20872022630647" lon="9.317120211198926"><ele>1040.0999755859375</ele></trkpt><trkpt lat="47.20873022591695" lon="9.317120211198926"><ele>1040.1399841308594</ele></trkpt><trkpt lat="47.2087402259931" lon="9.317160211503506"><ele>1040.3599853515625</ele></trkpt><trkpt lat="47.20876022614539" lon="9.317240211647004"><ele>1040.7899780273438</ele></trkpt><trkpt lat="47.20879022637382" lon="9.317310211714357"><ele>1041.2899780273438</ele></trkpt><trkpt lat="47.208820226602256" lon="9.317370211705565"><ele>1041.719970703125</ele></trkpt><trkpt lat="47.208860226906836" lon="9.317490211687982"><ele>1042.72998046875</ele></trkpt><trkpt lat="47.20887022698298" lon="9.317580211907625"><ele>1043.5</ele></trkpt><trkpt lat="47.208880227059126" lon="9.317680212203413"><ele>1044.2599792480469</ele></trkpt><trkpt lat="47.20887022698298" lon="9.317710212431848"><ele>1044.5499877929688</ele></trkpt><trkpt lat="47.2088602273725" lon="9.317770212423056"><ele>1045.0</ele></trkpt><trkpt lat="47.20883022714406" lon="9.3178602126427"><ele>1045.7999877929688</ele></trkpt><trkpt lat="47.20863022794947" lon="9.318300213199109"><ele>1049.5999755859375</ele></trkpt><trkpt lat="47.20858022850007" lon="9.318390213418752"><ele>1050.5</ele></trkpt><trkpt lat="47.208510228432715" lon="9.318440213799477"><ele>1051.1999816894531</ele></trkpt><trkpt lat="47.20842022867873" lon="9.31847021356225"><ele>1052.0</ele></trkpt><trkpt lat="47.208360228687525" lon="9.318480214104056"><ele>1052.6599731445312</ele></trkpt><trkpt lat="47.20835022861138" lon="9.318480214104056"><ele>1052.7999877929688</ele></trkpt><trkpt lat="47.20829022908583" lon="9.318470214027911"><ele>1053.4099731445312</ele></trkpt><trkpt lat="47.208230229094625" lon="9.318470214027911"><ele>1054.0299987792969</ele></trkpt><trkpt lat="47.20818022917956" lon="9.318440214265138"><ele>1054.6599731445312</ele></trkpt><trkpt lat="47.20809022942558" lon="9.318370214663446"><ele>1055.5999755859375</ele></trkpt><trkpt lat="47.20786023000255" lon="9.318120215088129"><ele>1058.6999816894531</ele></trkpt><trkpt lat="47.2077902299352" lon="9.318070215173066"><ele>1059.239990234375</ele></trkpt><trkpt lat="47.20777023024857" lon="9.31806021509692"><ele>1059.3299865722656</ele></trkpt><trkpt lat="47.207740230020136" lon="9.318050215020776"><ele>1059.4299926757812</ele></trkpt><trkpt lat="47.20769023010507" lon="9.318050215020776"><ele>1059.5599975585938</ele></trkpt><trkpt lat="47.207670230418444" lon="9.31806021509692"><ele>1059.6099853515625</ele></trkpt><trkpt lat="47.207610230427235" lon="9.318070215173066"><ele>1059.72998046875</ele></trkpt><trkpt lat="47.20751023013145" lon="9.318120215088129"><ele>1059.9599914550781</ele></trkpt><trkpt lat="47.20721023064107" lon="9.318280215375125"><ele>1060.9199829101562</ele></trkpt><trkpt lat="47.20701023051515" lon="9.318390215747058"><ele>1062.239990234375</ele></trkpt><trkpt lat="47.20696023060009" lon="9.318430215585977"><ele>1062.5299987792969</ele></trkpt><trkpt lat="47.20684023108333" lon="9.318530215881765"><ele>1063.3399963378906</ele></trkpt><trkpt lat="47.20670023094863" lon="9.318660215940326"><ele>1064.2099914550781</ele></trkpt><trkpt lat="47.20658023143187" lon="9.31877021631226"><ele>1064.969970703125</ele></trkpt><trkpt lat="47.20651023136452" lon="9.318820216227323"><ele>1065.3899841308594</ele></trkpt><trkpt lat="47.206440231297165" lon="9.318860216531903"><ele>1065.8799743652344</ele></trkpt><trkpt lat="47.20641023153439" lon="9.318870216608047"><ele>1066.0799865722656</ele></trkpt><trkpt lat="47.20635023154318" lon="9.318880216684192"><ele>1066.5</ele></trkpt><trkpt lat="47.2062602317892" lon="9.318870216608047"><ele>1066.8599853515625</ele></trkpt><trkpt lat="47.20620023179799" lon="9.318870216608047"><ele>1067.0999755859375</ele></trkpt><trkpt lat="47.206100231967866" lon="9.318870216608047"><ele>1067.6099853515625</ele></trkpt><trkpt lat="47.20592023199424" lon="9.318840216845274"><ele>1068.7599792480469</ele></trkpt><trkpt lat="47.205800232011825" lon="9.318800217006356"><ele>1069.4299926757812</ele></trkpt><trkpt lat="47.20579023240134" lon="9.318800217006356"><ele>1069.4599914550781</ele></trkpt><trkpt lat="47.20571023225784" lon="9.318730217404664"><ele>1069.989990234375</ele></trkpt><trkpt lat="47.205480232834816" lon="9.318560217507184"><ele>1071.4299926757812</ele></trkpt><trkpt lat="47.205310232937336" lon="9.318430217914283"><ele>1072.4499816894531</ele></trkpt><trkpt lat="47.205220233183354" lon="9.318350217770785"><ele>1073.0999755859375</ele></trkpt><trkpt lat="47.205150233116" lon="9.318300217855722"><ele>1073.6299743652344</ele></trkpt><trkpt lat="47.20508023304865" lon="9.318260218016803"><ele>1074.0799865722656</ele></trkpt><trkpt lat="47.205030233133584" lon="9.318270218092948"><ele>1074.3199768066406</ele></trkpt><trkpt lat="47.2049402333796" lon="9.318320218008012"><ele>1074.8099975585938</ele></trkpt><trkpt lat="47.20479023363441" lon="9.3184202183038"><ele>1075.6799926757812</ele></trkpt><trkpt lat="47.20466023357585" lon="9.318500218447298"><ele>1076.3599853515625</ele></trkpt><trkpt lat="47.2045902335085" lon="9.318560218438506"><ele>1076.75</ele></trkpt><trkpt lat="47.204580233898014" lon="9.318570218514651"><ele>1076.8199768066406</ele></trkpt><trkpt lat="47.204580233898014" lon="9.318590218666941"><ele>1076.9299926757812</ele></trkpt><trkpt lat="47.204580233898014" lon="9.318580218590796"><ele>1076.9299926757812</ele></trkpt><trkpt lat="47.204560233745724" lon="9.318620218429714"><ele>1077.0299987792969</ele></trkpt><trkpt lat="47.20453023398295" lon="9.318710218649358"><ele>1077.2899780273438</ele></trkpt><trkpt lat="47.20453023398295" lon="9.318750218488276"><ele>1077.4099731445312</ele></trkpt><trkpt lat="47.2044702344574" lon="9.319350219331682"><ele>1080.5099792480469</ele></trkpt><trkpt lat="47.204430235084146" lon="9.319730219896883"><ele>1083.6699829101562</ele></trkpt><trkpt lat="47.20442023547366" lon="9.31985022034496"><ele>1084.6199951171875</ele></trkpt><trkpt lat="47.20442023547366" lon="9.319950220175087"><ele>1085.3199768066406</ele></trkpt><trkpt lat="47.20444023562595" lon="9.32004022039473"><ele>1085.989990234375</ele></trkpt><trkpt lat="47.20447023585439" lon="9.320190220605582"><ele>1087.2099914550781</ele></trkpt><trkpt lat="47.20453023631126" lon="9.320460221264511"><ele>1089.4199829101562</ele></trkpt><trkpt lat="47.204610236920416" lon="9.320830221753567"><ele>1092.2599792480469</ele></trkpt><trkpt lat="47.20472023775801" lon="9.321300222538412"><ele>1096.0399780273438</ele></trkpt><trkpt lat="47.2047402379103" lon="9.321400222368538"><ele>1096.8799743652344</ele></trkpt><trkpt lat="47.20476023806259" lon="9.321500222664326"><ele>1097.6499938964844</ele></trkpt><trkpt lat="47.204770238138735" lon="9.321580222807825"><ele>1098.25</ele></trkpt><trkpt lat="47.204770238138735" lon="9.321670223027468"><ele>1098.8999938964844</ele></trkpt><trkpt lat="47.20478023868054" lon="9.321830223314464"><ele>1100.25</ele></trkpt><trkpt lat="47.20479023922235" lon="9.322050223592669"><ele>1102.0899963378906</ele></trkpt><trkpt lat="47.20481023937464" lon="9.322290224023163"><ele>1103.6499938964844</ele></trkpt><trkpt lat="47.20486023975536" lon="9.32260022405535"><ele>1104.8799743652344</ele></trkpt><trkpt lat="47.20488023990765" lon="9.32279022410512"><ele>1105.3899841308594</ele></trkpt><trkpt lat="47.204910239670426" lon="9.322990224231035"><ele>1105.9399719238281</ele></trkpt><trkpt lat="47.204990240279585" lon="9.323810224886984"><ele>1108.6099853515625</ele></trkpt><trkpt lat="47.205050240736455" lon="9.324550225399435"><ele>1110.9099731445312</ele></trkpt><trkpt lat="47.2050602408126" lon="9.324620225466788"><ele>1111.1299743652344</ele></trkpt><trkpt lat="47.205090241041034" lon="9.324990225490183"><ele>1112.1699829101562</ele></trkpt><trkpt lat="47.205130241345614" lon="9.325400225818157"><ele>1113.0799865722656</ele></trkpt><trkpt lat="47.205170241650194" lon="9.32585022598505"><ele>1114.2899780273438</ele></trkpt><trkpt lat="47.20518024172634" lon="9.325950226280838"><ele>1114.5899963378906</ele></trkpt><trkpt lat="47.20518024172634" lon="9.32604022603482"><ele>1114.8199768066406</ele></trkpt><trkpt lat="47.205170241650194" lon="9.326140226330608"><ele>1115.0299987792969</ele></trkpt><trkpt lat="47.205150241963565" lon="9.326280226465315"><ele>1115.3699951171875</ele></trkpt><trkpt lat="47.20512024173513" lon="9.326430226210505"><ele>1115.739990234375</ele></trkpt><trkpt lat="47.2051002420485" lon="9.326540226582438"><ele>1115.989990234375</ele></trkpt><trkpt lat="47.20497024198994" lon="9.327220226638019"><ele>1116.9299926757812</ele></trkpt><trkpt lat="47.20490024238825" lon="9.327580226585269"><ele>1117.47998046875</ele></trkpt><trkpt lat="47.20488024223596" lon="9.327700226567686"><ele>1117.6599731445312</ele></trkpt><trkpt lat="47.20478024240583" lon="9.328200227115303"><ele>1118.2099914550781</ele></trkpt><trkpt lat="47.20471024233848" lon="9.328600226901472"><ele>1118.0599975585938</ele></trkpt><trkpt lat="47.20465024234727" lon="9.328930227085948"><ele>1117.9099731445312</ele></trkpt><trkpt lat="47.20461024204269" lon="9.329110226593912"><ele>1117.5999755859375</ele></trkpt><trkpt lat="47.20459024235606" lon="9.329200226813555"><ele>1117.4199829101562</ele></trkpt><trkpt lat="47.20456024212763" lon="9.329300226643682"><ele>1117.2099914550781</ele></trkpt><trkpt lat="47.20453024189919" lon="9.329390226863325"><ele>1116.9299926757812</ele></trkpt><trkpt lat="47.20448024198413" lon="9.32951022638008"><ele>1116.5899963378906</ele></trkpt><trkpt lat="47.204410241916776" lon="9.32970022642985"><ele>1115.9599914550781</ele></trkpt><trkpt lat="47.20435024192557" lon="9.329840226564556"><ele>1115.6299743652344</ele></trkpt><trkpt lat="47.20432024169713" lon="9.32991022663191"><ele>1115.5199890136719</ele></trkpt><trkpt lat="47.20431024162099" lon="9.329960226546973"><ele>1115.4599914550781</ele></trkpt><trkpt lat="47.204300242010504" lon="9.329990226309747"><ele>1115.4399719238281</ele></trkpt><trkpt lat="47.20429024193436" lon="9.330020226538181"><ele>1115.3699951171875</ele></trkpt><trkpt lat="47.20429024193436" lon="9.330090226139873"><ele>1115.239990234375</ele></trkpt><trkpt lat="47.20429024193436" lon="9.330160226207227"><ele>1115.0899963378906</ele></trkpt><trkpt lat="47.2042902414687" lon="9.33023022627458"><ele>1114.9099731445312</ele></trkpt><trkpt lat="47.2042902414687" lon="9.330320226028562"><ele>1114.5899963378906</ele></trkpt><trkpt lat="47.20428024139255" lon="9.330370226409286"><ele>1114.4299926757812</ele></trkpt><trkpt lat="47.20426024124026" lon="9.330460226163268"><ele>1113.9599914550781</ele></trkpt><trkpt lat="47.20423024147749" lon="9.33055022591725"><ele>1113.5</ele></trkpt><trkpt lat="47.204180241096765" lon="9.330660225823522"><ele>1112.8099975585938</ele></trkpt><trkpt lat="47.2041302411817" lon="9.330770225729793"><ele>1112.1099853515625</ele></trkpt><trkpt lat="47.20407024072483" lon="9.330920225474983"><ele>1111.4199829101562</ele></trkpt><trkpt lat="47.20404024096206" lon="9.331010225694627"><ele>1110.8399963378906</ele></trkpt><trkpt lat="47.20402024080977" lon="9.331080225296319"><ele>1110.5099792480469</ele></trkpt><trkpt lat="47.20401024073362" lon="9.331150225363672"><ele>1110.1799926757812</ele></trkpt><trkpt lat="47.20401024073362" lon="9.331200225278735"><ele>1109.9399719238281</ele></trkpt><trkpt lat="47.20400024065748" lon="9.331270225346088"><ele>1109.5699768066406</ele></trkpt><trkpt lat="47.20400024019182" lon="9.33138022525236"><ele>1108.9599914550781</ele></trkpt><trkpt lat="47.20400024019182" lon="9.331470225006342"><ele>1108.4299926757812</ele></trkpt><trkpt lat="47.20399024011567" lon="9.33153022499755"><ele>1108.0099792480469</ele></trkpt><trkpt lat="47.20398024003953" lon="9.331590224988759"><ele>1107.6699829101562</ele></trkpt><trkpt lat="47.20396023988724" lon="9.331660225056112"><ele>1107.2699890136719</ele></trkpt><trkpt lat="47.20394024020061" lon="9.331710224971175"><ele>1107.2599792480469</ele></trkpt><trkpt lat="47.203910239972174" lon="9.331740224733949"><ele>1107.0299987792969</ele></trkpt><trkpt lat="47.203830239828676" lon="9.331840224564075"><ele>1106.3399963378906</ele></trkpt><trkpt lat="47.20378023991361" lon="9.331910224631429"><ele>1105.8799743652344</ele></trkpt><trkpt lat="47.20377023983747" lon="9.331930224783719"><ele>1105.7799987792969</ele></trkpt><trkpt lat="47.20373023953289" lon="9.332010224461555"><ele>1105.1899719238281</ele></trkpt><trkpt lat="47.203680239617825" lon="9.332120224367827"><ele>1104.489990234375</ele></trkpt><trkpt lat="47.2036302392371" lon="9.332270224113017"><ele>1103.5699768066406</ele></trkpt><trkpt lat="47.20359023893252" lon="9.332410223782063"><ele>1102.8199768066406</ele></trkpt><trkpt lat="47.20357023924589" lon="9.332480223849416"><ele>1102.3999938964844</ele></trkpt><trkpt lat="47.20354023901746" lon="9.332570223603398"><ele>1101.8999938964844</ele></trkpt><trkpt lat="47.20352023886517" lon="9.332610223907977"><ele>1101.6599731445312</ele></trkpt><trkpt lat="47.203430238645524" lon="9.332790223415941"><ele>1100.6299743652344</ele></trkpt><trkpt lat="47.20336023857817" lon="9.332920223474503"><ele>1099.8999938964844</ele></trkpt><trkpt lat="47.20334023842588" lon="9.332960223313421"><ele>1099.6899719238281</ele></trkpt><trkpt lat="47.203330238349736" lon="9.33300022315234"><ele>1099.4499816894531</ele></trkpt><trkpt lat="47.20332023827359" lon="9.333030223380774"><ele>1099.2699890136719</ele></trkpt><trkpt lat="47.20332023827359" lon="9.333070223219693"><ele>1099.0499877929688</ele></trkpt><trkpt lat="47.20332023827359" lon="9.333110223058611"><ele>1098.8399963378906</ele></trkpt><trkpt lat="47.203330238349736" lon="9.333180223125964"><ele>1098.4399719238281</ele></trkpt><trkpt lat="47.20334023796022" lon="9.333250223193318"><ele>1098.0499877929688</ele></trkpt><trkpt lat="47.20334023796022" lon="9.333330222871155"><ele>1097.6199951171875</ele></trkpt><trkpt lat="47.20334023796022" lon="9.333390222862363"><ele>1097.4399719238281</ele></trkpt><trkpt lat="47.203330237884074" lon="9.333440222777426"><ele>1097.2699890136719</ele></trkpt><trkpt lat="47.20332023780793" lon="9.333500222768635"><ele>1097.0999755859375</ele></trkpt><trkpt lat="47.20330023765564" lon="9.333540223073214"><ele>1096.9299926757812</ele></trkpt><trkpt lat="47.203250237740576" lon="9.333630222827196"><ele>1096.5</ele></trkpt><trkpt lat="47.20302023738623" lon="9.334040222223848"><ele>1094.4199829101562</ele></trkpt><trkpt lat="47.2029702370055" lon="9.334140222519636"><ele>1093.8599853515625</ele></trkpt><trkpt lat="47.20292023709044" lon="9.334230222273618"><ele>1093.2699890136719</ele></trkpt><trkpt lat="47.202890236862004" lon="9.33430022187531"><ele>1092.6999816894531</ele></trkpt><trkpt lat="47.20286023709923" lon="9.334390222094953"><ele>1092.239990234375</ele></trkpt><trkpt lat="47.20284023648128" lon="9.33447022177279"><ele>1091.0799865722656</ele></trkpt><trkpt lat="47.202830236405134" lon="9.334600221831352"><ele>1090.3899841308594</ele></trkpt><trkpt lat="47.20284023648128" lon="9.334710221271962"><ele>1089.469970703125</ele></trkpt><trkpt lat="47.20285023609176" lon="9.334880221169442"><ele>1087.8499755859375</ele></trkpt><trkpt lat="47.202880235854536" lon="9.335060220677406"><ele>1086.22998046875</ele></trkpt><trkpt lat="47.20293023530394" lon="9.335270220413804"><ele>1084.6099853515625</ele></trkpt><trkpt lat="47.202990234829485" lon="9.335470220074058"><ele>1083.1799926757812</ele></trkpt><trkpt lat="47.203010234981775" lon="9.335550220217556"><ele>1082.5799865722656</ele></trkpt><trkpt lat="47.20302023459226" lon="9.335620219819248"><ele>1082.1099853515625</ele></trkpt><trkpt lat="47.20302023459226" lon="9.335690219886601"><ele>1081.6399841308594</ele></trkpt><trkpt lat="47.20302023459226" lon="9.33575021987781"><ele>1081.1399841308594</ele></trkpt><trkpt lat="47.20301023405045" lon="9.336010219529271"><ele>1079.469970703125</ele></trkpt><trkpt lat="47.2030202341266" lon="9.336120219435543"><ele>1078.6699829101562</ele></trkpt><trkpt lat="47.20303023373708" lon="9.33635021885857"><ele>1076.969970703125</ele></trkpt><trkpt lat="47.20303023373708" lon="9.336450219154358"><ele>1076.3099975585938</ele></trkpt><trkpt lat="47.203020233195275" lon="9.336550218984485"><ele>1075.6499938964844</ele></trkpt><trkpt lat="47.20301023311913" lon="9.336620218586177"><ele>1075.1899719238281</ele></trkpt><trkpt lat="47.2029902334325" lon="9.33669021865353"><ele>1074.6899719238281</ele></trkpt><trkpt lat="47.20297023328021" lon="9.336760218720883"><ele>1074.1599731445312</ele></trkpt><trkpt lat="47.20294023305178" lon="9.33684021839872"><ele>1073.47998046875</ele></trkpt><trkpt lat="47.20289023267105" lon="9.336950218304992"><ele>1072.5499877929688</ele></trkpt><trkpt lat="47.20284023275599" lon="9.3370102182962"><ele>1071.9499816894531</ele></trkpt><trkpt lat="47.20280023245141" lon="9.337070217821747"><ele>1071.3599853515625</ele></trkpt><trkpt lat="47.202750232536346" lon="9.3371402178891"><ele>1070.6499938964844</ele></trkpt><trkpt lat="47.2026602323167" lon="9.337240217719227"><ele>1069.6199951171875</ele></trkpt><trkpt lat="47.20259023178369" lon="9.337310217320919"><ele>1068.8199768066406</ele></trkpt><trkpt lat="47.202540231868625" lon="9.337360217235982"><ele>1068.25</ele></trkpt><trkpt lat="47.202500231564045" lon="9.33742021722719"><ele>1067.6399841308594</ele></trkpt><trkpt lat="47.20246023172513" lon="9.337490217294544"><ele>1066.989990234375</ele></trkpt><trkpt lat="47.20243023149669" lon="9.337540217209607"><ele>1066.5499877929688</ele></trkpt><trkpt lat="47.20239023119211" lon="9.33763021696359"><ele>1065.8099975585938</ele></trkpt><trkpt lat="47.20236023096368" lon="9.337750216946006"><ele>1064.8099975585938</ele></trkpt><trkpt lat="47.20233023073524" lon="9.337860216386616"><ele>1063.9499816894531</ele></trkpt><trkpt lat="47.20228023082018" lon="9.338070216123015"><ele>1062.3599853515625</ele></trkpt><trkpt lat="47.202250230591744" lon="9.338210216257721"><ele>1061.3099975585938</ele></trkpt><trkpt lat="47.202230230439454" lon="9.338300216011703"><ele>1060.8699951171875</ele></trkpt><trkpt lat="47.20220023021102" lon="9.338370216079056"><ele>1060.4599914550781</ele></trkpt><trkpt lat="47.202190230134875" lon="9.338390215765685"><ele>1060.239990234375</ele></trkpt><trkpt lat="47.202150229830295" lon="9.338440215680748"><ele>1059.7099914550781</ele></trkpt><trkpt lat="47.202130230143666" lon="9.338460215833038"><ele>1059.3699951171875</ele></trkpt><trkpt lat="47.20210022991523" lon="9.338480215519667"><ele>1059.0</ele></trkpt><trkpt lat="47.20208022976294" lon="9.338490215595812"><ele>1058.75</ele></trkpt><trkpt lat="47.20206022961065" lon="9.338500215671957"><ele>1058.5599975585938</ele></trkpt><trkpt lat="47.20204022992402" lon="9.338500215671957"><ele>1058.3199768066406</ele></trkpt><trkpt lat="47.2019102293998" lon="9.338540215045214"><ele>1056.9199829101562</ele></trkpt><trkpt lat="47.20176022918895" lon="9.338590214960277"><ele>1055.2799987792969</ele></trkpt><trkpt lat="47.20157022867352" lon="9.338670214638114"><ele>1053.0799865722656</ele></trkpt><trkpt lat="47.201210227794945" lon="9.33888021344319"><ele>1049.0</ele></trkpt><trkpt lat="47.20117022795603" lon="9.338910213671625"><ele>1048.9199829101562</ele></trkpt><trkpt lat="47.20114022772759" lon="9.338780213613063"><ele>1048.8999938964844</ele></trkpt></trkseg></trk></gpx>