<?xml version="1.0" encoding="utf-8"?><gpx version="1.1" creator="MySchweizMobil - https://map.schweizmobil.ch/" xmlns:xsi="http://www.w3.org/2001/XMLSchema-instance" xmlns="http://www.topografix.com/GPX/1/1" xsi:schemaLocation="http://www.topografix.com/GPX/1/1 http://www.topografix.com/GPX/1/1/gpx.xsd"><metadata><name>950 Churfirsten-Weg</name><bounds minlat="47.15323453215416" minlon="9.296507739192293" maxlat="47.182174719159505" maxlon="9.340011647670735" /></metadata><trk><name>950 Churfirsten-Weg</name><trkseg><trkpt lat="47.182174719159505" lon="9.296507739192293"><ele>1389.9</ele></trkpt><trkpt lat="47.18215671909733" lon="9.296559739132437"><ele>1390.2</ele></trkpt><trkpt lat="47.18212871901455" lon="9.296611739053212"><ele>1390.6</ele></trkpt><trkpt lat="47.182054718807436" lon="9.296688738856908"><ele>1391.6</ele></trkpt><trkpt lat="47.181963718517146" lon="9.296764738583036"><ele>1393.0</ele></trkpt><trkpt lat="47.18184571822764" lon="9.296852738308912"><ele>1394.4</ele></trkpt><trkpt lat="47.18153471708622" lon="9.297171737232016"><ele>1399.9</ele></trkpt><trkpt lat="47.18145171685859" lon="9.297274737015455"><ele>1401.0</ele></trkpt><trkpt lat="47.181250716362364" lon="9.297478736543724"><ele>1403.4</ele></trkpt><trkpt lat="47.181195716259346" lon="9.297529736445243"><ele>1403.9</ele></trkpt><trkpt lat="47.181168716176465" lon="9.29756873636642"><ele>1404.3</ele></trkpt><trkpt lat="47.181131716156536" lon="9.297579736346835"><ele>1404.4</ele></trkpt><trkpt lat="47.18109671613654" lon="9.297565736328067"><ele>1404.5</ele></trkpt><trkpt lat="47.181069716053536" lon="9.297538736251415"><ele>1404.9</ele></trkpt><trkpt lat="47.18103471597074" lon="9.297497736175266"><ele>1405.3</ele></trkpt><trkpt lat="47.18098971586729" lon="9.297482736078894"><ele>1405.8</ele></trkpt><trkpt lat="47.18093571574324" lon="9.297467735963156"><ele>1406.4</ele></trkpt><trkpt lat="47.180872715619444" lon="9.297478735846605"><ele>1407.0</ele></trkpt><trkpt lat="47.18082771555788" lon="9.29749073578819"><ele>1407.3</ele></trkpt><trkpt lat="47.180754715497145" lon="9.297527735729105"><ele>1407.6</ele></trkpt><trkpt lat="47.18070971541476" lon="9.29756573565041"><ele>1408.0</ele></trkpt><trkpt lat="47.18065471529087" lon="9.297629735532066"><ele>1408.6</ele></trkpt><trkpt lat="47.18058071514658" lon="9.297705735394008"><ele>1409.3</ele></trkpt><trkpt lat="47.18043471494157" lon="9.297832735196392"><ele>1410.3</ele></trkpt><trkpt lat="47.18038071488032" lon="9.297883735136734"><ele>1410.6</ele></trkpt><trkpt lat="47.18033471481895" lon="9.297934735077037"><ele>1410.9</ele></trkpt><trkpt lat="47.18025171477945" lon="9.298024735035668"><ele>1411.1</ele></trkpt><trkpt lat="47.18019671478108" lon="9.298114735032993"><ele>1411.1</ele></trkpt><trkpt lat="47.18015971474034" lon="9.298166734992632"><ele>1411.3</ele></trkpt><trkpt lat="47.1800667147013" lon="9.29833473494874"><ele>1411.5</ele></trkpt><trkpt lat="47.179984714661856" lon="9.298437734906939"><ele>1411.7</ele></trkpt><trkpt lat="47.17995671468353" lon="9.29846273492569"><ele>1411.6</ele></trkpt><trkpt lat="47.179839714749356" lon="9.29849873498341"><ele>1411.3</ele></trkpt><trkpt lat="47.17977671473015" lon="9.298522734963539"><ele>1411.4</ele></trkpt><trkpt lat="47.17972171471073" lon="9.298560734943157"><ele>1411.5</ele></trkpt><trkpt lat="47.179675714712026" lon="9.298598734942153"><ele>1411.5</ele></trkpt><trkpt lat="47.179638714671334" lon="9.298662734901397"><ele>1411.7</ele></trkpt><trkpt lat="47.17956571450613" lon="9.298752734743422"><ele>1412.5</ele></trkpt><trkpt lat="47.17952871444447" lon="9.298777734684526"><ele>1412.8</ele></trkpt><trkpt lat="47.17948371440388" lon="9.298802734645093"><ele>1413.0</ele></trkpt><trkpt lat="47.17927671415846" lon="9.298835734412044"><ele>1414.2</ele></trkpt><trkpt lat="47.17918571391006" lon="9.29887173417826"><ele>1415.4</ele></trkpt><trkpt lat="47.1791137136402" lon="9.29888273392577"><ele>1416.7</ele></trkpt><trkpt lat="47.17905071337012" lon="9.298906733672805"><ele>1418.0</ele></trkpt><trkpt lat="47.1789877132045" lon="9.298904733517821"><ele>1418.8</ele></trkpt><trkpt lat="47.17893371305957" lon="9.298902733382214"><ele>1419.5</ele></trkpt><trkpt lat="47.17888771301901" lon="9.298913733343253"><ele>1419.7</ele></trkpt><trkpt lat="47.17882471293708" lon="9.298924733265538"><ele>1420.1</ele></trkpt><trkpt lat="47.17870771281475" lon="9.298960733148435"><ele>1420.7</ele></trkpt><trkpt lat="47.17857171258847" lon="9.298995732934356"><ele>1421.8</ele></trkpt><trkpt lat="47.17841871238351" lon="9.299042732739384"><ele>1422.8</ele></trkpt><trkpt lat="47.1783367122603" lon="9.29906673262249"><ele>1423.4</ele></trkpt><trkpt lat="47.17810171197396" lon="9.299124732349904"><ele>1424.8</ele></trkpt><trkpt lat="47.17791171185365" lon="9.299183732232438"><ele>1425.4</ele></trkpt><trkpt lat="47.177812711814546" lon="9.299232732192499"><ele>1425.6</ele></trkpt><trkpt lat="47.177757711753365" lon="9.299270732133259"><ele>1425.9</ele></trkpt><trkpt lat="47.17771171171285" lon="9.299308732093396"><ele>1426.1</ele></trkpt><trkpt lat="47.17766671165142" lon="9.299359732033663"><ele>1426.4</ele></trkpt><trkpt lat="47.17766671165142" lon="9.299359732033663"><ele>1426.4</ele></trkpt><trkpt lat="47.177629711631646" lon="9.299411732012707"><ele>1426.5</ele></trkpt><trkpt lat="47.17758371157022" lon="9.299449731953418"><ele>1426.8</ele></trkpt><trkpt lat="47.17753871148783" lon="9.299460731875596"><ele>1427.2</ele></trkpt><trkpt lat="47.177475711405826" lon="9.299458731798309"><ele>1427.6</ele></trkpt><trkpt lat="47.1773047111386" lon="9.29943973154737"><ele>1428.9</ele></trkpt><trkpt lat="47.17719571097441" lon="9.29951473139006"><ele>1429.7</ele></trkpt><trkpt lat="47.176877710669714" lon="9.299714731093738"><ele>1431.2</ele></trkpt><trkpt lat="47.176877710669714" lon="9.299714731093738"><ele>1431.2</ele></trkpt><trkpt lat="47.17684171071248" lon="9.299740731131914"><ele>1431.0</ele></trkpt><trkpt lat="47.17677771077694" lon="9.299777731189307"><ele>1430.7</ele></trkpt><trkpt lat="47.176668710842776" lon="9.299865731245236"><ele>1430.4</ele></trkpt><trkpt lat="47.176513710826235" lon="9.299992731222414"><ele>1430.5</ele></trkpt><trkpt lat="47.176513710826235" lon="9.299992731222414"><ele>1430.5</ele></trkpt><trkpt lat="47.17644971074443" lon="9.300043731143353"><ele>1430.9</ele></trkpt><trkpt lat="47.176376710579206" lon="9.300080730987114"><ele>1431.7</ele></trkpt><trkpt lat="47.17630471043493" lon="9.300130730849846"><ele>1432.4</ele></trkpt><trkpt lat="47.17627671035208" lon="9.300142730771894"><ele>1432.8</ele></trkpt><trkpt lat="47.176231710290594" lon="9.300167730713026"><ele>1433.1</ele></trkpt><trkpt lat="47.17619571029164" lon="9.300192730712388"><ele>1433.1</ele></trkpt><trkpt lat="47.17609471025266" lon="9.300268730671542"><ele>1433.3</ele></trkpt><trkpt lat="47.17609471025266" lon="9.300268730671542"><ele>1433.3</ele></trkpt><trkpt lat="47.17601671010805" lon="9.30009373054187"><ele>1434.0</ele></trkpt><trkpt lat="47.17599971002478" lon="9.300027730466477"><ele>1434.4</ele></trkpt><trkpt lat="47.17598270996244" lon="9.299974730410076"><ele>1434.7</ele></trkpt><trkpt lat="47.17598270996244" lon="9.299974730410076"><ele>1434.7</ele></trkpt><trkpt lat="47.17593770977547" lon="9.299959730236"><ele>1435.6</ele></trkpt><trkpt lat="47.1758847095051" lon="9.299904729985611"><ele>1436.9</ele></trkpt><trkpt lat="47.17584070927629" lon="9.299863729773556"><ele>1438.0</ele></trkpt><trkpt lat="47.17578770900589" lon="9.299822729522703"><ele>1439.3</ele></trkpt><trkpt lat="47.17574270877712" lon="9.299780729310692"><ele>1440.4</ele></trkpt><trkpt lat="47.17572570856847" lon="9.299727729118326"><ele>1441.4</ele></trkpt><trkpt lat="47.17568170838153" lon="9.299699728944699"><ele>1442.3</ele></trkpt><trkpt lat="47.17565470827764" lon="9.299659728849072"><ele>1442.8</ele></trkpt><trkpt lat="47.17561970809039" lon="9.299605728676273"><ele>1443.7</ele></trkpt><trkpt lat="47.17558470786139" lon="9.299590728463302"><ele>1444.8</ele></trkpt><trkpt lat="47.175548707736944" lon="9.299563728347872"><ele>1445.4</ele></trkpt><trkpt lat="47.17549470746659" lon="9.299534728096637"><ele>1446.7</ele></trkpt><trkpt lat="47.175450707216925" lon="9.29949372786518"><ele>1447.9</ele></trkpt><trkpt lat="47.17541470705064" lon="9.299479727710466"><ele>1448.7</ele></trkpt><trkpt lat="47.175379706800776" lon="9.299451727478527"><ele>1449.9</ele></trkpt><trkpt lat="47.175343706634536" lon="9.29943772732381"><ele>1450.7</ele></trkpt><trkpt lat="47.17531670648891" lon="9.299423727188469"><ele>1451.4</ele></trkpt><trkpt lat="47.17529070638508" lon="9.299395727092445"><ele>1451.9</ele></trkpt><trkpt lat="47.17525470619796" lon="9.299407726917426"><ele>1452.8</ele></trkpt><trkpt lat="47.17522770605241" lon="9.299406726781644"><ele>1453.5</ele></trkpt><trkpt lat="47.17520070592777" lon="9.299405726665281"><ele>1454.1</ele></trkpt><trkpt lat="47.17515470565744" lon="9.299457726411262"><ele>1455.4</ele></trkpt><trkpt lat="47.17513670553252" lon="9.299456726294848"><ele>1456.0</ele></trkpt><trkpt lat="47.175109705407905" lon="9.299468726178048"><ele>1456.6</ele></trkpt><trkpt lat="47.17507270517905" lon="9.299480725964182"><ele>1457.7</ele></trkpt><trkpt lat="47.17504570507526" lon="9.29947972586725"><ele>1458.2</ele></trkpt><trkpt lat="47.17501970497144" lon="9.299452725771195"><ele>1458.7</ele></trkpt><trkpt lat="47.17498470484691" lon="9.299411725656256"><ele>1459.3</ele></trkpt><trkpt lat="47.17494070463896" lon="9.299330725465037"><ele>1460.3</ele></trkpt><trkpt lat="47.17491470449326" lon="9.299277725331033"><ele>1461.0</ele></trkpt><trkpt lat="47.17489770434732" lon="9.299223725197015"><ele>1461.7</ele></trkpt><trkpt lat="47.17487970430597" lon="9.299209725158748"><ele>1461.9</ele></trkpt><trkpt lat="47.17482570414022" lon="9.29919472500418"><ele>1462.7</ele></trkpt><trkpt lat="47.174781704015906" lon="9.299153724889297"><ele>1463.3</ele></trkpt><trkpt lat="47.17471070378781" lon="9.299072724678824"><ele>1464.4</ele></trkpt><trkpt lat="47.174684703704855" lon="9.299031724602688"><ele>1464.8</ele></trkpt><trkpt lat="47.174630703497286" lon="9.29900372440973"><ele>1465.8</ele></trkpt><trkpt lat="47.174630703497286" lon="9.29900372440973"><ele>1465.8</ele></trkpt><trkpt lat="47.174628703267835" lon="9.299174724190209"><ele>1466.9</ele></trkpt><trkpt lat="47.17462570305933" lon="9.299333723990525"><ele>1467.9</ele></trkpt><trkpt lat="47.1746237028298" lon="9.299464723772365"><ele>1469.0</ele></trkpt><trkpt lat="47.17460270247553" lon="9.29964872343594"><ele>1470.7</ele></trkpt><trkpt lat="47.17458270222563" lon="9.29978072319841"><ele>1471.9</ele></trkpt><trkpt lat="47.174563702100855" lon="9.29984572307973"><ele>1472.5</ele></trkpt><trkpt lat="47.17452670201835" lon="9.299870723001376"><ele>1472.9</ele></trkpt><trkpt lat="47.17449970185194" lon="9.29986972284617"><ele>1473.7</ele></trkpt><trkpt lat="47.17446470166482" lon="9.29985572267203"><ele>1474.6</ele></trkpt><trkpt lat="47.17442770147779" lon="9.299880722496551"><ele>1475.5</ele></trkpt><trkpt lat="47.1743817011031" lon="9.29997172214402"><ele>1477.3</ele></trkpt><trkpt lat="47.17431570062468" lon="9.300140721691765"><ele>1479.6</ele></trkpt><trkpt lat="47.17422270004251" lon="9.300308721142553"><ele>1482.4</ele></trkpt><trkpt lat="47.17410369946105" lon="9.300462720593957"><ele>1485.2</ele></trkpt><trkpt lat="47.17390069815092" lon="9.300772719360454"><ele>1491.5</ele></trkpt><trkpt lat="47.17383569767238" lon="9.300875718910408"><ele>1493.8</ele></trkpt><trkpt lat="47.173826697568224" lon="9.300914718811962"><ele>1494.3</ele></trkpt><trkpt lat="47.173816697484995" lon="9.300954718732905"><ele>1494.7</ele></trkpt><trkpt lat="47.17382369721349" lon="9.30108671847569"><ele>1496.0</ele></trkpt><trkpt lat="47.173819696587294" lon="9.301323717884562"><ele>1499.0</ele></trkpt><trkpt lat="47.17380669600312" lon="9.301547717332777"><ele>1501.8</ele></trkpt><trkpt lat="47.17379569562767" lon="9.301692716978017"><ele>1503.6</ele></trkpt><trkpt lat="47.17379569562767" lon="9.301692716978017"><ele>1503.6</ele></trkpt><trkpt lat="47.17378569544006" lon="9.301771716800431"><ele>1504.5</ele></trkpt><trkpt lat="47.17376669535717" lon="9.30184971672007"><ele>1504.9</ele></trkpt><trkpt lat="47.17365469506832" lon="9.302083716440453"><ele>1506.3</ele></trkpt><trkpt lat="47.173607694652" lon="9.30218771604845"><ele>1508.3</ele></trkpt><trkpt lat="47.17356169438179" lon="9.302251715793867"><ele>1509.6</ele></trkpt><trkpt lat="47.17351569419514" lon="9.302302715617463"><ele>1510.5</ele></trkpt><trkpt lat="47.17344369413452" lon="9.30232671555874"><ele>1510.8</ele></trkpt><trkpt lat="47.173353693907266" lon="9.30234971534472"><ele>1511.9</ele></trkpt><trkpt lat="47.1732986937208" lon="9.302374715169286"><ele>1512.8</ele></trkpt><trkpt lat="47.173253693596756" lon="9.30239971505208"><ele>1513.4</ele></trkpt><trkpt lat="47.17321669343077" lon="9.302437714895506"><ele>1514.2</ele></trkpt><trkpt lat="47.17318869316012" lon="9.302528714639841"><ele>1515.5</ele></trkpt><trkpt lat="47.17316869280574" lon="9.302633714305903"><ele>1517.2</ele></trkpt><trkpt lat="47.17313069232661" lon="9.302777713854093"><ele>1519.5</ele></trkpt><trkpt lat="47.173025691223" lon="9.303116712812749"><ele>1524.8</ele></trkpt><trkpt lat="47.1729886909318" lon="9.303221712537166"><ele>1526.2</ele></trkpt><trkpt lat="47.172950690807696" lon="9.303299712417997"><ele>1526.8</ele></trkpt><trkpt lat="47.17290469060032" lon="9.30340271222026"><ele>1527.8</ele></trkpt><trkpt lat="47.1728026902275" lon="9.30355771186552"><ele>1529.6</ele></trkpt><trkpt lat="47.172756690103505" lon="9.303608711747362"><ele>1530.2</ele></trkpt><trkpt lat="47.17271968993755" lon="9.303660711590249"><ele>1531.0</ele></trkpt><trkpt lat="47.17264668968908" lon="9.303723711355225"><ele>1532.2</ele></trkpt><trkpt lat="47.17259268958627" lon="9.30377471125654"><ele>1532.7</ele></trkpt><trkpt lat="47.17254668958766" lon="9.303799711255916"><ele>1532.7</ele></trkpt><trkpt lat="47.17249268946386" lon="9.303810711139242"><ele>1533.3</ele></trkpt><trkpt lat="47.17244668925634" lon="9.303848710943816"><ele>1534.3</ele></trkpt><trkpt lat="47.17240168906964" lon="9.303873710768285"><ele>1535.2</ele></trkpt><trkpt lat="47.17233768875825" lon="9.303924710475329"><ele>1536.7</ele></trkpt><trkpt lat="47.17229268850887" lon="9.303949710241493"><ele>1537.9</ele></trkpt><trkpt lat="47.17223868834332" lon="9.303973710085478"><ele>1538.7</ele></trkpt><trkpt lat="47.17216568811562" lon="9.303984709871747"><ele>1539.8</ele></trkpt><trkpt lat="47.172120688033445" lon="9.304022709792912"><ele>1540.2</ele></trkpt><trkpt lat="47.17208368797192" lon="9.304060709733456"><ele>1540.5</ele></trkpt><trkpt lat="47.17206468788905" lon="9.30413870965301"><ele>1540.9</ele></trkpt><trkpt lat="47.17204368751403" lon="9.304322709296672"><ele>1542.7</ele></trkpt><trkpt lat="47.17202368726414" lon="9.304427709059773"><ele>1543.9</ele></trkpt><trkpt lat="47.17200468716045" lon="9.30450670895985"><ele>1544.4</ele></trkpt><trkpt lat="47.17200468716045" lon="9.30450670895985"><ele>1544.4</ele></trkpt><trkpt lat="47.171967687099006" lon="9.304570708899451"><ele>1544.7</ele></trkpt><trkpt lat="47.17193868701649" lon="9.304675708818078"><ele>1545.1</ele></trkpt><trkpt lat="47.171920686954415" lon="9.304714708758464"><ele>1545.4</ele></trkpt><trkpt lat="47.171920686954415" lon="9.304714708758464"><ele>1545.4</ele></trkpt><trkpt lat="47.17187568672587" lon="9.304686708545967"><ele>1546.5</ele></trkpt><trkpt lat="47.17184968649673" lon="9.304659708333322"><ele>1547.6</ele></trkpt><trkpt lat="47.17182368626751" lon="9.304579708122597"><ele>1548.7</ele></trkpt><trkpt lat="47.171787686059574" lon="9.304551707929484"><ele>1549.7</ele></trkpt><trkpt lat="47.17176268583033" lon="9.304471707718767"><ele>1550.8</ele></trkpt><trkpt lat="47.17175468580949" lon="9.304392707702258"><ele>1550.9</ele></trkpt><trkpt lat="47.17172868566376" lon="9.304298707569794"><ele>1551.6</ele></trkpt><trkpt lat="47.17166868541447" lon="9.304151707342312"><ele>1552.8</ele></trkpt><trkpt lat="47.17165168522675" lon="9.3040587071709"><ele>1553.7</ele></trkpt><trkpt lat="47.17159968495648" lon="9.303964706922006"><ele>1555.0</ele></trkpt><trkpt lat="47.17154668476974" lon="9.303883706750387"><ele>1555.9</ele></trkpt><trkpt lat="47.17156668422584" lon="9.303778706248858"><ele>1558.5</ele></trkpt><trkpt lat="47.17155868410051" lon="9.303685706135719"><ele>1559.1</ele></trkpt><trkpt lat="47.17152568397579" lon="9.303539706024669"><ele>1559.7</ele></trkpt><trkpt lat="47.171525683871266" lon="9.303500705928936"><ele>1560.2</ele></trkpt><trkpt lat="47.17154568361978" lon="9.303421705698524"><ele>1561.4</ele></trkpt><trkpt lat="47.17159168317958" lon="9.303330705293526"><ele>1563.5</ele></trkpt><trkpt lat="47.17160168309563" lon="9.303278705217648"><ele>1563.9</ele></trkpt><trkpt lat="47.171594682698675" lon="9.303159704852874"><ele>1565.8</ele></trkpt><trkpt lat="47.17158668240627" lon="9.303093704583317"><ele>1567.2</ele></trkpt><trkpt lat="47.171577682239366" lon="9.303066704428923"><ele>1568.0</ele></trkpt><trkpt lat="47.17155968209365" lon="9.303065704293049"><ele>1568.7</ele></trkpt><trkpt lat="47.17151468171893" lon="9.303064703943607"><ele>1570.5</ele></trkpt><trkpt lat="47.17149768144784" lon="9.303037703692107"><ele>1571.8</ele></trkpt><trkpt lat="47.17147068130234" lon="9.303023703556772"><ele>1572.5</ele></trkpt><trkpt lat="47.171452681198446" lon="9.303035703459289"><ele>1573.0</ele></trkpt><trkpt lat="47.171434681115485" lon="9.303048703381192"><ele>1573.4</ele></trkpt><trkpt lat="47.17141568103252" lon="9.303087703302145"><ele>1573.8</ele></trkpt><trkpt lat="47.171397680845054" lon="9.303099703126932"><ele>1574.7</ele></trkpt><trkpt lat="47.171361680658094" lon="9.303098702952308"><ele>1575.6</ele></trkpt><trkpt lat="47.17134268040812" lon="9.303137702717816"><ele>1576.8</ele></trkpt><trkpt lat="47.171306680221214" lon="9.303162702542231"><ele>1577.7</ele></trkpt><trkpt lat="47.171288680054595" lon="9.303148702387412"><ele>1578.5</ele></trkpt><trkpt lat="47.17126167984645" lon="9.30313470219379"><ele>1579.5</ele></trkpt><trkpt lat="47.17120767957652" lon="9.303145701941112"><ele>1580.8</ele></trkpt><trkpt lat="47.17117167930606" lon="9.303171701687765"><ele>1582.1</ele></trkpt><trkpt lat="47.17106367968526" lon="9.303193702037358"><ele>1580.3</ele></trkpt><trkpt lat="47.171063678557196" lon="9.30314070099007"><ele>1585.7</ele></trkpt><trkpt lat="47.17105667861978" lon="9.303035701052314"><ele>1585.4</ele></trkpt><trkpt lat="47.17106767824316" lon="9.302916700706938"><ele>1587.2</ele></trkpt><trkpt lat="47.1710686779297" lon="9.302864700417418"><ele>1588.7</ele></trkpt><trkpt lat="47.17107867772042" lon="9.302811700225035"><ele>1589.7</ele></trkpt><trkpt lat="47.17109667753182" lon="9.302785700051027"><ele>1590.6</ele></trkpt><trkpt lat="47.17109667744824" lon="9.302772699973794"><ele>1591.0</ele></trkpt><trkpt lat="47.17108867734401" lon="9.302759699877187"><ele>1591.5</ele></trkpt><trkpt lat="47.1710706771774" lon="9.302758699721897"><ele>1592.3</ele></trkpt><trkpt lat="47.1710516770109" lon="9.302771699566087"><ele>1593.1</ele></trkpt><trkpt lat="47.17104367694846" lon="9.30275769950837"><ele>1593.4</ele></trkpt><trkpt lat="47.171034676802435" lon="9.302730699373434"><ele>1594.1</ele></trkpt><trkpt lat="47.171016676635794" lon="9.302703699219116"><ele>1594.9</ele></trkpt><trkpt lat="47.17098167634437" lon="9.302689698947841"><ele>1596.3</ele></trkpt><trkpt lat="47.17094567611563" lon="9.302688698734379"><ele>1597.4</ele></trkpt><trkpt lat="47.17093667592784" lon="9.302661698560582"><ele>1598.3</ele></trkpt><trkpt lat="47.17090967576157" lon="9.302660698405353"><ele>1599.1</ele></trkpt><trkpt lat="47.1708926755739" lon="9.302607698232585"><ele>1600.0</ele></trkpt><trkpt lat="47.1708936755111" lon="9.302554698176282"><ele>1600.3</ele></trkpt><trkpt lat="47.170831675283" lon="9.302486697965499"><ele>1601.4</ele></trkpt><trkpt lat="47.17079567511699" lon="9.302498697809842"><ele>1602.2</ele></trkpt><trkpt lat="47.17075967488831" lon="9.302510697595892"><ele>1603.3</ele></trkpt><trkpt lat="47.170732674742915" lon="9.302509697460092"><ele>1604.0</ele></trkpt><trkpt lat="47.17070567461829" lon="9.302468697345237"><ele>1604.6</ele></trkpt><trkpt lat="47.17067167413862" lon="9.302362696902582"><ele>1606.9</ele></trkpt><trkpt lat="47.17062067388913" lon="9.302215696675312"><ele>1608.1</ele></trkpt><trkpt lat="47.17057867395247" lon="9.301989696742389"><ele>1607.8</ele></trkpt><trkpt lat="47.17055367393212" lon="9.30190969672614"><ele>1607.9</ele></trkpt><trkpt lat="47.17056367401519" lon="9.301830696806773"><ele>1607.5</ele></trkpt><trkpt lat="47.17055567401525" lon="9.301751696809799"><ele>1607.5</ele></trkpt><trkpt lat="47.17054867416139" lon="9.301632696950326"><ele>1606.8</ele></trkpt><trkpt lat="47.17054167426577" lon="9.301513697051993"><ele>1606.3</ele></trkpt><trkpt lat="47.170533674307535" lon="9.30143369709391"><ele>1606.1</ele></trkpt><trkpt lat="47.170543674474196" lon="9.301368697251712"><ele>1605.3</ele></trkpt><trkpt lat="47.170571674598534" lon="9.301303697370543"><ele>1604.7</ele></trkpt><trkpt lat="47.1706646747207" lon="9.301134697492895"><ele>1604.1</ele></trkpt><trkpt lat="47.170683674678294" lon="9.301095697455391"><ele>1604.3</ele></trkpt><trkpt lat="47.1707106745938" lon="9.301043697379486"><ele>1604.7</ele></trkpt><trkpt lat="47.170720674593454" lon="9.301017697380406"><ele>1604.7</ele></trkpt><trkpt lat="47.170738674551025" lon="9.300992697342387"><ele>1604.9</ele></trkpt><trkpt lat="47.170738674551025" lon="9.300992697342387"><ele>1604.9</ele></trkpt><trkpt lat="47.17077567429923" lon="9.300967697109998"><ele>1606.1</ele></trkpt><trkpt lat="47.17079367417335" lon="9.30094169699432"><ele>1606.7</ele></trkpt><trkpt lat="47.17087467379492" lon="9.300917696645074"><ele>1608.5</ele></trkpt><trkpt lat="47.17088467373188" lon="9.30090469658723"><ele>1608.8</ele></trkpt><trkpt lat="47.170884673648246" lon="9.30087869651051"><ele>1609.2</ele></trkpt><trkpt lat="47.170894673543486" lon="9.300852696414305"><ele>1609.7</ele></trkpt><trkpt lat="47.17088567341836" lon="9.300825696298839"><ele>1610.3</ele></trkpt><trkpt lat="47.17088567331384" lon="9.300799696202693"><ele>1610.8</ele></trkpt><trkpt lat="47.17085067308496" lon="9.300745695991289"><ele>1611.9</ele></trkpt><trkpt lat="47.17084267302247" lon="9.30071869593408"><ele>1612.2</ele></trkpt><trkpt lat="47.17083367293909" lon="9.300678695857956"><ele>1612.6</ele></trkpt><trkpt lat="47.17084367285521" lon="9.300652695781183"><ele>1613.0</ele></trkpt><trkpt lat="47.17084367279251" lon="9.3006396957234"><ele>1613.3</ele></trkpt><trkpt lat="47.1708616726666" lon="9.300627695607197"><ele>1613.9</ele></trkpt><trkpt lat="47.170880672561516" lon="9.300601695510947"><ele>1614.4</ele></trkpt><trkpt lat="47.17091667241425" lon="9.300602695374717"><ele>1615.1</ele></trkpt><trkpt lat="47.17093567224638" lon="9.300537695221669"><ele>1615.9</ele></trkpt><trkpt lat="47.170944672183445" lon="9.300524695163835"><ele>1616.2</ele></trkpt><trkpt lat="47.17093667195374" lon="9.300458694952727"><ele>1617.3</ele></trkpt><trkpt lat="47.17091967176608" lon="9.300391694780563"><ele>1618.2</ele></trkpt><trkpt lat="47.17092067164066" lon="9.3003526946655"><ele>1618.8</ele></trkpt><trkpt lat="47.17092067159885" lon="9.30033869462718"><ele>1619.0</ele></trkpt><trkpt lat="47.17092967151501" lon="9.30032569454993"><ele>1619.4</ele></trkpt><trkpt lat="47.17094867138899" lon="9.300287694434713"><ele>1620.0</ele></trkpt><trkpt lat="47.17098467134599" lon="9.300235694397626"><ele>1620.2</ele></trkpt><trkpt lat="47.17100367126183" lon="9.300209694320804"><ele>1620.6</ele></trkpt><trkpt lat="47.17100367117822" lon="9.300196694243606"><ele>1621.0</ele></trkpt><trkpt lat="47.17101367105253" lon="9.30015769412849"><ele>1621.6</ele></trkpt><trkpt lat="47.17103167092657" lon="9.300144694012335"><ele>1622.2</ele></trkpt><trkpt lat="47.171049670842436" lon="9.30011969393548"><ele>1622.6</ele></trkpt><trkpt lat="47.171050670758866" lon="9.300105693858319"><ele>1623.0</ele></trkpt><trkpt lat="47.17105967077938" lon="9.300079693878676"><ele>1622.9</ele></trkpt><trkpt lat="47.1710596708002" lon="9.300053693899088"><ele>1622.8</ele></trkpt><trkpt lat="47.17106067084188" lon="9.300027693938922"><ele>1622.6</ele></trkpt><trkpt lat="47.171034670800786" lon="9.299973693902295"><ele>1622.8</ele></trkpt><trkpt lat="47.17101667065499" lon="9.29994669376748"><ele>1623.5</ele></trkpt><trkpt lat="47.17099867050932" lon="9.299932693632167"><ele>1624.2</ele></trkpt><trkpt lat="47.17087266955228" lon="9.29994169273917"><ele>1628.8</ele></trkpt><trkpt lat="47.17080066886518" lon="9.299952692098255"><ele>1632.1</ele></trkpt><trkpt lat="47.17077366855263" lon="9.299964691806624"><ele>1633.6</ele></trkpt><trkpt lat="47.170746668323666" lon="9.299950691593683"><ele>1634.7</ele></trkpt><trkpt lat="47.170703667781616" lon="9.299843691093086"><ele>1637.3</ele></trkpt><trkpt lat="47.170676667406404" lon="9.299828690744237"><ele>1639.1</ele></trkpt><trkpt lat="47.17065866715634" lon="9.299854690510283"><ele>1640.3</ele></trkpt><trkpt lat="47.170611666656704" lon="9.299958690040425"><ele>1642.7</ele></trkpt><trkpt lat="47.17058466642787" lon="9.299984689825944"><ele>1643.8</ele></trkpt><trkpt lat="47.17056766609403" lon="9.299917689517889"><ele>1645.4</ele></trkpt><trkpt lat="47.170549665864726" lon="9.299903689304891"><ele>1646.5</ele></trkpt><trkpt lat="47.17053066567745" lon="9.299942689128706"><ele>1647.4</ele></trkpt><trkpt lat="47.1705126654065" lon="9.29996868887532"><ele>1648.7</ele></trkpt><trkpt lat="47.17048566515674" lon="9.299980688641961"><ele>1649.9</ele></trkpt><trkpt lat="47.17042166453212" lon="9.300004688058761"><ele>1652.9</ele></trkpt><trkpt lat="47.17037666424117" lon="9.300029687786159"><ele>1654.3</ele></trkpt><trkpt lat="47.17034066399162" lon="9.300041687552852"><ele>1655.5</ele></trkpt><trkpt lat="47.170304663637665" lon="9.30005368722243"><ele>1657.2</ele></trkpt><trkpt lat="47.17028766313668" lon="9.299960686760025"><ele>1659.6</ele></trkpt><trkpt lat="47.170252662866105" lon="9.29990668650987"><ele>1660.9</ele></trkpt><trkpt lat="47.17024366276192" lon="9.299893686413322"><ele>1661.4</ele></trkpt><trkpt lat="47.17020866253312" lon="9.299865686200997"><ele>1662.5</ele></trkpt><trkpt lat="47.17017266222091" lon="9.299837685910994"><ele>1664.0</ele></trkpt><trkpt lat="47.170137661992136" lon="9.299810685698635"><ele>1665.1</ele></trkpt><trkpt lat="47.17009266168014" lon="9.299782685408694"><ele>1666.6</ele></trkpt><trkpt lat="47.170074661534485" lon="9.2997816852729"><ele>1667.3</ele></trkpt><trkpt lat="47.170029661180806" lon="9.299780684943059"><ele>1669.0</ele></trkpt><trkpt lat="47.170029661180806" lon="9.299780684943059"><ele>1669.0</ele></trkpt><trkpt lat="47.17000366120238" lon="9.299726684964762"><ele>1668.9</ele></trkpt><trkpt lat="47.169932660974744" lon="9.299697684752717"><ele>1670.0</ele></trkpt><trkpt lat="47.16983366047647" lon="9.29966768428842"><ele>1672.4</ele></trkpt><trkpt lat="47.16977966051984" lon="9.29963968432871"><ele>1672.2</ele></trkpt><trkpt lat="47.169726660584" lon="9.299584684389476"><ele>1671.9</ele></trkpt><trkpt lat="47.16965566012656" lon="9.299542683964322"><ele>1674.1</ele></trkpt><trkpt lat="47.16960265983573" lon="9.299501683694386"><ele>1675.5</ele></trkpt><trkpt lat="47.16953965985848" lon="9.299472683715354"><ele>1675.4</ele></trkpt><trkpt lat="47.16944165952723" lon="9.299442683406427"><ele>1677.0</ele></trkpt><trkpt lat="47.169378659320316" lon="9.299427683213223"><ele>1678.0</ele></trkpt><trkpt lat="47.16934265913348" lon="9.299439683038198"><ele>1678.9</ele></trkpt><trkpt lat="47.16929665880085" lon="9.299464682726779"><ele>1680.5</ele></trkpt><trkpt lat="47.16927065871807" lon="9.299463682649304"><ele>1680.9</ele></trkpt><trkpt lat="47.16921665890767" lon="9.299435682825544"><ele>1680.0</ele></trkpt><trkpt lat="47.16916365899271" lon="9.299380682905733"><ele>1679.6</ele></trkpt><trkpt lat="47.169083658995056" lon="9.29933868290791"><ele>1679.6</ele></trkpt><trkpt lat="47.16905665905852" lon="9.299310682967448"><ele>1679.3</ele></trkpt><trkpt lat="47.16901165893455" lon="9.29929668285177"><ele>1679.9</ele></trkpt><trkpt lat="47.168949658957274" lon="9.299254682873253"><ele>1679.8</ele></trkpt><trkpt lat="47.16890465885425" lon="9.299252682776517"><ele>1680.3</ele></trkpt><trkpt lat="47.16888665847891" lon="9.29927868242605"><ele>1682.1</ele></trkpt><trkpt lat="47.16885865831276" lon="9.299290682270394"><ele>1682.9</ele></trkpt><trkpt lat="47.16879665887845" lon="9.29924968279675"><ele>1680.2</ele></trkpt><trkpt lat="47.168725659423586" lon="9.299220683303265"><ele>1677.6</ele></trkpt><trkpt lat="47.16864365953056" lon="9.2992306834005"><ele>1677.1</ele></trkpt><trkpt lat="47.16859865953199" lon="9.299242683400317"><ele>1677.1</ele></trkpt><trkpt lat="47.16856365976273" lon="9.299227683614747"><ele>1676.0</ele></trkpt><trkpt lat="47.168482659619" lon="9.299211683479962"><ele>1676.7</ele></trkpt><trkpt lat="47.1684376597248" lon="9.29918368357845"><ele>1676.2</ele></trkpt><trkpt lat="47.16840265970489" lon="9.299156683560321"><ele>1676.3</ele></trkpt><trkpt lat="47.16837565941339" lon="9.299168683288146"><ele>1677.7</ele></trkpt><trkpt lat="47.16834765914282" lon="9.299180683035404"><ele>1679.0</ele></trkpt><trkpt lat="47.16832165903915" lon="9.29915368293954"><ele>1679.5</ele></trkpt><trkpt lat="47.16827665874817" lon="9.299151682668034"><ele>1680.9</ele></trkpt><trkpt lat="47.16824965860282" lon="9.299137682532828"><ele>1681.6</ele></trkpt><trkpt lat="47.16823265902085" lon="9.299084682923416"><ele>1679.6</ele></trkpt><trkpt lat="47.168178658771936" lon="9.29908268269081"><ele>1680.8</ele></trkpt><trkpt lat="47.16813365843927" lon="9.299094682379925"><ele>1682.4</ele></trkpt><trkpt lat="47.168044658212175" lon="9.299051682168589"><ele>1683.5</ele></trkpt><trkpt lat="47.168008658192385" lon="9.29903668214999"><ele>1683.6</ele></trkpt><trkpt lat="47.1679726581935" lon="9.299035682150262"><ele>1683.6</ele></trkpt><trkpt lat="47.16792765806957" lon="9.299034682034078"><ele>1684.2</ele></trkpt><trkpt lat="47.167828657738575" lon="9.299043681723656"><ele>1685.8</ele></trkpt><trkpt lat="47.167792657489144" lon="9.29905568149039"><ele>1687.0</ele></trkpt><trkpt lat="47.167773657343645" lon="9.29909468135303"><ele>1687.7</ele></trkpt><trkpt lat="47.16776365715611" lon="9.299133681176777"><ele>1688.6</ele></trkpt><trkpt lat="47.16774565701063" lon="9.299172681039405"><ele>1689.3</ele></trkpt><trkpt lat="47.16769065667839" lon="9.299236680726512"><ele>1690.9</ele></trkpt><trkpt lat="47.167653656470875" lon="9.299301680529972"><ele>1691.9</ele></trkpt><trkpt lat="47.16762565638824" lon="9.299313680451997"><ele>1692.3</ele></trkpt><trkpt lat="47.16757165618124" lon="9.299351680256638"><ele>1693.3</ele></trkpt><trkpt lat="47.16743665597657" lon="9.299333680064038"><ele>1694.3</ele></trkpt><trkpt lat="47.16713965598585" lon="9.299323680066363"><ele>1694.3</ele></trkpt><trkpt lat="47.16713965598585" lon="9.299323680066363"><ele>1694.3</ele></trkpt><trkpt lat="47.16712165584028" lon="9.299349679929508"><ele>1695.0</ele></trkpt><trkpt lat="47.167121655777734" lon="9.299362679870729"><ele>1695.3</ele></trkpt><trkpt lat="47.1671026556113" lon="9.2993876797145"><ele>1696.1</ele></trkpt><trkpt lat="47.167066655382804" lon="9.299399679500642"><ele>1697.2</ele></trkpt><trkpt lat="47.16703965523749" lon="9.299425679363843"><ele>1697.9</ele></trkpt><trkpt lat="47.16702065534261" lon="9.299451679460029"><ele>1697.4</ele></trkpt><trkpt lat="47.16698465557345" lon="9.2994636796734"><ele>1696.3</ele></trkpt><trkpt lat="47.166957655637006" lon="9.299488679730834"><ele>1696.0</ele></trkpt><trkpt lat="47.16693965565845" lon="9.299487679750413"><ele>1695.9</ele></trkpt><trkpt lat="47.16689465559728" lon="9.299499679691968"><ele>1696.2</ele></trkpt><trkpt lat="47.16686765559807" lon="9.299485679692701"><ele>1696.2</ele></trkpt><trkpt lat="47.166840655452795" lon="9.299497679556458"><ele>1696.9</ele></trkpt><trkpt lat="47.16679565537068" lon="9.299482679479677"><ele>1697.3</ele></trkpt><trkpt lat="47.1667776553086" lon="9.299495679421012"><ele>1697.6</ele></trkpt><trkpt lat="47.16670565497682" lon="9.299506679110326"><ele>1699.2</ele></trkpt><trkpt lat="47.16652465433538" lon="9.299565678507136"><ele>1702.3</ele></trkpt><trkpt lat="47.16646165423294" lon="9.299563678410525"><ele>1702.8</ele></trkpt><trkpt lat="47.166442653983076" lon="9.299602678176054"><ele>1704.0</ele></trkpt><trkpt lat="47.166397653942724" lon="9.299614678137027"><ele>1704.2</ele></trkpt><trkpt lat="47.16633365356914" lon="9.299677677785365"><ele>1706.0</ele></trkpt><trkpt lat="47.16626065365501" lon="9.299714677862033"><ele>1705.6</ele></trkpt><trkpt lat="47.16615165334551" lon="9.299790677568398"><ele>1707.1</ele></trkpt><trkpt lat="47.16609765332632" lon="9.299788677549408"><ele>1707.2</ele></trkpt><trkpt lat="47.166034652889934" lon="9.299825677140515"><ele>1709.3</ele></trkpt><trkpt lat="47.16598865272445" lon="9.299850676984454"><ele>1710.1</ele></trkpt><trkpt lat="47.16591665258055" lon="9.299848676849061"><ele>1710.8</ele></trkpt><trkpt lat="47.16584565229045" lon="9.299832676578294"><ele>1712.2</ele></trkpt><trkpt lat="47.165809652020116" lon="9.29981767632667"><ele>1713.5</ele></trkpt><trkpt lat="47.16576465183364" lon="9.299803676152754"><ele>1714.4</ele></trkpt><trkpt lat="47.16574665198027" lon="9.2997766762899"><ele>1713.7</ele></trkpt><trkpt lat="47.16572965206425" lon="9.299749676368775"><ele>1713.3</ele></trkpt><trkpt lat="47.16570365202322" lon="9.299708676331763"><ele>1713.5</ele></trkpt><trkpt lat="47.16564965200402" lon="9.299706676312773"><ele>1713.6</ele></trkpt><trkpt lat="47.165621652046724" lon="9.29973267635075"><ele>1713.4</ele></trkpt><trkpt lat="47.16559565219363" lon="9.299691676488509"><ele>1712.7</ele></trkpt><trkpt lat="47.16556865209001" lon="9.299664676392673"><ele>1713.2</ele></trkpt><trkpt lat="47.16552365209145" lon="9.29967667639249"><ele>1713.2</ele></trkpt><trkpt lat="47.16546165200984" lon="9.299647676316383"><ele>1713.6</ele></trkpt><trkpt lat="47.16542465190666" lon="9.299659676219047"><ele>1714.1</ele></trkpt><trkpt lat="47.16539865182396" lon="9.299658676141581"><ele>1714.5</ele></trkpt><trkpt lat="47.16537965176201" lon="9.2996846760824"><ele>1714.8</ele></trkpt><trkpt lat="47.16535265163756" lon="9.299670675966626"><ele>1715.4</ele></trkpt><trkpt lat="47.1653086517641" lon="9.29961567608565"><ele>1714.8</ele></trkpt><trkpt lat="47.16524665168237" lon="9.2995606760106"><ele>1715.2</ele></trkpt><trkpt lat="47.165192651308324" lon="9.299572675660926"><ele>1717.0</ele></trkpt><trkpt lat="47.16513065105958" lon="9.299490675431615"><ele>1718.2</ele></trkpt><trkpt lat="47.1650596509573" lon="9.299448675336688"><ele>1718.7</ele></trkpt><trkpt lat="47.1650156510212" lon="9.299407675396889"><ele>1718.4</ele></trkpt><trkpt lat="47.16498765089691" lon="9.299419675280076"><ele>1719.0</ele></trkpt><trkpt lat="47.1649526507519" lon="9.299418675144418"><ele>1719.7</ele></trkpt><trkpt lat="47.16491665064866" lon="9.299417675047602"><ele>1720.2</ele></trkpt><trkpt lat="47.164870650462255" lon="9.29942967487265"><ele>1721.1</ele></trkpt><trkpt lat="47.164852650337636" lon="9.299454674755246"><ele>1721.7</ele></trkpt><trkpt lat="47.16485265023332" lon="9.29948167465706"><ele>1722.2</ele></trkpt><trkpt lat="47.164833650108726" lon="9.299493674540184"><ele>1722.8</ele></trkpt><trkpt lat="47.164797649984585" lon="9.299492674423947"><ele>1723.4</ele></trkpt><trkpt lat="47.16476164973523" lon="9.299504674190677"><ele>1724.6</ele></trkpt><trkpt lat="47.16470764954901" lon="9.299489674016877"><ele>1725.5</ele></trkpt><trkpt lat="47.164644649300556" lon="9.299500673783818"><ele>1726.7</ele></trkpt><trkpt lat="47.164527649158174" lon="9.299496673648827"><ele>1727.4</ele></trkpt><trkpt lat="47.16449164895058" lon="9.29952167345386"><ele>1728.4</ele></trkpt><trkpt lat="47.1644466487016" lon="9.299546673220119"><ele>1729.6</ele></trkpt><trkpt lat="47.164329648141674" lon="9.299542672696749"><ele>1732.3</ele></trkpt><trkpt lat="47.16428464783007" lon="9.299553672405322"><ele>1733.8</ele></trkpt><trkpt lat="47.16423064789434" lon="9.299525672465077"><ele>1733.5</ele></trkpt><trkpt lat="47.164166647416394" lon="9.29958967201626"><ele>1735.8</ele></trkpt><trkpt lat="47.164120647084" lon="9.299627671704318"><ele>1737.4</ele></trkpt><trkpt lat="47.16407564679321" lon="9.2996386714323"><ele>1738.8</ele></trkpt><trkpt lat="47.163985646378684" lon="9.299662671043544"><ele>1740.8</ele></trkpt><trkpt lat="47.16395764615005" lon="9.29970067082857"><ele>1741.9</ele></trkpt><trkpt lat="47.1639206461305" lon="9.299752670807267"><ele>1742.0</ele></trkpt><trkpt lat="47.16387564609028" lon="9.299763670768273"><ele>1742.2</ele></trkpt><trkpt lat="47.16383964602879" lon="9.299762670710297"><ele>1742.5</ele></trkpt><trkpt lat="47.16377664567591" lon="9.29976067038068"><ele>1744.2</ele></trkpt><trkpt lat="47.16376664553025" lon="9.299812670242677"><ele>1744.9</ele></trkpt><trkpt lat="47.16375764484183" lon="9.29985266960027"><ele>1748.2</ele></trkpt><trkpt lat="47.16370364490622" lon="9.299863669658434"><ele>1747.9</ele></trkpt><trkpt lat="47.163676644781845" lon="9.299862669542144"><ele>1748.5</ele></trkpt><trkpt lat="47.1636666446153" lon="9.299901669385248"><ele>1749.3</ele></trkpt><trkpt lat="47.16364864446978" lon="9.2999146692489"><ele>1750.0</ele></trkpt><trkpt lat="47.16362964409478" lon="9.299953668897876"><ele>1751.8</ele></trkpt><trkpt lat="47.163611643907544" lon="9.299978668722193"><ele>1752.7</ele></trkpt><trkpt lat="47.16358464376228" lon="9.299964668587018"><ele>1753.4</ele></trkpt><trkpt lat="47.16355764349185" lon="9.299990668333674"><ele>1754.7</ele></trkpt><trkpt lat="47.163530643304846" lon="9.299989668159121"><ele>1755.6</ele></trkpt><trkpt lat="47.163485643097594" lon="9.299987667965315"><ele>1756.6</ele></trkpt><trkpt lat="47.163475642931" lon="9.300013667808953"><ele>1757.4</ele></trkpt><trkpt lat="47.16348464270115" lon="9.300040667594164"><ele>1758.5</ele></trkpt><trkpt lat="47.163465642513984" lon="9.300066667418442"><ele>1759.4</ele></trkpt><trkpt lat="47.16343964228516" lon="9.300052667205582"><ele>1760.5</ele></trkpt><trkpt lat="47.163411641993925" lon="9.300077666932863"><ele>1761.9</ele></trkpt><trkpt lat="47.16338464176526" lon="9.300102666718391"><ele>1763.0</ele></trkpt><trkpt lat="47.16335664149489" lon="9.300141666464507"><ele>1764.3</ele></trkpt><trkpt lat="47.16333864126601" lon="9.300180666249394"><ele>1765.4</ele></trkpt><trkpt lat="47.16331964112061" lon="9.300206666112508"><ele>1766.1</ele></trkpt><trkpt lat="47.16331064101663" lon="9.300232666014391"><ele>1766.6</ele></trkpt><trkpt lat="47.16329164089207" lon="9.300258665896918"><ele>1767.2</ele></trkpt><trkpt lat="47.163255640642824" lon="9.300283665663082"><ele>1768.4</ele></trkpt><trkpt lat="47.16323664045571" lon="9.30032266548681"><ele>1769.3</ele></trkpt><trkpt lat="47.163218640268404" lon="9.300321665312195"><ele>1770.2</ele></trkpt><trkpt lat="47.163201640143704" lon="9.300307665196376"><ele>1770.8</ele></trkpt><trkpt lat="47.16318364006081" lon="9.300307665118817"><ele>1771.2</ele></trkpt><trkpt lat="47.16315563993651" lon="9.300319665001986"><ele>1771.8</ele></trkpt><trkpt lat="47.1631006392288" lon="9.30038366433941"><ele>1775.2</ele></trkpt><trkpt lat="47.16307363904192" lon="9.300408664163774"><ele>1776.1</ele></trkpt><trkpt lat="47.16305563891722" lon="9.30039466404796"><ele>1776.7</ele></trkpt><trkpt lat="47.16304663883404" lon="9.300407663969795"><ele>1777.1</ele></trkpt><trkpt lat="47.163055638625146" lon="9.300434663774404"><ele>1778.1</ele></trkpt><trkpt lat="47.16303663841709" lon="9.300460663579248"><ele>1779.1</ele></trkpt><trkpt lat="47.163036638020664" lon="9.300499663208631"><ele>1781.0</ele></trkpt><trkpt lat="47.16300863772938" lon="9.300512662936395"><ele>1782.4</ele></trkpt><trkpt lat="47.16293563689709" lon="9.300588662156885"><ele>1786.4</ele></trkpt><trkpt lat="47.162871636231415" lon="9.300639661533728"><ele>1789.6</ele></trkpt><trkpt lat="47.16279063552457" lon="9.300675660872471"><ele>1793.0</ele></trkpt><trkpt lat="47.16269963521459" lon="9.300712660580226"><ele>1794.5</ele></trkpt><trkpt lat="47.16266363515323" lon="9.300724660521706"><ele>1794.8</ele></trkpt><trkpt lat="47.162626635008515" lon="9.300788660383306"><ele>1795.5</ele></trkpt><trkpt lat="47.16260863517611" lon="9.300801660538244"><ele>1794.7</ele></trkpt><trkpt lat="47.16256163526145" lon="9.300892660612408"><ele>1794.3</ele></trkpt><trkpt lat="47.16254363524124" lon="9.300931660591463"><ele>1794.4</ele></trkpt><trkpt lat="47.16251663526304" lon="9.300943660610562"><ele>1794.3</ele></trkpt><trkpt lat="47.16249863528451" lon="9.300942660630147"><ele>1794.2</ele></trkpt><trkpt lat="47.16247963511822" lon="9.300968660473808"><ele>1795.0</ele></trkpt><trkpt lat="47.162452635035685" lon="9.300980660395803"><ele>1795.4</ele></trkpt><trkpt lat="47.16238963503782" lon="9.30100466039522"><ele>1795.4</ele></trkpt><trkpt lat="47.16235263491389" lon="9.301016660278442"><ele>1796.0</ele></trkpt><trkpt lat="47.16233463501881" lon="9.301016660375671"><ele>1795.5</ele></trkpt><trkpt lat="47.16230763508234" lon="9.301015660434162"><ele>1795.2</ele></trkpt><trkpt lat="47.162253634833725" lon="9.301039660200463"><ele>1796.4</ele></trkpt><trkpt lat="47.16224463495931" lon="9.301039660317048"><ele>1795.8</ele></trkpt><trkpt lat="47.16222663504333" lon="9.301025660395453"><ele>1795.4</ele></trkpt><trkpt lat="47.16220863508571" lon="9.301038660433866"><ele>1795.2</ele></trkpt><trkpt lat="47.16216363502457" lon="9.301049660375446"><ele>1795.5</ele></trkpt><trkpt lat="47.16210063504754" lon="9.301047660395387"><ele>1795.4</ele></trkpt><trkpt lat="47.162073635006685" lon="9.301046660356773"><ele>1795.6</ele></trkpt><trkpt lat="47.162018634633" lon="9.30109766000541"><ele>1797.4</ele></trkpt><trkpt lat="47.161973634384125" lon="9.301122659771607"><ele>1798.6</ele></trkpt><trkpt lat="47.16191863409381" lon="9.301146659499071"><ele>1800.0</ele></trkpt><trkpt lat="47.16189163403213" lon="9.301145659441033"><ele>1800.3</ele></trkpt><trkpt lat="47.161801633826535" lon="9.301182659245875"><ele>1801.3</ele></trkpt><trkpt lat="47.161728633390794" lon="9.301219658836956"><ele>1803.4</ele></trkpt><trkpt lat="47.16170163318304" lon="9.301231658642426"><ele>1804.4</ele></trkpt><trkpt lat="47.16168363299583" lon="9.3012446584672"><ele>1805.3</ele></trkpt><trkpt lat="47.161674632787516" lon="9.30127065827195"><ele>1806.3</ele></trkpt><trkpt lat="47.16167363259977" lon="9.301296658096055"><ele>1807.2</ele></trkpt><trkpt lat="47.16165563247517" lon="9.301295657979695"><ele>1807.8</ele></trkpt><trkpt lat="47.16163763232973" lon="9.301308657843315"><ele>1808.5</ele></trkpt><trkpt lat="47.16161963216333" lon="9.301294657688663"><ele>1809.3</ele></trkpt><trkpt lat="47.161592632122485" lon="9.301280657650603"><ele>1809.5</ele></trkpt><trkpt lat="47.16156663195633" lon="9.301266657496008"><ele>1810.3</ele></trkpt><trkpt lat="47.16153063168621" lon="9.301265657243826"><ele>1811.6</ele></trkpt><trkpt lat="47.16149363147882" lon="9.301290657048801"><ele>1812.6</ele></trkpt><trkpt lat="47.1614676313753" lon="9.30126365695303"><ele>1813.1</ele></trkpt><trkpt lat="47.161449631334186" lon="9.301262656914355"><ele>1813.3</ele></trkpt><trkpt lat="47.16141463123085" lon="9.301208656819798"><ele>1813.8</ele></trkpt><trkpt lat="47.16139663112708" lon="9.30120765672286"><ele>1814.3</ele></trkpt><trkpt lat="47.16136063079438" lon="9.30120665641241"><ele>1815.9</ele></trkpt><trkpt lat="47.16133363062826" lon="9.301166656258943"><ele>1816.7</ele></trkpt><trkpt lat="47.161306630545646" lon="9.30116565618149"><ele>1817.1</ele></trkpt><trkpt lat="47.16128863033764" lon="9.301190655986334"><ele>1818.1</ele></trkpt><trkpt lat="47.16124363019307" lon="9.301189655850745"><ele>1818.8</ele></trkpt><trkpt lat="47.161207630152475" lon="9.30116165581335"><ele>1819.0</ele></trkpt><trkpt lat="47.161190630194724" lon="9.301147655852908"><ele>1818.8</ele></trkpt><trkpt lat="47.16116363011215" lon="9.301133655776013"><ele>1819.2</ele></trkpt><trkpt lat="47.1611106298007" lon="9.301065655487989"><ele>1820.7</ele></trkpt><trkpt lat="47.161021629302724" lon="9.301010655024875"><ele>1823.1</ele></trkpt><trkpt lat="47.16100362913636" lon="9.30100965486968"><ele>1823.9</ele></trkpt><trkpt lat="47.160949628783385" lon="9.300994654540554"><ele>1825.6</ele></trkpt><trkpt lat="47.16094062863766" lon="9.301033654402998"><ele>1826.3</ele></trkpt><trkpt lat="47.16088662840994" lon="9.301018654190395"><ele>1827.4</ele></trkpt><trkpt lat="47.16085062820249" lon="9.301030653995925"><ele>1828.4</ele></trkpt><trkpt lat="47.1608226279531" lon="9.301055653761999"><ele>1829.6</ele></trkpt><trkpt lat="47.160786627724825" lon="9.30106765354811"><ele>1830.7</ele></trkpt><trkpt lat="47.160750627559054" lon="9.301053653393602"><ele>1831.5</ele></trkpt><trkpt lat="47.1607146276229" lon="9.301065653451602"><ele>1831.2</ele></trkpt><trkpt lat="47.16066062764564" lon="9.30107665347092"><ele>1831.1</ele></trkpt><trkpt lat="47.16063362775088" lon="9.301088653567694"><ele>1830.6</ele></trkpt><trkpt lat="47.160570627773936" lon="9.301099653587078"><ele>1830.5</ele></trkpt><trkpt lat="47.16051562758807" lon="9.30111165341216"><ele>1831.4</ele></trkpt><trkpt lat="47.16045362721451" lon="9.301109653063115"><ele>1833.2</ele></trkpt><trkpt lat="47.16040862700734" lon="9.301094652869875"><ele>1834.2</ele></trkpt><trkpt lat="47.16038162682046" lon="9.301106652694761"><ele>1835.1</ele></trkpt><trkpt lat="47.16033562640479" lon="9.301118652306158"><ele>1837.1</ele></trkpt><trkpt lat="47.160309626217774" lon="9.301103652132209"><ele>1838.0</ele></trkpt><trkpt lat="47.16030062611373" lon="9.301090652035734"><ele>1838.5</ele></trkpt><trkpt lat="47.16030062615533" lon="9.301050652076304"><ele>1838.3</ele></trkpt><trkpt lat="47.16030162615523" lon="9.301024652077423"><ele>1838.3</ele></trkpt><trkpt lat="47.16027562596817" lon="9.300970651905168"><ele>1839.2</ele></trkpt><trkpt lat="47.16024862571859" lon="9.300930651674053"><ele>1840.4</ele></trkpt><trkpt lat="47.16021262546938" lon="9.300929651441306"><ele>1841.6</ele></trkpt><trkpt lat="47.160168625137025" lon="9.300927651130989"><ele>1843.2</ele></trkpt><trkpt lat="47.160095624576165" lon="9.300951650606125"><ele>1845.9</ele></trkpt><trkpt lat="47.160077624430734" lon="9.300950650470359"><ele>1846.6</ele></trkpt><trkpt lat="47.160059624306186" lon="9.300963650353399"><ele>1847.2</ele></trkpt><trkpt lat="47.16005062420218" lon="9.3009766502558"><ele>1847.7</ele></trkpt><trkpt lat="47.1600236240779" lon="9.300975650139515"><ele>1848.3</ele></trkpt><trkpt lat="47.15998762395401" lon="9.300987650022726"><ele>1848.9</ele></trkpt><trkpt lat="47.159978623933405" lon="9.300973650003977"><ele>1849.0</ele></trkpt><trkpt lat="47.15996962380838" lon="9.300933649889267"><ele>1849.6</ele></trkpt><trkpt lat="47.15996162385033" lon="9.300907649929297"><ele>1849.4</ele></trkpt><trkpt lat="47.15995262389238" lon="9.300920649967628"><ele>1849.2</ele></trkpt><trkpt lat="47.15994362395526" lon="9.300906650026562"><ele>1848.9</ele></trkpt><trkpt lat="47.15993462399724" lon="9.300893650066033"><ele>1848.7</ele></trkpt><trkpt lat="47.15990862414412" lon="9.30086565020337"><ele>1848.0</ele></trkpt><trkpt lat="47.15989062418638" lon="9.300825650244082"><ele>1847.8</ele></trkpt><trkpt lat="47.15989162416538" lon="9.300799650225782"><ele>1847.9</ele></trkpt><trkpt lat="47.159856624124714" lon="9.300745650189544"><ele>1848.1</ele></trkpt><trkpt lat="47.15982962416726" lon="9.30071765022979"><ele>1847.9</ele></trkpt><trkpt lat="47.159802624126414" lon="9.300703650191751"><ele>1848.1</ele></trkpt><trkpt lat="47.15976762410666" lon="9.300676650173756"><ele>1848.2</ele></trkpt><trkpt lat="47.15973162404523" lon="9.30064865011697"><ele>1848.5</ele></trkpt><trkpt lat="47.159714624004" lon="9.300621650079428"><ele>1848.7</ele></trkpt><trkpt lat="47.15968862394201" lon="9.300528650025406"><ele>1849.0</ele></trkpt><trkpt lat="47.15966262392189" lon="9.300487650007955"><ele>1849.1</ele></trkpt><trkpt lat="47.159653623880416" lon="9.300448649970885"><ele>1849.3</ele></trkpt><trkpt lat="47.15963662386004" lon="9.300421649952762"><ele>1849.4</ele></trkpt><trkpt lat="47.15963762377636" lon="9.300355649877957"><ele>1849.8</ele></trkpt><trkpt lat="47.15960262365211" lon="9.300274649765225"><ele>1850.4</ele></trkpt><trkpt lat="47.15959462356879" lon="9.300221649689922"><ele>1850.8</ele></trkpt><trkpt lat="47.15957762354836" lon="9.300168649672933"><ele>1850.9</ele></trkpt><trkpt lat="47.15952462344569" lon="9.300100649579191"><ele>1851.4</ele></trkpt><trkpt lat="47.15945362342703" lon="9.300032649563235"><ele>1851.5</ele></trkpt><trkpt lat="47.15937362313758" lon="9.300002649293269"><ele>1852.9</ele></trkpt><trkpt lat="47.15931062307717" lon="9.300013649234979"><ele>1853.2</ele></trkpt><trkpt lat="47.159256622995464" lon="9.29999864915835"><ele>1853.6</ele></trkpt><trkpt lat="47.15922062285067" lon="9.299984649023298"><ele>1854.3</ele></trkpt><trkpt lat="47.15919262285178" lon="9.300049649020657"><ele>1854.3</ele></trkpt><trkpt lat="47.15916662262307" lon="9.300008648809044"><ele>1855.4</ele></trkpt><trkpt lat="47.159130622332064" lon="9.299968648539208"><ele>1856.8</ele></trkpt><trkpt lat="47.15910462216594" lon="9.299940648385284"><ele>1857.6</ele></trkpt><trkpt lat="47.15905962195886" lon="9.299939648191474"><ele>1858.6</ele></trkpt><trkpt lat="47.15900562177284" lon="9.299911648018329"><ele>1859.5</ele></trkpt><trkpt lat="47.158952621440754" lon="9.29988264770931"><ele>1861.1</ele></trkpt><trkpt lat="47.15888962127607" lon="9.29989364755394"><ele>1861.9</ele></trkpt><trkpt lat="47.15885262108972" lon="9.299958647376599"><ele>1862.8</ele></trkpt><trkpt lat="47.15881562075731" lon="9.299996647064523"><ele>1864.4</ele></trkpt><trkpt lat="47.15877862040401" lon="9.300035646732988"><ele>1866.1</ele></trkpt><trkpt lat="47.158778620278895" lon="9.300074646614764"><ele>1866.7</ele></trkpt><trkpt lat="47.15874161980052" lon="9.300139646165578"><ele>1869.0</ele></trkpt><trkpt lat="47.15870561959314" lon="9.30013764597175"><ele>1870.0</ele></trkpt><trkpt lat="47.15870461925945" lon="9.300190645658745"><ele>1871.6</ele></trkpt><trkpt lat="47.15865961882294" lon="9.300215645250201"><ele>1873.7</ele></trkpt><trkpt lat="47.15870261834187" lon="9.300322644798566"><ele>1876.0</ele></trkpt><trkpt lat="47.15868361794629" lon="9.300387644426888"><ele>1877.9</ele></trkpt><trkpt lat="47.15864661744704" lon="9.300439643958827"><ele>1880.3</ele></trkpt><trkpt lat="47.15858361692756" lon="9.300410643475118"><ele>1882.8</ele></trkpt><trkpt lat="47.158512616324806" lon="9.300355642914962"><ele>1885.7</ele></trkpt><trkpt lat="47.158440615680604" lon="9.300353642313626"><ele>1888.8</ele></trkpt><trkpt lat="47.15836061516165" lon="9.300310641830684"><ele>1891.3</ele></trkpt><trkpt lat="47.1582896146007" lon="9.300255641309377"><ele>1894.0</ele></trkpt><trkpt lat="47.15825361422644" lon="9.30025464096018"><ele>1895.8</ele></trkpt><trkpt lat="47.15820861395673" lon="9.30023964070875"><ele>1897.1</ele></trkpt><trkpt lat="47.158190613790495" lon="9.300238640553587"><ele>1897.9</ele></trkpt><trkpt lat="47.15815561349947" lon="9.30018464028442"><ele>1899.3</ele></trkpt><trkpt lat="47.15811961327125" lon="9.300196640070558"><ele>1900.4</ele></trkpt><trkpt lat="47.15807561310571" lon="9.30011663991913"><ele>1901.2</ele></trkpt><trkpt lat="47.15804961300226" lon="9.300101639822905"><ele>1901.7</ele></trkpt><trkpt lat="47.15805761277266" lon="9.300155639606842"><ele>1902.8</ele></trkpt><trkpt lat="47.158056612564195" lon="9.300194639410929"><ele>1903.8</ele></trkpt><trkpt lat="47.15804761239764" lon="9.300207639255076"><ele>1904.6</ele></trkpt><trkpt lat="47.15802961218964" lon="9.300206639061084"><ele>1905.6</ele></trkpt><trkpt lat="47.15804661202221" lon="9.300246638903829"><ele>1906.4</ele></trkpt><trkpt lat="47.15805461133366" lon="9.300300638260579"><ele>1909.7</ele></trkpt><trkpt lat="47.15801961118882" lon="9.300285638125594"><ele>1910.4</ele></trkpt><trkpt lat="47.15803661087542" lon="9.300338637831821"><ele>1911.9</ele></trkpt><trkpt lat="47.158062610770266" lon="9.300353637733872"><ele>1912.4</ele></trkpt><trkpt lat="47.158080610582" lon="9.300406637556595"><ele>1913.3</ele></trkpt><trkpt lat="47.158079610456916" lon="9.300432637438924"><ele>1913.9</ele></trkpt><trkpt lat="47.158070610269554" lon="9.300445637263646"><ele>1914.8</ele></trkpt><trkpt lat="47.158043609957545" lon="9.300444636972632"><ele>1916.3</ele></trkpt><trkpt lat="47.15804260958226" lon="9.30051063662014"><ele>1918.1</ele></trkpt><trkpt lat="47.15798860904167" lon="9.300482636116946"><ele>1920.7</ele></trkpt><trkpt lat="47.15795360864646" lon="9.300454635749539"><ele>1922.6</ele></trkpt><trkpt lat="47.1579076082101" lon="9.300492635340389"><ele>1924.7</ele></trkpt><trkpt lat="47.15784560760726" lon="9.300464634779011"><ele>1927.6</ele></trkpt><trkpt lat="47.15775660696356" lon="9.300408634180279"><ele>1930.7</ele></trkpt><trkpt lat="47.157648606132845" lon="9.300378633405757"><ele>1934.7</ele></trkpt><trkpt lat="47.157541605156005" lon="9.300321632496559"><ele>1939.4</ele></trkpt><trkpt lat="47.157443604596104" lon="9.30025263197619"><ele>1942.1</ele></trkpt><trkpt lat="47.15734560380669" lon="9.300183631242255"><ele>1945.9</ele></trkpt><trkpt lat="47.157291603203724" lon="9.300207630678477"><ele>1948.8</ele></trkpt><trkpt lat="47.157220602350804" lon="9.30013962988607"><ele>1952.9</ele></trkpt><trkpt lat="47.15713060137359" lon="9.300122628974965"><ele>1957.6</ele></trkpt><trkpt lat="47.15711260114475" lon="9.300122628761521"><ele>1958.7</ele></trkpt><trkpt lat="47.15703260079296" lon="9.300092628433436"><ele>1960.4</ele></trkpt><trkpt lat="47.156987600711105" lon="9.300078628356752"><ele>1960.8</ele></trkpt><trkpt lat="47.15695260064966" lon="9.300037628300663"><ele>1961.1</ele></trkpt><trkpt lat="47.15692560037944" lon="9.300023628049113"><ele>1962.4</ele></trkpt><trkpt lat="47.15689860019261" lon="9.30000962787522"><ele>1963.3</ele></trkpt><trkpt lat="47.156871600005886" lon="9.300008627700725"><ele>1964.2</ele></trkpt><trkpt lat="47.15685359979793" lon="9.300020627506147"><ele>1965.2</ele></trkpt><trkpt lat="47.1568275996111" lon="9.299993627332853"><ele>1966.1</ele></trkpt><trkpt lat="47.15680959942393" lon="9.2999666271595"><ele>1967.0</ele></trkpt><trkpt lat="47.15678359911188" lon="9.299939626869715"><ele>1968.5</ele></trkpt><trkpt lat="47.15675659869557" lon="9.299911626482913"><ele>1970.5</ele></trkpt><trkpt lat="47.15672959848792" lon="9.299897626289608"><ele>1971.5</ele></trkpt><trkpt lat="47.15671159830083" lon="9.299883626115662"><ele>1972.4</ele></trkpt><trkpt lat="47.156703598175916" lon="9.299870625999835"><ele>1973.0</ele></trkpt><trkpt lat="47.15665759778134" lon="9.29989562563013"><ele>1974.9</ele></trkpt><trkpt lat="47.156612597282376" lon="9.299893625164593"><ele>1977.3</ele></trkpt><trkpt lat="47.15656759697112" lon="9.29989262487375"><ele>1978.8</ele></trkpt><trkpt lat="47.156549596804915" lon="9.299891624718612"><ele>1979.6</ele></trkpt><trkpt lat="47.15647859632757" lon="9.299836624275173"><ele>1981.9</ele></trkpt><trkpt lat="47.15642659614149" lon="9.299755624104616"><ele>1982.8</ele></trkpt><trkpt lat="47.15638259601778" lon="9.299701623990988"><ele>1983.4</ele></trkpt><trkpt lat="47.15633759578982" lon="9.299646623780342"><ele>1984.5</ele></trkpt><trkpt lat="47.156302595665785" lon="9.299592623666648"><ele>1985.1</ele></trkpt><trkpt lat="47.156258595437805" lon="9.299538623455952"><ele>1986.2</ele></trkpt><trkpt lat="47.156214595063865" lon="9.299510623108144"><ele>1988.0</ele></trkpt><trkpt lat="47.15616059471116" lon="9.299482622779829"><ele>1989.7</ele></trkpt><trkpt lat="47.15612459452475" lon="9.299467622606082"><ele>1990.6</ele></trkpt><trkpt lat="47.156080594275934" lon="9.299426622375373"><ele>1991.8</ele></trkpt><trkpt lat="47.15598259361191" lon="9.29937062175751"><ele>1995.0</ele></trkpt><trkpt lat="47.15591959309277" lon="9.299368621272743"><ele>1997.5</ele></trkpt><trkpt lat="47.15589259288513" lon="9.299354621079473"><ele>1998.5</ele></trkpt><trkpt lat="47.15586659276091" lon="9.29932662096451"><ele>1999.1</ele></trkpt><trkpt lat="47.15580359230432" lon="9.299324620537988"><ele>2001.3</ele></trkpt><trkpt lat="47.155767592117954" lon="9.29932362036359"><ele>2002.2</ele></trkpt><trkpt lat="47.15574059191038" lon="9.299322620169711"><ele>2003.2</ele></trkpt><trkpt lat="47.15571359174442" lon="9.299295620015883"><ele>2004.0</ele></trkpt><trkpt lat="47.15566059149606" lon="9.299280619784037"><ele>2005.2</ele></trkpt><trkpt lat="47.15560659120592" lon="9.29922561951527"><ele>2006.6</ele></trkpt><trkpt lat="47.15555459097818" lon="9.299157619305348"><ele>2007.7</ele></trkpt><trkpt lat="47.15550959095896" lon="9.299143619286939"><ele>2007.8</ele></trkpt><trkpt lat="47.15542859052393" lon="9.29914061888003"><ele>2009.9</ele></trkpt><trkpt lat="47.15537459002545" lon="9.299151618414015"><ele>2012.3</ele></trkpt><trkpt lat="47.1552235887376" lon="9.29904061721687"><ele>2018.5</ele></trkpt><trkpt lat="47.15510658801184" lon="9.298997616540388"><ele>2022.0</ele></trkpt><trkpt lat="47.15505358763825" lon="9.298942616194008"><ele>2023.8</ele></trkpt><trkpt lat="47.15491958678797" lon="9.298885615401868"><ele>2027.9</ele></trkpt><trkpt lat="47.15490958641316" lon="9.298937615050043"><ele>2029.7</ele></trkpt><trkpt lat="47.15479258583356" lon="9.298933614507604"><ele>2032.5</ele></trkpt><trkpt lat="47.1547295855024" lon="9.298984614195051"><ele>2034.1</ele></trkpt><trkpt lat="47.15457558452805" lon="9.299005613282873"><ele>2038.8</ele></trkpt><trkpt lat="47.15444158388648" lon="9.29896061268431"><ele>2041.9</ele></trkpt><trkpt lat="47.15441358355403" lon="9.299012612371431"><ele>2043.5</ele></trkpt><trkpt lat="47.154359583326745" lon="9.29903761215711"><ele>2044.6</ele></trkpt><trkpt lat="47.15432158282793" lon="9.299128611687129"><ele>2047.0</ele></trkpt><trkpt lat="47.15432158282793" lon="9.299128611687129"><ele>2047.0</ele></trkpt><trkpt lat="47.15440758142823" lon="9.299381610373585"><ele>2053.7</ele></trkpt><trkpt lat="47.154503581070685" lon="9.299582610033069"><ele>2055.4</ele></trkpt><trkpt lat="47.15454658046467" lon="9.299716609463239"><ele>2058.3</ele></trkpt><trkpt lat="47.15471557926989" lon="9.299854608348626"><ele>2064.0</ele></trkpt><trkpt lat="47.15477757891307" lon="9.299869608017374"><ele>2065.7</ele></trkpt><trkpt lat="47.15481357880743" lon="9.299883607919341"><ele>2066.2</ele></trkpt><trkpt lat="47.154891577845675" lon="9.300058607017132"><ele>2070.8</ele></trkpt><trkpt lat="47.15498057713349" lon="9.300153606351689"><ele>2074.2</ele></trkpt><trkpt lat="47.154997576882764" lon="9.300220606115298"><ele>2075.4</ele></trkpt><trkpt lat="47.15507557592091" lon="9.300367605214387"><ele>2080.0</ele></trkpt><trkpt lat="47.15507457562908" lon="9.30040760494061"><ele>2081.4</ele></trkpt><trkpt lat="47.15514557508437" lon="9.300502604430585"><ele>2084.0</ele></trkpt><trkpt lat="47.155216574602214" lon="9.30058360397948"><ele>2086.3</ele></trkpt><trkpt lat="47.15526057439205" lon="9.30061160378359"><ele>2087.3</ele></trkpt><trkpt lat="47.155278573953474" lon="9.30063860337439"><ele>2089.4</ele></trkpt><trkpt lat="47.155332573575976" lon="9.300640603024378"><ele>2091.2</ele></trkpt><trkpt lat="47.1554025732815" lon="9.30070860274864"><ele>2092.6</ele></trkpt><trkpt lat="47.155465573070586" lon="9.300737602552543"><ele>2093.6</ele></trkpt><trkpt lat="47.15552757281805" lon="9.300779602316984"><ele>2094.8</ele></trkpt><trkpt lat="47.155572572586955" lon="9.300794602102311"><ele>2095.9</ele></trkpt><trkpt lat="47.1556525720209" lon="9.300849601574708"><ele>2098.6</ele></trkpt><trkpt lat="47.15562457135478" lon="9.300914600950383"><ele>2101.8</ele></trkpt><trkpt lat="47.155714570913375" lon="9.300944600540427"><ele>2103.9</ele></trkpt><trkpt lat="47.155767570640215" lon="9.300959600286845"><ele>2105.2</ele></trkpt><trkpt lat="47.15584656949044" lon="9.301093599211613"><ele>2110.7</ele></trkpt><trkpt lat="47.155728568640086" lon="9.30114259841402"><ele>2114.8</ele></trkpt><trkpt lat="47.15554756775059" lon="9.301202597577538"><ele>2119.1</ele></trkpt><trkpt lat="47.15543856715031" lon="9.301290597010912"><ele>2122.0</ele></trkpt><trkpt lat="47.155283565759454" lon="9.301403595705525"><ele>2128.7</ele></trkpt><trkpt lat="47.15527456534284" lon="9.301443595315236"><ele>2130.7</ele></trkpt><trkpt lat="47.155246565114616" lon="9.301468595100616"><ele>2131.8</ele></trkpt><trkpt lat="47.15519256488744" lon="9.301493594886196"><ele>2132.9</ele></trkpt><trkpt lat="47.1552095644906" lon="9.301520594515766"><ele>2134.8</ele></trkpt><trkpt lat="47.1551915642411" lon="9.301532594282294"><ele>2136.0</ele></trkpt><trkpt lat="47.15518256397038" lon="9.301558594028622"><ele>2137.3</ele></trkpt><trkpt lat="47.155155563616916" lon="9.301557593698792"><ele>2139.0</ele></trkpt><trkpt lat="47.155145563429706" lon="9.301583593522803"><ele>2139.9</ele></trkpt><trkpt lat="47.1551545633876" lon="9.301584593483843"><ele>2140.1</ele></trkpt><trkpt lat="47.15520956338542" lon="9.301572593484002"><ele>2140.1</ele></trkpt><trkpt lat="47.15522656317624" lon="9.301586593288981"><ele>2141.1</ele></trkpt><trkpt lat="47.155235562988246" lon="9.301600593113442"><ele>2142.0</ele></trkpt><trkpt lat="47.15517256265715" lon="9.301637592801391"><ele>2143.6</ele></trkpt><trkpt lat="47.15509956240996" lon="9.301674592567098"><ele>2144.8</ele></trkpt><trkpt lat="47.15504556237037" lon="9.301672592528801"><ele>2145.0</ele></trkpt><trkpt lat="47.154990561872154" lon="9.301710592061292"><ele>2147.4</ele></trkpt><trkpt lat="47.15477356077576" lon="9.301795591029586"><ele>2152.7</ele></trkpt><trkpt lat="47.15453855984688" lon="9.30183959015546"><ele>2157.2</ele></trkpt><trkpt lat="47.15433055897957" lon="9.301911589337928"><ele>2161.4</ele></trkpt><trkpt lat="47.15417655815181" lon="9.301972588559345"><ele>2165.4</ele></trkpt><trkpt lat="47.1541225579454" lon="9.301970588365707"><ele>2166.4</ele></trkpt><trkpt lat="47.154005557282986" lon="9.302018587742833"><ele>2169.6</ele></trkpt><trkpt lat="47.15418255604609" lon="9.302170586587891"><ele>2175.5</ele></trkpt><trkpt lat="47.15439655451559" lon="9.302296585162072"><ele>2182.8</ele></trkpt><trkpt lat="47.15481455185135" lon="9.30262758267523"><ele>2195.5</ele></trkpt><trkpt lat="47.1550015507387" lon="9.30269958164068"><ele>2200.8</ele></trkpt><trkpt lat="47.15488354949265" lon="9.302814580470471"><ele>2206.8</ele></trkpt><trkpt lat="47.15460254827399" lon="9.302883579323428"><ele>2212.7</ele></trkpt><trkpt lat="47.154448547008606" lon="9.302983578134844"><ele>2218.8</ele></trkpt><trkpt lat="47.154510546672526" lon="9.303012577822074"><ele>2220.4</ele></trkpt><trkpt lat="47.154492546569045" lon="9.303025577724442"><ele>2220.9</ele></trkpt><trkpt lat="47.154249545348776" lon="9.303042576579784"><ele>2226.8</ele></trkpt><trkpt lat="47.15418654497614" lon="9.303067576229436"><ele>2228.6</ele></trkpt><trkpt lat="47.15407854479279" lon="9.303037576057143"><ele>2229.5</ele></trkpt><trkpt lat="47.15400654435799" lon="9.303074575647974"><ele>2231.6</ele></trkpt><trkpt lat="47.1536825427449" lon="9.303049574137258"><ele>2239.4</ele></trkpt><trkpt lat="47.153655542558404" lon="9.30307557396133"><ele>2240.3</ele></trkpt><trkpt lat="47.153628542538684" lon="9.303074573942192"><ele>2240.4</ele></trkpt><trkpt lat="47.15359254245671" lon="9.303046573866297"><ele>2240.8</ele></trkpt><trkpt lat="47.153547542416824" lon="9.303031573828632"><ele>2241.0</ele></trkpt><trkpt lat="47.15350254202251" lon="9.303030573460092"><ele>2242.9</ele></trkpt><trkpt lat="47.153448542003886" lon="9.303028573441233"><ele>2243.0</ele></trkpt><trkpt lat="47.15341354190099" lon="9.303013573345224"><ele>2243.5</ele></trkpt><trkpt lat="47.15336854138165" lon="9.303025572859468"><ele>2246.0</ele></trkpt><trkpt lat="47.15339454102626" lon="9.30306557252699"><ele>2247.7</ele></trkpt><trkpt lat="47.15342954094149" lon="9.303093572447521"><ele>2248.1</ele></trkpt><trkpt lat="47.15348354073087" lon="9.303134572250682"><ele>2249.1</ele></trkpt><trkpt lat="47.153562540102406" lon="9.303230571662297"><ele>2252.1</ele></trkpt><trkpt lat="47.15360753980868" lon="9.30325857138853"><ele>2253.5</ele></trkpt><trkpt lat="47.15355353956074" lon="9.30326957115536"><ele>2254.7</ele></trkpt><trkpt lat="47.15350753925" lon="9.303280570863866"><ele>2256.2</ele></trkpt><trkpt lat="47.153453538689355" lon="9.30330557033863"><ele>2258.9</ele></trkpt><trkpt lat="47.153408538357645" lon="9.30331757002765"><ele>2260.5</ele></trkpt><trkpt lat="47.1533715379422" lon="9.303342569638216"><ele>2262.5</ele></trkpt><trkpt lat="47.15339853754515" lon="9.303395569266158"><ele>2264.4</ele></trkpt><trkpt lat="47.15344253704307" lon="9.303450568796737"><ele>2266.8</ele></trkpt><trkpt lat="47.153486536499315" lon="9.303517568287825"><ele>2269.4</ele></trkpt><trkpt lat="47.15352153616443" lon="9.303571567973888"><ele>2271.0</ele></trkpt><trkpt lat="47.153538535726014" lon="9.303611567563749"><ele>2273.1</ele></trkpt><trkpt lat="47.1535735353702" lon="9.303652567231083"><ele>2274.8</ele></trkpt><trkpt lat="47.15346453418662" lon="9.303741566120205"><ele>2280.5</ele></trkpt><trkpt lat="47.15341853381337" lon="9.303779565768966"><ele>2282.3</ele></trkpt><trkpt lat="47.15340053370994" lon="9.30379156567137"><ele>2282.8</ele></trkpt><trkpt lat="47.153363533315506" lon="9.303843565299871"><ele>2284.7</ele></trkpt><trkpt lat="47.15334553308706" lon="9.303881565084334"><ele>2285.8</ele></trkpt><trkpt lat="47.15331753269232" lon="9.30393356471275"><ele>2287.7</ele></trkpt><trkpt lat="47.15324453244544" lon="9.304010564476147"><ele>2288.9</ele></trkpt><trkpt lat="47.15323453230002" lon="9.304049564338174"><ele>2289.6</ele></trkpt><trkpt lat="47.15323453215416" lon="9.30407556420081"><ele>2290.3</ele></trkpt><trkpt lat="47.15323453215416" lon="9.30407556420081"><ele>2290.3</ele></trkpt><trkpt lat="47.15325153190332" lon="9.304089563966842"><ele>2291.5</ele></trkpt><trkpt lat="47.15328753154744" lon="9.304117563634836"><ele>2293.2</ele></trkpt><trkpt lat="47.15337653098081" lon="9.304146563108093"><ele>2295.9</ele></trkpt><trkpt lat="47.15341253079166" lon="9.304161562932162"><ele>2296.8</ele></trkpt><trkpt lat="47.15347453043469" lon="9.304203562599156"><ele>2298.5</ele></trkpt><trkpt lat="47.15350153032936" lon="9.304217562501053"><ele>2299.0</ele></trkpt><trkpt lat="47.1535195302453" lon="9.304257562421027"><ele>2299.4</ele></trkpt><trkpt lat="47.153536530036305" lon="9.304310562223773"><ele>2300.4</ele></trkpt><trkpt lat="47.15354452986929" lon="9.304350562066148"><ele>2301.2</ele></trkpt><trkpt lat="47.15355252974396" lon="9.304390561947365"><ele>2301.8</ele></trkpt><trkpt lat="47.15355252968156" lon="9.304416561887674"><ele>2302.1</ele></trkpt><trkpt lat="47.153551529577435" lon="9.304443561789101"><ele>2302.6</ele></trkpt><trkpt lat="47.15355152949413" lon="9.304482561709285"><ele>2303.0</ele></trkpt><trkpt lat="47.153549529244444" lon="9.304588561470448"><ele>2304.2</ele></trkpt><trkpt lat="47.153574528952" lon="9.304747561189632"><ele>2305.6</ele></trkpt><trkpt lat="47.153574528952" lon="9.304747561189632"><ele>2305.6</ele></trkpt><trkpt lat="47.15357352886881" lon="9.304800561109055"><ele>2306.0</ele></trkpt><trkpt lat="47.153581528847766" lon="9.304839561087432"><ele>2306.1</ele></trkpt><trkpt lat="47.15359752880593" lon="9.304985561040487"><ele>2306.3</ele></trkpt><trkpt lat="47.15361452884718" lon="9.305052561075525"><ele>2306.1</ele></trkpt><trkpt lat="47.153648528845935" lon="9.30511956107158"><ele>2306.1</ele></trkpt><trkpt lat="47.153648528845935" lon="9.30511956107158"><ele>2306.1</ele></trkpt><trkpt lat="47.15367452882424" lon="9.30519956104756"><ele>2306.2</ele></trkpt><trkpt lat="47.15368352880319" lon="9.305239561025878"><ele>2306.3</ele></trkpt><trkpt lat="47.1537685289256" lon="9.305492561127886"><ele>2305.7</ele></trkpt><trkpt lat="47.15381252892395" lon="9.305560561123796"><ele>2305.7</ele></trkpt><trkpt lat="47.15383952894377" lon="9.305600561140805"><ele>2305.6</ele></trkpt><trkpt lat="47.153865528963756" lon="9.305667561156353"><ele>2305.5</ele></trkpt><trkpt lat="47.15400352916758" lon="9.306002561331152"><ele>2304.5</ele></trkpt><trkpt lat="47.154038529249675" lon="9.306042561406374"><ele>2304.1</ele></trkpt><trkpt lat="47.15409152937283" lon="9.306137561517303"><ele>2303.5</ele></trkpt><trkpt lat="47.15411752941351" lon="9.306164561554457"><ele>2303.3</ele></trkpt><trkpt lat="47.15417952955713" lon="9.306245561685495"><ele>2302.6</ele></trkpt><trkpt lat="47.15424152972154" lon="9.306313561836676"><ele>2301.8</ele></trkpt><trkpt lat="47.154277529803466" lon="9.306328561913256"><ele>2301.4</ele></trkpt><trkpt lat="47.15431252988558" lon="9.306382561987727"><ele>2301.0</ele></trkpt><trkpt lat="47.15432952990582" lon="9.306409562005538"><ele>2300.9</ele></trkpt><trkpt lat="47.154355529946564" lon="9.306462562041283"><ele>2300.7</ele></trkpt><trkpt lat="47.154382529987345" lon="9.306516562076965"><ele>2300.5</ele></trkpt><trkpt lat="47.15442553008998" lon="9.30658356217009"><ele>2300.0</ele></trkpt><trkpt lat="47.15444353015186" lon="9.306610562226751"><ele>2299.7</ele></trkpt><trkpt lat="47.154469530171795" lon="9.306664562243014"><ele>2299.6</ele></trkpt><trkpt lat="47.154539530210904" lon="9.30677256227539"><ele>2299.4</ele></trkpt><trkpt lat="47.15454853021064" lon="9.306799562273843"><ele>2299.4</ele></trkpt><trkpt lat="47.15455653023125" lon="9.306825562291788"><ele>2299.3</ele></trkpt><trkpt lat="47.15455653029392" lon="9.30685256234861"><ele>2299.0</ele></trkpt><trkpt lat="47.15455553041923" lon="9.30690556246231"><ele>2298.4</ele></trkpt><trkpt lat="47.15454653044064" lon="9.3069445624797"><ele>2298.3</ele></trkpt><trkpt lat="47.15454353033709" lon="9.307102562373988"><ele>2298.8</ele></trkpt><trkpt lat="47.154560530315734" lon="9.307155562351532"><ele>2298.9</ele></trkpt><trkpt lat="47.154559530315886" lon="9.307195562349362"><ele>2298.9</ele></trkpt><trkpt lat="47.15454053031696" lon="9.307273562345285"><ele>2298.9</ele></trkpt><trkpt lat="47.15452153029719" lon="9.307352562321725"><ele>2299.0</ele></trkpt><trkpt lat="47.15450153027753" lon="9.30744356229752"><ele>2299.1</ele></trkpt><trkpt lat="47.15445553027984" lon="9.307547562292264"><ele>2299.1</ele></trkpt><trkpt lat="47.154445530342976" lon="9.30758756234847"><ele>2298.8</ele></trkpt><trkpt lat="47.154445530384784" lon="9.307613562385912"><ele>2298.6</ele></trkpt><trkpt lat="47.15445353042638" lon="9.307679562421121"><ele>2298.4</ele></trkpt><trkpt lat="47.1544425305106" lon="9.307771562493942"><ele>2298.0</ele></trkpt><trkpt lat="47.15445053061481" lon="9.30785156258668"><ele>2297.5</ele></trkpt><trkpt lat="47.1544585308024" lon="9.307930562757207"><ele>2296.6</ele></trkpt><trkpt lat="47.15446653082302" lon="9.307970562774395"><ele>2296.5</ele></trkpt><trkpt lat="47.154446530866004" lon="9.30807556280773"><ele>2296.3</ele></trkpt><trkpt lat="47.154436530950065" lon="9.308140562882018"><ele>2295.9</ele></trkpt><trkpt lat="47.15442653099252" lon="9.308232562915972"><ele>2295.7</ele></trkpt><trkpt lat="47.15439753103572" lon="9.308310562950854"><ele>2295.5</ele></trkpt><trkpt lat="47.154397531056716" lon="9.308337562968822"><ele>2295.4</ele></trkpt><trkpt lat="47.15439653114029" lon="9.308376563044444"><ele>2295.0</ele></trkpt><trkpt lat="47.15440553122341" lon="9.308416563119925"><ele>2294.6</ele></trkpt><trkpt lat="47.15441353124405" lon="9.308443563137821"><ele>2294.5</ele></trkpt><trkpt lat="47.15442953145235" lon="9.308575563324853"><ele>2293.5</ele></trkpt><trkpt lat="47.15442853157782" lon="9.308668563436415"><ele>2292.9</ele></trkpt><trkpt lat="47.15441853157847" lon="9.30873356343298"><ele>2292.9</ele></trkpt><trkpt lat="47.15441753164126" lon="9.30877356348912"><ele>2292.6</ele></trkpt><trkpt lat="47.15439753191359" lon="9.30889156373554"><ele>2291.3</ele></trkpt><trkpt lat="47.1543595324161" lon="9.309034564194544"><ele>2288.9</ele></trkpt><trkpt lat="47.15435853260393" lon="9.309061564368006"><ele>2288.0</ele></trkpt><trkpt lat="47.154349532687846" lon="9.30908756444441"><ele>2287.6</ele></trkpt><trkpt lat="47.15433953287609" lon="9.309126564617303"><ele>2286.7</ele></trkpt><trkpt lat="47.154330533022524" lon="9.309152564752013"><ele>2286.0</ele></trkpt><trkpt lat="47.15432053306481" lon="9.309205564788105"><ele>2285.8</ele></trkpt><trkpt lat="47.154328533127156" lon="9.309231564844938"><ele>2285.5</ele></trkpt><trkpt lat="47.154337533231086" lon="9.309258564940574"><ele>2285.0</ele></trkpt><trkpt lat="47.15433753327292" lon="9.309284564978038"><ele>2284.8</ele></trkpt><trkpt lat="47.154336533189706" lon="9.309337564897444"><ele>2285.2</ele></trkpt><trkpt lat="47.15432653339888" lon="9.309403565088315"><ele>2284.2</ele></trkpt><trkpt lat="47.15430753354569" lon="9.30941556522388"><ele>2283.5</ele></trkpt><trkpt lat="47.1542985335879" lon="9.309441565261421"><ele>2283.3</ele></trkpt><trkpt lat="47.15428953362999" lon="9.309454565299673"><ele>2283.1</ele></trkpt><trkpt lat="47.15429753362978" lon="9.309481565298142"><ele>2283.1</ele></trkpt><trkpt lat="47.154306533692015" lon="9.309507565354965"><ele>2282.8</ele></trkpt><trkpt lat="47.154323533879115" lon="9.309561565526828"><ele>2281.9</ele></trkpt><trkpt lat="47.15431353392145" lon="9.309613565562978"><ele>2281.7</ele></trkpt><trkpt lat="47.15431353402579" lon="9.309626565659457"><ele>2281.2</ele></trkpt><trkpt lat="47.1543045342556" lon="9.30965256587193"><ele>2280.1</ele></trkpt><trkpt lat="47.154294534360375" lon="9.309679565967741"><ele>2279.6</ele></trkpt><trkpt lat="47.15430353450614" lon="9.309718566101612"><ele>2278.9</ele></trkpt><trkpt lat="47.15431053473559" lon="9.309837566308936"><ele>2277.8</ele></trkpt><trkpt lat="47.15430953473571" lon="9.309851566308188"><ele>2277.8</ele></trkpt><trkpt lat="47.154318534693715" lon="9.30987756626784"><ele>2278.0</ele></trkpt><trkpt lat="47.15432653473521" lon="9.30991756630449"><ele>2277.8</ele></trkpt><trkpt lat="47.15433553477667" lon="9.309957566341135"><ele>2277.6</ele></trkpt><trkpt lat="47.15434353479743" lon="9.310023566356945"><ele>2277.5</ele></trkpt><trkpt lat="47.15434253483921" lon="9.310036566395127"><ele>2277.3</ele></trkpt><trkpt lat="47.154342534901836" lon="9.310063566451982"><ele>2277.0</ele></trkpt><trkpt lat="47.154333534943994" lon="9.310076566490237"><ele>2276.8</ele></trkpt><trkpt lat="47.154323535027864" lon="9.310088566567424"><ele>2276.4</ele></trkpt><trkpt lat="47.15432353511145" lon="9.310141566642324"><ele>2276.0</ele></trkpt><trkpt lat="47.154322535132415" lon="9.310154566661064"><ele>2275.9</ele></trkpt><trkpt lat="47.15431353519539" lon="9.310167566718755"><ele>2275.6</ele></trkpt><trkpt lat="47.154313535237215" lon="9.310194566756174"><ele>2275.4</ele></trkpt><trkpt lat="47.1543225352994" lon="9.31020756681371"><ele>2275.1</ele></trkpt><trkpt lat="47.154320535675176" lon="9.310313567157902"><ele>2273.3</ele></trkpt><trkpt lat="47.154309536092995" lon="9.31040456754186"><ele>2271.3</ele></trkpt><trkpt lat="47.1543175361554" lon="9.310458567597205"><ele>2271.0</ele></trkpt><trkpt lat="47.15432653615511" lon="9.310471567596428"><ele>2271.0</ele></trkpt><trkpt lat="47.15433553617566" lon="9.310485567615036"><ele>2270.9</ele></trkpt><trkpt lat="47.154335536259104" lon="9.310511567691393"><ele>2270.5</ele></trkpt><trkpt lat="47.15435153640466" lon="9.31059156782303"><ele>2269.8</ele></trkpt><trkpt lat="47.1543515364255" lon="9.310604567841768"><ele>2269.7</ele></trkpt><trkpt lat="47.15436053648786" lon="9.310630567898613"><ele>2269.4</ele></trkpt><trkpt lat="47.154368536508414" lon="9.310657567916532"><ele>2269.3</ele></trkpt><trkpt lat="47.15435053659268" lon="9.310683567993047"><ele>2268.9</ele></trkpt><trkpt lat="47.15435853671758" lon="9.31071056810816"><ele>2268.3</ele></trkpt><trkpt lat="47.154358536884416" lon="9.310736568262277"><ele>2267.5</ele></trkpt><trkpt lat="47.154367536925854" lon="9.31074956830038"><ele>2267.3</ele></trkpt><trkpt lat="47.15437653692547" lon="9.310750568300246"><ele>2267.3</ele></trkpt><trkpt lat="47.154375536925535" lon="9.31076356829956"><ele>2267.3</ele></trkpt><trkpt lat="47.154375536946425" lon="9.310776568318301"><ele>2267.2</ele></trkpt><trkpt lat="47.15436653698866" lon="9.310815568355169"><ele>2267.0</ele></trkpt><trkpt lat="47.15436653698866" lon="9.310815568355169"><ele>2267.0</ele></trkpt><trkpt lat="47.15436553721818" lon="9.310855568566861"><ele>2265.9</ele></trkpt><trkpt lat="47.154374537322205" lon="9.31088256866253"><ele>2265.4</ele></trkpt><trkpt lat="47.1543645374686" lon="9.310908568797293"><ele>2264.7</ele></trkpt><trkpt lat="47.15435553767767" lon="9.310934568990376"><ele>2263.7</ele></trkpt><trkpt lat="47.15435453776116" lon="9.31094756906744"><ele>2263.3</ele></trkpt><trkpt lat="47.15436353794866" lon="9.311000569239482"><ele>2262.4</ele></trkpt><trkpt lat="47.154362537990416" lon="9.311013569277675"><ele>2262.2</ele></trkpt><trkpt lat="47.15439853809324" lon="9.311041569373065"><ele>2261.7</ele></trkpt><trkpt lat="47.15442453848852" lon="9.311081569740054"><ele>2259.8</ele></trkpt><trkpt lat="47.154424538634494" lon="9.31109456987544"><ele>2259.1</ele></trkpt><trkpt lat="47.15443353878015" lon="9.311121570009993"><ele>2258.4</ele></trkpt><trkpt lat="47.154432538968045" lon="9.31117457018213"><ele>2257.5</ele></trkpt><trkpt lat="47.15444053917632" lon="9.311200570375073"><ele>2256.5</ele></trkpt><trkpt lat="47.154458539446736" lon="9.311227570626198"><ele>2255.2</ele></trkpt><trkpt lat="47.154466539780174" lon="9.311267570935039"><ele>2253.6</ele></trkpt><trkpt lat="47.15448354013415" lon="9.311321571262502"><ele>2251.9</ele></trkpt><trkpt lat="47.154501540383734" lon="9.3113615714935"><ele>2250.7</ele></trkpt><trkpt lat="47.154518540675156" lon="9.311414571762702"><ele>2249.3</ele></trkpt><trkpt lat="47.154518540675156" lon="9.311414571762702"><ele>2249.3</ele></trkpt><trkpt lat="47.15455454069448" lon="9.311402571782475"><ele>2249.2</ele></trkpt><trkpt lat="47.15457254081888" lon="9.311429571897527"><ele>2248.6</ele></trkpt><trkpt lat="47.154589540839254" lon="9.311483571913953"><ele>2248.5</ele></trkpt><trkpt lat="47.1545975406097" lon="9.311536571697216"><ele>2249.6</ele></trkpt><trkpt lat="47.15459654044304" lon="9.311562571540316"><ele>2250.4</ele></trkpt><trkpt lat="47.15458754019333" lon="9.31160157130503"><ele>2251.6</ele></trkpt><trkpt lat="47.15458653990164" lon="9.311641571030735"><ele>2253.0</ele></trkpt><trkpt lat="47.154567539714854" lon="9.311680570853849"><ele>2253.9</ele></trkpt><trkpt lat="47.15458553963079" lon="9.311707570774491"><ele>2254.3</ele></trkpt><trkpt lat="47.15459453948449" lon="9.311720570637632"><ele>2255.0</ele></trkpt><trkpt lat="47.15461153933791" lon="9.311747570499957"><ele>2255.7</ele></trkpt><trkpt lat="47.15462053919162" lon="9.31176157036305"><ele>2256.4</ele></trkpt><trkpt lat="47.154620539295976" lon="9.311787570458868"><ele>2255.9</ele></trkpt><trkpt lat="47.15461953929618" lon="9.311827570456742"><ele>2255.9</ele></trkpt><trkpt lat="47.154619539296284" lon="9.311853570455355"><ele>2255.9</ele></trkpt><trkpt lat="47.154627539191765" lon="9.311880570356642"><ele>2256.4</ele></trkpt><trkpt lat="47.15462753915022" lon="9.311919570315677"><ele>2256.6</ele></trkpt><trkpt lat="47.15461753925512" lon="9.311985570409451"><ele>2256.1</ele></trkpt><trkpt lat="47.1546255391923" lon="9.312011570349666"><ele>2256.4</ele></trkpt><trkpt lat="47.154643539045715" lon="9.31203857021198"><ele>2257.1</ele></trkpt><trkpt lat="47.154660538961785" lon="9.312092570131185"><ele>2257.5</ele></trkpt><trkpt lat="47.15465953896191" lon="9.312118570129801"><ele>2257.5</ele></trkpt><trkpt lat="47.15467753894036" lon="9.312132570109462"><ele>2257.6</ele></trkpt><trkpt lat="47.15469553887712" lon="9.312159570049538"><ele>2257.9</ele></trkpt><trkpt lat="47.15469453881472" lon="9.312185569989834"><ele>2258.2</ele></trkpt><trkpt lat="47.154703538772715" lon="9.312212569949425"><ele>2258.4</ele></trkpt><trkpt lat="47.154702538752026" lon="9.312238569928608"><ele>2258.5</ele></trkpt><trkpt lat="47.15471153868917" lon="9.312265569868758"><ele>2258.8</ele></trkpt><trkpt lat="47.15472853860517" lon="9.312292569789404"><ele>2259.2</ele></trkpt><trkpt lat="47.15472853860517" lon="9.312292569789404"><ele>2259.2</ele></trkpt><trkpt lat="47.15473653854245" lon="9.312358569727479"><ele>2259.5</ele></trkpt><trkpt lat="47.15474553850058" lon="9.31239856968638"><ele>2259.7</ele></trkpt><trkpt lat="47.15475353847946" lon="9.312438569664732"><ele>2259.8</ele></trkpt><trkpt lat="47.15474353845933" lon="9.31250456964185"><ele>2259.9</ele></trkpt><trkpt lat="47.154742538459544" lon="9.312556569639078"><ele>2259.9</ele></trkpt><trkpt lat="47.15475053845937" lon="9.312596569636876"><ele>2259.9</ele></trkpt><trkpt lat="47.15475953843821" lon="9.312623569615909"><ele>2260.0</ele></trkpt><trkpt lat="47.15476853843794" lon="9.312650569614389"><ele>2260.0</ele></trkpt><trkpt lat="47.154775538500594" lon="9.312769569666303"><ele>2259.7</ele></trkpt><trkpt lat="47.154774538500746" lon="9.312795569664923"><ele>2259.7</ele></trkpt><trkpt lat="47.15476453862663" lon="9.31290056977606"><ele>2259.1</ele></trkpt><trkpt lat="47.1547725386264" lon="9.312927569774548"><ele>2259.1</ele></trkpt><trkpt lat="47.154807538771074" lon="9.312981569907476"><ele>2258.4</ele></trkpt><trkpt lat="47.15483453883263" lon="9.313008569964138"><ele>2258.1</ele></trkpt><trkpt lat="47.15483453883263" lon="9.313008569964138"><ele>2258.1</ele></trkpt><trkpt lat="47.15488853876775" lon="9.312997569905928"><ele>2258.4</ele></trkpt><trkpt lat="47.15492453866196" lon="9.312985569809042"><ele>2258.9</ele></trkpt><trkpt lat="47.15492453866196" lon="9.312985569809042"><ele>2258.9</ele></trkpt><trkpt lat="47.15495153863997" lon="9.312986569789311"><ele>2259.0</ele></trkpt><trkpt lat="47.15505853867735" lon="9.313029569824987"><ele>2258.8</ele></trkpt><trkpt lat="47.15510353875892" lon="9.313044569901585"><ele>2258.4</ele></trkpt><trkpt lat="47.155130538862075" lon="9.313058569997828"><ele>2257.9</ele></trkpt><trkpt lat="47.1551935390055" lon="9.313073570132602"><ele>2257.2</ele></trkpt><trkpt lat="47.15521153906732" lon="9.313074570190725"><ele>2256.9</ele></trkpt><trkpt lat="47.15523853910786" lon="9.313075570229334"><ele>2256.7</ele></trkpt><trkpt lat="47.1552655391902" lon="9.313076570306828"><ele>2256.3</ele></trkpt><trkpt lat="47.15530053933468" lon="9.313077570442587"><ele>2255.6</ele></trkpt><trkpt lat="47.155336539395805" lon="9.313092570499816"><ele>2255.3</ele></trkpt><trkpt lat="47.155363539457255" lon="9.313106570557169"><ele>2255.0</ele></trkpt><trkpt lat="47.15538153949828" lon="9.313120570595164"><ele>2254.8</ele></trkpt><trkpt lat="47.15539853958112" lon="9.313160570670663"><ele>2254.4</ele></trkpt><trkpt lat="47.155441539767416" lon="9.313280570838906"><ele>2253.5</ele></trkpt><trkpt lat="47.15545053980879" lon="9.31329357087703"><ele>2253.3</ele></trkpt><trkpt lat="47.155458539850265" lon="9.313320570914415"><ele>2253.1</ele></trkpt><trkpt lat="47.1554755400167" lon="9.31341357106488"><ele>2252.3</ele></trkpt><trkpt lat="47.15552754028615" lon="9.3135605713094"><ele>2251.0</ele></trkpt><trkpt lat="47.15557854057649" lon="9.313707571573396"><ele>2249.6</ele></trkpt><trkpt lat="47.155631540741346" lon="9.313788571724208"><ele>2248.8</ele></trkpt><trkpt lat="47.155637541054425" lon="9.313933572008152"><ele>2247.3</ele></trkpt><trkpt lat="47.15565454122078" lon="9.31400057216002"><ele>2246.5</ele></trkpt><trkpt lat="47.15568954136552" lon="9.314054572292987"><ele>2245.8</ele></trkpt><trkpt lat="47.155804541673945" lon="9.314176572577246"><ele>2244.3</ele></trkpt><trkpt lat="47.15592254179413" lon="9.314167572693405"><ele>2243.7</ele></trkpt><trkpt lat="47.15600254193679" lon="9.314170572828703"><ele>2243.0</ele></trkpt><trkpt lat="47.156084542121" lon="9.314147573004252"><ele>2242.1</ele></trkpt><trkpt lat="47.156134542620265" lon="9.314386573457917"><ele>2239.7</ele></trkpt><trkpt lat="47.15615954291151" lon="9.314479573725059"><ele>2238.3</ele></trkpt><trkpt lat="47.15619554301445" lon="9.314520573819825"><ele>2237.8</ele></trkpt><trkpt lat="47.15619554301445" lon="9.314520573819825"><ele>2237.8</ele></trkpt><trkpt lat="47.15618554320278" lon="9.314585573991517"><ele>2236.9</ele></trkpt><trkpt lat="47.15625454368009" lon="9.314733574430432"><ele>2234.6</ele></trkpt><trkpt lat="47.15630754397019" lon="9.31482757469731"><ele>2233.2</ele></trkpt><trkpt lat="47.15633254461598" lon="9.314920575295124"><ele>2230.1</ele></trkpt><trkpt lat="47.15634054490782" lon="9.314987575563826"><ele>2228.7</ele></trkpt><trkpt lat="47.15629554476376" lon="9.314998575427476"><ele>2229.4</ele></trkpt><trkpt lat="47.156267544890255" lon="9.315063575540986"><ele>2228.8</ele></trkpt><trkpt lat="47.15623954503753" lon="9.315102575675315"><ele>2228.1</ele></trkpt><trkpt lat="47.15620354535191" lon="9.315127575966054"><ele>2226.6</ele></trkpt><trkpt lat="47.15617554568687" lon="9.315165576275492"><ele>2225.0</ele></trkpt><trkpt lat="47.15613854604311" lon="9.315217576603725"><ele>2223.3</ele></trkpt><trkpt lat="47.15619154618718" lon="9.315298576735177"><ele>2222.6</ele></trkpt><trkpt lat="47.156217546394814" lon="9.31535257692663"><ele>2221.6</ele></trkpt><trkpt lat="47.15616354677259" lon="9.315389577275253"><ele>2219.8</ele></trkpt><trkpt lat="47.1561445469611" lon="9.315402577449786"><ele>2218.9</ele></trkpt><trkpt lat="47.156081547297305" lon="9.315400577761633"><ele>2217.3</ele></trkpt><trkpt lat="47.15608954758915" lon="9.315453578031102"><ele>2215.9</ele></trkpt><trkpt lat="47.15610754771367" lon="9.315493578145563"><ele>2215.3</ele></trkpt><trkpt lat="47.15601754800924" lon="9.315477578419474"><ele>2213.9</ele></trkpt><trkpt lat="47.15578454939508" lon="9.315455579706331"><ele>2207.3</ele></trkpt><trkpt lat="47.15580755035413" lon="9.315667580589848"><ele>2202.7</ele></trkpt><trkpt lat="47.15563755136178" lon="9.315595581528667"><ele>2197.9</ele></trkpt><trkpt lat="47.15562755175863" lon="9.315661581894899"><ele>2196.0</ele></trkpt><trkpt lat="47.15559255165565" lon="9.315620581800063"><ele>2196.5</ele></trkpt><trkpt lat="47.15557255232415" lon="9.315738582416556"><ele>2193.3</ele></trkpt><trkpt lat="47.155545552554734" lon="9.31576358262945"><ele>2192.2</ele></trkpt><trkpt lat="47.155435553414414" lon="9.315839583423948"><ele>2188.1</ele></trkpt><trkpt lat="47.1554445536019" lon="9.315878583596925"><ele>2187.2</ele></trkpt><trkpt lat="47.15546155380994" lon="9.315932583788515"><ele>2186.2</ele></trkpt><trkpt lat="47.15540755416664" lon="9.315943584119077"><ele>2184.5</ele></trkpt><trkpt lat="47.15534355464896" lon="9.3159805845651"><ele>2182.2</ele></trkpt><trkpt lat="47.15526255515283" lon="9.316017585030714"><ele>2179.8</ele></trkpt><trkpt lat="47.1551335565557" lon="9.316171586327165"><ele>2173.1</ele></trkpt><trkpt lat="47.15509655697437" lon="9.316222586713904"><ele>2171.1</ele></trkpt><trkpt lat="47.15506855749708" lon="9.316301587196405"><ele>2168.6</ele></trkpt><trkpt lat="47.155031558020006" lon="9.316352587680417"><ele>2166.1</ele></trkpt><trkpt lat="47.1549955583343" lon="9.316364587971899"><ele>2164.6</ele></trkpt><trkpt lat="47.15495055873241" lon="9.316389588340598"><ele>2162.7</ele></trkpt><trkpt lat="47.15493155921293" lon="9.316441588785516"><ele>2160.4</ele></trkpt><trkpt lat="47.15487755959044" lon="9.31643958913622"><ele>2158.6</ele></trkpt><trkpt lat="47.15487755959044" lon="9.31643958913622"><ele>2158.6</ele></trkpt><trkpt lat="47.15484056021761" lon="9.316490589717523"><ele>2155.6</ele></trkpt><trkpt lat="47.15478656059516" lon="9.316502590067515"><ele>2153.8</ele></trkpt><trkpt lat="47.15474956103462" lon="9.316527590475067"><ele>2151.7</ele></trkpt><trkpt lat="47.15473156149425" lon="9.316579590900545"><ele>2149.5</ele></trkpt><trkpt lat="47.15468556197575" lon="9.316604591347085"><ele>2147.2</ele></trkpt><trkpt lat="47.154648562602915" lon="9.31665559192841"><ele>2144.2</ele></trkpt><trkpt lat="47.15461156306333" lon="9.316707592354064"><ele>2142.0</ele></trkpt><trkpt lat="47.154601563397556" lon="9.316772592662117"><ele>2140.4</ele></trkpt><trkpt lat="47.154538563525364" lon="9.316823592776778"><ele>2139.8</ele></trkpt><trkpt lat="47.15446556371602" lon="9.316860592950585"><ele>2138.9</ele></trkpt><trkpt lat="47.154410563885165" lon="9.316911593104093"><ele>2138.1</ele></trkpt><trkpt lat="47.1543295638259" lon="9.316934593045225"><ele>2138.4</ele></trkpt><trkpt lat="47.15427556391149" lon="9.316945593122922"><ele>2138.0</ele></trkpt><trkpt lat="47.154220564101536" lon="9.317009593295227"><ele>2137.1</ele></trkpt><trkpt lat="47.154174564166084" lon="9.317061593351337"><ele>2136.8</ele></trkpt><trkpt lat="47.154128564710206" lon="9.317112593854961"><ele>2134.2</ele></trkpt><trkpt lat="47.154128564710206" lon="9.317112593854961"><ele>2134.2</ele></trkpt><trkpt lat="47.154090564857924" lon="9.317203593986864"><ele>2133.5</ele></trkpt><trkpt lat="47.154062564901075" lon="9.317294594021416"><ele>2133.3</ele></trkpt><trkpt lat="47.15402656488172" lon="9.317319594000988"><ele>2133.4</ele></trkpt><trkpt lat="47.15397256509237" lon="9.317317594196084"><ele>2132.4</ele></trkpt><trkpt lat="47.15397256509237" lon="9.317317594196084"><ele>2132.4</ele></trkpt><trkpt lat="47.15396256555159" lon="9.317356594622213"><ele>2130.2</ele></trkpt><trkpt lat="47.153935565886336" lon="9.317382594932406"><ele>2128.6</ele></trkpt><trkpt lat="47.15393456603244" lon="9.317408595067297"><ele>2127.9</ele></trkpt><trkpt lat="47.15397056634388" lon="9.317449595356774"><ele>2126.4</ele></trkpt><trkpt lat="47.153969566427406" lon="9.317475595433299"><ele>2126.0</ele></trkpt><trkpt lat="47.15395956659469" lon="9.31751559558702"><ele>2125.2</ele></trkpt><trkpt lat="47.15395056667854" lon="9.31754159566361"><ele>2124.8</ele></trkpt><trkpt lat="47.15392356676311" lon="9.317553595741048"><ele>2124.4</ele></trkpt><trkpt lat="47.15389656691011" lon="9.317565595876856"><ele>2123.7</ele></trkpt><trkpt lat="47.1538875669939" lon="9.31756559595475"><ele>2123.3</ele></trkpt><trkpt lat="47.15389556709796" lon="9.317605596049958"><ele>2122.8</ele></trkpt><trkpt lat="47.15388656722347" lon="9.317618596166113"><ele>2122.2</ele></trkpt><trkpt lat="47.15386856737014" lon="9.317617596302501"><ele>2121.5</ele></trkpt><trkpt lat="47.15385856762082" lon="9.317656596534102"><ele>2120.3</ele></trkpt><trkpt lat="47.153849567704654" lon="9.317669596611342"><ele>2119.9</ele></trkpt><trkpt lat="47.15384056789278" lon="9.31769559678522"><ele>2119.0</ele></trkpt><trkpt lat="47.15383056795576" lon="9.31772159684237"><ele>2118.7</ele></trkpt><trkpt lat="47.15380356806106" lon="9.317720596939914"><ele>2118.2</ele></trkpt><trkpt lat="47.15378556814524" lon="9.317733597017238"><ele>2117.8</ele></trkpt><trkpt lat="47.15376756833359" lon="9.317732597192537"><ele>2116.9</ele></trkpt><trkpt lat="47.15376756845879" lon="9.317759597307923"><ele>2116.3</ele></trkpt><trkpt lat="47.15374856858469" lon="9.317771597424212"><ele>2115.7</ele></trkpt><trkpt lat="47.15373956889781" lon="9.31779759771483"><ele>2114.2</ele></trkpt><trkpt lat="47.1537395688145" lon="9.317810597636356"><ele>2114.6</ele></trkpt><trkpt lat="47.15374856891835" lon="9.317811597733517"><ele>2114.1</ele></trkpt><trkpt lat="47.15377556904244" lon="9.317812597849986"><ele>2113.5</ele></trkpt><trkpt lat="47.153793569187684" lon="9.31781259798604"><ele>2112.8</ele></trkpt><trkpt lat="47.15379256933372" lon="9.317825598121594"><ele>2112.1</ele></trkpt><trkpt lat="47.15379256945883" lon="9.317839598237631"><ele>2111.5</ele></trkpt><trkpt lat="47.153783569584334" lon="9.317865598353144"><ele>2110.9</ele></trkpt><trkpt lat="47.15378256968875" lon="9.317891598449142"><ele>2110.4</ele></trkpt><trkpt lat="47.15377356983512" lon="9.317904598584764"><ele>2109.7</ele></trkpt><trkpt lat="47.153773569897695" lon="9.317917598642484"><ele>2109.4</ele></trkpt><trkpt lat="47.15377357002284" lon="9.317930598758576"><ele>2108.8</ele></trkpt><trkpt lat="47.15378157027281" lon="9.317970598990001"><ele>2107.6</ele></trkpt><trkpt lat="47.15378057050239" lon="9.318010599202042"><ele>2106.5</ele></trkpt><trkpt lat="47.15381557077238" lon="9.318103599450083"><ele>2105.2</ele></trkpt><trkpt lat="47.1538145708768" lon="9.318143599545389"><ele>2104.7</ele></trkpt><trkpt lat="47.15380557127344" lon="9.318182599913213"><ele>2102.8</ele></trkpt><trkpt lat="47.15380457137789" lon="9.318235600007876"><ele>2102.3</ele></trkpt><trkpt lat="47.15380357139882" lon="9.318248600026696"><ele>2102.2</ele></trkpt><trkpt lat="47.15382157139819" lon="9.318275600025212"><ele>2102.2</ele></trkpt><trkpt lat="47.15382957152315" lon="9.318315600139906"><ele>2101.6</ele></trkpt><trkpt lat="47.15382957156486" lon="9.318328600178177"><ele>2101.4</ele></trkpt><trkpt lat="47.15382957158577" lon="9.318341600196991"><ele>2101.3</ele></trkpt><trkpt lat="47.15382957158577" lon="9.318341600196991"><ele>2101.3</ele></trkpt><trkpt lat="47.15382057162785" lon="9.318354600235331"><ele>2101.1</ele></trkpt><trkpt lat="47.153810571711716" lon="9.318380600311954"><ele>2100.7</ele></trkpt><trkpt lat="47.15381057173263" lon="9.318393600330769"><ele>2100.6</ele></trkpt><trkpt lat="47.15380957179541" lon="9.318446600386519"><ele>2100.3</ele></trkpt><trkpt lat="47.15380057179583" lon="9.318472600385306"><ele>2100.3</ele></trkpt><trkpt lat="47.153782571838285" lon="9.318484600423766"><ele>2100.1</ele></trkpt><trkpt lat="47.15377257192224" lon="9.318537600499049"><ele>2099.7</ele></trkpt><trkpt lat="47.15374457206943" lon="9.318589600632905"><ele>2099.0</ele></trkpt><trkpt lat="47.15374357219471" lon="9.318628600747731"><ele>2098.4</ele></trkpt><trkpt lat="47.153725572403985" lon="9.318654600941171"><ele>2097.4</ele></trkpt><trkpt lat="47.15371557252956" lon="9.318680601056709"><ele>2096.8</ele></trkpt><trkpt lat="47.15368757269765" lon="9.318745601209384"><ele>2096.0</ele></trkpt><trkpt lat="47.1536785728649" lon="9.31877160136384"><ele>2095.2</ele></trkpt><trkpt lat="47.15367857309431" lon="9.318797601576604"><ele>2094.1</ele></trkpt><trkpt lat="47.15367757330303" lon="9.31885060176858"><ele>2093.1</ele></trkpt><trkpt lat="47.153649573491926" lon="9.318889601942008"><ele>2092.2</ele></trkpt><trkpt lat="47.15359357378645" lon="9.319045602207176"><ele>2090.8</ele></trkpt><trkpt lat="47.15357457380816" lon="9.319071602225502"><ele>2090.7</ele></trkpt><trkpt lat="47.1535645739129" lon="9.319110602320952"><ele>2090.2</ele></trkpt><trkpt lat="47.15356357422587" lon="9.3191766026096"><ele>2088.7</ele></trkpt><trkpt lat="47.153572574371566" lon="9.319216602743776"><ele>2088.0</ele></trkpt><trkpt lat="47.15358157447558" lon="9.31922960284036"><ele>2087.5</ele></trkpt><trkpt lat="47.153598574516636" lon="9.319243602878457"><ele>2087.3</ele></trkpt><trkpt lat="47.15361657464102" lon="9.319230602995718"><ele>2086.7</ele></trkpt><trkpt lat="47.153625574703184" lon="9.319231603053971"><ele>2086.4</ele></trkpt><trkpt lat="47.153625574807585" lon="9.319257603149993"><ele>2085.9</ele></trkpt><trkpt lat="47.153633574953275" lon="9.31929760328418"><ele>2085.2</ele></trkpt><trkpt lat="47.1536055752049" lon="9.319388603513444"><ele>2084.0</ele></trkpt><trkpt lat="47.15360457547609" lon="9.31942860376447"><ele>2082.7</ele></trkpt><trkpt lat="47.153576575581575" lon="9.31948060385944"><ele>2082.2</ele></trkpt><trkpt lat="47.15354057574992" lon="9.319518604013538"><ele>2081.4</ele></trkpt><trkpt lat="47.15352157589673" lon="9.319557604147999"><ele>2080.7</ele></trkpt><trkpt lat="47.15350357602261" lon="9.319596604262989"><ele>2080.1</ele></trkpt><trkpt lat="47.15349357612739" lon="9.319635604358457"><ele>2079.6</ele></trkpt><trkpt lat="47.15346557617023" lon="9.319660604396374"><ele>2079.4</ele></trkpt><trkpt lat="47.153456576108155" lon="9.319686604336782"><ele>2079.7</ele></trkpt><trkpt lat="47.15344657623373" lon="9.319726604451667"><ele>2079.1</ele></trkpt><trkpt lat="47.15342857631786" lon="9.319738604529062"><ele>2078.7</ele></trkpt><trkpt lat="47.15341957638086" lon="9.319777604585601"><ele>2078.4</ele></trkpt><trkpt lat="47.153400576465124" lon="9.31981660466168"><ele>2078.0</ele></trkpt><trkpt lat="47.15338257650759" lon="9.319829604700109"><ele>2077.8</ele></trkpt><trkpt lat="47.15337257654974" lon="9.319855604737835"><ele>2077.6</ele></trkpt><trkpt lat="47.15336357665443" lon="9.319881604833942"><ele>2077.1</ele></trkpt><trkpt lat="47.15335357671751" lon="9.319920604890493"><ele>2076.8</ele></trkpt><trkpt lat="47.15335257690532" lon="9.319973605063053"><ele>2075.9</ele></trkpt><trkpt lat="47.15334257692678" lon="9.320052605078727"><ele>2075.8</ele></trkpt><trkpt lat="47.15333257688563" lon="9.320091605037968"><ele>2076.0</ele></trkpt><trkpt lat="47.1533235768235" lon="9.320117604978378"><ele>2076.3</ele></trkpt><trkpt lat="47.153323576823546" lon="9.320130604977741"><ele>2076.3</ele></trkpt><trkpt lat="47.15333257692748" lon="9.320144605074292"><ele>2075.8</ele></trkpt><trkpt lat="47.15334057698982" lon="9.320170605131345"><ele>2075.5</ele></trkpt><trkpt lat="47.153349577072966" lon="9.320197605207799"><ele>2075.1</ele></trkpt><trkpt lat="47.15335757713526" lon="9.3202246052648"><ele>2074.8</ele></trkpt><trkpt lat="47.153357577177104" lon="9.320263605301815"><ele>2074.6</ele></trkpt><trkpt lat="47.15335657719808" lon="9.320290605319961"><ele>2074.5</ele></trkpt><trkpt lat="47.15337357726013" lon="9.32034360537562"><ele>2074.2</ele></trkpt><trkpt lat="47.153391577259555" lon="9.320370605374158"><ele>2074.2</ele></trkpt><trkpt lat="47.1533995773428" lon="9.32042360544935"><ele>2073.8</ele></trkpt><trkpt lat="47.153398577405554" lon="9.320476605505148"><ele>2073.5</ele></trkpt><trkpt lat="47.15339857742651" lon="9.320502605523341"><ele>2073.4</ele></trkpt><trkpt lat="47.153406577697396" lon="9.3205556057737"><ele>2072.1</ele></trkpt><trkpt lat="47.15339657780212" lon="9.320594605869191"><ele>2071.6</ele></trkpt><trkpt lat="47.15339657794822" lon="9.320634606003475"><ele>2070.9</ele></trkpt><trkpt lat="47.15339557805266" lon="9.320687606098208"><ele>2070.4</ele></trkpt><trkpt lat="47.15338557803241" lon="9.32075260607565"><ele>2070.5</ele></trkpt><trkpt lat="47.15339357805308" lon="9.320792606093091"><ele>2070.4</ele></trkpt><trkpt lat="47.15339257811586" lon="9.320858606148269"><ele>2070.1</ele></trkpt><trkpt lat="47.15339157817863" lon="9.320898606204715"><ele>2069.8</ele></trkpt><trkpt lat="47.15340057813672" lon="9.320938606163754"><ele>2070.0</ele></trkpt><trkpt lat="47.15341757817784" lon="9.320965606201234"><ele>2069.8</ele></trkpt><trkpt lat="47.15343557823972" lon="9.32097860625885"><ele>2069.5</ele></trkpt><trkpt lat="47.153452578259994" lon="9.321005606276861"><ele>2069.4</ele></trkpt><trkpt lat="47.153461578384885" lon="9.321045606391621"><ele>2068.8</ele></trkpt><trkpt lat="47.153478578405135" lon="9.321072606409633"><ele>2068.7</ele></trkpt><trkpt lat="47.15348757844661" lon="9.321099606447174"><ele>2068.5</ele></trkpt><trkpt lat="47.153522578591385" lon="9.321153606580513"><ele>2067.8</ele></trkpt><trkpt lat="47.153548578715615" lon="9.321193606695145"><ele>2067.2</ele></trkpt><trkpt lat="47.1535755787563" lon="9.321207606733177"><ele>2067.0</ele></trkpt><trkpt lat="47.15358457877682" lon="9.32120860675252"><ele>2066.9</ele></trkpt><trkpt lat="47.15360257881783" lon="9.321208606791307"><ele>2066.7</ele></trkpt><trkpt lat="47.153602578838786" lon="9.321235606809463"><ele>2066.6</ele></trkpt><trkpt lat="47.15360157902655" lon="9.32126160698338"><ele>2065.7</ele></trkpt><trkpt lat="47.15360157906833" lon="9.321288607020996"><ele>2065.5</ele></trkpt><trkpt lat="47.153654579316736" lon="9.321355607250897"><ele>2064.3</ele></trkpt><trkpt lat="47.153681579399084" lon="9.321356607328497"><ele>2063.9</ele></trkpt><trkpt lat="47.153698579481876" lon="9.321370607405543"><ele>2063.5</ele></trkpt><trkpt lat="47.153725579647656" lon="9.32138460756037"><ele>2062.7</ele></trkpt><trkpt lat="47.15375257979272" lon="9.321412607695049"><ele>2062.0</ele></trkpt><trkpt lat="47.15385058006013" lon="9.32145560794524"><ele>2060.7</ele></trkpt><trkpt lat="47.15387758018433" lon="9.32148260806051"><ele>2060.1</ele></trkpt><trkpt lat="47.153885580309264" lon="9.321522608175293"><ele>2059.5</ele></trkpt><trkpt lat="47.15390358039198" lon="9.32153660825234"><ele>2059.1</ele></trkpt><trkpt lat="47.153947580578034" lon="9.321550608426502"><ele>2058.2</ele></trkpt><trkpt lat="47.15400158065942" lon="9.321579608502537"><ele>2057.8</ele></trkpt><trkpt lat="47.154045580616156" lon="9.321620608461268"><ele>2058.0</ele></trkpt><trkpt lat="47.15407258055263" lon="9.32162160840261"><ele>2058.3</ele></trkpt><trkpt lat="47.15409958053079" lon="9.321635608382254"><ele>2058.4</ele></trkpt><trkpt lat="47.15413558059203" lon="9.321662608439055"><ele>2058.1</ele></trkpt><trkpt lat="47.15417058069506" lon="9.321677608535387"><ele>2057.6</ele></trkpt><trkpt lat="47.15426058090012" lon="9.3216806087292"><ele>2056.6</ele></trkpt><trkpt lat="47.154296580940375" lon="9.32166860876843"><ele>2056.4</ele></trkpt><trkpt lat="47.15433258095992" lon="9.321683608786886"><ele>2056.3</ele></trkpt><trkpt lat="47.1543595810007" lon="9.321710608824297"><ele>2056.1</ele></trkpt><trkpt lat="47.154385580958206" lon="9.32176460878254"><ele>2056.3</ele></trkpt><trkpt lat="47.15439358099969" lon="9.321803608819518"><ele>2056.1</ele></trkpt><trkpt lat="47.15441058114513" lon="9.321844608953661"><ele>2055.4</ele></trkpt><trkpt lat="47.15444658122722" lon="9.321871609029941"><ele>2055.0</ele></trkpt><trkpt lat="47.15448258130935" lon="9.321899609106168"><ele>2054.6</ele></trkpt><trkpt lat="47.15451758149578" lon="9.321913609280415"><ele>2053.7</ele></trkpt><trkpt lat="47.15453558157848" lon="9.321914609358096"><ele>2053.3</ele></trkpt><trkpt lat="47.15454458168242" lon="9.321927609454729"><ele>2052.8</ele></trkpt><trkpt lat="47.15455358178642" lon="9.321941609551317"><ele>2052.3</ele></trkpt><trkpt lat="47.15456158193222" lon="9.321994609684955"><ele>2051.6</ele></trkpt><trkpt lat="47.154551582120476" lon="9.322060609857042"><ele>2050.7</ele></trkpt><trkpt lat="47.15455058220398" lon="9.32208660993366"><ele>2050.3</ele></trkpt><trkpt lat="47.15455958230801" lon="9.322113610029623"><ele>2049.8</ele></trkpt><trkpt lat="47.15456858239111" lon="9.322126610106793"><ele>2049.4</ele></trkpt><trkpt lat="47.154604582556516" lon="9.322114610262833"><ele>2048.6</ele></trkpt><trkpt lat="47.154622582618316" lon="9.322088610322353"><ele>2048.3</ele></trkpt><trkpt lat="47.154632582659566" lon="9.322076610361789"><ele>2048.1</ele></trkpt><trkpt lat="47.154668582908435" lon="9.322077610595064"><ele>2046.9</ele></trkpt><trkpt lat="47.15469558309508" lon="9.322078610770015"><ele>2046.0</ele></trkpt><trkpt lat="47.15473958336453" lon="9.322093611022025"><ele>2044.7</ele></trkpt><trkpt lat="47.15476658350952" lon="9.322107611157412"><ele>2044.0</ele></trkpt><trkpt lat="47.154811583778915" lon="9.32210861141009"><ele>2042.7</ele></trkpt><trkpt lat="47.15484758392352" lon="9.322123611545363"><ele>2042.0</ele></trkpt><trkpt lat="47.154847583965285" lon="9.322136611583673"><ele>2041.8</ele></trkpt><trkpt lat="47.15485658396496" lon="9.322136611583598"><ele>2041.8</ele></trkpt><trkpt lat="47.15485558406929" lon="9.322149611680317"><ele>2041.3</ele></trkpt><trkpt lat="47.154846584215605" lon="9.32217561181541"><ele>2040.6</ele></trkpt><trkpt lat="47.15483758427858" lon="9.322188611873257"><ele>2040.3</ele></trkpt><trkpt lat="47.15482758429985" lon="9.322201611892176"><ele>2040.2</ele></trkpt><trkpt lat="47.15482758442505" lon="9.322228612007684"><ele>2039.6</ele></trkpt><trkpt lat="47.15483658446648" lon="9.322241612045925"><ele>2039.4</ele></trkpt><trkpt lat="47.15484558454959" lon="9.322255612123048"><ele>2039.0</ele></trkpt><trkpt lat="47.154881584673355" lon="9.322256612239533"><ele>2038.4</ele></trkpt><trkpt lat="47.154899584797775" lon="9.322256612356199"><ele>2037.8</ele></trkpt><trkpt lat="47.154935584984" lon="9.322231612532336"><ele>2036.9</ele></trkpt><trkpt lat="47.15500858535639" lon="9.32216861288522"><ele>2035.1</ele></trkpt><trkpt lat="47.155035585480405" lon="9.322143613003016"><ele>2034.5</ele></trkpt><trkpt lat="47.15505358550061" lon="9.322143613022346"><ele>2034.4</ele></trkpt><trkpt lat="47.15506258552108" lon="9.322144613041695"><ele>2034.3</ele></trkpt><trkpt lat="47.15506258558371" lon="9.322170613098848"><ele>2034.0</ele></trkpt><trkpt lat="47.15506158568815" lon="9.322196613194949"><ele>2033.5</ele></trkpt><trkpt lat="47.155052585855444" lon="9.32224961334822"><ele>2032.7</ele></trkpt><trkpt lat="47.15505158595985" lon="9.322275613444319"><ele>2032.2</ele></trkpt><trkpt lat="47.15506058606382" lon="9.322302613540295"><ele>2031.7</ele></trkpt><trkpt lat="47.155068586147" lon="9.322328613616863"><ele>2031.3</ele></trkpt><trkpt lat="47.155095586271216" lon="9.322356613732119"><ele>2030.7</ele></trkpt><trkpt lat="47.1551305865412" lon="9.322423613981728"><ele>2029.4</ele></trkpt><trkpt lat="47.15514858668655" lon="9.322437614117197"><ele>2028.7</ele></trkpt><trkpt lat="47.15516558679028" lon="9.322464614213116"><ele>2028.2</ele></trkpt><trkpt lat="47.15517358689433" lon="9.322504614308485"><ele>2027.7</ele></trkpt><trkpt lat="47.155173586998714" lon="9.322543614403964"><ele>2027.2</ele></trkpt><trkpt lat="47.155180587123944" lon="9.322662614515032"><ele>2026.6</ele></trkpt><trkpt lat="47.15516958720803" lon="9.32275461458859"><ele>2026.2</ele></trkpt><trkpt lat="47.15518558762488" lon="9.322887614971501"><ele>2024.2</ele></trkpt><trkpt lat="47.155176587687905" lon="9.322913615028739"><ele>2023.9</ele></trkpt><trkpt lat="47.15516758775084" lon="9.322925615086644"><ele>2023.6</ele></trkpt><trkpt lat="47.15517558779226" lon="9.32293961512485"><ele>2023.4</ele></trkpt><trkpt lat="47.155211587957794" lon="9.322953615279664"><ele>2022.6</ele></trkpt><trkpt lat="47.155256588164676" lon="9.322968615473304"><ele>2021.6</ele></trkpt><trkpt lat="47.15527458830997" lon="9.322982615608785"><ele>2020.9</ele></trkpt><trkpt lat="47.15529158845545" lon="9.323022615743033"><ele>2020.2</ele></trkpt><trkpt lat="47.15530858864269" lon="9.323075615915613"><ele>2019.3</ele></trkpt><trkpt lat="47.15533358912176" lon="9.323208616356903"><ele>2017.0</ele></trkpt><trkpt lat="47.15547958982666" lon="9.323635616997493"><ele>2013.6</ele></trkpt><trkpt lat="47.15548758986815" lon="9.323675617034471"><ele>2013.4</ele></trkpt><trkpt lat="47.155495589930595" lon="9.323728617090312"><ele>2013.1</ele></trkpt><trkpt lat="47.1554945900351" lon="9.323781617185158"><ele>2012.6</ele></trkpt><trkpt lat="47.155494590097824" lon="9.323834617241063"><ele>2012.3</ele></trkpt><trkpt lat="47.15548459018173" lon="9.32387361731717"><ele>2011.9</ele></trkpt><trkpt lat="47.155474590223896" lon="9.323912617354342"><ele>2011.7</ele></trkpt><trkpt lat="47.15546559022433" lon="9.323952617352518"><ele>2011.7</ele></trkpt><trkpt lat="47.15547359024496" lon="9.323991617370071"><ele>2011.6</ele></trkpt><trkpt lat="47.155490590244504" lon="9.324018617368663"><ele>2011.6</ele></trkpt><trkpt lat="47.15549959028599" lon="9.324045617406258"><ele>2011.4</ele></trkpt><trkpt lat="47.15547959047478" lon="9.324176617575446"><ele>2010.5</ele></trkpt><trkpt lat="47.1554695905169" lon="9.324202617613237"><ele>2010.3</ele></trkpt><trkpt lat="47.155469590579536" lon="9.324216617670992"><ele>2010.0</ele></trkpt><trkpt lat="47.15546859062143" lon="9.324268617707482"><ele>2009.8</ele></trkpt><trkpt lat="47.155459590663554" lon="9.32429461774526"><ele>2009.6</ele></trkpt><trkpt lat="47.15545859068458" lon="9.32433461776285"><ele>2009.5</ele></trkpt><trkpt lat="47.15544859081024" lon="9.324386617877298"><ele>2008.9</ele></trkpt><trkpt lat="47.155438590956834" lon="9.324478618009326"><ele>2008.2</ele></trkpt><trkpt lat="47.15543759099872" lon="9.32451861804639"><ele>2008.0</ele></trkpt><trkpt lat="47.15544659104022" lon="9.324558618083369"><ele>2007.8</ele></trkpt><trkpt lat="47.15546359110237" lon="9.324624618138536"><ele>2007.5</ele></trkpt><trkpt lat="47.15548059114354" lon="9.324664618175463"><ele>2007.3</ele></trkpt><trkpt lat="47.15550659124694" lon="9.324692618271309"><ele>2006.8</ele></trkpt><trkpt lat="47.15553359130856" lon="9.324719618328245"><ele>2006.5</ele></trkpt><trkpt lat="47.155578591327796" lon="9.32474761834605"><ele>2006.4</ele></trkpt><trkpt lat="47.15560459136857" lon="9.324761618384136"><ele>2006.2</ele></trkpt><trkpt lat="47.155631591388506" lon="9.324788618402128"><ele>2006.1</ele></trkpt><trkpt lat="47.15564059145083" lon="9.32480261845982"><ele>2005.8</ele></trkpt><trkpt lat="47.15567559167895" lon="9.324816618673111"><ele>2004.7</ele></trkpt><trkpt lat="47.155693591782594" lon="9.324830618769685"><ele>2004.2</ele></trkpt><trkpt lat="47.15571159180278" lon="9.32481861878959"><ele>2004.1</ele></trkpt><trkpt lat="47.155720591844094" lon="9.32481861882847"><ele>2003.9</ele></trkpt><trkpt lat="47.155747591968236" lon="9.324819618945064"><ele>2003.3</ele></trkpt><trkpt lat="47.15575659200962" lon="9.324832618983333"><ele>2003.1</ele></trkpt><trkpt lat="47.15575659203052" lon="9.324832619002805"><ele>2003.0</ele></trkpt><trkpt lat="47.155747592072636" lon="9.324858619040592"><ele>2002.8</ele></trkpt><trkpt lat="47.15572859215678" lon="9.324871619118028"><ele>2002.4</ele></trkpt><trkpt lat="47.15571059222007" lon="9.324884619175974"><ele>2002.1</ele></trkpt><trkpt lat="47.155692592304256" lon="9.324922619252213"><ele>2001.7</ele></trkpt><trkpt lat="47.15568259240894" lon="9.324935619349047"><ele>2001.2</ele></trkpt><trkpt lat="47.15568259249252" lon="9.32497561942506"><ele>2000.8</ele></trkpt><trkpt lat="47.15568159257606" lon="9.325028619500465"><ele>2000.4</ele></trkpt><trkpt lat="47.155662592660285" lon="9.32506661957672"><ele>2000.0</ele></trkpt><trkpt lat="47.155653592765034" lon="9.325106619672276"><ele>1999.5</ele></trkpt><trkpt lat="47.15565259286942" lon="9.325145619767818"><ele>1999.0</ele></trkpt><trkpt lat="47.155652592911224" lon="9.325172619805498"><ele>1998.8</ele></trkpt><trkpt lat="47.15566059297362" lon="9.32519861986264"><ele>1998.5</ele></trkpt><trkpt lat="47.15568659305626" lon="9.325265619937186"><ele>1998.1</ele></trkpt><trkpt lat="47.155685593098184" lon="9.325318619973647"><ele>1997.9</ele></trkpt><trkpt lat="47.15568359330719" lon="9.325450620162197"><ele>1996.9</ele></trkpt><trkpt lat="47.15568259339079" lon="9.325516620237"><ele>1996.5</ele></trkpt><trkpt lat="47.155691593453085" lon="9.325529620294752"><ele>1996.2</ele></trkpt><trkpt lat="47.15569959347376" lon="9.325556620312893"><ele>1996.1</ele></trkpt><trkpt lat="47.15571759355657" lon="9.325583620389397"><ele>1995.7</ele></trkpt><trkpt lat="47.155734593618575" lon="9.32561062044642"><ele>1995.4</ele></trkpt><trkpt lat="47.15575259370141" lon="9.325650620522312"><ele>1995.0</ele></trkpt><trkpt lat="47.15577859370063" lon="9.325691620520185"><ele>1995.0</ele></trkpt><trkpt lat="47.15578759372118" lon="9.325704620538978"><ele>1994.9</ele></trkpt><trkpt lat="47.15578659376298" lon="9.325730620576714"><ele>1994.7</ele></trkpt><trkpt lat="47.15579559380443" lon="9.32574462061494"><ele>1994.5</ele></trkpt><trkpt lat="47.15581359386642" lon="9.325771620671969"><ele>1994.2</ele></trkpt><trkpt lat="47.15582159390787" lon="9.325798620709591"><ele>1994.0</ele></trkpt><trkpt lat="47.15582959405379" lon="9.325864620842765"><ele>1993.3</ele></trkpt><trkpt lat="47.155838594074396" lon="9.325890620860951"><ele>1993.2</ele></trkpt><trkpt lat="47.15586459413609" lon="9.325931620917254"><ele>1992.9</ele></trkpt><trkpt lat="47.155872594198506" lon="9.325971620973746"><ele>1992.6</ele></trkpt><trkpt lat="47.155906594322715" lon="9.326091621084712"><ele>1992.0</ele></trkpt><trkpt lat="47.15591559446847" lon="9.326131621219114"><ele>1991.3</ele></trkpt><trkpt lat="47.15590559471928" lon="9.326183621450486"><ele>1990.1</ele></trkpt><trkpt lat="47.155904594802905" lon="9.326236621525913"><ele>1989.7</ele></trkpt><trkpt lat="47.155913594865154" lon="9.32624962158367"><ele>1989.4</ele></trkpt><trkpt lat="47.155983595154815" lon="9.326344621851383"><ele>1988.0</ele></trkpt><trkpt lat="47.15602859546595" lon="9.32634662214312"><ele>1986.5</ele></trkpt><trkpt lat="47.156135596150364" lon="9.326402622782489"><ele>1983.2</ele></trkpt><trkpt lat="47.156180596482486" lon="9.326430623092493"><ele>1981.6</ele></trkpt><trkpt lat="47.15622459679379" lon="9.32645862338304"><ele>1980.1</ele></trkpt><trkpt lat="47.156233596876895" lon="9.326472623460232"><ele>1979.7</ele></trkpt><trkpt lat="47.156233596939515" lon="9.326498623517455"><ele>1979.4</ele></trkpt><trkpt lat="47.15627759725089" lon="9.326539623807392"><ele>1977.9</ele></trkpt><trkpt lat="47.15630359752113" lon="9.326580624058515"><ele>1976.6</ele></trkpt><trkpt lat="47.156339597645065" lon="9.326607624173862"><ele>1976.0</ele></trkpt><trkpt lat="47.15637459772726" lon="9.326635624250212"><ele>1975.6</ele></trkpt><trkpt lat="47.15641059780942" lon="9.32666362432655"><ele>1975.2</ele></trkpt><trkpt lat="47.15646359776603" lon="9.326730624284071"><ele>1975.4</ele></trkpt><trkpt lat="47.156471597765744" lon="9.326744624283362"><ele>1975.4</ele></trkpt><trkpt lat="47.15648059780725" lon="9.326784624320384"><ele>1975.2</ele></trkpt><trkpt lat="47.156488597848764" lon="9.326810624358076"><ele>1975.0</ele></trkpt><trkpt lat="47.156515597931275" lon="9.326838624434487"><ele>1974.6</ele></trkpt><trkpt lat="47.15654259805547" lon="9.326852624550511"><ele>1974.0</ele></trkpt><trkpt lat="47.15655059805521" lon="9.326879624549195"><ele>1974.0</ele></trkpt><trkpt lat="47.1565775980752" lon="9.326906624567213"><ele>1973.9</ele></trkpt><trkpt lat="47.1565765980962" lon="9.326945624584887"><ele>1973.8</ele></trkpt><trkpt lat="47.15659359817915" lon="9.326999624660166"><ele>1973.4</ele></trkpt><trkpt lat="47.15659359822103" lon="9.32703862469731"><ele>1973.2</ele></trkpt><trkpt lat="47.15657459824265" lon="9.32707762471512"><ele>1973.1</ele></trkpt><trkpt lat="47.15658259826336" lon="9.327117624732677"><ele>1973.0</ele></trkpt><trkpt lat="47.156581598305266" lon="9.32717062476918"><ele>1972.8</ele></trkpt><trkpt lat="47.15659059834672" lon="9.327210624806211"><ele>1972.6</ele></trkpt><trkpt lat="47.15658959840953" lon="9.327276624861595"><ele>1972.3</ele></trkpt><trkpt lat="47.1565955987018" lon="9.327434625126935"><ele>1970.9</ele></trkpt><trkpt lat="47.15660359876428" lon="9.32750062518225"><ele>1970.6</ele></trkpt><trkpt lat="47.156620598868045" lon="9.327540625277674"><ele>1970.1</ele></trkpt><trkpt lat="47.1566295989304" lon="9.327580625334194"><ele>1969.8</ele></trkpt><trkpt lat="47.15665459911744" lon="9.327674625504978"><ele>1968.9</ele></trkpt><trkpt lat="47.15665359915939" lon="9.327726625541533"><ele>1968.7</ele></trkpt><trkpt lat="47.156671599263085" lon="9.327753625637556"><ele>1968.2</ele></trkpt><trkpt lat="47.1566795994297" lon="9.3277806257921"><ele>1967.4</ele></trkpt><trkpt lat="47.15669759953341" lon="9.327807625888125"><ele>1966.9</ele></trkpt><trkpt lat="47.15669759957516" lon="9.327820625926485"><ele>1966.7</ele></trkpt><trkpt lat="47.156687599659016" lon="9.327859626002681"><ele>1966.3</ele></trkpt><trkpt lat="47.156678599742875" lon="9.327885626079475"><ele>1965.9</ele></trkpt><trkpt lat="47.156677599847264" lon="9.32791262617564"><ele>1965.4</ele></trkpt><trkpt lat="47.156677599909905" lon="9.327925626233489"><ele>1965.1</ele></trkpt><trkpt lat="47.15668559995147" lon="9.327991626269336"><ele>1964.9</ele></trkpt><trkpt lat="47.15669360013911" lon="9.328057626441563"><ele>1964.0</ele></trkpt><trkpt lat="47.15669260022265" lon="9.328097626517652"><ele>1963.6</ele></trkpt><trkpt lat="47.15670060043107" lon="9.328150626709967"><ele>1962.6</ele></trkpt><trkpt lat="47.15671760082695" lon="9.328230627076321"><ele>1960.7</ele></trkpt><trkpt lat="47.156725600889374" lon="9.328283627132263"><ele>1960.4</ele></trkpt><trkpt lat="47.15672460095217" lon="9.328336627188266"><ele>1960.1</ele></trkpt><trkpt lat="47.15671460107784" lon="9.328401627302245"><ele>1959.5</ele></trkpt><trkpt lat="47.15670460118266" lon="9.328454627397289"><ele>1959.0</ele></trkpt><trkpt lat="47.15670360128712" lon="9.328506627492319"><ele>1958.5</ele></trkpt><trkpt lat="47.156684601413176" lon="9.328585627605712"><ele>1957.9</ele></trkpt><trkpt lat="47.156692601558994" lon="9.328638627739595"><ele>1957.2</ele></trkpt><trkpt lat="47.156691601684486" lon="9.328743627851665"><ele>1956.6</ele></trkpt><trkpt lat="47.15670860180914" lon="9.3287836279666"><ele>1956.0</ele></trkpt><trkpt lat="47.156716601934136" lon="9.32883762808096"><ele>1955.4</ele></trkpt><trkpt lat="47.156713602331074" lon="9.329034628442122"><ele>1953.5</ele></trkpt><trkpt lat="47.156656602855115" lon="9.329230628920662"><ele>1951.0</ele></trkpt><trkpt lat="47.15654460358968" lon="9.3294506295934"><ele>1947.5</ele></trkpt><trkpt lat="47.156515603862175" lon="9.32956862984152"><ele>1946.2</ele></trkpt><trkpt lat="47.156523603945416" lon="9.329608629917571"><ele>1945.8</ele></trkpt><trkpt lat="47.15653160379942" lon="9.329687629777478"><ele>1946.5</ele></trkpt><trkpt lat="47.15653160379942" lon="9.329687629777478"><ele>1946.5</ele></trkpt><trkpt lat="47.156566603777506" lon="9.329755629754608"><ele>1946.6</ele></trkpt><trkpt lat="47.156566603777506" lon="9.329755629754608"><ele>1946.6</ele></trkpt><trkpt lat="47.15660160381812" lon="9.329809629790844"><ele>1946.4</ele></trkpt><trkpt lat="47.156646603754005" lon="9.329837629730765"><ele>1946.7</ele></trkpt><trkpt lat="47.15666360358663" lon="9.329850629574143"><ele>1947.5</ele></trkpt><trkpt lat="47.15667260348206" lon="9.329864629475995"><ele>1948.0</ele></trkpt><trkpt lat="47.15667260333611" lon="9.329877629338988"><ele>1948.7</ele></trkpt><trkpt lat="47.15665360329518" lon="9.329903629298961"><ele>1948.9</ele></trkpt><trkpt lat="47.15664460317043" lon="9.329929629180903"><ele>1949.5</ele></trkpt><trkpt lat="47.15664460308709" lon="9.329942629102357"><ele>1949.9</ele></trkpt><trkpt lat="47.156653602919945" lon="9.329955628945786"><ele>1950.7</ele></trkpt><trkpt lat="47.15666160269035" lon="9.329995628729527"><ele>1951.8</ele></trkpt><trkpt lat="47.15667060262748" lon="9.329996628670948"><ele>1952.1</ele></trkpt><trkpt lat="47.15668860237663" lon="9.330009628436361"><ele>1953.3</ele></trkpt><trkpt lat="47.156714602042086" lon="9.330037628123076"><ele>1954.9</ele></trkpt><trkpt lat="47.1567326019372" lon="9.330037628025504"><ele>1955.4</ele></trkpt><trkpt lat="47.156750601790556" lon="9.330038627888905"><ele>1956.1</ele></trkpt><trkpt lat="47.15675960172772" lon="9.330052627829726"><ele>1956.4</ele></trkpt><trkpt lat="47.15678660141391" lon="9.330066627536562"><ele>1957.9</ele></trkpt><trkpt lat="47.156795601267675" lon="9.330079627399483"><ele>1958.6</ele></trkpt><trkpt lat="47.15677660114328" lon="9.330092627282093"><ele>1959.2</ele></trkpt><trkpt lat="47.156740600748485" lon="9.330143626909734"><ele>1961.1</ele></trkpt><trkpt lat="47.15673060058203" lon="9.330156626753304"><ele>1961.9</ele></trkpt><trkpt lat="47.15673060043614" lon="9.33016962661629"><ele>1962.6</ele></trkpt><trkpt lat="47.156739600227354" lon="9.330196626420088"><ele>1963.6</ele></trkpt><trkpt lat="47.1567476000186" lon="9.330223626223894"><ele>1964.6</ele></trkpt><trkpt lat="47.15672759901872" lon="9.330367625281921"><ele>1969.4</ele></trkpt><trkpt lat="47.15671759889403" lon="9.33039362516386"><ele>1970.0</ele></trkpt><trkpt lat="47.1567085987694" lon="9.33043262504518"><ele>1970.6</ele></trkpt><trkpt lat="47.15671759866478" lon="9.330446624947015"><ele>1971.1</ele></trkpt><trkpt lat="47.156735598497264" lon="9.330433624791578"><ele>1971.9</ele></trkpt><trkpt lat="47.15675359832975" lon="9.330421624636092"><ele>1972.7</ele></trkpt><trkpt lat="47.15678059809939" lon="9.330422624421466"><ele>1973.8</ele></trkpt><trkpt lat="47.15682559774315" lon="9.33041062409038"><ele>1975.5</ele></trkpt><trkpt lat="47.156852597471044" lon="9.330398623837384"><ele>1976.8</ele></trkpt><trkpt lat="47.15687059732443" lon="9.330412623700173"><ele>1977.5</ele></trkpt><trkpt lat="47.15689759705245" lon="9.33043962344536"><ele>1978.8</ele></trkpt><trkpt lat="47.15690559690619" lon="9.33045262330827"><ele>1979.5</ele></trkpt><trkpt lat="47.1569055967394" lon="9.33046662315171"><ele>1980.3</ele></trkpt><trkpt lat="47.156877596365185" lon="9.330517622798736"><ele>1982.1</ele></trkpt><trkpt lat="47.156886596198035" lon="9.330531622642098"><ele>1982.9</ele></trkpt><trkpt lat="47.15689559613518" lon="9.330531622583567"><ele>1983.2</ele></trkpt><trkpt lat="47.15689559598925" lon="9.330544622446538"><ele>1983.9</ele></trkpt><trkpt lat="47.15689459573911" lon="9.330571622211416"><ele>1985.1</ele></trkpt><trkpt lat="47.156894595614" lon="9.330584622093868"><ele>1985.7</ele></trkpt><trkpt lat="47.156903595446884" lon="9.330597621937283"><ele>1986.5</ele></trkpt><trkpt lat="47.15693059529993" lon="9.330598621800606"><ele>1987.2</ele></trkpt><trkpt lat="47.156939595237006" lon="9.330599621742024"><ele>1987.5</ele></trkpt><trkpt lat="47.15693959496593" lon="9.330612621488054"><ele>1988.8</ele></trkpt><trkpt lat="47.15692059473738" lon="9.330651621271993"><ele>1989.9</ele></trkpt><trkpt lat="47.1568745945515" lon="9.33070262109454"><ele>1990.8</ele></trkpt><trkpt lat="47.15681059449156" lon="9.330779621032942"><ele>1991.1</ele></trkpt><trkpt lat="47.15675559451462" lon="9.33084362104984"><ele>1991.0</ele></trkpt><trkpt lat="47.156736594286116" lon="9.330908620832545"><ele>1992.1</ele></trkpt><trkpt lat="47.156698594162805" lon="9.33102662071035"><ele>1992.7</ele></trkpt><trkpt lat="47.15666059395602" lon="9.331156620509624"><ele>1993.7</ele></trkpt><trkpt lat="47.15656559373114" lon="9.331469620281224"><ele>1994.8</ele></trkpt><trkpt lat="47.15653759373235" lon="9.331534620278376"><ele>1994.8</ele></trkpt><trkpt lat="47.15650959371273" lon="9.331599620256041"><ele>1994.9</ele></trkpt><trkpt lat="47.156489593630326" lon="9.331691620173894"><ele>1995.3</ele></trkpt><trkpt lat="47.156469593276896" lon="9.331796619837746"><ele>1997.0</ele></trkpt><trkpt lat="47.15644159302799" lon="9.331887619599767"><ele>1998.2</ele></trkpt><trkpt lat="47.15641359288324" lon="9.331952619460472"><ele>1998.9</ele></trkpt><trkpt lat="47.156393592717514" lon="9.33207061929912"><ele>1999.7</ele></trkpt><trkpt lat="47.156355592552444" lon="9.33218761913795"><ele>2000.5</ele></trkpt><trkpt lat="47.15634459244889" lon="9.33227961903623"><ele>2001.0</ele></trkpt><trkpt lat="47.15633459238697" lon="9.332358618974096"><ele>2001.3</ele></trkpt><trkpt lat="47.15627659243152" lon="9.332593619002429"><ele>2001.1</ele></trkpt><trkpt lat="47.15623859247505" lon="9.332724619035522"><ele>2000.9</ele></trkpt><trkpt lat="47.15621859247615" lon="9.332842619030101"><ele>2000.9</ele></trkpt><trkpt lat="47.15618759237379" lon="9.333092618921064"><ele>2001.4</ele></trkpt><trkpt lat="47.156166592312594" lon="9.333275618854092"><ele>2001.7</ele></trkpt><trkpt lat="47.156165592333714" lon="9.333341618870485"><ele>2001.6</ele></trkpt><trkpt lat="47.15616459222966" lon="9.333394618770509"><ele>2002.1</ele></trkpt><trkpt lat="47.1561725921253" lon="9.333460618669855"><ele>2002.6</ele></trkpt><trkpt lat="47.156171592083915" lon="9.333553618626475"><ele>2002.8</ele></trkpt><trkpt lat="47.156178592084" lon="9.333672618620797"><ele>2002.8</ele></trkpt><trkpt lat="47.15619459200028" lon="9.333764618538344"><ele>2003.2</ele></trkpt><trkpt lat="47.15620259204195" lon="9.333844618573492"><ele>2003.0</ele></trkpt><trkpt lat="47.15621859206246" lon="9.333924618589087"><ele>2002.9</ele></trkpt><trkpt lat="47.15622659212491" lon="9.333990618644398"><ele>2002.6</ele></trkpt><trkpt lat="47.156216592188144" lon="9.33408261869862"><ele>2002.3</ele></trkpt><trkpt lat="47.156222592292785" lon="9.334267618787319"><ele>2001.8</ele></trkpt><trkpt lat="47.15622959227189" lon="9.334346618764036"><ele>2001.9</ele></trkpt><trkpt lat="47.15624759239646" lon="9.33439961887839"><ele>2001.3</ele></trkpt><trkpt lat="47.156264592458555" lon="9.334440618934813"><ele>2001.0</ele></trkpt><trkpt lat="47.15629059245766" lon="9.334467618933346"><ele>2001.0</ele></trkpt><trkpt lat="47.15629959239486" lon="9.334494618873501"><ele>2001.3</ele></trkpt><trkpt lat="47.15629059231187" lon="9.334520618794354"><ele>2001.7</ele></trkpt><trkpt lat="47.156271592187494" lon="9.33453261867694"><ele>2002.3</ele></trkpt><trkpt lat="47.156253592084006" lon="9.334571618577744"><ele>2002.8</ele></trkpt><trkpt lat="47.1562435920428" lon="9.33461061853698"><ele>2003.0</ele></trkpt><trkpt lat="47.156242592043" lon="9.334663618534487"><ele>2003.0</ele></trkpt><trkpt lat="47.1562415920432" lon="9.33471661853199"><ele>2003.0</ele></trkpt><trkpt lat="47.156232592106186" lon="9.334742618589322"><ele>2002.7</ele></trkpt><trkpt lat="47.15622259208585" lon="9.334794618567441"><ele>2002.8</ele></trkpt><trkpt lat="47.15621359214882" lon="9.334820618624777"><ele>2002.5</ele></trkpt><trkpt lat="47.15621259216992" lon="9.33487361864178"><ele>2002.4</ele></trkpt><trkpt lat="47.15619359217069" lon="9.334899618640694"><ele>2002.4</ele></trkpt><trkpt lat="47.156184592171094" lon="9.334938618638926"><ele>2002.4</ele></trkpt><trkpt lat="47.15616559215113" lon="9.334990618617116"><ele>2002.5</ele></trkpt><trkpt lat="47.156126591944556" lon="9.335147618414998"><ele>2003.5</ele></trkpt><trkpt lat="47.156117591924186" lon="9.33518661839372"><ele>2003.6</ele></trkpt><trkpt lat="47.15610759188295" lon="9.335226618352912"><ele>2003.8</ele></trkpt><trkpt lat="47.156115591799356" lon="9.335265618273004"><ele>2004.2</ele></trkpt><trkpt lat="47.156106591799784" lon="9.33529161827185"><ele>2004.2</ele></trkpt><trkpt lat="47.156112591862545" lon="9.335437618323395"><ele>2003.9</ele></trkpt><trkpt lat="47.15612159184155" lon="9.335490618301318"><ele>2004.0</ele></trkpt><trkpt lat="47.15612059184178" lon="9.335543618298823"><ele>2004.0</ele></trkpt><trkpt lat="47.156101591800805" lon="9.335568618258781"><ele>2004.2</ele></trkpt><trkpt lat="47.15610159173838" lon="9.33560861819839"><ele>2004.5</ele></trkpt><trkpt lat="47.15610059146748" lon="9.335647617943044"><ele>2005.8</ele></trkpt><trkpt lat="47.15608259146823" lon="9.33567361794195"><ele>2005.8</ele></trkpt><trkpt lat="47.15607259146862" lon="9.335686617941407"><ele>2005.8</ele></trkpt><trkpt lat="47.15608159138491" lon="9.33569961786272"><ele>2006.2</ele></trkpt><trkpt lat="47.15609059128029" lon="9.335687617765714"><ele>2006.7</ele></trkpt><trkpt lat="47.15609959109234" lon="9.335700617589524"><ele>2007.6</ele></trkpt><trkpt lat="47.15607259098915" lon="9.335725617491043"><ele>2008.1</ele></trkpt><trkpt lat="47.15607159080163" lon="9.335765617313644"><ele>2009.0</ele></trkpt><trkpt lat="47.15608959080109" lon="9.335792617312231"><ele>2009.0</ele></trkpt><trkpt lat="47.15607959057217" lon="9.33581861709656"><ele>2010.1</ele></trkpt><trkpt lat="47.1560865903011" lon="9.33592461683796"><ele>2011.4</ele></trkpt><trkpt lat="47.15608659009279" lon="9.335977616640433"><ele>2012.4</ele></trkpt><trkpt lat="47.15609458984244" lon="9.33603061640383"><ele>2013.6</ele></trkpt><trkpt lat="47.156084589822086" lon="9.336069616382554"><ele>2013.7</ele></trkpt><trkpt lat="47.15608458963448" lon="9.336095616205801"><ele>2014.6</ele></trkpt><trkpt lat="47.15608358955126" lon="9.336148616125284"><ele>2015.0</ele></trkpt><trkpt lat="47.156100589258905" lon="9.336201615849603"><ele>2016.4</ele></trkpt><trkpt lat="47.15610058915464" lon="9.336201615752094"><ele>2016.9</ele></trkpt><trkpt lat="47.156109589091656" lon="9.336175615694756"><ele>2017.2</ele></trkpt><trkpt lat="47.15611858900789" lon="9.3361626156173"><ele>2017.6</ele></trkpt><trkpt lat="47.156136588798745" lon="9.336189615420853"><ele>2018.6</ele></trkpt><trkpt lat="47.15614558861083" lon="9.3362036152446"><ele>2019.5</ele></trkpt><trkpt lat="47.15616258833921" lon="9.336243614989035"><ele>2020.8</ele></trkpt><trkpt lat="47.156180588150974" lon="9.33625761481271"><ele>2021.7</ele></trkpt><trkpt lat="47.156207587774574" lon="9.336258614461416"><ele>2023.5</ele></trkpt><trkpt lat="47.15623458754412" lon="9.336232614247926"><ele>2024.6</ele></trkpt><trkpt lat="47.156262587355236" lon="9.336181614074631"><ele>2025.5</ele></trkpt><trkpt lat="47.15627258725038" lon="9.336128613979573"><ele>2026.0</ele></trkpt><trkpt lat="47.15630058712414" lon="9.33609061386416"><ele>2026.6</ele></trkpt><trkpt lat="47.15634558683043" lon="9.336065613591986"><ele>2028.0</ele></trkpt><trkpt lat="47.156372586641695" lon="9.336040613417458"><ele>2028.9</ele></trkpt><trkpt lat="47.15640158649442" lon="9.335975613283837"><ele>2029.6</ele></trkpt><trkpt lat="47.15643758630532" lon="9.335949613109287"><ele>2030.5</ele></trkpt><trkpt lat="47.15646458620001" lon="9.335950613011525"><ele>2031.0</ele></trkpt><trkpt lat="47.15648258611602" lon="9.33596461293271"><ele>2031.4</ele></trkpt><trkpt lat="47.156490585886516" lon="9.336031612714917"><ele>2032.5</ele></trkpt><trkpt lat="47.15651558565641" lon="9.336097612497037"><ele>2033.6</ele></trkpt><trkpt lat="47.15653358557248" lon="9.336138612416923"><ele>2034.0</ele></trkpt><trkpt lat="47.156541585426304" lon="9.336164612279093"><ele>2034.7</ele></trkpt><trkpt lat="47.15657658511237" lon="9.336218611983702"><ele>2036.2</ele></trkpt><trkpt lat="47.156594584965774" lon="9.33624561184575"><ele>2036.9</ele></trkpt><trkpt lat="47.156612584840055" lon="9.336259611727922"><ele>2037.5</ele></trkpt><trkpt lat="47.156629584714345" lon="9.336286611609479"><ele>2038.1</ele></trkpt><trkpt lat="47.15663858458897" lon="9.336313611491095"><ele>2038.7</ele></trkpt><trkpt lat="47.15666458435873" lon="9.336353611274443"><ele>2039.8</ele></trkpt><trkpt lat="47.15668258402442" lon="9.336367610961586"><ele>2041.4</ele></trkpt><trkpt lat="47.15670058385703" lon="9.33639461080412"><ele>2042.2</ele></trkpt><trkpt lat="47.15671758364797" lon="9.336421610607667"><ele>2043.2</ele></trkpt><trkpt lat="47.156726583522556" lon="9.336448610489276"><ele>2043.8</ele></trkpt><trkpt lat="47.15676258335441" lon="9.336449610332926"><ele>2044.6</ele></trkpt><trkpt lat="47.156779583353796" lon="9.33646361033212"><ele>2044.6</ele></trkpt><trkpt lat="47.15681458308157" lon="9.336517610075703"><ele>2045.9</ele></trkpt><trkpt lat="47.15683258285168" lon="9.336570609858468"><ele>2047.0</ele></trkpt><trkpt lat="47.15685858257971" lon="9.336611609602746"><ele>2048.3</ele></trkpt><trkpt lat="47.15688458251634" lon="9.33666460954147"><ele>2048.6</ele></trkpt><trkpt lat="47.15691158234856" lon="9.336692609383878"><ele>2049.4</ele></trkpt><trkpt lat="47.156919582202406" lon="9.336718609246034"><ele>2050.1</ele></trkpt><trkpt lat="47.156946582013795" lon="9.33674660906894"><ele>2051.0</ele></trkpt><trkpt lat="47.156963581888135" lon="9.336773608950477"><ele>2051.6</ele></trkpt><trkpt lat="47.15699958178253" lon="9.336787608852001"><ele>2052.1</ele></trkpt><trkpt lat="47.15704358171838" lon="9.336815608791788"><ele>2052.4</ele></trkpt><trkpt lat="47.157070581529794" lon="9.336856608614058"><ele>2053.3</ele></trkpt><trkpt lat="47.157096581382994" lon="9.336909608474759"><ele>2054.0</ele></trkpt><trkpt lat="47.15715858098457" lon="9.33696460810103"><ele>2055.9</ele></trkpt><trkpt lat="47.157211580774124" lon="9.336993607904164"><ele>2056.9</ele></trkpt><trkpt lat="47.1572745805842" lon="9.337048607725462"><ele>2057.8</ele></trkpt><trkpt lat="47.157390580225446" lon="9.337091607390892"><ele>2059.5</ele></trkpt><trkpt lat="47.157444580119105" lon="9.337093607292845"><ele>2060.0</ele></trkpt><trkpt lat="47.15756957982256" lon="9.337137607016663"><ele>2061.4</ele></trkpt><trkpt lat="47.15772157935817" lon="9.33720960658286"><ele>2063.6</ele></trkpt><trkpt lat="47.15785557910297" lon="9.33726660634497"><ele>2064.8</ele></trkpt><trkpt lat="47.15798057878551" lon="9.337310606049265"><ele>2066.3</ele></trkpt><trkpt lat="47.15808757859394" lon="9.337367605870092"><ele>2067.2</ele></trkpt><trkpt lat="47.15819457842311" lon="9.33741060571111"><ele>2068.0</ele></trkpt><trkpt lat="47.15831157823098" lon="9.337414605534446"><ele>2068.9</ele></trkpt><trkpt lat="47.15849157805725" lon="9.337421605376642"><ele>2069.7</ele></trkpt><trkpt lat="47.158653578009286" lon="9.337426605336109"><ele>2069.9</ele></trkpt><trkpt lat="47.15869857802853" lon="9.337441605354522"><ele>2069.8</ele></trkpt><trkpt lat="47.15869857802853" lon="9.337441605354522"><ele>2069.8</ele></trkpt><trkpt lat="47.15905657786904" lon="9.33753360521066"><ele>2070.5</ele></trkpt><trkpt lat="47.15921757773787" lon="9.337565605090798"><ele>2071.1</ele></trkpt><trkpt lat="47.15933557787924" lon="9.337530605228118"><ele>2070.4</ele></trkpt><trkpt lat="47.15933557787924" lon="9.337530605228118"><ele>2070.4</ele></trkpt><trkpt lat="47.159480577852754" lon="9.33749560520918"><ele>2070.5</ele></trkpt><trkpt lat="47.159743577925596" lon="9.337346605292408"><ele>2070.1</ele></trkpt><trkpt lat="47.1598705779831" lon="9.337285605352909"><ele>2069.8</ele></trkpt><trkpt lat="47.160050578143064" lon="9.33727860550788"><ele>2069.0</ele></trkpt><trkpt lat="47.16009557816212" lon="9.337266605527612"><ele>2068.9</ele></trkpt><trkpt lat="47.16009557816212" lon="9.337266605527612"><ele>2068.9</ele></trkpt><trkpt lat="47.16016857822181" lon="9.33722960558736"><ele>2068.6</ele></trkpt><trkpt lat="47.16028657836294" lon="9.337128605727901"><ele>2067.9</ele></trkpt><trkpt lat="47.16052157849983" lon="9.337084605864737"><ele>2067.2</ele></trkpt><trkpt lat="47.16052157849983" lon="9.337084605864737"><ele>2067.2</ele></trkpt><trkpt lat="47.160566578581545" lon="9.337072605942993"><ele>2066.8</ele></trkpt><trkpt lat="47.16060357864262" lon="9.33704760600244"><ele>2066.5</ele></trkpt><trkpt lat="47.16065757874483" lon="9.337036606100076"><ele>2066.0</ele></trkpt><trkpt lat="47.160720578867576" lon="9.337038606216517"><ele>2065.4</ele></trkpt><trkpt lat="47.16076557894925" lon="9.337013606295404"><ele>2065.0</ele></trkpt><trkpt lat="47.16080157903125" lon="9.33701460637309"><ele>2064.6</ele></trkpt><trkpt lat="47.16083757913421" lon="9.33701660647024"><ele>2064.1</ele></trkpt><trkpt lat="47.16088157932041" lon="9.337057606643446"><ele>2063.2</ele></trkpt><trkpt lat="47.16095257954744" lon="9.337139606853453"><ele>2062.1</ele></trkpt><trkpt lat="47.16099757975438" lon="9.337167607046796"><ele>2061.1</ele></trkpt><trkpt lat="47.16104157987787" lon="9.337168607163433"><ele>2060.5</ele></trkpt><trkpt lat="47.16108758004298" lon="9.337157607319657"><ele>2059.7</ele></trkpt><trkpt lat="47.16108758004298" lon="9.337157607319657"><ele>2059.7</ele></trkpt><trkpt lat="47.16117658047788" lon="9.33721260772591"><ele>2057.6</ele></trkpt><trkpt lat="47.161238580788456" lon="9.337228608017242"><ele>2056.1</ele></trkpt><trkpt lat="47.16129258099514" lon="9.337256608210522"><ele>2055.1</ele></trkpt><trkpt lat="47.16139058136703" lon="9.337299608558784"><ele>2053.3</ele></trkpt><trkpt lat="47.161452581677764" lon="9.33735460884823"><ele>2051.8</ele></trkpt><trkpt lat="47.1615155818006" lon="9.337370608964003"><ele>2051.2</ele></trkpt><trkpt lat="47.161613582109865" lon="9.337399609254433"><ele>2049.7</ele></trkpt><trkpt lat="47.16168558248271" lon="9.337415609604214"><ele>2047.9</ele></trkpt><trkpt lat="47.16175758266779" lon="9.337431609778442"><ele>2047.0</ele></trkpt><trkpt lat="47.16181958291591" lon="9.337460610010645"><ele>2045.8</ele></trkpt><trkpt lat="47.16188258312233" lon="9.337515610202571"><ele>2044.8</ele></trkpt><trkpt lat="47.16193558337079" lon="9.337556610434262"><ele>2043.6</ele></trkpt><trkpt lat="47.16201558374334" lon="9.33758561078337"><ele>2041.8</ele></trkpt><trkpt lat="47.16209658399077" lon="9.33761461101543"><ele>2040.6</ele></trkpt><trkpt lat="47.16217658442601" lon="9.337657611422395"><ele>2038.5</ele></trkpt><trkpt lat="47.16223958469488" lon="9.337672611674787"><ele>2037.2</ele></trkpt><trkpt lat="47.162310584921805" lon="9.337701611887427"><ele>2036.1</ele></trkpt><trkpt lat="47.162373585190686" lon="9.33771761213977"><ele>2034.8</ele></trkpt><trkpt lat="47.16243658564732" lon="9.33771961256836"><ele>2032.6</ele></trkpt><trkpt lat="47.162570586059694" lon="9.337776612954748"><ele>2030.6</ele></trkpt><trkpt lat="47.16265058624467" lon="9.337832613127016"><ele>2029.7</ele></trkpt><trkpt lat="47.16273058659658" lon="9.337901613454736"><ele>2028.0</ele></trkpt><trkpt lat="47.16279358678204" lon="9.33791661362911"><ele>2027.1</ele></trkpt><trkpt lat="47.16286458696721" lon="9.337932613803373"><ele>2026.2</ele></trkpt><trkpt lat="47.16292758725699" lon="9.33794761407529"><ele>2024.8</ele></trkpt><trkpt lat="47.16303558767033" lon="9.337978614463152"><ele>2022.8</ele></trkpt><trkpt lat="47.16303558767033" lon="9.337978614463152"><ele>2022.8</ele></trkpt><trkpt lat="47.163115587938755" lon="9.338033614713526"><ele>2021.5</ele></trkpt><trkpt lat="47.16322258835214" lon="9.338063615101447"><ele>2019.5</ele></trkpt><trkpt lat="47.16332958882822" lon="9.33812061554662"><ele>2017.2</ele></trkpt><trkpt lat="47.16340058938913" lon="9.338188616069592"><ele>2014.5</ele></trkpt><trkpt lat="47.16346258984604" lon="9.33825761649505"><ele>2012.3</ele></trkpt><trkpt lat="47.16347958999159" lon="9.338284616630204"><ele>2011.6</ele></trkpt><trkpt lat="47.163479590137726" lon="9.338310616765542"><ele>2010.9</ele></trkpt><trkpt lat="47.16349659032494" lon="9.338337616939716"><ele>2010.0</ele></trkpt><trkpt lat="47.16352359053266" lon="9.338351617133949"><ele>2009.0</ele></trkpt><trkpt lat="47.16354159078248" lon="9.33837861736665"><ele>2007.8</ele></trkpt><trkpt lat="47.16355859096974" lon="9.338418617540212"><ele>2006.9</ele></trkpt><trkpt lat="47.16357559113617" lon="9.338459617694227"><ele>2006.1</ele></trkpt><trkpt lat="47.16360259113522" lon="9.338473617693355"><ele>2006.1</ele></trkpt><trkpt lat="47.163638591363366" lon="9.33846161790826"><ele>2005.0</ele></trkpt><trkpt lat="47.16367459150817" lon="9.338488618043279"><ele>2004.3</ele></trkpt><trkpt lat="47.16377359196359" lon="9.33850561847095"><ele>2002.1</ele></trkpt><trkpt lat="47.16380859221278" lon="9.338533618703483"><ele>2000.9</ele></trkpt><trkpt lat="47.163844592336694" lon="9.338547618819613"><ele>2000.3</ele></trkpt><trkpt lat="47.16387059244013" lon="9.338575618915645"><ele>1999.8</ele></trkpt><trkpt lat="47.163888592564675" lon="9.338588619031961"><ele>1999.2</ele></trkpt><trkpt lat="47.1638975926687" lon="9.338589619129397"><ele>1998.7</ele></trkpt><trkpt lat="47.16393359293868" lon="9.338603619382104"><ele>1997.4</ele></trkpt><trkpt lat="47.163969593208634" lon="9.338618619634762"><ele>1996.1</ele></trkpt><trkpt lat="47.16397759335452" lon="9.338644619770053"><ele>1995.4</ele></trkpt><trkpt lat="47.163995593499955" lon="9.338658619905834"><ele>1994.7</ele></trkpt><trkpt lat="47.16400459358312" lon="9.33867261998315"><ele>1994.3</ele></trkpt><trkpt lat="47.164021593770435" lon="9.338712620156743"><ele>1993.4</ele></trkpt><trkpt lat="47.16403059391622" lon="9.338739620291976"><ele>1992.7</ele></trkpt><trkpt lat="47.16405759414472" lon="9.338726620507005"><ele>1991.6</ele></trkpt><trkpt lat="47.164093594372865" lon="9.33871462072192"><ele>1990.5</ele></trkpt><trkpt lat="47.16415559491333" lon="9.33876962122616"><ele>1987.9</ele></trkpt><trkpt lat="47.164200595329056" lon="9.338784621615343"><ele>1985.9</ele></trkpt><trkpt lat="47.164263595785826" lon="9.338800622043367"><ele>1983.7</ele></trkpt><trkpt lat="47.164326596263464" lon="9.33878962249217"><ele>1981.4</ele></trkpt><trkpt lat="47.16439859667809" lon="9.338778622882367"><ele>1979.4</ele></trkpt><trkpt lat="47.164452597093494" lon="9.338780623272097"><ele>1977.4</ele></trkpt><trkpt lat="47.164479597301174" lon="9.338781623466959"><ele>1976.4</ele></trkpt><trkpt lat="47.164515597487544" lon="9.338743623644064"><ele>1975.5</ele></trkpt><trkpt lat="47.16454359771605" lon="9.338730623859085"><ele>1974.4</ele></trkpt><trkpt lat="47.164569597861224" lon="9.338758623994163"><ele>1973.7</ele></trkpt><trkpt lat="47.164587598131995" lon="9.338798624245818"><ele>1972.4</ele></trkpt><trkpt lat="47.1645955982779" lon="9.338838624380482"><ele>1971.7</ele></trkpt><trkpt lat="47.16458559836188" lon="9.338890624456184"><ele>1971.3</ele></trkpt><trkpt lat="47.16459459836163" lon="9.33891762445486"><ele>1971.3</ele></trkpt><trkpt lat="47.16462059854861" lon="9.338944624629022"><ele>1970.4</ele></trkpt><trkpt lat="47.16462959869443" lon="9.338971624764278"><ele>1969.7</ele></trkpt><trkpt lat="47.16462859877799" lon="9.33899762484113"><ele>1969.3</ele></trkpt><trkpt lat="47.164646598902586" lon="9.339011624957413"><ele>1968.7</ele></trkpt><trkpt lat="47.16470059921367" lon="9.3390136252496"><ele>1967.2</ele></trkpt><trkpt lat="47.16481759968926" lon="9.338991625698522"><ele>1964.9</ele></trkpt><trkpt lat="47.16483559979301" lon="9.339005625795302"><ele>1964.4</ele></trkpt><trkpt lat="47.164853599896766" lon="9.339018625892125"><ele>1963.9</ele></trkpt><trkpt lat="47.164871599958715" lon="9.339019625950481"><ele>1963.6</ele></trkpt><trkpt lat="47.16489860006206" lon="9.339020626047793"><ele>1963.1</ele></trkpt><trkpt lat="47.16491660012402" lon="9.339021626106145"><ele>1962.8</ele></trkpt><trkpt lat="47.16493360024869" lon="9.339048626221846"><ele>1962.2</ele></trkpt><trkpt lat="47.16496960056045" lon="9.339062626513613"><ele>1960.7</ele></trkpt><trkpt lat="47.164996600663834" lon="9.33906362661093"><ele>1960.2</ele></trkpt><trkpt lat="47.16500560072608" lon="9.339063626669398"><ele>1959.9</ele></trkpt><trkpt lat="47.16501460076746" lon="9.339051626708914"><ele>1959.7</ele></trkpt><trkpt lat="47.16503260089202" lon="9.339064626825248"><ele>1959.1</ele></trkpt><trkpt lat="47.16505060095396" lon="9.339052626884211"><ele>1958.8</ele></trkpt><trkpt lat="47.16505960103708" lon="9.339039626962792"><ele>1958.4</ele></trkpt><trkpt lat="47.16506960114107" lon="9.33902662706088"><ele>1957.9</ele></trkpt><trkpt lat="47.16509560132794" lon="9.33904062723565"><ele>1957.0</ele></trkpt><trkpt lat="47.16511360145251" lon="9.339041627352543"><ele>1956.4</ele></trkpt><trkpt lat="47.16513160157717" lon="9.339068627468238"><ele>1955.8</ele></trkpt><trkpt lat="47.16515860182664" lon="9.339082627701544"><ele>1954.6</ele></trkpt><trkpt lat="47.165176601930305" lon="9.339069627799573"><ele>1954.1</ele></trkpt><trkpt lat="47.16524960236576" lon="9.3390196282111"><ele>1952.0</ele></trkpt><trkpt lat="47.16527660249002" lon="9.339020628327923"><ele>1951.4</ele></trkpt><trkpt lat="47.16530360263509" lon="9.339008628464862"><ele>1950.7</ele></trkpt><trkpt lat="47.165321602717896" lon="9.338995628543376"><ele>1950.3</ele></trkpt><trkpt lat="47.16533060278011" lon="9.338983628602398"><ele>1950.0</ele></trkpt><trkpt lat="47.165357602883475" lon="9.338984628699714"><ele>1949.5</ele></trkpt><trkpt lat="47.16539360306999" lon="9.33897262887561"><ele>1948.6</ele></trkpt><trkpt lat="47.165420603215146" lon="9.338986629011353"><ele>1947.9</ele></trkpt><trkpt lat="47.16544760327676" lon="9.338974629070242"><ele>1947.6</ele></trkpt><trkpt lat="47.165457603359776" lon="9.338961629148814"><ele>1947.2</ele></trkpt><trkpt lat="47.16548460344224" lon="9.338948629227257"><ele>1946.8</ele></trkpt><trkpt lat="47.165538603669845" lon="9.338924629442596"><ele>1945.7</ele></trkpt><trkpt lat="47.165556603731766" lon="9.338925629500952"><ele>1945.4</ele></trkpt><trkpt lat="47.16558360385606" lon="9.338939629617188"><ele>1944.8</ele></trkpt><trkpt lat="47.165628604084" lon="9.338940629831448"><ele>1943.7</ele></trkpt><trkpt lat="47.16564660425031" lon="9.33892862998796"><ele>1942.9</ele></trkpt><trkpt lat="47.16566460437488" lon="9.33892963010486"><ele>1942.3</ele></trkpt><trkpt lat="47.16569160462428" lon="9.338903630339999"><ele>1941.1</ele></trkpt><trkpt lat="47.16574560497711" lon="9.338918630670626"><ele>1939.4</ele></trkpt><trkpt lat="47.16578160514286" lon="9.338933630825776"><ele>1938.6</ele></trkpt><trkpt lat="47.16580860532975" lon="9.33893463100114"><ele>1937.7</ele></trkpt><trkpt lat="47.165843605495574" lon="9.338974631155157"><ele>1936.9</ele></trkpt><trkpt lat="47.16589760576504" lon="9.339003631407097"><ele>1935.6</ele></trkpt><trkpt lat="47.16595960605511" lon="9.33905863167731"><ele>1934.2</ele></trkpt><trkpt lat="47.165985606179525" lon="9.339085631792965"><ele>1933.6</ele></trkpt><trkpt lat="47.16601260632471" lon="9.339112631928124"><ele>1932.9</ele></trkpt><trkpt lat="47.16604760649059" lon="9.339153632082105"><ele>1932.1</ele></trkpt><trkpt lat="47.166056606552935" lon="9.339180632139348"><ele>1931.8</ele></trkpt><trkpt lat="47.16606560661527" lon="9.33919363219723"><ele>1931.5</ele></trkpt><trkpt lat="47.16608260667735" lon="9.339207632255007"><ele>1931.2</ele></trkpt><trkpt lat="47.16609160673964" lon="9.339208632313433"><ele>1930.9</ele></trkpt><trkpt lat="47.166109606885044" lon="9.339208632449894"><ele>1930.2</ele></trkpt><trkpt lat="47.1661366070302" lon="9.339209632586245"><ele>1929.5</ele></trkpt><trkpt lat="47.16616360721707" lon="9.33921063276162"><ele>1928.6</ele></trkpt><trkpt lat="47.166181607299876" lon="9.339224632838905"><ele>1928.2</ele></trkpt><trkpt lat="47.16619960738288" lon="9.3392516329156"><ele>1927.8</ele></trkpt><trkpt lat="47.1662076074244" lon="9.339278632953341"><ele>1927.6</ele></trkpt><trkpt lat="47.1662256075699" lon="9.339291633089216"><ele>1926.9</ele></trkpt><trkpt lat="47.16624360767365" lon="9.339305633186012"><ele>1926.4</ele></trkpt><trkpt lat="47.16626160773565" lon="9.339306633244377"><ele>1926.1</ele></trkpt><trkpt lat="47.16628860779729" lon="9.339307633302674"><ele>1925.8</ele></trkpt><trkpt lat="47.16631560796329" lon="9.339308633458542"><ele>1925.0</ele></trkpt><trkpt lat="47.16633260802536" lon="9.339322633516325"><ele>1924.7</ele></trkpt><trkpt lat="47.166359608149655" lon="9.339336633632572"><ele>1924.1</ele></trkpt><trkpt lat="47.16641260848182" lon="9.339377633942544"><ele>1922.5</ele></trkpt><trkpt lat="47.16643060864818" lon="9.339391634097892"><ele>1921.7</ele></trkpt><trkpt lat="47.166493609000824" lon="9.33940763442844"><ele>1920.0</ele></trkpt><trkpt lat="47.1665206091251" lon="9.33940763454533"><ele>1919.4</ele></trkpt><trkpt lat="47.16657460937366" lon="9.33940963477901"><ele>1918.2</ele></trkpt><trkpt lat="47.166601609456166" lon="9.339424634856192"><ele>1917.8</ele></trkpt><trkpt lat="47.16664660949634" lon="9.339425634894843"><ele>1917.6</ele></trkpt><trkpt lat="47.16667260972506" lon="9.339439635108677"><ele>1916.5</ele></trkpt><trkpt lat="47.166690609828805" lon="9.339440635206074"><ele>1916.0</ele></trkpt><trkpt lat="47.166717609911366" lon="9.3394546352833"><ele>1915.6</ele></trkpt><trkpt lat="47.16674460995214" lon="9.339442635322673"><ele>1915.4</ele></trkpt><trkpt lat="47.166762610118504" lon="9.339456635478024"><ele>1914.6</ele></trkpt><trkpt lat="47.16680761030473" lon="9.339457635653277"><ele>1913.7</ele></trkpt><trkpt lat="47.16685261059533" lon="9.339446635926647"><ele>1912.3</ele></trkpt><trkpt lat="47.166888610781875" lon="9.339434636102553"><ele>1911.4</ele></trkpt><trkpt lat="47.16693461103067" lon="9.339409636337518"><ele>1910.2</ele></trkpt><trkpt lat="47.16696161113404" lon="9.339397636435432"><ele>1909.7</ele></trkpt><trkpt lat="47.16697961125868" lon="9.339411636551755"><ele>1909.1</ele></trkpt><trkpt lat="47.1670426117156" lon="9.33940063698111"><ele>1906.9</ele></trkpt><trkpt lat="47.167060611819345" lon="9.33940063707855"><ele>1906.4</ele></trkpt><trkpt lat="47.167078612006584" lon="9.339414637253418"><ele>1905.5</ele></trkpt><trkpt lat="47.167096612172934" lon="9.33941563740936"><ele>1904.7</ele></trkpt><trkpt lat="47.16713261231777" lon="9.339416637545648"><ele>1904.0</ele></trkpt><trkpt lat="47.16719561273302" lon="9.33941863793539"><ele>1902.0</ele></trkpt><trkpt lat="47.16727661329369" lon="9.339408638462144"><ele>1899.3</ele></trkpt><trkpt lat="47.16731161350127" lon="9.33942263865641"><ele>1898.3</ele></trkpt><trkpt lat="47.16733061358404" lon="9.339410638734867"><ele>1897.9</ele></trkpt><trkpt lat="47.167338613688194" lon="9.339423638831798"><ele>1897.4</ele></trkpt><trkpt lat="47.167375613916406" lon="9.33941163904673"><ele>1896.3</ele></trkpt><trkpt lat="47.1674376144153" lon="9.339440639513338"><ele>1893.9</ele></trkpt><trkpt lat="47.167446614498495" lon="9.339440639591329"><ele>1893.5</ele></trkpt><trkpt lat="47.16746461456048" lon="9.339441639649698"><ele>1893.2</ele></trkpt><trkpt lat="47.16747361476886" lon="9.339441639844779"><ele>1892.2</ele></trkpt><trkpt lat="47.16750061499761" lon="9.339455640058622"><ele>1891.1</ele></trkpt><trkpt lat="47.167518615101415" lon="9.339469640155443"><ele>1890.6</ele></trkpt><trkpt lat="47.16759861541177" lon="9.33949964044625"><ele>1889.1</ele></trkpt><trkpt lat="47.16765261555601" lon="9.339500640582418"><ele>1888.4</ele></trkpt><trkpt lat="47.1676616156184" lon="9.339514640640278"><ele>1888.1</ele></trkpt><trkpt lat="47.167679615701225" lon="9.339515640718165"><ele>1887.7</ele></trkpt><trkpt lat="47.16768861570089" lon="9.339515640718098"><ele>1887.7</ele></trkpt><trkpt lat="47.16775061592845" lon="9.33954464093102"><ele>1886.6</ele></trkpt><trkpt lat="47.16779561605217" lon="9.339558641047166"><ele>1886.0</ele></trkpt><trkpt lat="47.167822616155625" lon="9.339572641143928"><ele>1885.5</ele></trkpt><trkpt lat="47.167849616279945" lon="9.339573641260781"><ele>1884.9</ele></trkpt><trkpt lat="47.167858616363134" lon="9.33957464133873"><ele>1884.5</ele></trkpt><trkpt lat="47.16788561642487" lon="9.33958864139646"><ele>1884.2</ele></trkpt><trkpt lat="47.16790261648688" lon="9.33958964145484"><ele>1883.9</ele></trkpt><trkpt lat="47.16792161654881" lon="9.339576641513823"><ele>1883.6</ele></trkpt><trkpt lat="47.167947616631416" lon="9.339590641591078"><ele>1883.2</ele></trkpt><trkpt lat="47.16796561675605" lon="9.339591641707997"><ele>1882.6</ele></trkpt><trkpt lat="47.16799261681774" lon="9.339592641766304"><ele>1882.3</ele></trkpt><trkpt lat="47.16800161688009" lon="9.339592641824785"><ele>1882.0</ele></trkpt><trkpt lat="47.16803761700399" lon="9.339593641941573"><ele>1881.4</ele></trkpt><trkpt lat="47.16809161723178" lon="9.339595642155766"><ele>1880.3</ele></trkpt><trkpt lat="47.16813661735553" lon="9.339610642271868"><ele>1879.7</ele></trkpt><trkpt lat="47.16819961764558" lon="9.339612642544543"><ele>1878.3</ele></trkpt><trkpt lat="47.16821761770757" lon="9.339613642602911"><ele>1878.0</ele></trkpt><trkpt lat="47.16822661776988" lon="9.3396136426614"><ele>1877.7</ele></trkpt><trkpt lat="47.16824461781101" lon="9.339614642700253"><ele>1877.5</ele></trkpt><trkpt lat="47.16827161803981" lon="9.339641642913534"><ele>1876.4</ele></trkpt><trkpt lat="47.16830661818473" lon="9.339642643049853"><ele>1875.7</ele></trkpt><trkpt lat="47.168315618288766" lon="9.339643643147319"><ele>1875.2</ele></trkpt><trkpt lat="47.16840561884935" lon="9.33967264367232"><ele>1872.5</ele></trkpt><trkpt lat="47.16842361901585" lon="9.339699643827121"><ele>1871.7</ele></trkpt><trkpt lat="47.16844961918192" lon="9.33970064398302"><ele>1870.9</ele></trkpt><trkpt lat="47.1684856193477" lon="9.339702644138804"><ele>1870.1</ele></trkpt><trkpt lat="47.168503619451485" lon="9.339715644235675"><ele>1869.6</ele></trkpt><trkpt lat="47.16853061961758" lon="9.339716644391567"><ele>1868.8</ele></trkpt><trkpt lat="47.16857561995006" lon="9.339744644702268"><ele>1867.2</ele></trkpt><trkpt lat="47.168638620240216" lon="9.339747644974913"><ele>1865.8</ele></trkpt><trkpt lat="47.16867362036427" lon="9.339761645091144"><ele>1865.2</ele></trkpt><trkpt lat="47.1687366206336" lon="9.33979064534313"><ele>1863.9</ele></trkpt><trkpt lat="47.168780620757374" lon="9.339818645458685"><ele>1863.3</ele></trkpt><trkpt lat="47.168807620902584" lon="9.339819645595059"><ele>1862.6</ele></trkpt><trkpt lat="47.16882562100642" lon="9.339832645691944"><ele>1862.1</ele></trkpt><trkpt lat="47.168905621296005" lon="9.339875645962719"><ele>1860.7</ele></trkpt><trkpt lat="47.16896862148188" lon="9.339917646136076"><ele>1859.8</ele></trkpt><trkpt lat="47.1689956215853" lon="9.339918646233418"><ele>1859.3</ele></trkpt><trkpt lat="47.1690396216674" lon="9.339946646309947"><ele>1858.9</ele></trkpt><trkpt lat="47.1690396216674" lon="9.339946646309947"><ele>1858.9</ele></trkpt><trkpt lat="47.16906662181258" lon="9.339933646446942"><ele>1858.2</ele></trkpt><trkpt lat="47.16910362185302" lon="9.339921646486237"><ele>1858.0</ele></trkpt><trkpt lat="47.16912162189412" lon="9.339909646525669"><ele>1857.8</ele></trkpt><trkpt lat="47.169148621955856" lon="9.339923646583411"><ele>1857.5</ele></trkpt><trkpt lat="47.16918362203816" lon="9.339938646660576"><ele>1857.1</ele></trkpt><trkpt lat="47.169255622411605" lon="9.339966647010138"><ele>1855.3</ele></trkpt><trkpt lat="47.169309622618556" lon="9.339982647204229"><ele>1854.3</ele></trkpt><trkpt lat="47.16935362286766" lon="9.340010647436895"><ele>1853.1</ele></trkpt><trkpt lat="47.1693986231166" lon="9.340011647670735"><ele>1851.9</ele></trkpt><trkpt lat="47.16946162340671" lon="9.340000647944008"><ele>1850.5</ele></trkpt><trkpt lat="47.16954362377961" lon="9.339950648296913"><ele>1848.7</ele></trkpt><trkpt lat="47.16957962390353" lon="9.339925648414852"><ele>1848.1</ele></trkpt><trkpt lat="47.16964362421452" lon="9.33991464870763"><ele>1846.6</ele></trkpt><trkpt lat="47.16967862431773" lon="9.339929648804315"><ele>1846.1</ele></trkpt><trkpt lat="47.16971562456698" lon="9.339917649038776"><ele>1844.9</ele></trkpt><trkpt lat="47.16975162473276" lon="9.339918649194614"><ele>1844.1</ele></trkpt><trkpt lat="47.16978662485685" lon="9.339919649311426"><ele>1843.5</ele></trkpt><trkpt lat="47.169822625064405" lon="9.339921649506255"><ele>1842.5</ele></trkpt><trkpt lat="47.16984962525137" lon="9.339922649681677"><ele>1841.6</ele></trkpt><trkpt lat="47.1699036254792" lon="9.339924649895892"><ele>1840.5</ele></trkpt><trkpt lat="47.16995862570693" lon="9.339899650111278"><ele>1839.4</ele></trkpt><trkpt lat="47.16999462585181" lon="9.339874650248728"><ele>1838.7</ele></trkpt><trkpt lat="47.17007662614119" lon="9.339837650522995"><ele>1837.3</ele></trkpt><trkpt lat="47.17012162630665" lon="9.339826650679285"><ele>1836.5</ele></trkpt><trkpt lat="47.170157626535044" lon="9.339814650894235"><ele>1835.4</ele></trkpt><trkpt lat="47.17019362659645" lon="9.339802650953057"><ele>1835.1</ele></trkpt><trkpt lat="47.170203626763104" lon="9.339789651109681"><ele>1834.3</ele></trkpt><trkpt lat="47.17025762692823" lon="9.339765651266474"><ele>1833.5</ele></trkpt><trkpt lat="47.17030362717713" lon="9.339727651501994"><ele>1832.3</ele></trkpt><trkpt lat="47.17032162728081" lon="9.339701651600576"><ele>1831.8</ele></trkpt><trkpt lat="47.17033062736398" lon="9.339675651679702"><ele>1831.4</ele></trkpt><trkpt lat="47.170376627571166" lon="9.339663651875064"><ele>1830.4</ele></trkpt><trkpt lat="47.17043062792429" lon="9.339652652206942"><ele>1828.7</ele></trkpt><trkpt lat="47.1704756280689" lon="9.339654652343157"><ele>1828.0</ele></trkpt><trkpt lat="47.170511628276444" lon="9.33964265253859"><ele>1827.0</ele></trkpt><trkpt lat="47.17053862848429" lon="9.339616652734684"><ele>1826.0</ele></trkpt><trkpt lat="47.17059262869127" lon="9.339631652928828"><ele>1825.0</ele></trkpt><trkpt lat="47.1706286288988" lon="9.33960665312482"><ele>1824.0</ele></trkpt><trkpt lat="47.17069262923069" lon="9.339595653437113"><ele>1822.4</ele></trkpt><trkpt lat="47.17072862941737" lon="9.339597653612422"><ele>1821.5</ele></trkpt><trkpt lat="47.17076462962499" lon="9.339598653807295"><ele>1820.5</ele></trkpt><trkpt lat="47.17079162977014" lon="9.339572653944842"><ele>1819.8</ele></trkpt><trkpt lat="47.170827630019495" lon="9.339561654179263"><ele>1818.6</ele></trkpt><trkpt lat="47.17089963039285" lon="9.339537654531087"><ele>1816.8</ele></trkpt><trkpt lat="47.17094463068371" lon="9.339552654803368"><ele>1815.4</ele></trkpt><trkpt lat="47.170998631036824" lon="9.339540655135291"><ele>1813.7</ele></trkpt><trkpt lat="47.17105363134813" lon="9.339516655428685"><ele>1812.2</ele></trkpt><trkpt lat="47.171098631576214" lon="9.339504655643566"><ele>1811.1</ele></trkpt><trkpt lat="47.1711166317009" lon="9.339492655761049"><ele>1810.5</ele></trkpt><trkpt lat="47.17113463178379" lon="9.339479655839547"><ele>1810.1</ele></trkpt><trkpt lat="47.171170631991444" lon="9.339494656033825"><ele>1809.1</ele></trkpt><trkpt lat="47.171341632988096" lon="9.339526656968085"><ele>1804.3</ele></trkpt><trkpt lat="47.17139463321606" lon="9.339528657182319"><ele>1803.2</ele></trkpt><trkpt lat="47.17143963352776" lon="9.339530657474677"><ele>1801.7</ele></trkpt><trkpt lat="47.171502633755374" lon="9.339532657688844"><ele>1800.6</ele></trkpt><trkpt lat="47.17154763396271" lon="9.339533657883663"><ele>1799.6</ele></trkpt><trkpt lat="47.17157563404525" lon="9.339521657962047"><ele>1799.2</ele></trkpt><trkpt lat="47.171602634106875" lon="9.33948365802202"><ele>1798.9</ele></trkpt><trkpt lat="47.17162963418948" lon="9.33947065810045"><ele>1798.5</ele></trkpt><trkpt lat="47.17165663429299" lon="9.339471658197809"><ele>1798.0</ele></trkpt><trkpt lat="47.17166663435522" lon="9.339445658257388"><ele>1797.7</ele></trkpt><trkpt lat="47.17168463452163" lon="9.339433658413906"><ele>1796.9</ele></trkpt><trkpt lat="47.17169363462576" lon="9.339420658511981"><ele>1796.4</ele></trkpt><trkpt lat="47.17170263475074" lon="9.33942065862902"><ele>1795.8</ele></trkpt><trkpt lat="47.171738634958366" lon="9.339421658823898"><ele>1794.8</ele></trkpt><trkpt lat="47.17175663510392" lon="9.339409658960896"><ele>1794.1</ele></trkpt><trkpt lat="47.171793635353175" lon="9.339384659195899"><ele>1792.9</ele></trkpt><trkpt lat="47.17183863560223" lon="9.339372659430296"><ele>1791.7</ele></trkpt><trkpt lat="47.17190163587162" lon="9.339361659684045"><ele>1790.4</ele></trkpt><trkpt lat="47.17201863661944" lon="9.33935266038623"><ele>1786.8</ele></trkpt><trkpt lat="47.17206363684766" lon="9.33934166060107"><ele>1785.7</ele></trkpt><trkpt lat="47.17210963715921" lon="9.339289660895691"><ele>1784.2</ele></trkpt><trkpt lat="47.17217363755378" lon="9.339239661268168"><ele>1782.3</ele></trkpt><trkpt lat="47.17221163792815" lon="9.339148661623021"><ele>1780.5</ele></trkpt><trkpt lat="47.172238638115154" lon="9.339122661799577"><ele>1779.6</ele></trkpt><trkpt lat="47.172265638218626" lon="9.33909766189802"><ele>1779.1</ele></trkpt><trkpt lat="47.172302638300884" lon="9.33908566197634"><ele>1778.7</ele></trkpt><trkpt lat="47.17231163834231" lon="9.339059662016398"><ele>1778.5</ele></trkpt><trkpt lat="47.17233863861286" lon="9.339034662270972"><ele>1777.2</ele></trkpt><trkpt lat="47.172357638758335" lon="9.33900866240854"><ele>1776.5</ele></trkpt><trkpt lat="47.17239363888246" lon="9.339009662525351"><ele>1775.9</ele></trkpt><trkpt lat="47.172420638923356" lon="9.339023662563614"><ele>1775.7</ele></trkpt><trkpt lat="47.172420638923356" lon="9.339023662563614"><ele>1775.7</ele></trkpt><trkpt lat="47.17239163923786" lon="9.33912866285217"><ele>1774.2</ele></trkpt></trkseg></trk></gpx>