<?xml version="1.0" encoding="utf-8"?><gpx version="1.1" creator="MySchweizMobil - https://map.schweizmobil.ch/" xmlns:xsi="http://www.w3.org/2001/XMLSchema-instance" xmlns="http://www.topografix.com/GPX/1/1" xsi:schemaLocation="http://www.topografix.com/GPX/1/1 http://www.topografix.com/GPX/1/1/gpx.xsd"><metadata><name>260700_val_bever</name><bounds minlat="46.533730352297425" minlon="9.841820482164621" maxlat="46.560460364911705" maxlon="9.889620360918343" /></metadata><trk><name>260700_val_bever</name><trkseg><trkpt lat="46.55260034278035" lon="9.889450361020863"><ele>1707.2099914550781</ele></trkpt><trkpt lat="46.55259034270421" lon="9.889620360918343"><ele>1706.8599853515625</ele></trkpt><trkpt lat="46.55259034270421" lon="9.889620360918343"><ele>1706.8999938964844</ele></trkpt><trkpt lat="46.5524503425695" lon="9.889530361164361"><ele>1707.0</ele></trkpt><trkpt lat="46.55243034241721" lon="9.889530361164361"><ele>1707.0</ele></trkpt><trkpt lat="46.55240034265444" lon="9.889520361088216"><ele>1707.0</ele></trkpt><trkpt lat="46.55238034250215" lon="9.889510361012071"><ele>1707.0199890136719</ele></trkpt><trkpt lat="46.55236034281552" lon="9.889510361012071"><ele>1707.0</ele></trkpt><trkpt lat="46.55235034273937" lon="9.889520361088216"><ele>1707.0099792480469</ele></trkpt><trkpt lat="46.552310342434794" lon="9.889540361240506"><ele>1706.8999938964844</ele></trkpt><trkpt lat="46.552290342748165" lon="9.889560360927135"><ele>1706.7999877929688</ele></trkpt><trkpt lat="46.55226034251973" lon="9.88959036115557"><ele>1706.6399841308594</ele></trkpt><trkpt lat="46.55226034251973" lon="9.88959036115557"><ele>1706.5999755859375</ele></trkpt><trkpt lat="46.55223034275696" lon="9.889530361164361"><ele>1706.8199768066406</ele></trkpt><trkpt lat="46.55220034252852" lon="9.889450361020863"><ele>1707.0999755859375</ele></trkpt><trkpt lat="46.552140342537314" lon="9.889330361038446"><ele>1707.5999755859375</ele></trkpt><trkpt lat="46.55207034293562" lon="9.889260361436754"><ele>1707.7799987792969</ele></trkpt><trkpt lat="46.55207034293562" lon="9.88925036136061"><ele>1707.7999877929688</ele></trkpt><trkpt lat="46.55205034278333" lon="9.889240361284465"><ele>1707.8099975585938</ele></trkpt><trkpt lat="46.551970342639834" lon="9.889180361293256"><ele>1707.8999938964844</ele></trkpt><trkpt lat="46.551930342800915" lon="9.889140361454338"><ele>1707.8999938964844</ele></trkpt><trkpt lat="46.55171034252271" lon="9.88904036115855"><ele>1707.3999938964844</ele></trkpt><trkpt lat="46.5516503425315" lon="9.88902036100626"><ele>1707.239990234375</ele></trkpt><trkpt lat="46.551610342692584" lon="9.889010360930115"><ele>1707.0999755859375</ele></trkpt><trkpt lat="46.551610342692584" lon="9.889010360930115"><ele>1707.1399841308594</ele></trkpt><trkpt lat="46.55169034283608" lon="9.888650360982865"><ele>1707.0</ele></trkpt><trkpt lat="46.551760342903435" lon="9.888400360941887"><ele>1707.2999877929688</ele></trkpt><trkpt lat="46.551800342742354" lon="9.888310361187905"><ele>1707.7599792480469</ele></trkpt><trkpt lat="46.55182034289464" lon="9.888250361196697"><ele>1708.0999755859375</ele></trkpt><trkpt lat="46.55185034312308" lon="9.888080361299217"><ele>1708.6999816894531</ele></trkpt><trkpt lat="46.55187034327537" lon="9.887910361401737"><ele>1709.0999755859375</ele></trkpt><trkpt lat="46.55187034327537" lon="9.887860361486673"><ele>1709.1699829101562</ele></trkpt><trkpt lat="46.55187034327537" lon="9.887800361495465"><ele>1709.1999816894531</ele></trkpt><trkpt lat="46.55188034288585" lon="9.887720361351967"><ele>1709.2899780273438</ele></trkpt><trkpt lat="46.551890342962" lon="9.88760036136955"><ele>1709.3999938964844</ele></trkpt><trkpt lat="46.55191034311429" lon="9.887540361378342"><ele>1709.3999938964844</ele></trkpt><trkpt lat="46.55194034334272" lon="9.887490361463279"><ele>1709.5</ele></trkpt><trkpt lat="46.55196034302935" lon="9.887460361700505"><ele>1709.5</ele></trkpt><trkpt lat="46.551970343105495" lon="9.88745036162436"><ele>1709.5</ele></trkpt><trkpt lat="46.55198034318164" lon="9.88745036162436"><ele>1709.5299987792969</ele></trkpt><trkpt lat="46.55213034339249" lon="9.887420361395925"><ele>1709.6599731445312</ele></trkpt><trkpt lat="46.55225034337491" lon="9.887380361557007"><ele>1709.7999877929688</ele></trkpt><trkpt lat="46.552330343052745" lon="9.887350361794233"><ele>1709.8999938964844</ele></trkpt><trkpt lat="46.55234034312889" lon="9.887330361641943"><ele>1709.9099731445312</ele></trkpt><trkpt lat="46.552370343357325" lon="9.887310361489654"><ele>1709.8999938964844</ele></trkpt><trkpt lat="46.552370343357325" lon="9.887310361489654"><ele>1709.9599914550781</ele></trkpt><trkpt lat="46.55242034327239" lon="9.88728036172688"><ele>1710.0399780273438</ele></trkpt><trkpt lat="46.552520343102515" lon="9.887220361735672"><ele>1710.2999877929688</ele></trkpt><trkpt lat="46.552690343465656" lon="9.887190361972898"><ele>1710.7999877929688</ele></trkpt><trkpt lat="46.5527003435418" lon="9.887190361972898"><ele>1710.8299865722656</ele></trkpt><trkpt lat="46.552730343304574" lon="9.887170361820608"><ele>1710.8999938964844</ele></trkpt><trkpt lat="46.552750343456864" lon="9.887100361753255"><ele>1710.969970703125</ele></trkpt><trkpt lat="46.552770343609154" lon="9.887010361999273"><ele>1711.0999755859375</ele></trkpt><trkpt lat="46.552770343609154" lon="9.887010361999273"><ele>1711.1499938964844</ele></trkpt><trkpt lat="46.552770343609154" lon="9.887010361999273"><ele>1711.1499938964844</ele></trkpt><trkpt lat="46.55276034353301" lon="9.886860361788422"><ele>1711.3699951171875</ele></trkpt><trkpt lat="46.55276034353301" lon="9.886840362101793"><ele>1711.3999938964844</ele></trkpt><trkpt lat="46.552730343770236" lon="9.88673036172986"><ele>1711.5</ele></trkpt><trkpt lat="46.552710343617946" lon="9.886670361738652"><ele>1711.5999755859375</ele></trkpt><trkpt lat="46.552600343711674" lon="9.886380361858755"><ele>1712.0999755859375</ele></trkpt><trkpt lat="46.55257034348324" lon="9.886280362028629"><ele>1712.1899719238281</ele></trkpt><trkpt lat="46.552560343872756" lon="9.886270361952484"><ele>1712.1999816894531</ele></trkpt><trkpt lat="46.55255034379661" lon="9.88622036203742"><ele>1712.2799987792969</ele></trkpt><trkpt lat="46.55255034379661" lon="9.886180362198502"><ele>1712.2999877929688</ele></trkpt><trkpt lat="46.55253034364432" lon="9.88605036213994"><ele>1712.5999755859375</ele></trkpt><trkpt lat="46.55252034403384" lon="9.885930362157524"><ele>1712.8899841308594</ele></trkpt><trkpt lat="46.55252034403384" lon="9.88588036224246"><ele>1713.0</ele></trkpt><trkpt lat="46.55252034403384" lon="9.885660362429917"><ele>1713.5999755859375</ele></trkpt><trkpt lat="46.55255034426227" lon="9.885360362473875"><ele>1714.0999755859375</ele></trkpt><trkpt lat="46.552580344025046" lon="9.885080362670124"><ele>1714.5899963378906</ele></trkpt><trkpt lat="46.55259034410119" lon="9.88501036260277"><ele>1714.6999816894531</ele></trkpt><trkpt lat="46.55259034410119" lon="9.88501036260277"><ele>1714.6999816894531</ele></trkpt><trkpt lat="46.552600344177336" lon="9.884930362459272"><ele>1714.8099975585938</ele></trkpt><trkpt lat="46.55263034440577" lon="9.884750362485647"><ele>1715.0999755859375</ele></trkpt><trkpt lat="46.55269034439698" lon="9.884400362614542"><ele>1715.5999755859375</ele></trkpt><trkpt lat="46.55269034439698" lon="9.884400362614542"><ele>1715.5999755859375</ele></trkpt><trkpt lat="46.55273034470156" lon="9.88395036291331"><ele>1716.8999938964844</ele></trkpt><trkpt lat="46.5527403447777" lon="9.883660363033414"><ele>1717.7999877929688</ele></trkpt><trkpt lat="46.5527403447777" lon="9.883620363194495"><ele>1717.9199829101562</ele></trkpt><trkpt lat="46.55273034516722" lon="9.883310363162309"><ele>1718.5999755859375</ele></trkpt><trkpt lat="46.55271034501493" lon="9.88310036342591"><ele>1718.9299926757812</ele></trkpt><trkpt lat="46.55267034517601" lon="9.882600363343954"><ele>1720.239990234375</ele></trkpt><trkpt lat="46.55263034533709" lon="9.882160363718867"><ele>1721.0999755859375</ele></trkpt><trkpt lat="46.55260034557432" lon="9.881910363677889"><ele>1721.7999877929688</ele></trkpt><trkpt lat="46.552590345498174" lon="9.881790363695472"><ele>1722.0999755859375</ele></trkpt><trkpt lat="46.5525603457354" lon="9.881660364102572"><ele>1722.3999938964844</ele></trkpt><trkpt lat="46.55252034589648" lon="9.881280364003032"><ele>1723.2999877929688</ele></trkpt><trkpt lat="46.55252034589648" lon="9.881230364087969"><ele>1723.3299865722656</ele></trkpt><trkpt lat="46.55251034582034" lon="9.881180364172906"><ele>1723.3999938964844</ele></trkpt><trkpt lat="46.55247034598142" lon="9.880860364064574"><ele>1724.0299987792969</ele></trkpt><trkpt lat="46.552460345905274" lon="9.880710364319384"><ele>1724.2999877929688</ele></trkpt><trkpt lat="46.55245034629479" lon="9.880590364336967"><ele>1724.6199951171875</ele></trkpt><trkpt lat="46.55245034629479" lon="9.88051036419347"><ele>1724.8399963378906</ele></trkpt><trkpt lat="46.55245034629479" lon="9.880410364363343"><ele>1725.0799865722656</ele></trkpt><trkpt lat="46.55245034629479" lon="9.880290364380926"><ele>1725.2999877929688</ele></trkpt><trkpt lat="46.55245034629479" lon="9.880220364313573"><ele>1725.5</ele></trkpt><trkpt lat="46.552440346218646" lon="9.880120364483446"><ele>1725.6999816894531</ele></trkpt><trkpt lat="46.552460346370935" lon="9.880010364577174"><ele>1725.989990234375</ele></trkpt><trkpt lat="46.552460346370935" lon="9.879930364433676"><ele>1726.1499938964844</ele></trkpt><trkpt lat="46.55247034644708" lon="9.879900364670902"><ele>1726.1999816894531</ele></trkpt><trkpt lat="46.552480346523225" lon="9.87979036476463"><ele>1726.5</ele></trkpt><trkpt lat="46.55249034659937" lon="9.879700364544988"><ele>1726.7799987792969</ele></trkpt><trkpt lat="46.55256034666672" lon="9.879370364826173"><ele>1727.8199768066406</ele></trkpt><trkpt lat="46.55257034674287" lon="9.87930036522448"><ele>1728.0999755859375</ele></trkpt><trkpt lat="46.55259034689516" lon="9.87915036501363"><ele>1728.5</ele></trkpt><trkpt lat="46.55259034689516" lon="9.879100365098566"><ele>1728.6799926757812</ele></trkpt><trkpt lat="46.55259034689516" lon="9.879020364955068"><ele>1728.8999938964844</ele></trkpt><trkpt lat="46.5526003469713" lon="9.878930365201086"><ele>1729.0799865722656</ele></trkpt><trkpt lat="46.55261034704745" lon="9.878910365048796"><ele>1729.0999755859375</ele></trkpt><trkpt lat="46.55261034704745" lon="9.87877036537975"><ele>1729.3799743652344</ele></trkpt><trkpt lat="46.55261034704745" lon="9.87847036542371"><ele>1729.8999938964844</ele></trkpt><trkpt lat="46.552620347589254" lon="9.878030365332961"><ele>1730.8999938964844</ele></trkpt><trkpt lat="46.55261034751311" lon="9.878000365570188"><ele>1731.0299987792969</ele></trkpt><trkpt lat="46.55261034751311" lon="9.877910365816206"><ele>1731.2999877929688</ele></trkpt><trkpt lat="46.55259034736082" lon="9.877820365596563"><ele>1731.5999755859375</ele></trkpt><trkpt lat="46.552580347750336" lon="9.877790365833789"><ele>1731.6499938964844</ele></trkpt><trkpt lat="46.55257034767419" lon="9.87773036584258"><ele>1731.7999877929688</ele></trkpt><trkpt lat="46.5525503475219" lon="9.877670365851372"><ele>1732.0299987792969</ele></trkpt><trkpt lat="46.552540347445756" lon="9.877620365936309"><ele>1732.1999816894531</ele></trkpt><trkpt lat="46.55250034760684" lon="9.877500365953892"><ele>1732.6199951171875</ele></trkpt><trkpt lat="46.55248034792021" lon="9.877440365962684"><ele>1732.7999877929688</ele></trkpt><trkpt lat="46.55248034792021" lon="9.87739036604762"><ele>1732.9199829101562</ele></trkpt><trkpt lat="46.552470347844064" lon="9.877270366065204"><ele>1733.2999877929688</ele></trkpt><trkpt lat="46.552470347844064" lon="9.877190365921706"><ele>1733.5899963378906</ele></trkpt><trkpt lat="46.552470347844064" lon="9.877150366082788"><ele>1733.6999816894531</ele></trkpt><trkpt lat="46.55248034792021" lon="9.877020366024226"><ele>1734.3999938964844</ele></trkpt><trkpt lat="46.552490347996354" lon="9.876960366498679"><ele>1734.72998046875</ele></trkpt><trkpt lat="46.5525003480725" lon="9.876890366431326"><ele>1735.0999755859375</ele></trkpt><trkpt lat="46.552510348148644" lon="9.876850366592407"><ele>1735.3499755859375</ele></trkpt><trkpt lat="46.552530348300934" lon="9.876620366703719"><ele>1736.5</ele></trkpt><trkpt lat="46.55254034837708" lon="9.876550366636366"><ele>1736.6999816894531</ele></trkpt><trkpt lat="46.552530348766595" lon="9.876460366882384"><ele>1737.0899963378906</ele></trkpt><trkpt lat="46.55252034869045" lon="9.876440366730094"><ele>1737.1999816894531</ele></trkpt><trkpt lat="46.55250034853816" lon="9.876320366747677"><ele>1737.6999816894531</ele></trkpt><trkpt lat="46.55249034892768" lon="9.876280366908759"><ele>1737.8399963378906</ele></trkpt><trkpt lat="46.55249034892768" lon="9.876250367145985"><ele>1738.0</ele></trkpt><trkpt lat="46.55248034885153" lon="9.87620036676526"><ele>1738.1899719238281</ele></trkpt><trkpt lat="46.55245034908876" lon="9.87603036686778"><ele>1738.4399719238281</ele></trkpt><trkpt lat="46.55243034893647" lon="9.875930367037654"><ele>1738.5099792480469</ele></trkpt><trkpt lat="46.55243034893647" lon="9.87590036680922"><ele>1738.5</ele></trkpt><trkpt lat="46.55242034886032" lon="9.875890367198735"><ele>1738.5</ele></trkpt><trkpt lat="46.55242034886032" lon="9.8758603669703"><ele>1738.5</ele></trkpt><trkpt lat="46.55242034886032" lon="9.87567036692053"><ele>1739.1999816894531</ele></trkpt><trkpt lat="46.55243034893647" lon="9.875610367394984"><ele>1739.6499938964844</ele></trkpt><trkpt lat="46.55243034893647" lon="9.875580367166549"><ele>1739.7999877929688</ele></trkpt><trkpt lat="46.552440349478275" lon="9.875430367421359"><ele>1741.2999877929688</ele></trkpt><trkpt lat="46.552440349478275" lon="9.87541036773473"><ele>1741.5199890136719</ele></trkpt><trkpt lat="46.552420349791646" lon="9.875270368065685"><ele>1742.8999938964844</ele></trkpt><trkpt lat="46.55242035025731" lon="9.87511036824435"><ele>1744.5799865722656</ele></trkpt><trkpt lat="46.55242035025731" lon="9.875040368176997"><ele>1745.3199768066406</ele></trkpt><trkpt lat="46.55242035025731" lon="9.875000368338078"><ele>1745.8999938964844</ele></trkpt><trkpt lat="46.55242035025731" lon="9.87496036849916"><ele>1746.1899719238281</ele></trkpt><trkpt lat="46.55243035033345" lon="9.874900368507951"><ele>1746.8699951171875</ele></trkpt><trkpt lat="46.5524403504096" lon="9.87483036890626"><ele>1747.5</ele></trkpt><trkpt lat="46.55248035071418" lon="9.874670369084924"><ele>1748.1999816894531</ele></trkpt><trkpt lat="46.55249035079032" lon="9.874480369035155"><ele>1748.3999938964844</ele></trkpt><trkpt lat="46.55251035094261" lon="9.87432036921382"><ele>1748.6999816894531</ele></trkpt><trkpt lat="46.5525303510949" lon="9.874260369222611"><ele>1748.969970703125</ele></trkpt><trkpt lat="46.55255035124719" lon="9.87415036931634"><ele>1749.3999938964844</ele></trkpt><trkpt lat="46.55259035108611" lon="9.87396036926657"><ele>1749.5</ele></trkpt><trkpt lat="46.55263035092503" lon="9.87379036936909"><ele>1749.3499755859375</ele></trkpt><trkpt lat="46.55263035092503" lon="9.873780369292945"><ele>1749.2999877929688</ele></trkpt><trkpt lat="46.55269035091624" lon="9.873660369310528"><ele>1749.5</ele></trkpt><trkpt lat="46.55272035114467" lon="9.873630369082093"><ele>1749.9399719238281</ele></trkpt><trkpt lat="46.55278035113588" lon="9.873540369328111"><ele>1750.7999877929688</ele></trkpt><trkpt lat="46.55282035144046" lon="9.873480369802564"><ele>1751.5999755859375</ele></trkpt><trkpt lat="46.552830351516604" lon="9.873420369811356"><ele>1752.1699829101562</ele></trkpt><trkpt lat="46.55288035189733" lon="9.873180370312184"><ele>1754.7999877929688</ele></trkpt><trkpt lat="46.55292035220191" lon="9.873030370566994"><ele>1755.4099731445312</ele></trkpt><trkpt lat="46.552930352278054" lon="9.87300037033856"><ele>1755.1999816894531</ele></trkpt><trkpt lat="46.552930352278054" lon="9.872990370262414"><ele>1755.2699890136719</ele></trkpt><trkpt lat="46.5529403523542" lon="9.872950370423496"><ele>1755.3999938964844</ele></trkpt><trkpt lat="46.55299035226926" lon="9.872750370297581"><ele>1755.4199829101562</ele></trkpt><trkpt lat="46.55313035240397" lon="9.872150370385498"><ele>1756.3499755859375</ele></trkpt><trkpt lat="46.55315035255626" lon="9.87209037039429"><ele>1756.2999877929688</ele></trkpt><trkpt lat="46.55318035231903" lon="9.871990370564163"><ele>1756.2999877929688</ele></trkpt><trkpt lat="46.55321035254747" lon="9.87190037034452"><ele>1756.3999938964844</ele></trkpt><trkpt lat="46.553250352386385" lon="9.871800370514393"><ele>1756.5</ele></trkpt><trkpt lat="46.553290352690965" lon="9.871720370370895"><ele>1756.6999816894531</ele></trkpt><trkpt lat="46.55332035245374" lon="9.871670370455831"><ele>1756.7899780273438</ele></trkpt><trkpt lat="46.55338035244495" lon="9.871570370625705"><ele>1757.1999816894531</ele></trkpt><trkpt lat="46.553500352893025" lon="9.87139037111774"><ele>1758.3999938964844</ele></trkpt><trkpt lat="46.55360035272315" lon="9.87124037090689"><ele>1758.8499755859375</ele></trkpt><trkpt lat="46.55364035302773" lon="9.871180370915681"><ele>1759.2999877929688</ele></trkpt><trkpt lat="46.553710353095084" lon="9.87107037100941"><ele>1759.7599792480469</ele></trkpt><trkpt lat="46.55376035301015" lon="9.871010371018201"><ele>1759.9399719238281</ele></trkpt><trkpt lat="46.55378035316244" lon="9.870970371179283"><ele>1759.989990234375</ele></trkpt><trkpt lat="46.553820353001356" lon="9.87090037111193"><ele>1760.0499877929688</ele></trkpt><trkpt lat="46.55385035322979" lon="9.870860371273011"><ele>1759.7999877929688</ele></trkpt><trkpt lat="46.55387035291642" lon="9.870800371281803"><ele>1759.5499877929688</ele></trkpt><trkpt lat="46.553880352992564" lon="9.870770371053368"><ele>1759.4099731445312</ele></trkpt><trkpt lat="46.55393035290763" lon="9.870630370918661"><ele>1759.0</ele></trkpt><trkpt lat="46.55396035313606" lon="9.870530371088535"><ele>1758.7999877929688</ele></trkpt><trkpt lat="46.554030352737755" lon="9.870360370725393"><ele>1758.6999816894531</ele></trkpt><trkpt lat="46.5541203529574" lon="9.870180370751768"><ele>1758.7999877929688</ele></trkpt><trkpt lat="46.554160352796316" lon="9.87012037076056"><ele>1758.8799743652344</ele></trkpt><trkpt lat="46.5543403532356" lon="9.869820370804518"><ele>1759.1499938964844</ele></trkpt><trkpt lat="46.55438035307452" lon="9.86976037081331"><ele>1759.2999877929688</ele></trkpt><trkpt lat="46.554390353150666" lon="9.869750371202826"><ele>1759.2899780273438</ele></trkpt><trkpt lat="46.55454035336152" lon="9.869530370924622"><ele>1759.8199768066406</ele></trkpt><trkpt lat="46.554550352972" lon="9.869520371314138"><ele>1759.7999877929688</ele></trkpt><trkpt lat="46.554620353039354" lon="9.869470370933414"><ele>1759.7999877929688</ele></trkpt><trkpt lat="46.55465035326779" lon="9.869450371246785"><ele>1759.7099914550781</ele></trkpt><trkpt lat="46.55472035286948" lon="9.869410370942205"><ele>1759.5</ele></trkpt><trkpt lat="46.55474035302177" lon="9.869390371255577"><ele>1759.489990234375</ele></trkpt><trkpt lat="46.554770353250206" lon="9.869360371027142"><ele>1759.5</ele></trkpt><trkpt lat="46.55482035316527" lon="9.869300371035933"><ele>1759.5</ele></trkpt><trkpt lat="46.55487035308033" lon="9.86921037081629"><ele>1759.5</ele></trkpt><trkpt lat="46.554900352843106" lon="9.869140371214598"><ele>1759.2799987792969</ele></trkpt><trkpt lat="46.554900352843106" lon="9.869120371062309"><ele>1759.1999816894531</ele></trkpt><trkpt lat="46.55493035307154" lon="9.869030370842665"><ele>1758.8199768066406</ele></trkpt><trkpt lat="46.554960352834314" lon="9.868940370623022"><ele>1758.4499816894531</ele></trkpt><trkpt lat="46.55504035297781" lon="9.868600370828062"><ele>1758.0999755859375</ele></trkpt><trkpt lat="46.55506035266444" lon="9.868520370684564"><ele>1758.0599975585938</ele></trkpt><trkpt lat="46.555070352740586" lon="9.868460370693356"><ele>1758.0</ele></trkpt><trkpt lat="46.55514035280794" lon="9.868260370567441"><ele>1758.1799926757812</ele></trkpt><trkpt lat="46.555170353036374" lon="9.868190370965749"><ele>1758.1999816894531</ele></trkpt><trkpt lat="46.55520035279915" lon="9.868080370593816"><ele>1758.3799743652344</ele></trkpt><trkpt lat="46.55520035279915" lon="9.868080370593816"><ele>1758.3999938964844</ele></trkpt><trkpt lat="46.55520035279915" lon="9.868070370983332"><ele>1758.4099731445312</ele></trkpt><trkpt lat="46.555280352942646" lon="9.867750370875001"><ele>1758.7999877929688</ele></trkpt><trkpt lat="46.555360353086144" lon="9.867480371147394"><ele>1759.4399719238281</ele></trkpt><trkpt lat="46.555360353086144" lon="9.86747037107125"><ele>1759.489990234375</ele></trkpt><trkpt lat="46.55542035354301" lon="9.867230371106416"><ele>1760.6999816894531</ele></trkpt><trkpt lat="46.55544035322964" lon="9.867160371039063"><ele>1761.0</ele></trkpt><trkpt lat="46.55546035338193" lon="9.867070371285081"><ele>1761.5</ele></trkpt><trkpt lat="46.55547035345808" lon="9.867040371522307"><ele>1761.469970703125</ele></trkpt><trkpt lat="46.55554035352543" lon="9.866840371396393"><ele>1762.1899719238281</ele></trkpt><trkpt lat="46.55554035352543" lon="9.866840371396393"><ele>1762.0899963378906</ele></trkpt><trkpt lat="46.555610354058444" lon="9.866610371507704"><ele>1763.0999755859375</ele></trkpt><trkpt lat="46.55563035374507" lon="9.866540371906012"><ele>1763.3999938964844</ele></trkpt><trkpt lat="46.55566035397351" lon="9.866460371762514"><ele>1763.7599792480469</ele></trkpt><trkpt lat="46.555720353964716" lon="9.866300371941179"><ele>1764.5</ele></trkpt><trkpt lat="46.55577035434544" lon="9.866160372272134"><ele>1765.5</ele></trkpt><trkpt lat="46.555880354717374" lon="9.865950372535735"><ele>1767.6399841308594</ele></trkpt><trkpt lat="46.55591035494581" lon="9.865890372544527"><ele>1768.2999877929688</ele></trkpt><trkpt lat="46.556220354977995" lon="9.865140372887254"><ele>1769.6599731445312</ele></trkpt><trkpt lat="46.556260355282575" lon="9.865060373209417"><ele>1770.0</ele></trkpt><trkpt lat="46.55629035504535" lon="9.864940373227"><ele>1770.1499938964844</ele></trkpt><trkpt lat="46.55638035526499" lon="9.864660372957587"><ele>1770.3999938964844</ele></trkpt><trkpt lat="46.55642035556957" lon="9.864530373364687"><ele>1770.7999877929688</ele></trkpt><trkpt lat="46.556450355332345" lon="9.864450373221189"><ele>1770.739990234375</ele></trkpt><trkpt lat="46.556470355484635" lon="9.86439037322998"><ele>1770.6999816894531</ele></trkpt><trkpt lat="46.55651035532355" lon="9.86420037318021"><ele>1770.7999877929688</ele></trkpt><trkpt lat="46.556600355543196" lon="9.863910373300314"><ele>1770.5999755859375</ele></trkpt><trkpt lat="46.556600355543196" lon="9.863910373300314"><ele>1770.6399841308594</ele></trkpt><trkpt lat="46.556640355382115" lon="9.86388037307188"><ele>1771.0</ele></trkpt><trkpt lat="46.55671035544947" lon="9.863870373461396"><ele>1771.5999755859375</ele></trkpt><trkpt lat="46.55688035581261" lon="9.863870373927057"><ele>1773.5</ele></trkpt><trkpt lat="46.55696035642177" lon="9.863860373850912"><ele>1774.9399719238281</ele></trkpt><trkpt lat="46.557140356861055" lon="9.86385037470609"><ele>1777.8999938964844</ele></trkpt><trkpt lat="46.55725035723299" lon="9.863810374867171"><ele>1779.6799926757812</ele></trkpt><trkpt lat="46.55738035775721" lon="9.863780375570059"><ele>1781.7999877929688</ele></trkpt><trkpt lat="46.55742035759613" lon="9.863760375417769"><ele>1782.3599853515625</ele></trkpt><trkpt lat="46.557450357824564" lon="9.86374037573114"><ele>1782.8999938964844</ele></trkpt><trkpt lat="46.55753035796806" lon="9.863660375587642"><ele>1783.739990234375</ele></trkpt><trkpt lat="46.5575603581965" lon="9.863640375901014"><ele>1783.8899841308594</ele></trkpt><trkpt lat="46.55759035795927" lon="9.863600376062095"><ele>1784.0</ele></trkpt><trkpt lat="46.55761035811156" lon="9.863540376070887"><ele>1784.3999938964844</ele></trkpt><trkpt lat="46.557640358339995" lon="9.863470376003534"><ele>1784.489990234375</ele></trkpt><trkpt lat="46.55765035795048" lon="9.86342037608847"><ele>1784.5599975585938</ele></trkpt><trkpt lat="46.55767035810277" lon="9.863320375792682"><ele>1784.3999938964844</ele></trkpt><trkpt lat="46.55767035810277" lon="9.863270375877619"><ele>1784.3999938964844</ele></trkpt><trkpt lat="46.557660358026624" lon="9.8632303760387"><ele>1784.3799743652344</ele></trkpt><trkpt lat="46.557660358026624" lon="9.863200375810266"><ele>1784.3999938964844</ele></trkpt><trkpt lat="46.55767035810277" lon="9.863140375819057"><ele>1784.7999877929688</ele></trkpt><trkpt lat="46.55769035825506" lon="9.863110376056284"><ele>1785.0899963378906</ele></trkpt><trkpt lat="46.55775035824627" lon="9.863000376150012"><ele>1786.1999816894531</ele></trkpt><trkpt lat="46.5577803584747" lon="9.86291037639603"><ele>1787.0</ele></trkpt><trkpt lat="46.55780035862699" lon="9.862790376413614"><ele>1787.3999938964844</ele></trkpt><trkpt lat="46.55780035862699" lon="9.862750376574695"><ele>1787.219970703125</ele></trkpt><trkpt lat="46.55780035862699" lon="9.862680376507342"><ele>1786.969970703125</ele></trkpt><trkpt lat="46.55780035862699" lon="9.862620376516134"><ele>1786.6999816894531</ele></trkpt><trkpt lat="46.5577803584747" lon="9.862470376305282"><ele>1786.0999755859375</ele></trkpt><trkpt lat="46.55777035839856" lon="9.862390376161784"><ele>1786.0</ele></trkpt><trkpt lat="46.55774035817012" lon="9.861780375707895"><ele>1784.5</ele></trkpt><trkpt lat="46.55774035817012" lon="9.861750375945121"><ele>1784.4399719238281</ele></trkpt><trkpt lat="46.55774035817012" lon="9.861670375801623"><ele>1784.2999877929688</ele></trkpt><trkpt lat="46.557770357932895" lon="9.861420375760645"><ele>1783.7999877929688</ele></trkpt><trkpt lat="46.55777035839856" lon="9.861190375871956"><ele>1784.9599914550781</ele></trkpt><trkpt lat="46.55777035839856" lon="9.861150376033038"><ele>1785.1999816894531</ele></trkpt><trkpt lat="46.5577803584747" lon="9.861040376126766"><ele>1785.5</ele></trkpt><trkpt lat="46.55780035816133" lon="9.861010375898331"><ele>1785.6099853515625</ele></trkpt><trkpt lat="46.557810358237475" lon="9.860970376059413"><ele>1785.7999877929688</ele></trkpt><trkpt lat="46.557850358542055" lon="9.86092037614435"><ele>1786.6999816894531</ele></trkpt><trkpt lat="46.55792035860941" lon="9.860800376627594"><ele>1787.8999938964844</ele></trkpt><trkpt lat="46.55795035883784" lon="9.860740376636386"><ele>1788.5</ele></trkpt><trkpt lat="46.55796035891399" lon="9.860720376484096"><ele>1788.5799865722656</ele></trkpt><trkpt lat="46.55796035891399" lon="9.860690376721323"><ele>1788.7999877929688</ele></trkpt><trkpt lat="46.55798035906628" lon="9.860660376958549"><ele>1789.0999755859375</ele></trkpt><trkpt lat="46.558030359447" lon="9.86062037711963"><ele>1790.1699829101562</ele></trkpt><trkpt lat="46.55807035928592" lon="9.860590376891196"><ele>1790.7999877929688</ele></trkpt><trkpt lat="46.55809035943821" lon="9.860570377204567"><ele>1791.0399780273438</ele></trkpt><trkpt lat="46.55813035974279" lon="9.860520377289504"><ele>1791.5999755859375</ele></trkpt><trkpt lat="46.558180359657854" lon="9.860460377298295"><ele>1792.6999816894531</ele></trkpt><trkpt lat="46.558190359734" lon="9.860450377687812"><ele>1792.9399719238281</ele></trkpt><trkpt lat="46.55832036025822" lon="9.86036037793383"><ele>1795.3799743652344</ele></trkpt><trkpt lat="46.558350360486656" lon="9.860340378247201"><ele>1796.0</ele></trkpt><trkpt lat="46.55838036071509" lon="9.860300378408283"><ele>1796.6899719238281</ele></trkpt><trkpt lat="46.55840036040172" lon="9.860280378255993"><ele>1796.969970703125</ele></trkpt><trkpt lat="46.55859036138281" lon="9.860020379070193"><ele>1801.3999938964844</ele></trkpt><trkpt lat="46.5586103615351" lon="9.859960379544646"><ele>1801.8999938964844</ele></trkpt><trkpt lat="46.5586103615351" lon="9.859860379248857"><ele>1802.4399719238281</ele></trkpt><trkpt lat="46.5586103615351" lon="9.859840379562229"><ele>1802.5999755859375</ele></trkpt><trkpt lat="46.55862036207691" lon="9.859720379579812"><ele>1803.7599792480469</ele></trkpt><trkpt lat="46.55862036207691" lon="9.859710379969329"><ele>1803.7999877929688</ele></trkpt><trkpt lat="46.55865036230534" lon="9.859590379986912"><ele>1805.0599975585938</ele></trkpt><trkpt lat="46.55867036245763" lon="9.85952038038522"><ele>1805.8499755859375</ele></trkpt><trkpt lat="46.55870036268607" lon="9.859450380317867"><ele>1806.8399963378906</ele></trkpt><trkpt lat="46.55871036276221" lon="9.859450380317867"><ele>1806.8899841308594</ele></trkpt><trkpt lat="46.558760362677276" lon="9.85935038048774"><ele>1808.2999877929688</ele></trkpt><trkpt lat="46.55878036329523" lon="9.859290380962193"><ele>1809.6899719238281</ele></trkpt><trkpt lat="46.55880036344752" lon="9.85924038104713"><ele>1810.7999877929688</ele></trkpt><trkpt lat="46.5588403637521" lon="9.859060382004827"><ele>1814.0999755859375</ele></trkpt><trkpt lat="46.55887036444619" lon="9.858970382250845"><ele>1815.5999755859375</ele></trkpt><trkpt lat="46.55891036428511" lon="9.858920382335782"><ele>1816.739990234375</ele></trkpt><trkpt lat="46.55892036482692" lon="9.858900382649153"><ele>1817.2699890136719</ele></trkpt><trkpt lat="46.55895036505535" lon="9.85885038273409"><ele>1818.5</ele></trkpt><trkpt lat="46.55898036528379" lon="9.858750382903963"><ele>1820.3999938964844</ele></trkpt><trkpt lat="46.55900036543608" lon="9.858640383463353"><ele>1822.1999816894531</ele></trkpt><trkpt lat="46.55900036543608" lon="9.858600383624434"><ele>1822.5499877929688</ele></trkpt><trkpt lat="46.55900036590174" lon="9.858580383472145"><ele>1822.6999816894531</ele></trkpt><trkpt lat="46.55899036582559" lon="9.858510383870453"><ele>1823.0</ele></trkpt><trkpt lat="46.55896036559716" lon="9.858450383413583"><ele>1822.5999755859375</ele></trkpt><trkpt lat="46.55894036544487" lon="9.85842038365081"><ele>1822.3899841308594</ele></trkpt><trkpt lat="46.558890365529805" lon="9.858350383583456"><ele>1821.6999816894531</ele></trkpt><trkpt lat="46.55886036530137" lon="9.858290383126587"><ele>1821.0</ele></trkpt><trkpt lat="46.55874036485329" lon="9.85809038253501"><ele>1817.969970703125</ele></trkpt><trkpt lat="46.55870036454871" lon="9.858040382619947"><ele>1817.1999816894531</ele></trkpt><trkpt lat="46.55864036409184" lon="9.857930382248014"><ele>1815.5499877929688</ele></trkpt><trkpt lat="46.55861036432907" lon="9.85788038186729"><ele>1814.7999877929688</ele></trkpt><trkpt lat="46.55857036402449" lon="9.857820381876081"><ele>1814.1799926757812</ele></trkpt><trkpt lat="46.55841036327183" lon="9.857460380997509"><ele>1809.8999938964844</ele></trkpt><trkpt lat="46.55836036289111" lon="9.857350380625576"><ele>1808.3899841308594</ele></trkpt><trkpt lat="46.55833036266267" lon="9.857260380405933"><ele>1807.2999877929688</ele></trkpt><trkpt lat="46.55826036259532" lon="9.857100380118936"><ele>1806.0999755859375</ele></trkpt><trkpt lat="46.55826036259532" lon="9.857090380042791"><ele>1806.0399780273438</ele></trkpt><trkpt lat="46.558250362519175" lon="9.857020379975438"><ele>1805.6999816894531</ele></trkpt><trkpt lat="46.55825036205351" lon="9.85698038013652"><ele>1805.3999938964844</ele></trkpt><trkpt lat="46.55825036205351" lon="9.856950379908085"><ele>1805.2999877929688</ele></trkpt><trkpt lat="46.55824036197737" lon="9.856900379993021"><ele>1804.6999816894531</ele></trkpt><trkpt lat="46.55822036182508" lon="9.856870379764587"><ele>1804.1599731445312</ele></trkpt><trkpt lat="46.55820036167279" lon="9.856830379460007"><ele>1803.5999755859375</ele></trkpt><trkpt lat="46.558150361757725" lon="9.856790379155427"><ele>1802.3999938964844</ele></trkpt><trkpt lat="46.558100361377" lon="9.856780379079282"><ele>1801.6999816894531</ele></trkpt><trkpt lat="46.55803036130965" lon="9.856740378774703"><ele>1800.2999877929688</ele></trkpt><trkpt lat="46.55798036092892" lon="9.85669037885964"><ele>1799.0999755859375</ele></trkpt><trkpt lat="46.557940361090004" lon="9.85665037855506"><ele>1798.3799743652344</ele></trkpt><trkpt lat="46.557920360937715" lon="9.85663037840277"><ele>1798.0</ele></trkpt><trkpt lat="46.55781036010012" lon="9.856450377963483"><ele>1795.5999755859375</ele></trkpt><trkpt lat="46.55779036041349" lon="9.85638037789613"><ele>1795.2099914550781</ele></trkpt><trkpt lat="46.55779036041349" lon="9.856350377667695"><ele>1795.1999816894531</ele></trkpt><trkpt lat="46.557820360176265" lon="9.85619037784636"><ele>1795.6999816894531</ele></trkpt><trkpt lat="46.5578503604047" lon="9.856000378262252"><ele>1796.7599792480469</ele></trkpt><trkpt lat="46.55787036055699" lon="9.855920378118753"><ele>1796.8999938964844</ele></trkpt><trkpt lat="46.55790036031976" lon="9.855790378060192"><ele>1796.6999816894531</ele></trkpt><trkpt lat="46.55792036047205" lon="9.85568037815392"><ele>1796.5999755859375</ele></trkpt><trkpt lat="46.55795036070049" lon="9.855600378010422"><ele>1796.5</ele></trkpt><trkpt lat="46.55795036070049" lon="9.855580377858132"><ele>1796.5799865722656</ele></trkpt><trkpt lat="46.55797036038712" lon="9.85551037825644"><ele>1796.7999877929688</ele></trkpt><trkpt lat="46.55804036092013" lon="9.855390378274024"><ele>1797.5799865722656</ele></trkpt><trkpt lat="46.558070360682905" lon="9.85534037835896"><ele>1797.8999938964844</ele></trkpt><trkpt lat="46.55808036075905" lon="9.85532037820667"><ele>1797.969970703125</ele></trkpt><trkpt lat="46.558110360987484" lon="9.855260378215462"><ele>1798.1999816894531</ele></trkpt><trkpt lat="46.5581503608264" lon="9.855210378300399"><ele>1798.5599975585938</ele></trkpt><trkpt lat="46.55819036113098" lon="9.855150378774852"><ele>1798.8999938964844</ele></trkpt><trkpt lat="46.55821036081761" lon="9.855110378470272"><ele>1799.1899719238281</ele></trkpt><trkpt lat="46.558240361046046" lon="9.855060378555208"><ele>1799.5</ele></trkpt><trkpt lat="46.558300361502916" lon="9.854990378953516"><ele>1800.5999755859375</ele></trkpt><trkpt lat="46.558320361189544" lon="9.854950379114598"><ele>1800.7799987792969</ele></trkpt><trkpt lat="46.55837036157027" lon="9.8548703789711"><ele>1801.2999877929688</ele></trkpt><trkpt lat="46.55844036163762" lon="9.854760379064828"><ele>1801.8899841308594</ele></trkpt><trkpt lat="46.55844036163762" lon="9.854760379064828"><ele>1801.8899841308594</ele></trkpt><trkpt lat="46.558510361704975" lon="9.854670379310846"><ele>1802.6999816894531</ele></trkpt><trkpt lat="46.55860036192462" lon="9.854520379565656"><ele>1804.1999816894531</ele></trkpt><trkpt lat="46.55865036230534" lon="9.854450379498303"><ele>1804.6999816894531</ele></trkpt><trkpt lat="46.55869036214426" lon="9.854380379896611"><ele>1805.2999877929688</ele></trkpt><trkpt lat="46.55881036259234" lon="9.85412038024515"><ele>1807.47998046875</ele></trkpt><trkpt lat="46.558820362668484" lon="9.85410038009286"><ele>1807.5399780273438</ele></trkpt><trkpt lat="46.55900036310777" lon="9.853800380602479"><ele>1808.8999938964844</ele></trkpt><trkpt lat="46.55919036315754" lon="9.853560381103307"><ele>1810.7999877929688</ele></trkpt><trkpt lat="46.55934036383405" lon="9.85331038152799"><ele>1813.6999816894531</ele></trkpt><trkpt lat="46.55937036406249" lon="9.853270381689072"><ele>1814.0</ele></trkpt><trkpt lat="46.55944036412984" lon="9.853240381460637"><ele>1814.0999755859375</ele></trkpt><trkpt lat="46.55953036388382" lon="9.853190381545573"><ele>1813.5999755859375</ele></trkpt><trkpt lat="46.55984036438167" lon="9.853100382257253"><ele>1816.9599914550781</ele></trkpt><trkpt lat="46.559950364753604" lon="9.853060382418334"><ele>1817.7999877929688</ele></trkpt><trkpt lat="46.56006036512554" lon="9.853040382731706"><ele>1819.1999816894531</ele></trkpt><trkpt lat="46.56015036534518" lon="9.852980382740498"><ele>1820.0099792480469</ele></trkpt><trkpt lat="46.56017036503181" lon="9.852970382664353"><ele>1820.0999755859375</ele></trkpt><trkpt lat="46.56025036517531" lon="9.852910382673144"><ele>1820.2999877929688</ele></trkpt><trkpt lat="46.560350365005434" lon="9.852790382690728"><ele>1820.0999755859375</ele></trkpt><trkpt lat="46.56042036507279" lon="9.852640382945538"><ele>1819.8999938964844</ele></trkpt><trkpt lat="46.56043036514893" lon="9.852600382640958"><ele>1819.75</ele></trkpt><trkpt lat="46.56045036530122" lon="9.85256038280204"><ele>1819.5999755859375</ele></trkpt><trkpt lat="46.560460364911705" lon="9.852510382421315"><ele>1818.97998046875</ele></trkpt><trkpt lat="46.560460364911705" lon="9.85250038234517"><ele>1818.8999938964844</ele></trkpt><trkpt lat="46.56045036483556" lon="9.852450382430106"><ele>1818.5</ele></trkpt><trkpt lat="46.560440364759415" lon="9.852420382667333"><ele>1818.4399719238281</ele></trkpt><trkpt lat="46.5604003649205" lon="9.85233038244769"><ele>1818.1999816894531</ele></trkpt><trkpt lat="46.56036036508158" lon="9.85214038239792"><ele>1818.2999877929688</ele></trkpt><trkpt lat="46.560290364548564" lon="9.851660382002592"><ele>1816.4199829101562</ele></trkpt><trkpt lat="46.560290364548564" lon="9.851660382002592"><ele>1816.3399963378906</ele></trkpt><trkpt lat="46.560270364396274" lon="9.85155038209632"><ele>1815.8999938964844</ele></trkpt><trkpt lat="46.56024036416784" lon="9.851250381674618"><ele>1815.0</ele></trkpt><trkpt lat="46.56022036401555" lon="9.851090381387621"><ele>1814.6999816894531</ele></trkpt><trkpt lat="46.560210363939404" lon="9.851060381624848"><ele>1814.6599731445312</ele></trkpt><trkpt lat="46.56020036432892" lon="9.851010381709784"><ele>1814.5999755859375</ele></trkpt><trkpt lat="46.56020036386326" lon="9.850900381337851"><ele>1814.1999816894531</ele></trkpt><trkpt lat="46.56020036386326" lon="9.850820381194353"><ele>1813.7999877929688</ele></trkpt><trkpt lat="46.56020036386326" lon="9.850720381364226"><ele>1813.739990234375</ele></trkpt><trkpt lat="46.56020036386326" lon="9.850700381211936"><ele>1813.6999816894531</ele></trkpt><trkpt lat="46.560190363787115" lon="9.850630381144583"><ele>1813.5</ele></trkpt><trkpt lat="46.560170363634825" lon="9.850540381390601"><ele>1812.8999938964844</ele></trkpt><trkpt lat="46.560130363795906" lon="9.850430381018668"><ele>1811.6899719238281</ele></trkpt><trkpt lat="46.56007036333904" lon="9.850250380579382"><ele>1809.75</ele></trkpt><trkpt lat="46.5600403631106" lon="9.850160380359739"><ele>1808.7999877929688</ele></trkpt><trkpt lat="46.55999036272988" lon="9.850010380148888"><ele>1807.5</ele></trkpt><trkpt lat="46.55996036250144" lon="9.84993038000539"><ele>1806.6999816894531</ele></trkpt><trkpt lat="46.55993036227301" lon="9.849840379785746"><ele>1806.0999755859375</ele></trkpt><trkpt lat="46.55991036258638" lon="9.849820379633456"><ele>1805.969970703125</ele></trkpt><trkpt lat="46.559900362510234" lon="9.849800379946828"><ele>1805.8999938964844</ele></trkpt><trkpt lat="46.559860362205654" lon="9.849750379566103"><ele>1805.5999755859375</ele></trkpt><trkpt lat="46.55985036259517" lon="9.84972037980333"><ele>1805.6199951171875</ele></trkpt><trkpt lat="46.559840362519026" lon="9.84968037949875"><ele>1805.5999755859375</ele></trkpt><trkpt lat="46.559840362519026" lon="9.849600379820913"><ele>1805.5999755859375</ele></trkpt><trkpt lat="46.559840362519026" lon="9.849540379829705"><ele>1805.6999816894531</ele></trkpt><trkpt lat="46.55981036229059" lon="9.849390379618853"><ele>1805.5999755859375</ele></trkpt><trkpt lat="46.55981036229059" lon="9.849360379390419"><ele>1805.1799926757812</ele></trkpt><trkpt lat="46.559800362214446" lon="9.84930037939921"><ele>1805.0</ele></trkpt><trkpt lat="46.559800362214446" lon="9.849240379408002"><ele>1804.7599792480469</ele></trkpt><trkpt lat="46.5597903621383" lon="9.84911037934944"><ele>1804.469970703125</ele></trkpt><trkpt lat="46.559780362062156" lon="9.849080379586667"><ele>1804.5</ele></trkpt><trkpt lat="46.559800362214446" lon="9.848990379367024"><ele>1804.8999938964844</ele></trkpt><trkpt lat="46.559840362053365" lon="9.848830379545689"><ele>1804.3999938964844</ele></trkpt><trkpt lat="46.559860362205654" lon="9.848670379724354"><ele>1805.1099853515625</ele></trkpt><trkpt lat="46.559880362357944" lon="9.848520379513502"><ele>1805.5999755859375</ele></trkpt><trkpt lat="46.559880362357944" lon="9.84845037991181"><ele>1805.8199768066406</ele></trkpt><trkpt lat="46.55989036243409" lon="9.848380379844457"><ele>1806.0</ele></trkpt><trkpt lat="46.55989036243409" lon="9.848340379539877"><ele>1806.219970703125</ele></trkpt><trkpt lat="46.559880362357944" lon="9.848310379777104"><ele>1806.3999938964844</ele></trkpt><trkpt lat="46.559880362823606" lon="9.848270379938185"><ele>1806.6599731445312</ele></trkpt><trkpt lat="46.559880362823606" lon="9.848210379946977"><ele>1807.0799865722656</ele></trkpt><trkpt lat="46.559880362823606" lon="9.848210379946977"><ele>1807.0899963378906</ele></trkpt><trkpt lat="46.55989036289975" lon="9.848200379870832"><ele>1807.1799926757812</ele></trkpt><trkpt lat="46.55989036289975" lon="9.848170380108058"><ele>1807.5</ele></trkpt><trkpt lat="46.55991036258638" lon="9.84813038026914"><ele>1807.7999877929688</ele></trkpt><trkpt lat="46.55995036289096" lon="9.848080380354077"><ele>1808.1299743652344</ele></trkpt><trkpt lat="46.559960362967104" lon="9.848070380277932"><ele>1808.1999816894531</ele></trkpt><trkpt lat="46.55997036304325" lon="9.848050380125642"><ele>1808.1999816894531</ele></trkpt><trkpt lat="46.56000036280602" lon="9.847990380134434"><ele>1808.2999877929688</ele></trkpt><trkpt lat="46.56001036288217" lon="9.847950380295515"><ele>1808.4299926757812</ele></trkpt><trkpt lat="46.56003036303446" lon="9.847910380456597"><ele>1808.5999755859375</ele></trkpt><trkpt lat="46.56003036303446" lon="9.847880380228162"><ele>1808.6499938964844</ele></trkpt><trkpt lat="46.56005036318675" lon="9.847810380160809"><ele>1808.8999938964844</ele></trkpt><trkpt lat="46.56006036326289" lon="9.847730380482972"><ele>1808.969970703125</ele></trkpt><trkpt lat="46.56008036294952" lon="9.847590380348265"><ele>1809.1999816894531</ele></trkpt><trkpt lat="46.560090363025665" lon="9.847450380213559"><ele>1809.2999877929688</ele></trkpt><trkpt lat="46.56008036294952" lon="9.847330380231142"><ele>1808.8999938964844</ele></trkpt><trkpt lat="46.56008036294952" lon="9.847330380231142"><ele>1808.9099731445312</ele></trkpt><trkpt lat="46.56005036318675" lon="9.847330380231142"><ele>1808.8999938964844</ele></trkpt><trkpt lat="46.5600403631106" lon="9.847330380231142"><ele>1808.8999938964844</ele></trkpt><trkpt lat="46.559980363119394" lon="9.847340380307287"><ele>1808.8999938964844</ele></trkpt><trkpt lat="46.55984036298469" lon="9.847350380383432"><ele>1808.8499755859375</ele></trkpt><trkpt lat="46.55978036299348" lon="9.847350380383432"><ele>1808.8999938964844</ele></trkpt><trkpt lat="46.559580362867564" lon="9.847400379832834"><ele>1807.6999816894531</ele></trkpt><trkpt lat="46.55955036263913" lon="9.847400379832834"><ele>1807.6099853515625</ele></trkpt><trkpt lat="46.55955036263913" lon="9.847400379832834"><ele>1807.5999755859375</ele></trkpt><trkpt lat="46.55943036265671" lon="9.847400379832834"><ele>1807.22998046875</ele></trkpt><trkpt lat="46.55943036265671" lon="9.847400379832834"><ele>1807.219970703125</ele></trkpt><trkpt lat="46.55943036265671" lon="9.847400379832834"><ele>1807.219970703125</ele></trkpt><trkpt lat="46.559370362665504" lon="9.847400379832834"><ele>1807.1999816894531</ele></trkpt><trkpt lat="46.55934036290273" lon="9.847400379832834"><ele>1807.1999816894531</ele></trkpt><trkpt lat="46.559310362674296" lon="9.847390379756689"><ele>1807.0899963378906</ele></trkpt><trkpt lat="46.55930036259815" lon="9.847390379756689"><ele>1807.4499816894531</ele></trkpt><trkpt lat="46.55926036275923" lon="9.847380380146205"><ele>1807.6999816894531</ele></trkpt><trkpt lat="46.559100362472236" lon="9.847310379613191"><ele>1806.1999816894531</ele></trkpt><trkpt lat="46.55908036278561" lon="9.847300380002707"><ele>1806.5999755859375</ele></trkpt><trkpt lat="46.55905036255717" lon="9.847260379698128"><ele>1806.22998046875</ele></trkpt><trkpt lat="46.558990362565964" lon="9.84720037970692"><ele>1806.2999877929688</ele></trkpt><trkpt lat="46.558970362413675" lon="9.847190379630774"><ele>1806.3299865722656</ele></trkpt><trkpt lat="46.55890036234632" lon="9.84714037971571"><ele>1806.4399719238281</ele></trkpt><trkpt lat="46.5588603625074" lon="9.847120379563421"><ele>1806.5</ele></trkpt><trkpt lat="46.558820362668484" lon="9.847100379876792"><ele>1806.5</ele></trkpt><trkpt lat="46.55879036244005" lon="9.847100379876792"><ele>1806.5699768066406</ele></trkpt><trkpt lat="46.55877036275342" lon="9.847100379876792"><ele>1806.5999755859375</ele></trkpt><trkpt lat="46.55867036245763" lon="9.847160379868"><ele>1806.6799926757812</ele></trkpt><trkpt lat="46.55867036245763" lon="9.847160379868"><ele>1806.6799926757812</ele></trkpt><trkpt lat="46.5585103626363" lon="9.847260379698128"><ele>1806.7999877929688</ele></trkpt><trkpt lat="46.55850036256015" lon="9.847260379698128"><ele>1806.8099975585938</ele></trkpt><trkpt lat="46.558440362568945" lon="9.847280379850417"><ele>1806.8999938964844</ele></trkpt><trkpt lat="46.55837036250159" lon="9.847290379926562"><ele>1807.0</ele></trkpt><trkpt lat="46.558400362730026" lon="9.84720038017258"><ele>1807.3999938964844</ele></trkpt><trkpt lat="46.55843036295846" lon="9.847080380190164"><ele>1807.72998046875</ele></trkpt><trkpt lat="46.558440362568945" lon="9.84701038012281"><ele>1807.8999938964844</ele></trkpt><trkpt lat="46.55851036310196" lon="9.846780380234122"><ele>1808.5</ele></trkpt><trkpt lat="46.55864036316052" lon="9.846390380524099"><ele>1809.7799987792969</ele></trkpt><trkpt lat="46.558690363075584" lon="9.846210380550474"><ele>1810.3999938964844</ele></trkpt><trkpt lat="46.5587603636086" lon="9.845980380661786"><ele>1811.4399719238281</ele></trkpt><trkpt lat="46.5587603636086" lon="9.845980380661786"><ele>1811.8399963378906</ele></trkpt><trkpt lat="46.55893036397174" lon="9.845400381367654"><ele>1814.0</ele></trkpt><trkpt lat="46.55895036412403" lon="9.845300381537527"><ele>1814.5</ele></trkpt><trkpt lat="46.55897036427632" lon="9.845240381546319"><ele>1814.7999877929688</ele></trkpt><trkpt lat="46.558980364352465" lon="9.845130381640047"><ele>1815.0699768066406</ele></trkpt><trkpt lat="46.55901036411524" lon="9.844880381599069"><ele>1815.5799865722656</ele></trkpt><trkpt lat="46.55902036419138" lon="9.844780381768942"><ele>1815.7599792480469</ele></trkpt><trkpt lat="46.55902036419138" lon="9.844750381540507"><ele>1815.7999877929688</ele></trkpt><trkpt lat="46.55902036419138" lon="9.844750381540507"><ele>1815.7999877929688</ele></trkpt><trkpt lat="46.55903036426753" lon="9.84465038171038"><ele>1816.0199890136719</ele></trkpt><trkpt lat="46.55903036426753" lon="9.84465038171038"><ele>1816.0</ele></trkpt><trkpt lat="46.55904036434367" lon="9.844550381414592"><ele>1816.1699829101562</ele></trkpt><trkpt lat="46.55905036441982" lon="9.844450381584466"><ele>1816.3599853515625</ele></trkpt><trkpt lat="46.559020364657044" lon="9.84444038150832"><ele>1816.4099731445312</ele></trkpt><trkpt lat="46.55891036475077" lon="9.844380381517112"><ele>1816.6899719238281</ele></trkpt><trkpt lat="46.55890036467463" lon="9.844380381517112"><ele>1816.6999816894531</ele></trkpt><trkpt lat="46.55886036437005" lon="9.844360381830484"><ele>1816.7999877929688</ele></trkpt><trkpt lat="46.558810364454985" lon="9.844350381754339"><ele>1816.8799743652344</ele></trkpt><trkpt lat="46.558750364463776" lon="9.844360381830484"><ele>1816.4399719238281</ele></trkpt><trkpt lat="46.55867036432028" lon="9.844390381593257"><ele>1816.0299987792969</ele></trkpt><trkpt lat="46.5585003644228" lon="9.84442038135603"><ele>1815.8599853515625</ele></trkpt><trkpt lat="46.558410364203155" lon="9.84444038150832"><ele>1815.6799926757812</ele></trkpt><trkpt lat="46.55837036436424" lon="9.844320381525904"><ele>1815.969970703125</ele></trkpt><trkpt lat="46.55833036452532" lon="9.844280381686985"><ele>1816.2599792480469</ele></trkpt><trkpt lat="46.55827036453411" lon="9.84427038161084"><ele>1816.4399719238281</ele></trkpt><trkpt lat="46.55819036439061" lon="9.844200381543487"><ele>1816.25</ele></trkpt><trkpt lat="46.55811036424711" lon="9.844140381552279"><ele>1816.4299926757812</ele></trkpt><trkpt lat="46.55808036448434" lon="9.84410038171336"><ele>1816.5399780273438</ele></trkpt><trkpt lat="46.55804036464542" lon="9.844010381959379"><ele>1817.0599975585938</ele></trkpt><trkpt lat="46.55801036488265" lon="9.843850382138044"><ele>1818.6999816894531</ele></trkpt><trkpt lat="46.55801036534831" lon="9.843790382612497"><ele>1820.1499938964844</ele></trkpt><trkpt lat="46.55799036566168" lon="9.843720382545143"><ele>1821.5</ele></trkpt><trkpt lat="46.557980365585536" lon="9.843670383095741"><ele>1823.0499877929688</ele></trkpt><trkpt lat="46.55795036628842" lon="9.843640383332968"><ele>1824.5899963378906</ele></trkpt><trkpt lat="46.557930366136134" lon="9.843630383256823"><ele>1825.0299987792969</ele></trkpt><trkpt lat="46.55790036637336" lon="9.843650383409113"><ele>1825.3299865722656</ele></trkpt><trkpt lat="46.55787036661059" lon="9.843680383637547"><ele>1826.3399963378906</ele></trkpt><trkpt lat="46.55782036669552" lon="9.843710383865982"><ele>1827.75</ele></trkpt><trkpt lat="46.55779036693275" lon="9.843700384255499"><ele>1828.9499816894531</ele></trkpt><trkpt lat="46.557760367169976" lon="9.843690384179354"><ele>1829.7899780273438</ele></trkpt><trkpt lat="46.55775036709383" lon="9.843670384492725"><ele>1830.6599731445312</ele></trkpt><trkpt lat="46.5577303674072" lon="9.84368038456887"><ele>1831.3599853515625</ele></trkpt><trkpt lat="46.557710367720574" lon="9.84370038472116"><ele>1832.25</ele></trkpt><trkpt lat="46.557690367568284" lon="9.843690385110676"><ele>1833.25</ele></trkpt><trkpt lat="46.55766036780551" lon="9.843660385347903"><ele>1834.25</ele></trkpt><trkpt lat="46.55764036811888" lon="9.843670385424048"><ele>1835.0799865722656</ele></trkpt><trkpt lat="46.557600368279964" lon="9.843680385965854"><ele>1837.0399780273438</ele></trkpt><trkpt lat="46.55757036851719" lon="9.843690386041999"><ele>1837.969970703125</ele></trkpt><trkpt lat="46.55754036875442" lon="9.843720386270434"><ele>1838.6299743652344</ele></trkpt><trkpt lat="46.55752036906779" lon="9.843730386346579"><ele>1839.5</ele></trkpt><trkpt lat="46.5575003689155" lon="9.843740386422724"><ele>1839.9599914550781</ele></trkpt><trkpt lat="46.55748036922887" lon="9.843750386498868"><ele>1841.0899963378906</ele></trkpt><trkpt lat="46.557450369466096" lon="9.84375038696453"><ele>1842.5799865722656</ele></trkpt><trkpt lat="46.55742036970332" lon="9.843730387277901"><ele>1844.0699768066406</ele></trkpt><trkpt lat="46.55737037025392" lon="9.843700387515128"><ele>1846.2699890136719</ele></trkpt><trkpt lat="46.55732037080452" lon="9.843700387980789"><ele>1848.3399963378906</ele></trkpt><trkpt lat="46.557310371194035" lon="9.843660388607532"><ele>1849.6899719238281</ele></trkpt><trkpt lat="46.5572803709656" lon="9.843650388531387"><ele>1850.7599792480469</ele></trkpt><trkpt lat="46.55725037120283" lon="9.843670388683677"><ele>1852.0199890136719</ele></trkpt><trkpt lat="46.5572303715162" lon="9.843710388988256"><ele>1853.1299743652344</ele></trkpt><trkpt lat="46.55721037182957" lon="9.843760389368981"><ele>1854.0199890136719</ele></trkpt><trkpt lat="46.557180372066796" lon="9.84380038967356"><ele>1855.3899841308594</ele></trkpt><trkpt lat="46.55715037230402" lon="9.843830389901996"><ele>1856.8599853515625</ele></trkpt><trkpt lat="46.557110372930765" lon="9.843850390519947"><ele>1859.2099914550781</ele></trkpt><trkpt lat="46.55707037309185" lon="9.843850390985608"><ele>1861.75</ele></trkpt><trkpt lat="46.557040373794734" lon="9.843870391137898"><ele>1863.9299926757812</ele></trkpt><trkpt lat="46.557000373955816" lon="9.843960391823202"><ele>1865.2599792480469</ele></trkpt><trkpt lat="46.55699037387967" lon="9.843990391585976"><ele>1865.3799743652344</ele></trkpt><trkpt lat="46.55697037419304" lon="9.84402039181441"><ele>1866.9499816894531</ele></trkpt><trkpt lat="46.55694037489593" lon="9.844050392508507"><ele>1868.7599792480469</ele></trkpt><trkpt lat="46.55691037513316" lon="9.844060392584652"><ele>1870.1899719238281</ele></trkpt><trkpt lat="46.55689037544653" lon="9.844040392898023"><ele>1872.1099853515625</ele></trkpt><trkpt lat="46.556860375683755" lon="9.84401039313525"><ele>1873.4299926757812</ele></trkpt><trkpt lat="46.556840375997126" lon="9.844010393600911"><ele>1874.72998046875</ele></trkpt><trkpt lat="46.5568203763105" lon="9.84405039390549"><ele>1876.1399841308594</ele></trkpt><trkpt lat="46.556790376547724" lon="9.84409039421007"><ele>1877.1399841308594</ele></trkpt><trkpt lat="46.55676037678495" lon="9.844120394438505"><ele>1878.3099975585938</ele></trkpt><trkpt lat="46.55674037663266" lon="9.844140394590795"><ele>1879.7099914550781</ele></trkpt><trkpt lat="46.55671037733555" lon="9.844160395208746"><ele>1881.5499877929688</ele></trkpt><trkpt lat="46.556680377572775" lon="9.844170395284891"><ele>1883.969970703125</ele></trkpt><trkpt lat="46.55664037819952" lon="9.844190395902842"><ele>1886.4399719238281</ele></trkpt><trkpt lat="46.5566003783606" lon="9.844220396131277"><ele>1887.0</ele></trkpt><trkpt lat="46.556570378132164" lon="9.844230396207422"><ele>1887.489990234375</ele></trkpt><trkpt lat="46.55654037883505" lon="9.844260396435857"><ele>1889.469970703125</ele></trkpt><trkpt lat="46.55651037907228" lon="9.844310396816581"><ele>1890.989990234375</ele></trkpt><trkpt lat="46.55651037907228" lon="9.844330396968871"><ele>1890.969970703125</ele></trkpt><trkpt lat="46.55649037938565" lon="9.844350397121161"><ele>1891.6699829101562</ele></trkpt><trkpt lat="46.55647037969902" lon="9.844330397434533"><ele>1893.3399963378906</ele></trkpt><trkpt lat="46.55644037993625" lon="9.844340397510678"><ele>1895.0099792480469</ele></trkpt><trkpt lat="46.5564303798601" lon="9.844370397739112"><ele>1895.25</ele></trkpt><trkpt lat="46.556390380486846" lon="9.844400398433208"><ele>1897.3599853515625</ele></trkpt><trkpt lat="46.55636038072407" lon="9.844420398585498"><ele>1899.0799865722656</ele></trkpt><trkpt lat="46.5563303809613" lon="9.844440398737788"><ele>1900.0999755859375</ele></trkpt><trkpt lat="46.556300380732864" lon="9.844470398966223"><ele>1900.3799743652344</ele></trkpt><trkpt lat="46.556280381046236" lon="9.844500398728997"><ele>1900.8299865722656</ele></trkpt><trkpt lat="46.55624038120732" lon="9.844500399194658"><ele>1902.75</ele></trkpt><trkpt lat="46.55622038152069" lon="9.844530399423093"><ele>1903.5599975585938</ele></trkpt><trkpt lat="46.55620038183406" lon="9.844540399499238"><ele>1904.3499755859375</ele></trkpt><trkpt lat="46.556170382071286" lon="9.844580399803817"><ele>1905.469970703125</ele></trkpt><trkpt lat="46.55612038215622" lon="9.844600400421768"><ele>1907.5999755859375</ele></trkpt><trkpt lat="46.55609038239345" lon="9.844610400497913"><ele>1909.1299743652344</ele></trkpt><trkpt lat="46.55605038255453" lon="9.844650400802493"><ele>1910.0799865722656</ele></trkpt><trkpt lat="46.556010383181274" lon="9.844670401420444"><ele>1912.239990234375</ele></trkpt><trkpt lat="46.55595038365573" lon="9.844750402029604"><ele>1915.0999755859375</ele></trkpt><trkpt lat="46.555880384519696" lon="9.84493040246889"><ele>1917.9099731445312</ele></trkpt><trkpt lat="46.555860384367406" lon="9.844970402307808"><ele>1917.8699951171875</ele></trkpt><trkpt lat="46.55584038468078" lon="9.845000402536243"><ele>1918.8299865722656</ele></trkpt><trkpt lat="46.55584038468078" lon="9.84495040262118"><ele>1919.5299987792969</ele></trkpt><trkpt lat="46.55585038475692" lon="9.844870402943343"><ele>1920.2699890136719</ele></trkpt><trkpt lat="46.55584038514644" lon="9.844810402952135"><ele>1921.2799987792969</ele></trkpt><trkpt lat="46.55582038545981" lon="9.844760403502733"><ele>1923.1699829101562</ele></trkpt><trkpt lat="46.55579038569704" lon="9.844810403883457"><ele>1924.3499755859375</ele></trkpt><trkpt lat="46.55578038562089" lon="9.844830404035747"><ele>1925.0099792480469</ele></trkpt><trkpt lat="46.555720386095345" lon="9.844900404568762"><ele>1927.8799743652344</ele></trkpt><trkpt lat="46.55568038672209" lon="9.844920404721051"><ele>1929.1599731445312</ele></trkpt><trkpt lat="46.555650386959314" lon="9.844900405500084"><ele>1931.8799743652344</ele></trkpt><trkpt lat="46.55563038773835" lon="9.844800405669957"><ele>1934.6099853515625</ele></trkpt><trkpt lat="46.55563038773835" lon="9.844750406220555"><ele>1935.75</ele></trkpt><trkpt lat="46.55562038812786" lon="9.844730406533927"><ele>1937.5999755859375</ele></trkpt><trkpt lat="46.555580388288945" lon="9.844740406610072"><ele>1939.0099792480469</ele></trkpt><trkpt lat="46.55555038852617" lon="9.844770406838506"><ele>1940.2599792480469</ele></trkpt><trkpt lat="46.55553038883954" lon="9.844770407304168"><ele>1941.7099914550781</ele></trkpt><trkpt lat="46.555490389000624" lon="9.844830407295376"><ele>1942.5799865722656</ele></trkpt><trkpt lat="46.55545038962737" lon="9.844870408065617"><ele>1944.8599853515625</ele></trkpt><trkpt lat="46.55543038994074" lon="9.844850408378989"><ele>1946.1999816894531</ele></trkpt><trkpt lat="46.55541039025411" lon="9.844760408625007"><ele>1948.7899780273438</ele></trkpt><trkpt lat="46.555380390957" lon="9.844650409650058"><ele>1952.4099731445312</ele></trkpt><trkpt lat="46.55540039157495" lon="9.844540409743786"><ele>1954.1199951171875</ele></trkpt><trkpt lat="46.555370391812176" lon="9.844470410142094"><ele>1956.3799743652344</ele></trkpt><trkpt lat="46.55535039212555" lon="9.844500410370529"><ele>1957.22998046875</ele></trkpt><trkpt lat="46.5553403920494" lon="9.844490410760045"><ele>1958.1099853515625</ele></trkpt><trkpt lat="46.55532039236277" lon="9.844530410598963"><ele>1958.8199768066406</ele></trkpt><trkpt lat="46.555300392676145" lon="9.844530411064625"><ele>1959.75</ele></trkpt><trkpt lat="46.55525039322674" lon="9.844570411834866"><ele>1962.6999816894531</ele></trkpt><trkpt lat="46.55523039307445" lon="9.844570411834866"><ele>1963.8099975585938</ele></trkpt><trkpt lat="46.55515039386228" lon="9.844680412206799"><ele>1966.4199829101562</ele></trkpt><trkpt lat="46.555120394099504" lon="9.84470041282475"><ele>1967.739990234375</ele></trkpt><trkpt lat="46.55509039433673" lon="9.844680413138121"><ele>1969.2899780273438</ele></trkpt><trkpt lat="46.555100394412875" lon="9.844640413299203"><ele>1970.3099975585938</ele></trkpt><trkpt lat="46.55510039487854" lon="9.844600413460284"><ele>1971.2899780273438</ele></trkpt><trkpt lat="46.55505039496347" lon="9.84461041353643"><ele>1973.1999816894531</ele></trkpt><trkpt lat="46.555010395590216" lon="9.84463041415438"><ele>1974.8199768066406</ele></trkpt><trkpt lat="46.5548303979449" lon="9.844860416837037"><ele>1987.0799865722656</ele></trkpt><trkpt lat="46.554780398029834" lon="9.84489041659981"><ele>1988.0</ele></trkpt><trkpt lat="46.55473039858043" lon="9.844910417217761"><ele>1989.7599792480469</ele></trkpt><trkpt lat="46.554670398589224" lon="9.844960417598486"><ele>1991.7999877929688</ele></trkpt><trkpt lat="46.55461039952934" lon="9.845040418207645"><ele>1995.4099731445312</ele></trkpt><trkpt lat="46.55457040062174" lon="9.845150419510901"><ele>2000.7799987792969</ele></trkpt><trkpt lat="46.55455040093511" lon="9.845250419806689"><ele>2001.989990234375</ele></trkpt><trkpt lat="46.55448040133342" lon="9.845360420178622"><ele>2005.4099731445312</ele></trkpt><trkpt lat="46.55439040251076" lon="9.84541042149067"><ele>2009.9199829101562</ele></trkpt><trkpt lat="46.554330402985215" lon="9.84541042195633"><ele>2012.97998046875</ele></trkpt><trkpt lat="46.55428040353581" lon="9.845390422735363"><ele>2016.9399719238281</ele></trkpt><trkpt lat="46.554260404314846" lon="9.845320423133671"><ele>2019.0599975585938</ele></trkpt><trkpt lat="46.55423040455207" lon="9.84523042384535"><ele>2022.4599914550781</ele></trkpt><trkpt lat="46.55422040540725" lon="9.845180424395949"><ele>2024.7899780273438</ele></trkpt><trkpt lat="46.55420040525496" lon="9.84516042470932"><ele>2026.0099792480469</ele></trkpt><trkpt lat="46.55415040580556" lon="9.84518042486161"><ele>2027.7099914550781</ele></trkpt><trkpt lat="46.55413040611893" lon="9.845170425251126"><ele>2028.9199829101562</ele></trkpt><trkpt lat="46.554120406042784" lon="9.845150425564498"><ele>2029.8899841308594</ele></trkpt><trkpt lat="46.554120406508446" lon="9.845100425649434"><ele>2031.0799865722656</ele></trkpt><trkpt lat="46.55411040689796" lon="9.845060425810516"><ele>2032.8299865722656</ele></trkpt><trkpt lat="46.55412040697411" lon="9.845020426437259"><ele>2034.1899719238281</ele></trkpt><trkpt lat="46.55410040728748" lon="9.84500042675063"><ele>2036.5899963378906</ele></trkpt><trkpt lat="46.55406040791422" lon="9.845000427216291"><ele>2037.97998046875</ele></trkpt><trkpt lat="46.55399040831253" lon="9.84497042791918"><ele>2041.4399719238281</ele></trkpt><trkpt lat="46.55396040901542" lon="9.844980427995324"><ele>2043.0799865722656</ele></trkpt><trkpt lat="46.5538704097271" lon="9.845040428917855"><ele>2047.3299865722656</ele></trkpt><trkpt lat="46.55384040996432" lon="9.84507042914629"><ele>2048.969970703125</ele></trkpt><trkpt lat="46.553800410591066" lon="9.845090429764241"><ele>2051.2899780273438</ele></trkpt><trkpt lat="46.55374041106552" lon="9.845100430306047"><ele>2054.1799926757812</ele></trkpt><trkpt lat="46.55367041192949" lon="9.845110431313515"><ele>2058.199981689453</ele></trkpt><trkpt lat="46.55362041154876" lon="9.845120430923998"><ele>2057.7999877929688</ele></trkpt><trkpt lat="46.5535704116337" lon="9.845130431000143"><ele>2058.22998046875</ele></trkpt><trkpt lat="46.55350041249767" lon="9.845080432016402"><ele>2061.3099975585938</ele></trkpt><trkpt lat="46.553450412582606" lon="9.845060431864113"><ele>2062.6599731445312</ele></trkpt><trkpt lat="46.553400413133204" lon="9.845050432253629"><ele>2064.2899780273438</ele></trkpt><trkpt lat="46.55333041353151" lon="9.84507043287158"><ele>2066.709991455078</ele></trkpt><trkpt lat="46.5531704146415" lon="9.845050434116274"><ele>2072.8599853515625</ele></trkpt><trkpt lat="46.55313041480258" lon="9.84500043420121"><ele>2073.719970703125</ele></trkpt><trkpt lat="46.553030414972454" lon="9.845010434277356"><ele>2074.3099975585938</ele></trkpt><trkpt lat="46.552990415133536" lon="9.844980434514582"><ele>2074.6499938964844</ele></trkpt><trkpt lat="46.55289041530341" lon="9.844990435056388"><ele>2076.1299743652344</ele></trkpt><trkpt lat="46.552860415540636" lon="9.84495043521747"><ele>2077.4099731445312</ele></trkpt><trkpt lat="46.552770415786654" lon="9.844900435768068"><ele>2079.8599853515625</ele></trkpt><trkpt lat="46.55274041602388" lon="9.844930435530841"><ele>2080.3099975585938</ele></trkpt><trkpt lat="46.552640416659415" lon="9.844930435996503"><ele>2082.3799743652344</ele></trkpt><trkpt lat="46.55257041659206" lon="9.844950436148793"><ele>2083.1599731445312</ele></trkpt><trkpt lat="46.55250041699037" lon="9.844930436927825"><ele>2085.529998779297</ele></trkpt><trkpt lat="46.55244041746482" lon="9.844910436775535"><ele>2086.5999755859375</ele></trkpt><trkpt lat="46.55241041770205" lon="9.844890437088907"><ele>2087.8999938964844</ele></trkpt><trkpt lat="46.552360417786986" lon="9.844870437402278"><ele>2089.7999877929688</ele></trkpt><trkpt lat="46.55228041857481" lon="9.844800438266248"><ele>2093.269989013672</ele></trkpt><trkpt lat="46.55225041881204" lon="9.844790438655764"><ele>2093.8599853515625</ele></trkpt><trkpt lat="46.55221041897312" lon="9.844770438503474"><ele>2094.5899963378906</ele></trkpt><trkpt lat="46.5521704191342" lon="9.844750438816845"><ele>2096.22998046875</ele></trkpt><trkpt lat="46.55213041929528" lon="9.844740439206362"><ele>2097.4099731445312</ele></trkpt><trkpt lat="46.55209041945636" lon="9.844710439443588"><ele>2098.709991455078</ele></trkpt><trkpt lat="46.552070419769734" lon="9.844720439519733"><ele>2099.1699829101562</ele></trkpt><trkpt lat="46.552050420083106" lon="9.844710439443588"><ele>2099.8599853515625</ele></trkpt><trkpt lat="46.552010419778526" lon="9.84471043990925"><ele>2100.5999755859375</ele></trkpt><trkpt lat="46.55198042001575" lon="9.844690440222621"><ele>2101.5999755859375</ele></trkpt><trkpt lat="46.55195042025298" lon="9.844680440146476"><ele>2102.6699829101562</ele></trkpt><trkpt lat="46.55193042056635" lon="9.844680440612137"><ele>2103.6399841308594</ele></trkpt><trkpt lat="46.55188042065129" lon="9.844690440688282"><ele>2104.969970703125</ele></trkpt><trkpt lat="46.55185042088851" lon="9.844680441077799"><ele>2105.6699829101562</ele></trkpt><trkpt lat="46.55184042127803" lon="9.844670441001654"><ele>2106.3799743652344</ele></trkpt><trkpt lat="46.55180042143911" lon="9.844620441552252"><ele>2108.509979248047</ele></trkpt><trkpt lat="46.55177042167634" lon="9.844610441476107"><ele>2108.6799926757812</ele></trkpt><trkpt lat="46.551720421761274" lon="9.844620441552252"><ele>2108.8799743652344</ele></trkpt><trkpt lat="46.55166042223573" lon="9.84459044225514"><ele>2111.439971923828</ele></trkpt><trkpt lat="46.55164042208344" lon="9.844660442322493"><ele>2111.97998046875</ele></trkpt><trkpt lat="46.55164042208344" lon="9.844680442009121"><ele>2112.219970703125</ele></trkpt><trkpt lat="46.551630422472954" lon="9.844700442161411"><ele>2112.5699768066406</ele></trkpt><trkpt lat="46.551610422320664" lon="9.844710442237556"><ele>2113.5</ele></trkpt><trkpt lat="46.55157042294741" lon="9.844730442855507"><ele>2114.8299865722656</ele></trkpt><trkpt lat="46.55155042279512" lon="9.844750443007797"><ele>2115.3199768066406</ele></trkpt><trkpt lat="46.55153042310849" lon="9.844770443160087"><ele>2115.8699951171875</ele></trkpt><trkpt lat="46.5515104229562" lon="9.844760443083942"><ele>2116.4099731445312</ele></trkpt><trkpt lat="46.551500423345715" lon="9.844750443007797"><ele>2117.029998779297</ele></trkpt><trkpt lat="46.55147042358294" lon="9.844760443549603"><ele>2117.8199768066406</ele></trkpt><trkpt lat="46.55144042335451" lon="9.844780443236232"><ele>2118.239990234375</ele></trkpt><trkpt lat="46.55141042359173" lon="9.844770443625748"><ele>2119.209991455078</ele></trkpt><trkpt lat="46.551390423905104" lon="9.844770443625748"><ele>2120.0799865722656</ele></trkpt><trkpt lat="46.551370423752815" lon="9.84477044409141"><ele>2120.8899841308594</ele></trkpt><trkpt lat="46.55134042399004" lon="9.844760444015265"><ele>2121.449981689453</ele></trkpt><trkpt lat="46.55132042430341" lon="9.8447904442437"><ele>2122.219970703125</ele></trkpt><trkpt lat="46.55130042415112" lon="9.844780444167554"><ele>2122.6099853515625</ele></trkpt><trkpt lat="46.55127042438835" lon="9.844760444480926"><ele>2123.489990234375</ele></trkpt><trkpt lat="46.55123042454943" lon="9.844740444794297"><ele>2124.449981689453</ele></trkpt><trkpt lat="46.55119042471051" lon="9.844750444870442"><ele>2125.1099853515625</ele></trkpt><trkpt lat="46.551150424871594" lon="9.844750444870442"><ele>2126.1699829101562</ele></trkpt><trkpt lat="46.551130425184965" lon="9.844740445259959"><ele>2127.0799865722656</ele></trkpt><trkpt lat="46.55110042542219" lon="9.844740445259959"><ele>2127.769989013672</ele></trkpt><trkpt lat="46.55107042519376" lon="9.844730445649475"><ele>2128.47998046875</ele></trkpt><trkpt lat="46.55104042543098" lon="9.84472044557333"><ele>2129.1499938964844</ele></trkpt><trkpt lat="46.55101042566821" lon="9.844710445962846"><ele>2130.0599975585938</ele></trkpt><trkpt lat="46.550980425905436" lon="9.844710445962846"><ele>2130.8199768066406</ele></trkpt><trkpt lat="46.55095042614266" lon="9.844710445962846"><ele>2131.6399841308594</ele></trkpt><trkpt lat="46.55088042654097" lon="9.844680446665734"><ele>2133.4199829101562</ele></trkpt><trkpt lat="46.5508504267782" lon="9.84467044658959"><ele>2134.4199829101562</ele></trkpt><trkpt lat="46.55083042662591" lon="9.84467044658959"><ele>2134.6099853515625</ele></trkpt><trkpt lat="46.550800426863134" lon="9.844710446894169"><ele>2134.8899841308594</ele></trkpt><trkpt lat="46.550760427024215" lon="9.844740447122604"><ele>2136.3899841308594</ele></trkpt><trkpt lat="46.55073042726144" lon="9.844770447351038"><ele>2137.029998779297</ele></trkpt><trkpt lat="46.550670427270234" lon="9.84475044766441"><ele>2138.3399963378906</ele></trkpt><trkpt lat="46.550650427583605" lon="9.8447704478167"><ele>2139.1299743652344</ele></trkpt><trkpt lat="46.55062042782083" lon="9.84479044796899"><ele>2140.029998779297</ele></trkpt><trkpt lat="46.55059042805806" lon="9.844770448282361"><ele>2140.8699951171875</ele></trkpt><trkpt lat="46.55056042782962" lon="9.844720448367298"><ele>2141.3599853515625</ele></trkpt><trkpt lat="46.55053042806685" lon="9.844690448138863"><ele>2142.219970703125</ele></trkpt><trkpt lat="46.550500428304076" lon="9.84468044852838"><ele>2143.019989013672</ele></trkpt><trkpt lat="46.550480428151786" lon="9.84466044837609"><ele>2143.509979248047</ele></trkpt><trkpt lat="46.55046042846516" lon="9.84466044884175"><ele>2144.47998046875</ele></trkpt><trkpt lat="46.550430428702384" lon="9.844650448765606"><ele>2145.3299865722656</ele></trkpt><trkpt lat="46.550410429015756" lon="9.84466044884175"><ele>2145.8299865722656</ele></trkpt><trkpt lat="46.550390428863466" lon="9.844710449222475"><ele>2146.3299865722656</ele></trkpt><trkpt lat="46.55038042878732" lon="9.84472044929862"><ele>2146.739990234375</ele></trkpt><trkpt lat="46.55035042902455" lon="9.844710449222475"><ele>2147.6699829101562</ele></trkpt><trkpt lat="46.550300429109484" lon="9.844690449535847"><ele>2148.5</ele></trkpt><trkpt lat="46.55027042934671" lon="9.844670449849218"><ele>2149.009979248047</ele></trkpt><trkpt lat="46.55025042966008" lon="9.844670449849218"><ele>2149.439971923828</ele></trkpt><trkpt lat="46.55021042982116" lon="9.844700450077653"><ele>2150.5</ele></trkpt><trkpt lat="46.55018043005839" lon="9.844690450001508"><ele>2151.1499938964844</ele></trkpt><trkpt lat="46.550150429829955" lon="9.844660450238734"><ele>2151.75</ele></trkpt><trkpt lat="46.55013043014333" lon="9.844630450475961"><ele>2152.22998046875</ele></trkpt><trkpt lat="46.55009043030441" lon="9.844610450789332"><ele>2153.22998046875</ele></trkpt><trkpt lat="46.550040430389345" lon="9.844610450789332"><ele>2154.6099853515625</ele></trkpt><trkpt lat="46.550020430702716" lon="9.844600451178849"><ele>2155.1099853515625</ele></trkpt><trkpt lat="46.54996043071151" lon="9.84456045133993"><ele>2156.4199829101562</ele></trkpt><trkpt lat="46.549910431262106" lon="9.844520451501012"><ele>2157.7999877929688</ele></trkpt><trkpt lat="46.54990043118596" lon="9.844510451424867"><ele>2158.219970703125</ele></trkpt><trkpt lat="46.54987043142319" lon="9.844520451501012"><ele>2158.5499877929688</ele></trkpt><trkpt lat="46.549800431355834" lon="9.844560451805592"><ele>2159.9099731445312</ele></trkpt><trkpt lat="46.54977043159306" lon="9.844550452195108"><ele>2160.72998046875</ele></trkpt><trkpt lat="46.54973043175414" lon="9.84453045250848"><ele>2161.759979248047</ele></trkpt><trkpt lat="46.54970043199137" lon="9.84453045250848"><ele>2162.47998046875</ele></trkpt><trkpt lat="46.549670432228595" lon="9.84451045282185"><ele>2163.259979248047</ele></trkpt><trkpt lat="46.54961043223739" lon="9.844420453067869"><ele>2164.6399841308594</ele></trkpt><trkpt lat="46.549500432796776" lon="9.844390453305095"><ele>2167.0899963378906</ele></trkpt><trkpt lat="46.54946043295786" lon="9.844430453609675"><ele>2167.5</ele></trkpt><trkpt lat="46.549430433195084" lon="9.84444045368582"><ele>2168.2899780273438</ele></trkpt><trkpt lat="46.549410433042794" lon="9.844450453761965"><ele>2168.6699829101562</ele></trkpt><trkpt lat="46.54938043328002" lon="9.844450453761965"><ele>2169.259979248047</ele></trkpt><trkpt lat="46.54936043359339" lon="9.84446045383811"><ele>2169.739990234375</ele></trkpt><trkpt lat="46.54933043336496" lon="9.844440454151481"><ele>2170.5</ele></trkpt><trkpt lat="46.549300433602184" lon="9.844440454151481"><ele>2171.25</ele></trkpt><trkpt lat="46.54923043400049" lon="9.844410454388708"><ele>2172.8399963378906</ele></trkpt><trkpt lat="46.54921043431386" lon="9.844380454625934"><ele>2173.47998046875</ele></trkpt><trkpt lat="46.549190434161574" lon="9.84435045486316"><ele>2174.1299743652344</ele></trkpt><trkpt lat="46.5491604343988" lon="9.844340454787016"><ele>2174.9199829101562</ele></trkpt><trkpt lat="46.54910043487325" lon="9.844330455176532"><ele>2176.689971923828</ele></trkpt><trkpt lat="46.54908043472096" lon="9.844320455566049"><ele>2177.209991455078</ele></trkpt><trkpt lat="46.549040434882045" lon="9.844320455566049"><ele>2178.1299743652344</ele></trkpt><trkpt lat="46.549000435043126" lon="9.84430045587942"><ele>2178.9099731445312</ele></trkpt><trkpt lat="46.54896043520421" lon="9.844290455803275"><ele>2179.9299926757812</ele></trkpt><trkpt lat="46.54894043551758" lon="9.844270456116647"><ele>2180.719970703125</ele></trkpt><trkpt lat="46.54888043599203" lon="9.844240456353873"><ele>2182.3999938964844</ele></trkpt><trkpt lat="46.54883043607697" lon="9.844190456904471"><ele>2184.0699768066406</ele></trkpt><trkpt lat="46.548800436314195" lon="9.844180456828326"><ele>2184.8499755859375</ele></trkpt><trkpt lat="46.54875043686479" lon="9.844190457370132"><ele>2186.209991455078</ele></trkpt><trkpt lat="46.54874043678865" lon="9.844160457607359"><ele>2186.75</ele></trkpt><trkpt lat="46.54872043663636" lon="9.844140457455069"><ele>2187.269989013672</ele></trkpt><trkpt lat="46.54870043694973" lon="9.844150457531214"><ele>2187.8599853515625</ele></trkpt><trkpt lat="46.5486804372631" lon="9.84414045792073"><ele>2188.3999938964844</ele></trkpt><trkpt lat="46.54864043742418" lon="9.84412045776844"><ele>2189.519989013672</ele></trkpt><trkpt lat="46.54861043766141" lon="9.844090458005667"><ele>2190.8299865722656</ele></trkpt><trkpt lat="46.54855043813586" lon="9.844060458708555"><ele>2192.7899780273438</ele></trkpt><trkpt lat="46.5485004382208" lon="9.844040459021926"><ele>2193.699981689453</ele></trkpt><trkpt lat="46.54848043806851" lon="9.844030458945781"><ele>2194.259979248047</ele></trkpt><trkpt lat="46.54846043838188" lon="9.84405045909807"><ele>2195.0699768066406</ele></trkpt><trkpt lat="46.54843043861911" lon="9.844040459021926"><ele>2195.739990234375</ele></trkpt><trkpt lat="46.54839043878019" lon="9.844020459335297"><ele>2196.489990234375</ele></trkpt><trkpt lat="46.54835043894127" lon="9.844000459648669"><ele>2197.709991455078</ele></trkpt><trkpt lat="46.5483204391785" lon="9.844000459648669"><ele>2198.5999755859375</ele></trkpt><trkpt lat="46.54829043941572" lon="9.84400046011433"><ele>2199.449981689453</ele></trkpt><trkpt lat="46.54826043918729" lon="9.84400046011433"><ele>2200.3499755859375</ele></trkpt><trkpt lat="46.54822043934837" lon="9.843990460038185"><ele>2200.779998779297</ele></trkpt><trkpt lat="46.54816043982282" lon="9.843950460664928"><ele>2202.0799865722656</ele></trkpt><trkpt lat="46.54813044006005" lon="9.843920460902154"><ele>2202.9099731445312</ele></trkpt><trkpt lat="46.54811043990776" lon="9.843920460902154"><ele>2203.3599853515625</ele></trkpt><trkpt lat="46.54809044022113" lon="9.84391046082601"><ele>2204.019989013672</ele></trkpt><trkpt lat="46.54805044038221" lon="9.843870460987091"><ele>2205.0999755859375</ele></trkpt><trkpt lat="46.54800044046715" lon="9.843860461376607"><ele>2205.97998046875</ele></trkpt><trkpt lat="46.54796044062823" lon="9.843830461613834"><ele>2206.5999755859375</ele></trkpt><trkpt lat="46.54792044078931" lon="9.84378046169877"><ele>2207.75</ele></trkpt><trkpt lat="46.54789044102654" lon="9.843770461622626"><ele>2208.4199829101562</ele></trkpt><trkpt lat="46.54787044087425" lon="9.843760462012142"><ele>2208.7899780273438</ele></trkpt><trkpt lat="46.54787044087425" lon="9.843750461935997"><ele>2208.939971923828</ele></trkpt><trkpt lat="46.54785044118762" lon="9.843710462097079"><ele>2209.47998046875</ele></trkpt><trkpt lat="46.547840441111475" lon="9.843690461944789"><ele>2209.7899780273438</ele></trkpt><trkpt lat="46.54782044142485" lon="9.843680462334305"><ele>2210.239990234375</ele></trkpt><trkpt lat="46.54780044127256" lon="9.84367046225816"><ele>2210.75</ele></trkpt><trkpt lat="46.54776044143364" lon="9.84367046225816"><ele>2211.439971923828</ele></trkpt><trkpt lat="46.54772044159472" lon="9.843630462884903"><ele>2212.5899963378906</ele></trkpt><trkpt lat="46.54770044190809" lon="9.843620462808758"><ele>2213.009979248047</ele></trkpt><trkpt lat="46.5476804417558" lon="9.843590463045985"><ele>2213.5</ele></trkpt><trkpt lat="46.54766044206917" lon="9.843530463054776"><ele>2214.3099975585938</ele></trkpt><trkpt lat="46.54765044245869" lon="9.843500463292003"><ele>2215.0699768066406</ele></trkpt><trkpt lat="46.547640442382544" lon="9.843480463139713"><ele>2215.5999755859375</ele></trkpt><trkpt lat="46.54761044261977" lon="9.84345046337694"><ele>2216.3399963378906</ele></trkpt><trkpt lat="46.54759044246748" lon="9.843440463300794"><ele>2216.8599853515625</ele></trkpt><trkpt lat="46.54757044278085" lon="9.84343046369031"><ele>2217.3199768066406</ele></trkpt><trkpt lat="46.54755044262856" lon="9.843420463614166"><ele>2217.8599853515625</ele></trkpt><trkpt lat="46.54754044301808" lon="9.843390463851392"><ele>2218.509979248047</ele></trkpt><trkpt lat="46.54752044286579" lon="9.843350464012474"><ele>2218.509979248047</ele></trkpt><trkpt lat="46.547510442789644" lon="9.843320463784039"><ele>2218.739990234375</ele></trkpt><trkpt lat="46.54748044302687" lon="9.843310464173555"><ele>2219.9199829101562</ele></trkpt><trkpt lat="46.54743044357747" lon="9.843210464343429"><ele>2221.459991455078</ele></trkpt><trkpt lat="46.54742044350132" lon="9.843180464580655"><ele>2222.019989013672</ele></trkpt><trkpt lat="46.547400443814695" lon="9.843130464665592"><ele>2223.439971923828</ele></trkpt><trkpt lat="46.54737044405192" lon="9.843120465055108"><ele>2224.1499938964844</ele></trkpt><trkpt lat="46.54734044428915" lon="9.843090465292335"><ele>2225.6099853515625</ele></trkpt><trkpt lat="46.547330444213" lon="9.84308046521619"><ele>2226.1199951171875</ele></trkpt><trkpt lat="46.54730044445023" lon="9.843090465757996"><ele>2227.3899841308594</ele></trkpt><trkpt lat="46.5472804447636" lon="9.843080465681851"><ele>2227.939971923828</ele></trkpt><trkpt lat="46.54726044507697" lon="9.843060465995222"><ele>2228.5699768066406</ele></trkpt><trkpt lat="46.54724044492468" lon="9.843040465842932"><ele>2229.3299865722656</ele></trkpt><trkpt lat="46.5472304453142" lon="9.843030466232449"><ele>2229.8299865722656</ele></trkpt><trkpt lat="46.547220445238054" lon="9.843000466004014"><ele>2229.969970703125</ele></trkpt><trkpt lat="46.547200445551425" lon="9.84299046639353"><ele>2230.709991455078</ele></trkpt><trkpt lat="46.547180445399135" lon="9.842980466317385"><ele>2231.0999755859375</ele></trkpt><trkpt lat="46.54717044532299" lon="9.842940466478467"><ele>2231.3499755859375</ele></trkpt><trkpt lat="46.54716044571251" lon="9.842920466326177"><ele>2231.779998779297</ele></trkpt><trkpt lat="46.54714044556022" lon="9.842910466715693"><ele>2232.3999938964844</ele></trkpt><trkpt lat="46.54713044548407" lon="9.842890466563404"><ele>2232.6399841308594</ele></trkpt><trkpt lat="46.54711044579744" lon="9.84288046695292"><ele>2233.0899963378906</ele></trkpt><trkpt lat="46.54709044564515" lon="9.842870466876775"><ele>2233.5</ele></trkpt><trkpt lat="46.54708044603467" lon="9.842850467190146"><ele>2233.989990234375</ele></trkpt><trkpt lat="46.547070445958525" lon="9.842840467114002"><ele>2234.6499938964844</ele></trkpt><trkpt lat="46.547050446271896" lon="9.842840467114002"><ele>2235.3199768066406</ele></trkpt><trkpt lat="46.54702044650912" lon="9.842800467275083"><ele>2236.239990234375</ele></trkpt><trkpt lat="46.54700044635683" lon="9.842800467740744"><ele>2236.8399963378906</ele></trkpt><trkpt lat="46.546980446670204" lon="9.842840468045324"><ele>2238.529998779297</ele></trkpt><trkpt lat="46.546960446983576" lon="9.842840468045324"><ele>2239.1099853515625</ele></trkpt><trkpt lat="46.54695044690743" lon="9.842840468045324"><ele>2239.8399963378906</ele></trkpt><trkpt lat="46.5469304472208" lon="9.842820468358696"><ele>2240.689971923828</ele></trkpt><trkpt lat="46.5468804477714" lon="9.842790468595922"><ele>2242.9199829101562</ele></trkpt><trkpt lat="46.546870447695255" lon="9.842780468985438"><ele>2243.769989013672</ele></trkpt><trkpt lat="46.54685044800863" lon="9.842770469374955"><ele>2244.7999877929688</ele></trkpt><trkpt lat="46.54681044863537" lon="9.842770469374955"><ele>2246.7899780273438</ele></trkpt><trkpt lat="46.54679044848308" lon="9.842760469764471"><ele>2247.6799926757812</ele></trkpt><trkpt lat="46.546760448720306" lon="9.842760470230132"><ele>2249.1199951171875</ele></trkpt><trkpt lat="46.54675044910982" lon="9.842750470153987"><ele>2249.6299743652344</ele></trkpt><trkpt lat="46.54673044895753" lon="9.842720470391214"><ele>2249.959991455078</ele></trkpt><trkpt lat="46.54673044895753" lon="9.842700470238924"><ele>2250.1699829101562</ele></trkpt><trkpt lat="46.546690449584275" lon="9.84267047047615"><ele>2251.4199829101562</ele></trkpt><trkpt lat="46.54668044950813" lon="9.84267047047615"><ele>2251.939971923828</ele></trkpt><trkpt lat="46.546670449431986" lon="9.842670470941812"><ele>2252.6599731445312</ele></trkpt><trkpt lat="46.54665044974536" lon="9.842670470941812"><ele>2253.199981689453</ele></trkpt><trkpt lat="46.54664044966921" lon="9.842650471255183"><ele>2253.9099731445312</ele></trkpt><trkpt lat="46.54662044998258" lon="9.842640471179038"><ele>2254.5399780273438</ele></trkpt><trkpt lat="46.54661044990644" lon="9.84262047149241"><ele>2255.279998779297</ele></trkpt><trkpt lat="46.54659045021981" lon="9.84262047149241"><ele>2255.8899841308594</ele></trkpt><trkpt lat="46.54655045038089" lon="9.842570472043008"><ele>2257.8399963378906</ele></trkpt><trkpt lat="46.54653045069426" lon="9.842540471814573"><ele>2258.459991455078</ele></trkpt><trkpt lat="46.546510451007634" lon="9.842520472127944"><ele>2259.1799926757812</ele></trkpt><trkpt lat="46.546490450855345" lon="9.842500471975654"><ele>2259.5499877929688</ele></trkpt><trkpt lat="46.54648045124486" lon="9.842480472289026"><ele>2260.1199951171875</ele></trkpt><trkpt lat="46.5464304513298" lon="9.842430472839624"><ele>2261.9199829101562</ele></trkpt><trkpt lat="46.54639045149088" lon="9.842430472839624"><ele>2263.0799865722656</ele></trkpt><trkpt lat="46.546380451880395" lon="9.84242047322914"><ele>2263.6199951171875</ele></trkpt><trkpt lat="46.546360451728106" lon="9.84240047307685"><ele>2264.2999877929688</ele></trkpt><trkpt lat="46.54633045196533" lon="9.842400473542511"><ele>2265.529998779297</ele></trkpt><trkpt lat="46.5463104522787" lon="9.842380473390222"><ele>2266.2999877929688</ele></trkpt><trkpt lat="46.546290452592075" lon="9.842350473627448"><ele>2267.0899963378906</ele></trkpt><trkpt lat="46.54628045251593" lon="9.842320473864675"><ele>2267.9099731445312</ele></trkpt><trkpt lat="46.5462604528293" lon="9.842280474025756"><ele>2268.8899841308594</ele></trkpt><trkpt lat="46.54619045322761" lon="9.842280474491417"><ele>2271.5999755859375</ele></trkpt><trkpt lat="46.546160453464836" lon="9.842280474957079"><ele>2272.3199768066406</ele></trkpt><trkpt lat="46.54615045338869" lon="9.842280474957079"><ele>2272.8099975585938</ele></trkpt><trkpt lat="46.54613045370206" lon="9.842270474880934"><ele>2273.4099731445312</ele></trkpt><trkpt lat="46.54612045362592" lon="9.842250475194305"><ele>2274.1499938964844</ele></trkpt><trkpt lat="46.546090453863144" lon="9.842210475355387"><ele>2275.6699829101562</ele></trkpt><trkpt lat="46.54606045410037" lon="9.842200475744903"><ele>2276.6199951171875</ele></trkpt><trkpt lat="46.54601045465097" lon="9.842160475905985"><ele>2277.75</ele></trkpt><trkpt lat="46.54599045449868" lon="9.842130476143211"><ele>2278.5399780273438</ele></trkpt><trkpt lat="46.545980454888195" lon="9.842110475990921"><ele>2279.3699951171875</ele></trkpt><trkpt lat="46.545960454735905" lon="9.842110476456583"><ele>2280.029998779297</ele></trkpt><trkpt lat="46.545940455049276" lon="9.842110476456583"><ele>2280.8099975585938</ele></trkpt><trkpt lat="46.54590045521036" lon="9.842070477083325"><ele>2282.469970703125</ele></trkpt><trkpt lat="46.545850455760956" lon="9.842050477396697"><ele>2284.3799743652344</ele></trkpt><trkpt lat="46.54583045607433" lon="9.842050477396697"><ele>2285.3299865722656</ele></trkpt><trkpt lat="46.545800456311554" lon="9.842040477786213"><ele>2286.3299865722656</ele></trkpt><trkpt lat="46.545780456159264" lon="9.84201047802344"><ele>2287.0999755859375</ele></trkpt><trkpt lat="46.545760456472635" lon="9.842000477947295"><ele>2287.8899841308594</ele></trkpt><trkpt lat="46.54574045678601" lon="9.84199047787115"><ele>2288.5699768066406</ele></trkpt><trkpt lat="46.54573045670986" lon="9.841980478260666"><ele>2288.97998046875</ele></trkpt><trkpt lat="46.54571045702323" lon="9.841940478421748"><ele>2289.689971923828</ele></trkpt><trkpt lat="46.5456804567948" lon="9.841940478421748"><ele>2290.6199951171875</ele></trkpt><trkpt lat="46.54566045710817" lon="9.841930478811264"><ele>2291.5399780273438</ele></trkpt><trkpt lat="46.54564045742154" lon="9.841920478735119"><ele>2292.259979248047</ele></trkpt><trkpt lat="46.54562045726925" lon="9.84190047904849"><ele>2293.0699768066406</ele></trkpt><trkpt lat="46.54559045797214" lon="9.841910479124635"><ele>2294.4299926757812</ele></trkpt><trkpt lat="46.54553045798093" lon="9.841910479590297"><ele>2296.5599975585938</ele></trkpt><trkpt lat="46.5455104582943" lon="9.841900479979813"><ele>2297.239990234375</ele></trkpt><trkpt lat="46.5454604588449" lon="9.84189048036933"><ele>2299.239990234375</ele></trkpt><trkpt lat="46.54544045869261" lon="9.84189048036933"><ele>2300.1599731445312</ele></trkpt><trkpt lat="46.54542045900598" lon="9.84189048083499"><ele>2300.969970703125</ele></trkpt><trkpt lat="46.54539045924321" lon="9.841880480758846"><ele>2302.0699768066406</ele></trkpt><trkpt lat="46.54529045987874" lon="9.841860481537879"><ele>2305.3399963378906</ele></trkpt><trkpt lat="46.54526046011597" lon="9.841850481927395"><ele>2306.3999938964844</ele></trkpt><trkpt lat="46.545230460353196" lon="9.84184048185125"><ele>2307.209991455078</ele></trkpt><trkpt lat="46.545210460200906" lon="9.841820482164621"><ele>2307.8699951171875</ele></trkpt><trkpt lat="46.54519046051428" lon="9.841820482164621"><ele>2308.3899841308594</ele></trkpt><trkpt lat="46.54518046043813" lon="9.841830482240766"><ele>2309.1799926757812</ele></trkpt><trkpt lat="46.545160460751504" lon="9.841840482316911"><ele>2310.0899963378906</ele></trkpt><trkpt lat="46.545140461064875" lon="9.841860482469201"><ele>2310.97998046875</ele></trkpt><trkpt lat="46.545120460912585" lon="9.841880482621491"><ele>2311.7899780273438</ele></trkpt><trkpt lat="46.54508046153933" lon="9.841910483315587"><ele>2313.8699951171875</ele></trkpt><trkpt lat="46.5450604618527" lon="9.841990483459085"><ele>2315.1199951171875</ele></trkpt><trkpt lat="46.545050461776555" lon="9.842010483611375"><ele>2315.519989013672</ele></trkpt><trkpt lat="46.545030462089926" lon="9.84202048368752"><ele>2316.0699768066406</ele></trkpt><trkpt lat="46.545030462089926" lon="9.842050483915955"><ele>2316.529998779297</ele></trkpt><trkpt lat="46.54502046201378" lon="9.842080483678728"><ele>2316.97998046875</ele></trkpt><trkpt lat="46.54500046232715" lon="9.84208048414439"><ele>2317.5899963378906</ele></trkpt><trkpt lat="46.54499046225101" lon="9.842070484068245"><ele>2318.3899841308594</ele></trkpt><trkpt lat="46.544980462640524" lon="9.842070484068245"><ele>2318.769989013672</ele></trkpt><trkpt lat="46.544960462488234" lon="9.842070484533906"><ele>2319.6199951171875</ele></trkpt><trkpt lat="46.54490046342835" lon="9.842100485228002"><ele>2322.8299865722656</ele></trkpt><trkpt lat="46.54488046327606" lon="9.842110485304147"><ele>2323.5699768066406</ele></trkpt><trkpt lat="46.54486046358943" lon="9.842120485380292"><ele>2324.449981689453</ele></trkpt><trkpt lat="46.5448404639028" lon="9.842140485532582"><ele>2325.0599975585938</ele></trkpt><trkpt lat="46.544830463826656" lon="9.842130485922098"><ele>2325.769989013672</ele></trkpt><trkpt lat="46.54479046398774" lon="9.84211048623547"><ele>2327.3499755859375</ele></trkpt><trkpt lat="46.544780464377254" lon="9.842120486311615"><ele>2328.3799743652344</ele></trkpt><trkpt lat="46.54477046430111" lon="9.842140486463904"><ele>2329.0599975585938</ele></trkpt><trkpt lat="46.544760464690626" lon="9.84217048669234"><ele>2329.949981689453</ele></trkpt><trkpt lat="46.54475046461448" lon="9.842180486768484"><ele>2330.459991455078</ele></trkpt><trkpt lat="46.54470046563074" lon="9.84221048746258"><ele>2333.709991455078</ele></trkpt><trkpt lat="46.544670465867966" lon="9.842220487538725"><ele>2335.3199768066406</ele></trkpt><trkpt lat="46.54464046610519" lon="9.842230488080531"><ele>2336.9099731445312</ele></trkpt><trkpt lat="46.54463046602905" lon="9.842240488156676"><ele>2337.689971923828</ele></trkpt><trkpt lat="46.54461046634242" lon="9.842230488080531"><ele>2338.3399963378906</ele></trkpt><trkpt lat="46.544600466266274" lon="9.842230488546193"><ele>2338.8499755859375</ele></trkpt><trkpt lat="46.544600466266274" lon="9.842250488698483"><ele>2339.2999877929688</ele></trkpt><trkpt lat="46.54461046680808" lon="9.842290488537401"><ele>2340.5899963378906</ele></trkpt><trkpt lat="46.544620466884226" lon="9.842360489070415"><ele>2342.3299865722656</ele></trkpt><trkpt lat="46.54462046734989" lon="9.84239048929885"><ele>2343.0</ele></trkpt><trkpt lat="46.54463046742603" lon="9.842440489213914"><ele>2343.779998779297</ele></trkpt><trkpt lat="46.54462046734989" lon="9.842490489594638"><ele>2344.6599731445312</ele></trkpt><trkpt lat="46.5446104677394" lon="9.842520489823073"><ele>2345.1199951171875</ele></trkpt><trkpt lat="46.544590468052775" lon="9.842520489823073"><ele>2346.3099975585938</ele></trkpt><trkpt lat="46.544570467900485" lon="9.842530489899218"><ele>2346.959991455078</ele></trkpt><trkpt lat="46.544550468213856" lon="9.842550490051508"><ele>2347.6099853515625</ele></trkpt><trkpt lat="46.54454046813771" lon="9.842540490441024"><ele>2348.0799865722656</ele></trkpt><trkpt lat="46.54451046837494" lon="9.84253049036488"><ele>2348.959991455078</ele></trkpt><trkpt lat="46.544480468612164" lon="9.842520490754396"><ele>2349.6199951171875</ele></trkpt><trkpt lat="46.5444304686971" lon="9.84253049083054"><ele>2351.2899780273438</ele></trkpt><trkpt lat="46.54442046908662" lon="9.842520491220057"><ele>2351.709991455078</ele></trkpt><trkpt lat="46.54440046893433" lon="9.842500491067767"><ele>2352.3699951171875</ele></trkpt><trkpt lat="46.5443804692477" lon="9.842490491457283"><ele>2352.959991455078</ele></trkpt><trkpt lat="46.54434046940878" lon="9.842480491381139"><ele>2354.219970703125</ele></trkpt><trkpt lat="46.54427046980709" lon="9.842460492160171"><ele>2357.1199951171875</ele></trkpt><trkpt lat="46.54425047012046" lon="9.842490492388606"><ele>2358.259979248047</ele></trkpt><trkpt lat="46.54423047089949" lon="9.84254049276933"><ele>2360.6599731445312</ele></trkpt><trkpt lat="46.54424047097564" lon="9.842590493150055"><ele>2361.8299865722656</ele></trkpt><trkpt lat="46.54422047128901" lon="9.8426004932262"><ele>2363.0899963378906</ele></trkpt><trkpt lat="46.54422047128901" lon="9.84262049337849"><ele>2363.9199829101562</ele></trkpt><trkpt lat="46.54420047160238" lon="9.842620493844151"><ele>2364.72998046875</ele></trkpt><trkpt lat="46.54415047215298" lon="9.842610494233668"><ele>2367.22998046875</ele></trkpt><trkpt lat="46.544120472390205" lon="9.842600494623184"><ele>2368.5399780273438</ele></trkpt><trkpt lat="46.544100472237915" lon="9.842600494623184"><ele>2369.6099853515625</ele></trkpt><trkpt lat="46.544080472551286" lon="9.84261049469933"><ele>2370.4299926757812</ele></trkpt><trkpt lat="46.54406047286466" lon="9.84261049516499"><ele>2371.5699768066406</ele></trkpt><trkpt lat="46.54405047278851" lon="9.8425904950127"><ele>2372.1599731445312</ele></trkpt><trkpt lat="46.544030473101884" lon="9.842590495478362"><ele>2373.0999755859375</ele></trkpt><trkpt lat="46.54400047333911" lon="9.842580495867878"><ele>2374.3199768066406</ele></trkpt><trkpt lat="46.543990473262966" lon="9.842580495867878"><ele>2374.6499938964844</ele></trkpt><trkpt lat="46.54397047357634" lon="9.842590495944023"><ele>2375.199981689453</ele></trkpt><trkpt lat="46.54397047357634" lon="9.842610496096313"><ele>2375.6799926757812</ele></trkpt><trkpt lat="46.54398047365248" lon="9.842630496248603"><ele>2376.47998046875</ele></trkpt><trkpt lat="46.543970474042" lon="9.842640496324748"><ele>2377.0699768066406</ele></trkpt><trkpt lat="46.54395047388971" lon="9.842630496248603"><ele>2377.939971923828</ele></trkpt><trkpt lat="46.54393047420308" lon="9.842630496714264"><ele>2378.5399780273438</ele></trkpt><trkpt lat="46.543920474126935" lon="9.842640496790409"><ele>2379.4099731445312</ele></trkpt><trkpt lat="46.54391047451645" lon="9.842660496942699"><ele>2380.3499755859375</ele></trkpt><trkpt lat="46.54391047451645" lon="9.842690497171134"><ele>2381.019989013672</ele></trkpt><trkpt lat="46.54391047498211" lon="9.842720497399569"><ele>2381.7899780273438</ele></trkpt><trkpt lat="46.543890475295484" lon="9.842750497628003"><ele>2383.5</ele></trkpt><trkpt lat="46.54388047521934" lon="9.842760497704148"><ele>2384.439971923828</ele></trkpt><trkpt lat="46.54386047553271" lon="9.84276049816981"><ele>2385.449981689453</ele></trkpt><trkpt lat="46.54381047608331" lon="9.842790498398244"><ele>2387.8399963378906</ele></trkpt><trkpt lat="46.54377047624439" lon="9.842830498702824"><ele>2389.8099975585938</ele></trkpt><trkpt lat="46.54375047655776" lon="9.842840498778969"><ele>2390.5999755859375</ele></trkpt><trkpt lat="46.54375047655776" lon="9.842880499083549"><ele>2391.689971923828</ele></trkpt><trkpt lat="46.54374047694728" lon="9.842890499159694"><ele>2392.3699951171875</ele></trkpt><trkpt lat="46.54372047726065" lon="9.84292049985379"><ele>2393.8899841308594</ele></trkpt><trkpt lat="46.54370047710836" lon="9.84294050000608"><ele>2394.709991455078</ele></trkpt><trkpt lat="46.54370047757402" lon="9.842950500082225"><ele>2395.209991455078</ele></trkpt><trkpt lat="46.54370047757402" lon="9.84298050031066"><ele>2396.0799865722656</ele></trkpt><trkpt lat="46.54370047757402" lon="9.84300050046295"><ele>2396.7899780273438</ele></trkpt><trkpt lat="46.54370047803968" lon="9.84302050061524"><ele>2397.3899841308594</ele></trkpt><trkpt lat="46.54366047820076" lon="9.843050500843674"><ele>2399.47998046875</ele></trkpt><trkpt lat="46.543640478514135" lon="9.843060500919819"><ele>2400.219970703125</ele></trkpt><trkpt lat="46.54357047891244" lon="9.843070501461625"><ele>2402.3299865722656</ele></trkpt><trkpt lat="46.543530479073524" lon="9.843050501774997"><ele>2403.3299865722656</ele></trkpt><trkpt lat="46.543510478921235" lon="9.843060501851141"><ele>2404.0899963378906</ele></trkpt><trkpt lat="46.543490479234606" lon="9.843070501927286"><ele>2404.779998779297</ele></trkpt><trkpt lat="46.54345047986135" lon="9.843100502155721"><ele>2407.009979248047</ele></trkpt><trkpt lat="46.54343047970906" lon="9.843100502621382"><ele>2407.5799865722656</ele></trkpt><trkpt lat="46.54341048002243" lon="9.843090502545238"><ele>2408.269989013672</ele></trkpt><trkpt lat="46.54341048002243" lon="9.843100502621382"><ele>2408.759979248047</ele></trkpt><trkpt lat="46.543400479946285" lon="9.843120502773672"><ele>2409.189971923828</ele></trkpt><trkpt lat="46.54340048041195" lon="9.843130502849817"><ele>2409.8099975585938</ele></trkpt><trkpt lat="46.54338048025966" lon="9.843140502925962"><ele>2410.6499938964844</ele></trkpt><trkpt lat="46.54336048057303" lon="9.843150503467768"><ele>2411.6299743652344</ele></trkpt><trkpt lat="46.543330480810255" lon="9.843160503543913"><ele>2412.9099731445312</ele></trkpt><trkpt lat="46.543310481123626" lon="9.843170503620058"><ele>2413.9099731445312</ele></trkpt><trkpt lat="46.54328048136085" lon="9.84317050408572"><ele>2415.699981689453</ele></trkpt><trkpt lat="46.54325048159808" lon="9.843150504399091"><ele>2416.769989013672</ele></trkpt><trkpt lat="46.543220481835306" lon="9.843110504560173"><ele>2417.7999877929688</ele></trkpt><trkpt lat="46.54319048207253" lon="9.84306050464511"><ele>2418.9099731445312</ele></trkpt><trkpt lat="46.543170482385904" lon="9.84302050480619"><ele>2419.5599975585938</ele></trkpt><trkpt lat="46.54314048215747" lon="9.843030505347997"><ele>2420.5399780273438</ele></trkpt><trkpt lat="46.543130482546985" lon="9.843040505424142"><ele>2421.0499877929688</ele></trkpt><trkpt lat="46.543110482394695" lon="9.843000505585223"><ele>2421.699981689453</ele></trkpt><trkpt lat="46.54309048270807" lon="9.842970505356789"><ele>2422.5499877929688</ele></trkpt><trkpt lat="46.54307048302144" lon="9.84293050551787"><ele>2423.1699829101562</ele></trkpt><trkpt lat="46.543040483258665" lon="9.842900505755097"><ele>2424.239990234375</ele></trkpt><trkpt lat="46.543020483106375" lon="9.842930505983531"><ele>2424.8699951171875</ele></trkpt><trkpt lat="46.5429904833436" lon="9.842980505898595"><ele>2425.3399963378906</ele></trkpt><trkpt lat="46.542960483115166" lon="9.843020506203175"><ele>2425.5999755859375</ele></trkpt><trkpt lat="46.54293048335239" lon="9.843040506355464"><ele>2425.75</ele></trkpt><trkpt lat="46.54295048303902" lon="9.843080506194383"><ele>2425.1499938964844</ele></trkpt><trkpt lat="46.542980482801795" lon="9.84318050602451"><ele>2423.8799743652344</ele></trkpt><trkpt lat="46.54302048217505" lon="9.843410505447537"><ele>2420.8499755859375</ele></trkpt><trkpt lat="46.5430304822512" lon="9.843480505049229"><ele>2420.219970703125</ele></trkpt><trkpt lat="46.54302048217505" lon="9.843530504964292"><ele>2419.689971923828</ele></trkpt><trkpt lat="46.54302048217505" lon="9.843560504727066"><ele>2419.3499755859375</ele></trkpt><trkpt lat="46.54302048170939" lon="9.843670504633337"><ele>2418.209991455078</ele></trkpt><trkpt lat="46.5430004815571" lon="9.84374050470069"><ele>2417.219970703125</ele></trkpt><trkpt lat="46.54298048140481" lon="9.843810504302382"><ele>2416.199981689453</ele></trkpt><trkpt lat="46.542990481480956" lon="9.843860504217446"><ele>2415.1699829101562</ele></trkpt><trkpt lat="46.54300048109144" lon="9.843910503666848"><ele>2414.239990234375</ele></trkpt><trkpt lat="46.54303048085421" lon="9.843950503505766"><ele>2413.3199768066406</ele></trkpt><trkpt lat="46.54307048069313" lon="9.84400050342083"><ele>2412.0499877929688</ele></trkpt><trkpt lat="46.54309048037976" lon="9.844040503259748"><ele>2411.3099975585938</ele></trkpt><trkpt lat="46.54311048053205" lon="9.844060503412038"><ele>2410.739990234375</ele></trkpt><trkpt lat="46.54316047998145" lon="9.844140503089875"><ele>2409.269989013672</ele></trkpt><trkpt lat="46.5431704800576" lon="9.844170502852648"><ele>2408.6699829101562</ele></trkpt><trkpt lat="46.543190479744226" lon="9.844220502767712"><ele>2407.9299926757812</ele></trkpt><trkpt lat="46.54320047982037" lon="9.844250502530485"><ele>2407.4099731445312</ele></trkpt><trkpt lat="46.543210479430854" lon="9.844300502445549"><ele>2406.689971923828</ele></trkpt><trkpt lat="46.54325047926977" lon="9.844350502360612"><ele>2405.949981689453</ele></trkpt><trkpt lat="46.54328047949821" lon="9.844400502275676"><ele>2405.47998046875</ele></trkpt><trkpt lat="46.543300479184836" lon="9.84441050188616"><ele>2405.1099853515625</ele></trkpt><trkpt lat="46.54333047941327" lon="9.844430502038449"><ele>2404.6099853515625</ele></trkpt><trkpt lat="46.5433504790999" lon="9.844450501725078"><ele>2404.1499938964844</ele></trkpt><trkpt lat="46.54337047925219" lon="9.844460501801223"><ele>2403.779998779297</ele></trkpt><trkpt lat="46.54337047925219" lon="9.844470501877367"><ele>2403.5799865722656</ele></trkpt><trkpt lat="46.54337047878653" lon="9.844490501563996"><ele>2403.3799743652344</ele></trkpt><trkpt lat="46.5433504790999" lon="9.844500501640141"><ele>2403.1299743652344</ele></trkpt><trkpt lat="46.54333047894761" lon="9.844510501716286"><ele>2402.8399963378906</ele></trkpt><trkpt lat="46.543300478719175" lon="9.844530501402915"><ele>2402.439971923828</ele></trkpt><trkpt lat="46.543280478566885" lon="9.84456050163135"><ele>2402.0799865722656</ele></trkpt><trkpt lat="46.54323047865182" lon="9.844580501317978"><ele>2400.97998046875</ele></trkpt><trkpt lat="46.54320047842339" lon="9.844600501004606"><ele>2399.8099975585938</ele></trkpt><trkpt lat="46.54319047834724" lon="9.844610501080751"><ele>2399.469970703125</ele></trkpt><trkpt lat="46.54319047834724" lon="9.84463050076738"><ele>2399.0599975585938</ele></trkpt><trkpt lat="46.543200477957726" lon="9.844660500995815"><ele>2398.72998046875</ele></trkpt><trkpt lat="46.543200477957726" lon="9.844690500758588"><ele>2398.0799865722656</ele></trkpt><trkpt lat="46.54319047788158" lon="9.844720500521362"><ele>2397.3899841308594</ele></trkpt><trkpt lat="46.543180477805436" lon="9.844750500284135"><ele>2396.75</ele></trkpt><trkpt lat="46.543180477339774" lon="9.844780500046909"><ele>2396.0499877929688</ele></trkpt><trkpt lat="46.543180477339774" lon="9.844800500199199"><ele>2395.5799865722656</ele></trkpt><trkpt lat="46.54319047741592" lon="9.844840500038117"><ele>2394.7899780273438</ele></trkpt><trkpt lat="46.54323047678918" lon="9.844920499715954"><ele>2392.8799743652344</ele></trkpt><trkpt lat="46.543250476941466" lon="9.844970499631017"><ele>2391.989990234375</ele></trkpt><trkpt lat="46.54326047655195" lon="9.84504049923271"><ele>2390.759979248047</ele></trkpt><trkpt lat="46.543270476162434" lon="9.845160498749465"><ele>2389.0699768066406</ele></trkpt><trkpt lat="46.543270476162434" lon="9.845290498808026"><ele>2388.469970703125</ele></trkpt><trkpt lat="46.543270476162434" lon="9.845350498799235"><ele>2388.209991455078</ele></trkpt><trkpt lat="46.54326047608629" lon="9.845390498638153"><ele>2388.239990234375</ele></trkpt><trkpt lat="46.543250476010144" lon="9.845430498477072"><ele>2388.1199951171875</ele></trkpt><trkpt lat="46.543240475934" lon="9.845460498705506"><ele>2387.8899841308594</ele></trkpt><trkpt lat="46.54322047578171" lon="9.845500498544425"><ele>2387.5999755859375</ele></trkpt><trkpt lat="46.543210475705564" lon="9.845530498307198"><ele>2387.439971923828</ele></trkpt><trkpt lat="46.54322047578171" lon="9.845570498611778"><ele>2387.239990234375</ele></trkpt><trkpt lat="46.54323047539219" lon="9.845700498204678"><ele>2386.0599975585938</ele></trkpt><trkpt lat="46.54324047546834" lon="9.845730497967452"><ele>2385.709991455078</ele></trkpt><trkpt lat="46.54324047546834" lon="9.845750498119742"><ele>2385.3999938964844</ele></trkpt><trkpt lat="46.54322047531605" lon="9.845800498034805"><ele>2384.509979248047</ele></trkpt><trkpt lat="46.54323047539219" lon="9.845820497721434"><ele>2384.3599853515625</ele></trkpt><trkpt lat="46.54324047546834" lon="9.845840497873724"><ele>2384.3599853515625</ele></trkpt><trkpt lat="46.54325047507882" lon="9.845860498026013"><ele>2384.4299926757812</ele></trkpt><trkpt lat="46.543260475154966" lon="9.845910497941077"><ele>2384.279998779297</ele></trkpt><trkpt lat="46.54325047507882" lon="9.84596049785614"><ele>2383.719970703125</ele></trkpt><trkpt lat="46.543260475154966" lon="9.845990497618914"><ele>2383.4199829101562</ele></trkpt><trkpt lat="46.543260475154966" lon="9.846040497533977"><ele>2383.0</ele></trkpt><trkpt lat="46.543260474689305" lon="9.846080497372895"><ele>2382.6299743652344</ele></trkpt><trkpt lat="46.543260474689305" lon="9.846120497677475"><ele>2382.5499877929688</ele></trkpt><trkpt lat="46.543260474689305" lon="9.846150497440249"><ele>2382.47998046875</ele></trkpt><trkpt lat="46.54327047476545" lon="9.846200497355312"><ele>2382.2999877929688</ele></trkpt><trkpt lat="46.543280474841595" lon="9.846330497413874"><ele>2381.769989013672</ele></trkpt><trkpt lat="46.54329047491774" lon="9.846360497176647"><ele>2381.6199951171875</ele></trkpt><trkpt lat="46.54329047445208" lon="9.846400497481227"><ele>2381.3899841308594</ele></trkpt><trkpt lat="46.54330047452822" lon="9.846430497244"><ele>2381.1599731445312</ele></trkpt><trkpt lat="46.54333047475666" lon="9.846460497472435"><ele>2381.0499877929688</ele></trkpt><trkpt lat="46.54336047451943" lon="9.846550497226417"><ele>2380.3199768066406</ele></trkpt><trkpt lat="46.54336047451943" lon="9.846590497065336"><ele>2380.009979248047</ele></trkpt><trkpt lat="46.54335047444329" lon="9.846680496819317"><ele>2379.1699829101562</ele></trkpt><trkpt lat="46.543350473977625" lon="9.846720496658236"><ele>2378.6399841308594</ele></trkpt><trkpt lat="46.543350473977625" lon="9.846780496649444"><ele>2377.779998779297</ele></trkpt><trkpt lat="46.54334047390148" lon="9.846820496488363"><ele>2376.989990234375</ele></trkpt><trkpt lat="46.543330473825336" lon="9.846870496403426"><ele>2376.4099731445312</ele></trkpt><trkpt lat="46.543330473359674" lon="9.84692049631849"><ele>2375.75</ele></trkpt><trkpt lat="46.54332047328353" lon="9.8470304957591"><ele>2374.1599731445312</ele></trkpt><trkpt lat="46.543310473207384" lon="9.847080495674163"><ele>2373.489990234375</ele></trkpt><trkpt lat="46.54331047274172" lon="9.847140495665371"><ele>2372.6199951171875</ele></trkpt><trkpt lat="46.54331047274172" lon="9.847260495182127"><ele>2370.4199829101562</ele></trkpt><trkpt lat="46.54330047219992" lon="9.847360494546592"><ele>2368.5699768066406</ele></trkpt><trkpt lat="46.5433104718104" lon="9.84744049422443"><ele>2366.949981689453</ele></trkpt><trkpt lat="46.5433104718104" lon="9.847480494063348"><ele>2366.2999877929688</ele></trkpt><trkpt lat="46.543300471734256" lon="9.847520494367927"><ele>2365.6799926757812</ele></trkpt><trkpt lat="46.543300471268594" lon="9.847630493808538"><ele>2364.1699829101562</ele></trkpt><trkpt lat="46.54329047072679" lon="9.84774049371481"><ele>2362.47998046875</ele></trkpt><trkpt lat="46.54328047065064" lon="9.847780493553728"><ele>2361.5899963378906</ele></trkpt><trkpt lat="46.54328047065064" lon="9.847840493079275"><ele>2360.949981689453</ele></trkpt><trkpt lat="46.54329047072679" lon="9.847900493070483"><ele>2360.75</ele></trkpt><trkpt lat="46.54330047080293" lon="9.847930493298918"><ele>2360.769989013672</ele></trkpt><trkpt lat="46.54331047041342" lon="9.847970493137836"><ele>2360.6299743652344</ele></trkpt><trkpt lat="46.54331047041342" lon="9.8480204930529"><ele>2360.1599731445312</ele></trkpt><trkpt lat="46.54331047041342" lon="9.848070492967963"><ele>2359.3999938964844</ele></trkpt><trkpt lat="46.54331047041342" lon="9.848110492806882"><ele>2358.7999877929688</ele></trkpt><trkpt lat="46.5433204700239" lon="9.848180492408574"><ele>2357.2999877929688</ele></trkpt><trkpt lat="46.543310469482094" lon="9.848250492010266"><ele>2356.0499877929688</ele></trkpt><trkpt lat="46.54332046955824" lon="9.8482804922387"><ele>2355.6099853515625</ele></trkpt><trkpt lat="46.543310469482094" lon="9.848320492077619"><ele>2355.0599975585938</ele></trkpt><trkpt lat="46.54328046925366" lon="9.848480491433293"><ele>2353.0</ele></trkpt><trkpt lat="46.54327046871185" lon="9.848540491424501"><ele>2352.1099853515625</ele></trkpt><trkpt lat="46.543280468788" lon="9.848640491254628"><ele>2351.0499877929688</ele></trkpt><trkpt lat="46.54328046832234" lon="9.848690491169691"><ele>2350.0899963378906</ele></trkpt><trkpt lat="46.54327046824619" lon="9.848740491084754"><ele>2349.239990234375</ele></trkpt><trkpt lat="46.54327046778053" lon="9.848880490288138"><ele>2346.8399963378906</ele></trkpt><trkpt lat="46.543280467856675" lon="9.848930490203202"><ele>2345.9099731445312</ele></trkpt><trkpt lat="46.54329046746716" lon="9.849010489881039"><ele>2344.5499877929688</ele></trkpt><trkpt lat="46.54330046707764" lon="9.849050489719957"><ele>2343.8399963378906</ele></trkpt><trkpt lat="46.54330046707764" lon="9.84910048963502"><ele>2343.0</ele></trkpt><trkpt lat="46.54330046707764" lon="9.849190489389002"><ele>2341.6399841308594</ele></trkpt><trkpt lat="46.5432904670015" lon="9.84923048922792"><ele>2341.1499938964844</ele></trkpt><trkpt lat="46.54328046645969" lon="9.849300488829613"><ele>2340.0399780273438</ele></trkpt><trkpt lat="46.54327046638355" lon="9.849330489058048"><ele>2339.3799743652344</ele></trkpt><trkpt lat="46.54327046638355" lon="9.849370488896966"><ele>2338.769989013672</ele></trkpt><trkpt lat="46.5432604663074" lon="9.849430488422513"><ele>2338.029998779297</ele></trkpt><trkpt lat="46.54325046623126" lon="9.849480488337576"><ele>2337.2899780273438</ele></trkpt><trkpt lat="46.543230465613306" lon="9.849640488158911"><ele>2334.97998046875</ele></trkpt><trkpt lat="46.543230465613306" lon="9.84966048784554"><ele>2334.5</ele></trkpt><trkpt lat="46.54322046553716" lon="9.849670487921685"><ele>2334.239990234375</ele></trkpt><trkpt lat="46.543210465461016" lon="9.84966048784554"><ele>2334.019989013672</ele></trkpt><trkpt lat="46.54320046538487" lon="9.849630487617105"><ele>2333.519989013672</ele></trkpt><trkpt lat="46.543190465308726" lon="9.849610487464815"><ele>2332.959991455078</ele></trkpt><trkpt lat="46.543170465156436" lon="9.849590487312526"><ele>2332.4099731445312</ele></trkpt><trkpt lat="46.543150465004146" lon="9.849570487160236"><ele>2331.969970703125</ele></trkpt><trkpt lat="46.543140464928" lon="9.849530487321317"><ele>2331.3999938964844</ele></trkpt><trkpt lat="46.543130464851856" lon="9.849490487016737"><ele>2330.8299865722656</ele></trkpt><trkpt lat="46.54312046477571" lon="9.849440487101674"><ele>2329.8999938964844</ele></trkpt><trkpt lat="46.54310046462342" lon="9.84943048702553"><ele>2329.2999877929688</ele></trkpt><trkpt lat="46.54309046454728" lon="9.84943048702553"><ele>2329.1499938964844</ele></trkpt><trkpt lat="46.54309046454728" lon="9.849460486788303"><ele>2328.969970703125</ele></trkpt><trkpt lat="46.54309046454728" lon="9.849500486627221"><ele>2328.75</ele></trkpt><trkpt lat="46.543090464081615" lon="9.84956048661843"><ele>2328.0999755859375</ele></trkpt><trkpt lat="46.543090464081615" lon="9.849670486524701"><ele>2326.97998046875</ele></trkpt><trkpt lat="46.54308046400547" lon="9.849730486050248"><ele>2326.439971923828</ele></trkpt><trkpt lat="46.543070463929325" lon="9.849830486346036"><ele>2325.8799743652344</ele></trkpt><trkpt lat="46.543070463929325" lon="9.849870486184955"><ele>2325.529998779297</ele></trkpt><trkpt lat="46.543070463463664" lon="9.849910486023873"><ele>2325.0899963378906</ele></trkpt><trkpt lat="46.54308046353981" lon="9.849990486167371"><ele>2324.8199768066406</ele></trkpt><trkpt lat="46.54308046353981" lon="9.850020485930145"><ele>2324.699981689453</ele></trkpt><trkpt lat="46.54308046353981" lon="9.850050485692918"><ele>2324.5999755859375</ele></trkpt><trkpt lat="46.54308046353981" lon="9.850100486073643"><ele>2324.3199768066406</ele></trkpt><trkpt lat="46.543070463463664" lon="9.850130485836416"><ele>2324.1099853515625</ele></trkpt><trkpt lat="46.54308046353981" lon="9.850170485675335"><ele>2323.8099975585938</ele></trkpt><trkpt lat="46.54308046353981" lon="9.850190485827625"><ele>2323.6399841308594</ele></trkpt><trkpt lat="46.54309046315029" lon="9.850220485590398"><ele>2323.449981689453</ele></trkpt><trkpt lat="46.54310046322644" lon="9.850260485429317"><ele>2323.0399780273438</ele></trkpt><trkpt lat="46.54311046330258" lon="9.850300485733896"><ele>2322.689971923828</ele></trkpt><trkpt lat="46.543120462913066" lon="9.850340485572815"><ele>2322.1599731445312</ele></trkpt><trkpt lat="46.54315046267584" lon="9.850400485098362"><ele>2321.25</ele></trkpt><trkpt lat="46.54318046243861" lon="9.850480484776199"><ele>2319.47998046875</ele></trkpt><trkpt lat="46.54318046243861" lon="9.850500484928489"><ele>2319.1799926757812</ele></trkpt><trkpt lat="46.54317046236247" lon="9.850520484615117"><ele>2318.8099975585938</ele></trkpt><trkpt lat="46.54315046221018" lon="9.850520484615117"><ele>2318.2899780273438</ele></trkpt><trkpt lat="46.54313046205789" lon="9.850520484615117"><ele>2317.6199951171875</ele></trkpt><trkpt lat="46.543120461981744" lon="9.850530484225601"><ele>2317.269989013672</ele></trkpt><trkpt lat="46.5431104619056" lon="9.850530484225601"><ele>2317.029998779297</ele></trkpt><trkpt lat="46.54309046175331" lon="9.850520484149456"><ele>2316.489990234375</ele></trkpt><trkpt lat="46.54307046160102" lon="9.850510484073311"><ele>2316.019989013672</ele></trkpt><trkpt lat="46.543060461524874" lon="9.850500483997166"><ele>2315.5599975585938</ele></trkpt><trkpt lat="46.543040461838245" lon="9.850500483997166"><ele>2314.8799743652344</ele></trkpt><trkpt lat="46.54301046160981" lon="9.85051048360765"><ele>2314.1299743652344</ele></trkpt><trkpt lat="46.542980461381376" lon="9.850500483531505"><ele>2313.6399841308594</ele></trkpt><trkpt lat="46.542940461076796" lon="9.850480483379215"><ele>2312.4099731445312</ele></trkpt><trkpt lat="46.542920460924506" lon="9.850480483379215"><ele>2312.0499877929688</ele></trkpt><trkpt lat="46.542900460772216" lon="9.85047048330307"><ele>2311.6299743652344</ele></trkpt><trkpt lat="46.54285046085715" lon="9.850460483226925"><ele>2310.759979248047</ele></trkpt><trkpt lat="46.54283046070486" lon="9.85045048315078"><ele>2310.269989013672</ele></trkpt><trkpt lat="46.54281046055257" lon="9.8504104828462"><ele>2309.4099731445312</ele></trkpt><trkpt lat="46.54280046047643" lon="9.850400482770056"><ele>2308.989990234375</ele></trkpt><trkpt lat="46.54279046040028" lon="9.850400482770056"><ele>2308.709991455078</ele></trkpt><trkpt lat="46.54278046032414" lon="9.850420482456684"><ele>2308.3399963378906</ele></trkpt><trkpt lat="46.54278046032414" lon="9.850450482685119"><ele>2308.009979248047</ele></trkpt><trkpt lat="46.54277045978233" lon="9.8505404824391"><ele>2306.6199951171875</ele></trkpt><trkpt lat="46.54277045978233" lon="9.85056048212573"><ele>2306.3199768066406</ele></trkpt><trkpt lat="46.54278045985848" lon="9.850590481888503"><ele>2305.75</ele></trkpt><trkpt lat="46.54279045946896" lon="9.850630481727421"><ele>2305.0799865722656</ele></trkpt><trkpt lat="46.54281045915559" lon="9.85082048131153"><ele>2301.75</ele></trkpt><trkpt lat="46.54282045876607" lon="9.850870481226593"><ele>2301.3299865722656</ele></trkpt><trkpt lat="46.54283045884222" lon="9.850910481065512"><ele>2300.8999938964844</ele></trkpt><trkpt lat="46.54284045891836" lon="9.85095048090443"><ele>2300.489990234375</ele></trkpt><trkpt lat="46.54288045875728" lon="9.851000480819494"><ele>2299.6299743652344</ele></trkpt><trkpt lat="46.54290045844391" lon="9.851020480506122"><ele>2298.959991455078</ele></trkpt><trkpt lat="46.54294045828283" lon="9.851090480573475"><ele>2297.709991455078</ele></trkpt><trkpt lat="46.54295045835897" lon="9.851100480183959"><ele>2297.3799743652344</ele></trkpt><trkpt lat="46.5429704580456" lon="9.851120480336249"><ele>2297.0499877929688</ele></trkpt><trkpt lat="46.54298045812175" lon="9.851120480336249"><ele>2296.7899780273438</ele></trkpt><trkpt lat="46.54301045788452" lon="9.851150480099022"><ele>2296.219970703125</ele></trkpt><trkpt lat="46.543040457647294" lon="9.851220479700714"><ele>2294.3699951171875</ele></trkpt><trkpt lat="46.54307045741007" lon="9.851280479691923"><ele>2293.4299926757812</ele></trkpt><trkpt lat="46.54308045748621" lon="9.851300479378551"><ele>2292.7899780273438</ele></trkpt><trkpt lat="46.54310045717284" lon="9.851320479530841"><ele>2292.449981689453</ele></trkpt><trkpt lat="46.54312045732513" lon="9.851350479293615"><ele>2291.8999938964844</ele></trkpt><trkpt lat="46.543150457087904" lon="9.851380479056388"><ele>2291.1599731445312</ele></trkpt><trkpt lat="46.54316045669839" lon="9.851400479208678"><ele>2290.6599731445312</ele></trkpt><trkpt lat="46.54318045685068" lon="9.851420478895307"><ele>2289.8899841308594</ele></trkpt><trkpt lat="46.54319045646116" lon="9.851430478971452"><ele>2289.5499877929688</ele></trkpt><trkpt lat="46.54321045661345" lon="9.851490478496999"><ele>2288.25</ele></trkpt><trkpt lat="46.54324045591056" lon="9.851540478412062"><ele>2286.75</ele></trkpt><trkpt lat="46.543270456139" lon="9.851570478174835"><ele>2286.2999877929688</ele></trkpt><trkpt lat="46.54328045574948" lon="9.851570478174835"><ele>2286.0599975585938</ele></trkpt><trkpt lat="46.54329045582563" lon="9.851570478174835"><ele>2285.6499938964844</ele></trkpt><trkpt lat="46.54330045590177" lon="9.851590477861464"><ele>2285.0499877929688</ele></trkpt><trkpt lat="46.543350455351174" lon="9.851640477776527"><ele>2283.5899963378906</ele></trkpt><trkpt lat="46.54336045542732" lon="9.851670477539301"><ele>2282.719970703125</ele></trkpt><trkpt lat="46.54336045496166" lon="9.85171047737822"><ele>2281.6599731445312</ele></trkpt><trkpt lat="46.54336045496166" lon="9.851740477140993"><ele>2280.8099975585938</ele></trkpt><trkpt lat="46.54337045457214" lon="9.851770476903766"><ele>2280.019989013672</ele></trkpt><trkpt lat="46.54337045457214" lon="9.85180047666654"><ele>2279.259979248047</ele></trkpt><trkpt lat="46.54337045457214" lon="9.851880476344377"><ele>2278.3199768066406</ele></trkpt><trkpt lat="46.54337045457214" lon="9.851920476183295"><ele>2277.769989013672</ele></trkpt><trkpt lat="46.543360454030335" lon="9.85195047641173"><ele>2277.1799926757812</ele></trkpt><trkpt lat="46.54333045426756" lon="9.851990476250648"><ele>2276.3599853515625</ele></trkpt><trkpt lat="46.54329045349732" lon="9.85208047600463"><ele>2274.6199951171875</ele></trkpt><trkpt lat="46.54327045381069" lon="9.852110475767404"><ele>2273.97998046875</ele></trkpt><trkpt lat="46.54322045342997" lon="9.852140475530177"><ele>2272.6199951171875</ele></trkpt><trkpt lat="46.54321045335382" lon="9.852160475216806"><ele>2272.1699829101562</ele></trkpt><trkpt lat="46.543160452507436" lon="9.852290474344045"><ele>2268.279998779297</ele></trkpt><trkpt lat="46.543140451889485" lon="9.852380474098027"><ele>2265.6399841308594</ele></trkpt><trkpt lat="46.543140451423824" lon="9.852460473775864"><ele>2264.009979248047</ele></trkpt><trkpt lat="46.54313045134768" lon="9.852500473614782"><ele>2263.279998779297</ele></trkpt><trkpt lat="46.54311045119539" lon="9.852530473377556"><ele>2262.279998779297</ele></trkpt><trkpt lat="46.543100451119244" lon="9.852550473064184"><ele>2261.2899780273438</ele></trkpt><trkpt lat="46.543080450966954" lon="9.85256047314033"><ele>2260.5899963378906</ele></trkpt><trkpt lat="46.543020450510085" lon="9.852560472674668"><ele>2258.519989013672</ele></trkpt><trkpt lat="46.54299045028165" lon="9.852550472132862"><ele>2257.75</ele></trkpt><trkpt lat="46.54297045012936" lon="9.852560472209007"><ele>2257.5399780273438</ele></trkpt><trkpt lat="46.542940450366586" lon="9.852580472361296"><ele>2257.2899780273438</ele></trkpt><trkpt lat="46.5429204502143" lon="9.852600472047925"><ele>2256.8499755859375</ele></trkpt><trkpt lat="46.54288044990972" lon="9.852620472200215"><ele>2256.0899963378906</ele></trkpt><trkpt lat="46.54287044983357" lon="9.852630471810699"><ele>2255.8299865722656</ele></trkpt><trkpt lat="46.54286044975743" lon="9.852620471734554"><ele>2255.6499938964844</ele></trkpt><trkpt lat="46.5428404500708" lon="9.852620471734554"><ele>2255.279998779297</ele></trkpt><trkpt lat="46.54283044999465" lon="9.852620471734554"><ele>2254.939971923828</ele></trkpt><trkpt lat="46.54283044999465" lon="9.852640471886843"><ele>2254.5899963378906</ele></trkpt><trkpt lat="46.54284044960514" lon="9.85270047141239"><ele>2253.3199768066406</ele></trkpt><trkpt lat="46.542860449291766" lon="9.852710471488535"><ele>2253.0899963378906</ele></trkpt><trkpt lat="46.54287044936791" lon="9.852740471251309"><ele>2252.1599731445312</ele></trkpt><trkpt lat="46.542880448978394" lon="9.852760470937937"><ele>2251.269989013672</ele></trkpt><trkpt lat="46.54289044905454" lon="9.852770471014082"><ele>2250.779998779297</ele></trkpt><trkpt lat="46.54292044881731" lon="9.852790470700711"><ele>2249.779998779297</ele></trkpt><trkpt lat="46.542950448580086" lon="9.852820470463485"><ele>2249.029998779297</ele></trkpt><trkpt lat="46.54296044865623" lon="9.85285047069192"><ele>2248.5</ele></trkpt><trkpt lat="46.54296044865623" lon="9.852870470378548"><ele>2248.1299743652344</ele></trkpt><trkpt lat="46.54296044819057" lon="9.852900470141321"><ele>2247.6599731445312</ele></trkpt><trkpt lat="46.542950448114425" lon="9.852930470369756"><ele>2247.1499938964844</ele></trkpt><trkpt lat="46.54296044819057" lon="9.853000469971448"><ele>2246.1499938964844</ele></trkpt><trkpt lat="46.54297044780105" lon="9.853050469886512"><ele>2245.459991455078</ele></trkpt><trkpt lat="46.54296044772491" lon="9.85309046972543"><ele>2244.8199768066406</ele></trkpt><trkpt lat="46.54296044772491" lon="9.853120469488204"><ele>2244.0599975585938</ele></trkpt><trkpt lat="46.54294044757262" lon="9.853150469250977"><ele>2243.0499877929688</ele></trkpt><trkpt lat="46.542910447344184" lon="9.853210468776524"><ele>2241.0499877929688</ele></trkpt><trkpt lat="46.542890447191894" lon="9.853230468928814"><ele>2240.4199829101562</ele></trkpt><trkpt lat="46.54286044696346" lon="9.853230468463153"><ele>2239.3099975585938</ele></trkpt><trkpt lat="46.542850446887314" lon="9.853240468539298"><ele>2238.769989013672</ele></trkpt><trkpt lat="46.54284044681117" lon="9.853250468615443"><ele>2238.3899841308594</ele></trkpt><trkpt lat="46.54282044665888" lon="9.853250468149781"><ele>2237.8499755859375</ele></trkpt><trkpt lat="46.54280044650659" lon="9.853240468073636"><ele>2237.2999877929688</ele></trkpt><trkpt lat="46.542790446430445" lon="9.853250468149781"><ele>2236.8799743652344</ele></trkpt><trkpt lat="46.54279044596478" lon="9.85331046814099"><ele>2235.969970703125</ele></trkpt><trkpt lat="46.54280044604093" lon="9.853370467666537"><ele>2235.1799926757812</ele></trkpt><trkpt lat="46.542770445812494" lon="9.853350467514247"><ele>2235.0</ele></trkpt><trkpt lat="46.542750445660204" lon="9.853340467903763"><ele>2234.7999877929688</ele></trkpt><trkpt lat="46.54274044604972" lon="9.853310467675328"><ele>2234.779998779297</ele></trkpt><trkpt lat="46.542730445973575" lon="9.853300467599183"><ele>2234.709991455078</ele></trkpt><trkpt lat="46.542710445821285" lon="9.853300467599183"><ele>2234.5999755859375</ele></trkpt><trkpt lat="46.542710445821285" lon="9.853300467599183"><ele>2234.5999755859375</ele></trkpt><trkpt lat="46.542730445973575" lon="9.853300467599183"><ele>2234.709991455078</ele></trkpt><trkpt lat="46.54274044604972" lon="9.853310467675328"><ele>2234.779998779297</ele></trkpt><trkpt lat="46.542750445660204" lon="9.853340467903763"><ele>2234.7999877929688</ele></trkpt><trkpt lat="46.542770445812494" lon="9.853350467514247"><ele>2235.0</ele></trkpt><trkpt lat="46.54280044604093" lon="9.853370467666537"><ele>2235.1799926757812</ele></trkpt><trkpt lat="46.54279044596478" lon="9.85331046814099"><ele>2235.969970703125</ele></trkpt><trkpt lat="46.54280044604093" lon="9.853370467666537"><ele>2235.199981689453</ele></trkpt><trkpt lat="46.54287044564262" lon="9.85340046742931"><ele>2234.3999938964844</ele></trkpt><trkpt lat="46.542920445557684" lon="9.853410467505455"><ele>2234.0</ele></trkpt><trkpt lat="46.54299044562504" lon="9.8534204675816"><ele>2233.5</ele></trkpt><trkpt lat="46.543070445302874" lon="9.85338046727702"><ele>2232.8999938964844</ele></trkpt><trkpt lat="46.543110445607454" lon="9.853370467200875"><ele>2232.7999877929688</ele></trkpt><trkpt lat="46.5432004458271" lon="9.853370467200875"><ele>2233.5</ele></trkpt><trkpt lat="46.543220445513725" lon="9.853360467590392"><ele>2233.2999877929688</ele></trkpt><trkpt lat="46.54327044542879" lon="9.853350467514247"><ele>2233.0</ele></trkpt><trkpt lat="46.54333044542" lon="9.853340467438102"><ele>2232.699981689453</ele></trkpt><trkpt lat="46.54336044564843" lon="9.853340467438102"><ele>2232.5999755859375</ele></trkpt><trkpt lat="46.54340044548735" lon="9.85336046712473"><ele>2232.699981689453</ele></trkpt><trkpt lat="46.54342044563964" lon="9.853370467200875"><ele>2232.5</ele></trkpt><trkpt lat="46.54344044532627" lon="9.85340046742931"><ele>2232.4099731445312</ele></trkpt><trkpt lat="46.543450445402414" lon="9.853410467039794"><ele>2232.3599853515625</ele></trkpt><trkpt lat="46.5434704455547" lon="9.853450467344373"><ele>2232.2999877929688</ele></trkpt><trkpt lat="46.5434704455547" lon="9.853480467107147"><ele>2232.3599853515625</ele></trkpt><trkpt lat="46.5434704455547" lon="9.853500467259437"><ele>2232.3999938964844</ele></trkpt><trkpt lat="46.54348044563085" lon="9.853520467411727"><ele>2232.3199768066406</ele></trkpt><trkpt lat="46.54355044523254" lon="9.853660467080772"><ele>2232.0999755859375</ele></trkpt><trkpt lat="46.543560445308685" lon="9.853670467156917"><ele>2232.0899963378906</ele></trkpt><trkpt lat="46.54359044553712" lon="9.85372046707198"><ele>2232.0</ele></trkpt><trkpt lat="46.543620445299894" lon="9.85376046737656"><ele>2232.199981689453</ele></trkpt><trkpt lat="46.54364044545218" lon="9.853770466987044"><ele>2232.0999755859375</ele></trkpt><trkpt lat="46.54365044552833" lon="9.853780467063189"><ele>2232.1299743652344</ele></trkpt><trkpt lat="46.54367044521496" lon="9.853780467063189"><ele>2232.0999755859375</ele></trkpt><trkpt lat="46.54372044513002" lon="9.853770466987044"><ele>2231.8499755859375</ele></trkpt><trkpt lat="46.54380044480786" lon="9.853780466597527"><ele>2230.0999755859375</ele></trkpt><trkpt lat="46.5438904450275" lon="9.853820466902107"><ele>2229.959991455078</ele></trkpt><trkpt lat="46.54393044486642" lon="9.853840466588736"><ele>2229.7999877929688</ele></trkpt><trkpt lat="46.54395044501871" lon="9.853840466588736"><ele>2229.8099975585938</ele></trkpt><trkpt lat="46.54398044478148" lon="9.853840466588736"><ele>2229.7999877929688</ele></trkpt><trkpt lat="46.54400044493377" lon="9.85385046666488"><ele>2229.5999755859375</ele></trkpt><trkpt lat="46.54401044500992" lon="9.85385046666488"><ele>2229.5</ele></trkpt><trkpt lat="46.544030444696546" lon="9.853840466588736"><ele>2229.2899780273438</ele></trkpt><trkpt lat="46.54404044477269" lon="9.853840466588736"><ele>2229.1299743652344</ele></trkpt><trkpt lat="46.544070445001125" lon="9.85383046651259"><ele>2228.8999938964844</ele></trkpt><trkpt lat="46.5441004447639" lon="9.853800466284156"><ele>2228.6499938964844</ele></trkpt><trkpt lat="46.54412044491619" lon="9.853780466597527"><ele>2228.3999938964844</ele></trkpt><trkpt lat="46.54414044460282" lon="9.853770466521382"><ele>2228.0</ele></trkpt><trkpt lat="46.54416044475511" lon="9.853770466521382"><ele>2227.8999938964844</ele></trkpt><trkpt lat="46.544180444441736" lon="9.853780466131866"><ele>2227.739990234375</ele></trkpt><trkpt lat="46.544180444441736" lon="9.853780466131866"><ele>2227.739990234375</ele></trkpt><trkpt lat="46.54421044467017" lon="9.853800466284156"><ele>2228.199981689453</ele></trkpt><trkpt lat="46.54423044482246" lon="9.85385046619922"><ele>2228.2999877929688</ele></trkpt><trkpt lat="46.54423044482246" lon="9.853870466351509"><ele>2228.199981689453</ele></trkpt><trkpt lat="46.544240444432944" lon="9.853900466579944"><ele>2228.0999755859375</ele></trkpt><trkpt lat="46.54425044450909" lon="9.853940466418862"><ele>2228.3199768066406</ele></trkpt><trkpt lat="46.54425044450909" lon="9.853940466418862"><ele>2228.3299865722656</ele></trkpt><trkpt lat="46.54425044450909" lon="9.853990466333926"><ele>2228.5999755859375</ele></trkpt><trkpt lat="46.54425044497475" lon="9.854050466325134"><ele>2229.0</ele></trkpt><trkpt lat="46.544260445050895" lon="9.854070466477424"><ele>2229.25</ele></trkpt><trkpt lat="46.54427044466138" lon="9.854090466629714"><ele>2229.3999938964844</ele></trkpt><trkpt lat="46.544280445203185" lon="9.854120466858149"><ele>2229.8999938964844</ele></trkpt><trkpt lat="46.544280445203185" lon="9.854130466934294"><ele>2230.0399780273438</ele></trkpt><trkpt lat="46.54429044527933" lon="9.854180466849357"><ele>2230.5999755859375</ele></trkpt><trkpt lat="46.54429044527933" lon="9.854260466992855"><ele>2231.7999877929688</ele></trkpt><trkpt lat="46.544280445668846" lon="9.854370467364788"><ele>2232.5999755859375</ele></trkpt><trkpt lat="46.54426044551656" lon="9.854490467347205"><ele>2233.769989013672</ele></trkpt><trkpt lat="46.54425044590607" lon="9.85452046757564"><ele>2234.0999755859375</ele></trkpt><trkpt lat="46.544210446067154" lon="9.854630467481911"><ele>2234.2999877929688</ele></trkpt><trkpt lat="46.54420044599101" lon="9.854670467786491"><ele>2234.3999938964844</ele></trkpt><trkpt lat="46.544170445762575" lon="9.854800467845052"><ele>2234.5999755859375</ele></trkpt><trkpt lat="46.544170445762575" lon="9.854820467997342"><ele>2234.759979248047</ele></trkpt><trkpt lat="46.54416044615209" lon="9.854840467683971"><ele>2234.8999938964844</ele></trkpt><trkpt lat="46.544150446075946" lon="9.85486046783626"><ele>2235.0999755859375</ele></trkpt><trkpt lat="46.5441404459998" lon="9.85490046814084"><ele>2235.5</ele></trkpt><trkpt lat="46.54410044616088" lon="9.854990467894822"><ele>2236.199981689453</ele></trkpt><trkpt lat="46.54407044639811" lon="9.855080468114465"><ele>2236.3999938964844</ele></trkpt><trkpt lat="46.544020446483046" lon="9.855170468334109"><ele>2236.5999755859375</ele></trkpt><trkpt lat="46.54399044625461" lon="9.855250468011945"><ele>2236.0999755859375</ele></trkpt><trkpt lat="46.543960446026176" lon="9.855350467842072"><ele>2235.6299743652344</ele></trkpt><trkpt lat="46.54395044595003" lon="9.855370467994362"><ele>2235.5899963378906</ele></trkpt><trkpt lat="46.543940445873886" lon="9.855440468061715"><ele>2235.699981689453</ele></trkpt><trkpt lat="46.54390044603497" lon="9.855560468044132"><ele>2235.6699829101562</ele></trkpt><trkpt lat="46.54388044588268" lon="9.85560046788305"><ele>2235.6399841308594</ele></trkpt><trkpt lat="46.543870446272194" lon="9.855660467874259"><ele>2235.6399841308594</ele></trkpt><trkpt lat="46.543850446119905" lon="9.855710468254983"><ele>2235.7999877929688</ele></trkpt><trkpt lat="46.543850446119905" lon="9.855740468017757"><ele>2235.779998779297</ele></trkpt><trkpt lat="46.54384044604376" lon="9.85579046793282"><ele>2235.7999877929688</ele></trkpt><trkpt lat="46.543830445967615" lon="9.855830467771739"><ele>2235.6499938964844</ele></trkpt><trkpt lat="46.54382044589147" lon="9.855870468076319"><ele>2235.5</ele></trkpt><trkpt lat="46.54382044589147" lon="9.855920467991382"><ele>2235.209991455078</ele></trkpt><trkpt lat="46.54382044589147" lon="9.856040467973799"><ele>2234.8099975585938</ele></trkpt><trkpt lat="46.54382044589147" lon="9.856050468049943"><ele>2234.7999877929688</ele></trkpt><trkpt lat="46.54382044589147" lon="9.856110468041152"><ele>2234.7999877929688</ele></trkpt><trkpt lat="46.543830445967615" lon="9.856140467803925"><ele>2234.769989013672</ele></trkpt><trkpt lat="46.54384044604376" lon="9.85617046803236"><ele>2234.7999877929688</ele></trkpt><trkpt lat="46.54386044573039" lon="9.856230468023568"><ele>2234.699981689453</ele></trkpt><trkpt lat="46.54386044573039" lon="9.856250467710197"><ele>2234.7999877929688</ele></trkpt><trkpt lat="46.543850446119905" lon="9.85634046792984"><ele>2235.0999755859375</ele></trkpt><trkpt lat="46.54387044580653" lon="9.856470467988402"><ele>2234.7899780273438</ele></trkpt><trkpt lat="46.54388044588268" lon="9.856550467666239"><ele>2234.7999877929688</ele></trkpt><trkpt lat="46.54388044588268" lon="9.856600468046963"><ele>2235.0</ele></trkpt><trkpt lat="46.54388044588268" lon="9.856610468123108"><ele>2235.019989013672</ele></trkpt><trkpt lat="46.54387044580653" lon="9.856750467792153"><ele>2235.029998779297</ele></trkpt><trkpt lat="46.54387044580653" lon="9.856780468020588"><ele>2235.0</ele></trkpt><trkpt lat="46.54382044589147" lon="9.856990467756987"><ele>2234.7999877929688</ele></trkpt><trkpt lat="46.543790446128696" lon="9.857130467891693"><ele>2234.7999877929688</ele></trkpt><trkpt lat="46.543790445663035" lon="9.857180467806756"><ele>2234.5999755859375</ele></trkpt><trkpt lat="46.54378044605255" lon="9.857260467950255"><ele>2234.47998046875</ele></trkpt><trkpt lat="46.543770445976406" lon="9.857400468084961"><ele>2234.8999938964844</ele></trkpt><trkpt lat="46.543770445976406" lon="9.857550467830151"><ele>2235.2999877929688</ele></trkpt><trkpt lat="46.543770445976406" lon="9.857600468210876"><ele>2235.5</ele></trkpt><trkpt lat="46.54378044605255" lon="9.857610468287021"><ele>2235.5</ele></trkpt><trkpt lat="46.543790446128696" lon="9.857640468049794"><ele>2235.5999755859375</ele></trkpt><trkpt lat="46.54380044620484" lon="9.857660468202084"><ele>2235.689971923828</ele></trkpt><trkpt lat="46.54380044620484" lon="9.857680468354374"><ele>2235.7999877929688</ele></trkpt><trkpt lat="46.543850446119905" lon="9.857760468032211"><ele>2235.3699951171875</ele></trkpt><trkpt lat="46.54389044595882" lon="9.85780046787113"><ele>2235.0</ele></trkpt><trkpt lat="46.54390044603497" lon="9.85784046817571"><ele>2234.8999938964844</ele></trkpt><trkpt lat="46.54393044579774" lon="9.858000467997044"><ele>2234.5499877929688</ele></trkpt><trkpt lat="46.543940445873886" lon="9.858040467835963"><ele>2234.5399780273438</ele></trkpt><trkpt lat="46.54395044595003" lon="9.858080467674881"><ele>2234.5</ele></trkpt><trkpt lat="46.54395044595003" lon="9.858090467751026"><ele>2234.449981689453</ele></trkpt><trkpt lat="46.54395044595003" lon="9.858170467894524"><ele>2234.2999877929688</ele></trkpt><trkpt lat="46.543940445873886" lon="9.858280467800796"><ele>2234.4199829101562</ele></trkpt><trkpt lat="46.543940445873886" lon="9.858410467859358"><ele>2233.7999877929688</ele></trkpt><trkpt lat="46.543940445873886" lon="9.85848046792671"><ele>2233.5999755859375</ele></trkpt><trkpt lat="46.543940445873886" lon="9.85852046776563"><ele>2233.5999755859375</ele></trkpt><trkpt lat="46.543940445873886" lon="9.85852046776563"><ele>2233.6299743652344</ele></trkpt><trkpt lat="46.54393044579774" lon="9.858560467604548"><ele>2233.5999755859375</ele></trkpt><trkpt lat="46.54393044579774" lon="9.858570467680693"><ele>2233.6499938964844</ele></trkpt><trkpt lat="46.54393044579774" lon="9.858600467909127"><ele>2233.699981689453</ele></trkpt><trkpt lat="46.5439204457216" lon="9.858640467748046"><ele>2233.699981689453</ele></trkpt><trkpt lat="46.5439204457216" lon="9.85869046766311"><ele>2233.5999755859375</ele></trkpt><trkpt lat="46.54391044564545" lon="9.858780467882752"><ele>2233.5</ele></trkpt><trkpt lat="46.54391044564545" lon="9.85888046771288"><ele>2232.9099731445312</ele></trkpt><trkpt lat="46.54391044564545" lon="9.858910467475653"><ele>2232.7999877929688</ele></trkpt><trkpt lat="46.543960445094854" lon="9.85903046745807"><ele>2231.2999877929688</ele></trkpt><trkpt lat="46.54398044524714" lon="9.859110467135906"><ele>2231.019989013672</ele></trkpt><trkpt lat="46.54399044532329" lon="9.859130467288196"><ele>2230.8999938964844</ele></trkpt><trkpt lat="46.54401044500992" lon="9.859170467127115"><ele>2230.5999755859375</ele></trkpt><trkpt lat="46.54406044492498" lon="9.85931046679616"><ele>2229.2999877929688</ele></trkpt><trkpt lat="46.54408044461161" lon="9.859350466635078"><ele>2228.7999877929688</ele></trkpt><trkpt lat="46.54413044452667" lon="9.859430466778576"><ele>2228.199981689453</ele></trkpt><trkpt lat="46.54417044436559" lon="9.85948046669364"><ele>2227.199981689453</ele></trkpt><trkpt lat="46.54419044451788" lon="9.859580466523767"><ele>2227.0899963378906</ele></trkpt><trkpt lat="46.54419044451788" lon="9.859640466514975"><ele>2226.699981689453</ele></trkpt><trkpt lat="46.544200444128364" lon="9.859670466277748"><ele>2226.5</ele></trkpt><trkpt lat="46.544200444128364" lon="9.85978046618402"><ele>2226.0</ele></trkpt><trkpt lat="46.544220444280654" lon="9.859910466242582"><ele>2225.5</ele></trkpt><trkpt lat="46.544220444280654" lon="9.859940466005355"><ele>2225.3599853515625</ele></trkpt><trkpt lat="46.54422044381499" lon="9.859990465920419"><ele>2225.1599731445312</ele></trkpt><trkpt lat="46.54421044373885" lon="9.860110465902835"><ele>2224.5799865722656</ele></trkpt><trkpt lat="46.54421044373885" lon="9.860150465741754"><ele>2224.3999938964844</ele></trkpt><trkpt lat="46.54422044381499" lon="9.860190466046333"><ele>2224.1399841308594</ele></trkpt><trkpt lat="46.54424044350162" lon="9.860310465563089"><ele>2223.5</ele></trkpt><trkpt lat="46.544290443416685" lon="9.860490465536714"><ele>2222.2999877929688</ele></trkpt><trkpt lat="46.54430044349283" lon="9.860540465451777"><ele>2222.3399963378906</ele></trkpt><trkpt lat="46.54434044333175" lon="9.860620465595275"><ele>2221.7999877929688</ele></trkpt><trkpt lat="46.54438044317067" lon="9.860700465273112"><ele>2221.1099853515625</ele></trkpt><trkpt lat="46.54439044324681" lon="9.860720465425402"><ele>2220.8999938964844</ele></trkpt><trkpt lat="46.54443044308573" lon="9.860770465340465"><ele>2220.3999938964844</ele></trkpt><trkpt lat="46.544440443161875" lon="9.860800465103239"><ele>2220.269989013672</ele></trkpt><trkpt lat="46.54445044323802" lon="9.860840464942157"><ele>2220.0</ele></trkpt><trkpt lat="46.54447044292465" lon="9.860860465094447"><ele>2219.9199829101562</ele></trkpt><trkpt lat="46.54448044300079" lon="9.860880465246737"><ele>2219.7999877929688</ele></trkpt><trkpt lat="46.54449044307694" lon="9.860920465085655"><ele>2219.5999755859375</ele></trkpt><trkpt lat="46.54450044268742" lon="9.860960464924574"><ele>2219.3299865722656</ele></trkpt><trkpt lat="46.54450044268742" lon="9.860980465076864"><ele>2219.0999755859375</ele></trkpt><trkpt lat="46.54450044268742" lon="9.861020464915782"><ele>2219.0</ele></trkpt><trkpt lat="46.54448044300079" lon="9.861100464593619"><ele>2218.699981689453</ele></trkpt><trkpt lat="46.544460442848504" lon="9.861140464898199"><ele>2218.5999755859375</ele></trkpt><trkpt lat="46.544400442857295" lon="9.86123046465218"><ele>2218.2999877929688</ele></trkpt><trkpt lat="46.544380442705005" lon="9.861260464880615"><ele>2218.0999755859375</ele></trkpt><trkpt lat="46.54437044262886" lon="9.861280464567244"><ele>2218.0999755859375</ele></trkpt><trkpt lat="46.544360442552716" lon="9.861350464634597"><ele>2217.939971923828</ele></trkpt><trkpt lat="46.54435044247657" lon="9.861370464786887"><ele>2217.7999877929688</ele></trkpt><trkpt lat="46.54435044247657" lon="9.86142046470195"><ele>2217.5999755859375</ele></trkpt><trkpt lat="46.544360442552716" lon="9.861470464617014"><ele>2217.0999755859375</ele></trkpt><trkpt lat="46.5443704421632" lon="9.861520464532077"><ele>2216.7899780273438</ele></trkpt><trkpt lat="46.544380442239344" lon="9.861560464370996"><ele>2216.3999938964844</ele></trkpt><trkpt lat="46.544380442239344" lon="9.861600464209914"><ele>2216.0999755859375</ele></trkpt><trkpt lat="46.5443704421632" lon="9.861660464201123"><ele>2216.0</ele></trkpt><trkpt lat="46.54433044232428" lon="9.861750464420766"><ele>2215.8999938964844</ele></trkpt><trkpt lat="46.54431044217199" lon="9.861820464022458"><ele>2215.6399841308594</ele></trkpt><trkpt lat="46.544280441943556" lon="9.861900464165956"><ele>2215.2999877929688</ele></trkpt><trkpt lat="46.54426044225693" lon="9.861980464309454"><ele>2215.199981689453</ele></trkpt><trkpt lat="46.54424044210464" lon="9.862010464072227"><ele>2215.1199951171875</ele></trkpt><trkpt lat="46.54422044195235" lon="9.862090464215726"><ele>2214.8999938964844</ele></trkpt><trkpt lat="46.54420044180006" lon="9.8621204639785"><ele>2214.8599853515625</ele></trkpt><trkpt lat="46.54420044180006" lon="9.862130464054644"><ele>2214.7999877929688</ele></trkpt><trkpt lat="46.54420044180006" lon="9.862150464206934"><ele>2214.8299865722656</ele></trkpt><trkpt lat="46.544190442189574" lon="9.862200464121997"><ele>2214.7999877929688</ele></trkpt><trkpt lat="46.544170442037284" lon="9.86225046403706"><ele>2214.5999755859375</ele></trkpt><trkpt lat="46.54416044196114" lon="9.862300463952124"><ele>2214.3999938964844</ele></trkpt><trkpt lat="46.544150441884995" lon="9.862320464104414"><ele>2214.2899780273438</ele></trkpt><trkpt lat="46.544110441580415" lon="9.862520463764668"><ele>2213.0999755859375</ele></trkpt><trkpt lat="46.54410044150427" lon="9.862600463442504"><ele>2212.699981689453</ele></trkpt><trkpt lat="46.54410044150427" lon="9.86263046367094"><ele>2212.3799743652344</ele></trkpt><trkpt lat="46.544090441428125" lon="9.862770463339984"><ele>2211.47998046875</ele></trkpt><trkpt lat="46.544090441428125" lon="9.86280046356842"><ele>2211.2999877929688</ele></trkpt><trkpt lat="46.54410044103861" lon="9.862890463322401"><ele>2210.949981689453</ele></trkpt><trkpt lat="46.5441204411909" lon="9.863070463296026"><ele>2209.699981689453</ele></trkpt><trkpt lat="46.54412044072524" lon="9.863160463050008"><ele>2208.8699951171875</ele></trkpt><trkpt lat="46.54413044080138" lon="9.863210462965071"><ele>2208.2999877929688</ele></trkpt><trkpt lat="46.54415044048801" lon="9.86325046280399"><ele>2208.0</ele></trkpt><trkpt lat="46.544160440564156" lon="9.863280462566763"><ele>2207.8099975585938</ele></trkpt><trkpt lat="46.54424044024199" lon="9.86340046254918"><ele>2206.769989013672</ele></trkpt><trkpt lat="46.5443004402332" lon="9.863480462227017"><ele>2206.3999938964844</ele></trkpt><trkpt lat="46.5443804403767" lon="9.863580462522805"><ele>2205.769989013672</ele></trkpt><trkpt lat="46.54442044021562" lon="9.863630461972207"><ele>2205.0999755859375</ele></trkpt><trkpt lat="46.544460440054536" lon="9.86370046203956"><ele>2204.3299865722656</ele></trkpt><trkpt lat="46.544480439741164" lon="9.863730461802334"><ele>2203.9299926757812</ele></trkpt><trkpt lat="46.5445104399696" lon="9.863770461641252"><ele>2203.5</ele></trkpt><trkpt lat="46.544560439419" lon="9.863910461775959"><ele>2202.2999877929688</ele></trkpt><trkpt lat="46.544570439495146" lon="9.863960461691022"><ele>2202.0</ele></trkpt><trkpt lat="46.54458043957129" lon="9.86400046152994"><ele>2201.8999938964844</ele></trkpt><trkpt lat="46.54458043957129" lon="9.864030461292714"><ele>2201.759979248047</ele></trkpt><trkpt lat="46.54458043957129" lon="9.864090461283922"><ele>2201.3999938964844</ele></trkpt><trkpt lat="46.544590439181775" lon="9.864120461512357"><ele>2201.1799926757812</ele></trkpt><trkpt lat="46.54462043894455" lon="9.864240461029112"><ele>2200.0</ele></trkpt><trkpt lat="46.54463043902069" lon="9.864290460944176"><ele>2199.5</ele></trkpt><trkpt lat="46.54463043902069" lon="9.864310461096466"><ele>2199.3999938964844</ele></trkpt><trkpt lat="46.54463043902069" lon="9.864360461011529"><ele>2199.199981689453</ele></trkpt><trkpt lat="46.54463043902069" lon="9.864370461087674"><ele>2199.1599731445312</ele></trkpt><trkpt lat="46.54463043902069" lon="9.864370461087674"><ele>2199.1499938964844</ele></trkpt><trkpt lat="46.54462043894455" lon="9.864410460926592"><ele>2198.8999938964844</ele></trkpt><trkpt lat="46.5446104388684" lon="9.864410460926592"><ele>2198.8499755859375</ele></trkpt><trkpt lat="46.544590438716114" lon="9.864430461078882"><ele>2198.699981689453</ele></trkpt><trkpt lat="46.544570439029485" lon="9.864460460841656"><ele>2198.769989013672</ele></trkpt><trkpt lat="46.544530438724905" lon="9.864520460832864"><ele>2198.0999755859375</ele></trkpt><trkpt lat="46.54452043864876" lon="9.864560460671782"><ele>2197.699981689453</ele></trkpt><trkpt lat="46.544510438572615" lon="9.864570460747927"><ele>2197.5</ele></trkpt><trkpt lat="46.544510438572615" lon="9.864580460824072"><ele>2197.2999877929688</ele></trkpt><trkpt lat="46.544510438572615" lon="9.86464046034962"><ele>2196.7999877929688</ele></trkpt><trkpt lat="46.544510438572615" lon="9.864670460578054"><ele>2196.3699951171875</ele></trkpt><trkpt lat="46.544510438106954" lon="9.864700460340828"><ele>2195.8999938964844</ele></trkpt><trkpt lat="46.5445204381831" lon="9.864760460332036"><ele>2195.019989013672</ele></trkpt><trkpt lat="46.54452043771744" lon="9.864830459933728"><ele>2194.0</ele></trkpt><trkpt lat="46.54453043732792" lon="9.864960459526628"><ele>2191.699981689453</ele></trkpt><trkpt lat="46.54453043732792" lon="9.865020459517837"><ele>2190.8999938964844</ele></trkpt><trkpt lat="46.544540436938405" lon="9.865060459356755"><ele>2190.1599731445312</ele></trkpt><trkpt lat="46.544540436938405" lon="9.865080459043384"><ele>2189.699981689453</ele></trkpt><trkpt lat="46.544540436938405" lon="9.865110458806157"><ele>2189.259979248047</ele></trkpt><trkpt lat="46.54451043670997" lon="9.865240458864719"><ele>2187.5</ele></trkpt><trkpt lat="46.544500436633825" lon="9.865270458627492"><ele>2187.3999938964844</ele></trkpt><trkpt lat="46.544500436633825" lon="9.865270458627492"><ele>2187.3999938964844</ele></trkpt><trkpt lat="46.544500436633825" lon="9.86531045846641"><ele>2187.3399963378906</ele></trkpt><trkpt lat="46.544500436633825" lon="9.865370458457619"><ele>2187.2999877929688</ele></trkpt><trkpt lat="46.5445304363966" lon="9.865610458422452"><ele>2187.0899963378906</ele></trkpt><trkpt lat="46.5445304363966" lon="9.865630458574742"><ele>2187.0999755859375</ele></trkpt><trkpt lat="46.5445304363966" lon="9.865640458650887"><ele>2187.0999755859375</ele></trkpt><trkpt lat="46.544520436786115" lon="9.865680458489805"><ele>2187.1099853515625</ele></trkpt><trkpt lat="46.544520436786115" lon="9.86571045871824"><ele>2187.0999755859375</ele></trkpt><trkpt lat="46.544500436633825" lon="9.865750458557159"><ele>2186.949981689453</ele></trkpt><trkpt lat="46.544500436633825" lon="9.865760458633304"><ele>2187.0</ele></trkpt><trkpt lat="46.544460436329246" lon="9.865770458709449"><ele>2186.9199829101562</ele></trkpt><trkpt lat="46.54442043649033" lon="9.865770458243787"><ele>2186.5799865722656</ele></trkpt><trkpt lat="46.54438043618575" lon="9.865760458167642"><ele>2186.0999755859375</ele></trkpt><trkpt lat="46.544350436422974" lon="9.865750458091497"><ele>2185.8099975585938</ele></trkpt><trkpt lat="46.54432043619454" lon="9.865720458328724"><ele>2185.3099975585938</ele></trkpt><trkpt lat="46.54428043588996" lon="9.865690458100289"><ele>2184.5999755859375</ele></trkpt><trkpt lat="46.544190435670316" lon="9.86563045764342"><ele>2183.4099731445312</ele></trkpt><trkpt lat="46.544190435670316" lon="9.86563045764342"><ele>2183.3999938964844</ele></trkpt><trkpt lat="46.544040435459465" lon="9.865520457271487"><ele>2181.1199951171875</ele></trkpt><trkpt lat="46.54389043478295" lon="9.865400456823409"><ele>2178.5999755859375</ele></trkpt><trkpt lat="46.54387043463066" lon="9.865400456823409"><ele>2178.1199951171875</ele></trkpt><trkpt lat="46.54384043486789" lon="9.865390456747264"><ele>2177.3999938964844</ele></trkpt><trkpt lat="46.54380043456331" lon="9.865370456594974"><ele>2176.779998779297</ele></trkpt><trkpt lat="46.54374043410644" lon="9.865340456366539"><ele>2175.5399780273438</ele></trkpt><trkpt lat="46.543710434343666" lon="9.865330456290394"><ele>2175.0</ele></trkpt><trkpt lat="46.543650433886796" lon="9.865290455985814"><ele>2173.969970703125</ele></trkpt><trkpt lat="46.54362043365836" lon="9.86526045575738"><ele>2173.2999877929688</ele></trkpt><trkpt lat="46.54355043359101" lon="9.8652204554528"><ele>2172.0999755859375</ele></trkpt><trkpt lat="46.54353043343872" lon="9.865210455376655"><ele>2171.779998779297</ele></trkpt><trkpt lat="46.5434904335998" lon="9.86520045530051"><ele>2171.199981689453</ele></trkpt><trkpt lat="46.54338043322787" lon="9.865150454919785"><ele>2169.2999877929688</ele></trkpt><trkpt lat="46.543320432771" lon="9.86510045453906"><ele>2168.3999938964844</ele></trkpt><trkpt lat="46.543270432855934" lon="9.865060454700142"><ele>2167.5999755859375</ele></trkpt><trkpt lat="46.543250432703644" lon="9.865050454623997"><ele>2167.3999938964844</ele></trkpt><trkpt lat="46.54320043232292" lon="9.864980454090983"><ele>2166.5</ele></trkpt><trkpt lat="46.543170432560146" lon="9.864940454252064"><ele>2165.7999877929688</ele></trkpt><trkpt lat="46.543110432103276" lon="9.864880453795195"><ele>2164.949981689453</ele></trkpt><trkpt lat="46.54310043202713" lon="9.86487045371905"><ele>2164.699981689453</ele></trkpt><trkpt lat="46.54306043218821" lon="9.864860453642905"><ele>2164.2999877929688</ele></trkpt><trkpt lat="46.54302043188363" lon="9.864860453642905"><ele>2163.7999877929688</ele></trkpt><trkpt lat="46.542980432044715" lon="9.86487045371905"><ele>2163.199981689453</ele></trkpt><trkpt lat="46.542960431892425" lon="9.864880453795195"><ele>2162.949981689453</ele></trkpt><trkpt lat="46.54274043114856" lon="9.865000452846289"><ele>2159.4299926757812</ele></trkpt><trkpt lat="46.54270043084398" lon="9.865010452922434"><ele>2158.9199829101562</ele></trkpt><trkpt lat="46.54266043100506" lon="9.865040452685207"><ele>2158.2999877929688</ele></trkpt><trkpt lat="46.54262043070048" lon="9.865030452609062"><ele>2157.8299865722656</ele></trkpt><trkpt lat="46.542590430472046" lon="9.865030452609062"><ele>2157.3399963378906</ele></trkpt><trkpt lat="46.54257043078542" lon="9.865030452609062"><ele>2157.1499938964844</ele></trkpt><trkpt lat="46.54260043054819" lon="9.86492045223713"><ele>2156.0499877929688</ele></trkpt><trkpt lat="46.54260043008253" lon="9.86486045178026"><ele>2155.1199951171875</ele></trkpt><trkpt lat="46.54260043008253" lon="9.864810451865196"><ele>2154.449981689453</ele></trkpt><trkpt lat="46.542610430158675" lon="9.864780451636761"><ele>2154.1199951171875</ele></trkpt><trkpt lat="46.54271042952314" lon="9.864660451188684"><ele>2152.519989013672</ele></trkpt><trkpt lat="46.54273042967543" lon="9.86463045142591"><ele>2152.1299743652344</ele></trkpt><trkpt lat="46.542740429751575" lon="9.864580451510847"><ele>2151.9099731445312</ele></trkpt><trkpt lat="46.54275042936206" lon="9.864540451206267"><ele>2151.709991455078</ele></trkpt><trkpt lat="46.54277042951435" lon="9.864480451215059"><ele>2150.949981689453</ele></trkpt><trkpt lat="46.54279042920098" lon="9.864410450682044"><ele>2149.97998046875</ele></trkpt><trkpt lat="46.54289042856544" lon="9.86417045025155"><ele>2145.969970703125</ele></trkpt><trkpt lat="46.54297042824328" lon="9.864010449498892"><ele>2144.0399780273438</ele></trkpt><trkpt lat="46.54300042800605" lon="9.863920449279249"><ele>2143.3499755859375</ele></trkpt><trkpt lat="46.54300042800605" lon="9.86386044928804"><ele>2142.8999938964844</ele></trkpt><trkpt lat="46.54301042761654" lon="9.863810449372977"><ele>2142.5699768066406</ele></trkpt><trkpt lat="46.54301042761654" lon="9.863770449068397"><ele>2142.0499877929688</ele></trkpt><trkpt lat="46.54299042746425" lon="9.863730449229479"><ele>2141.269989013672</ele></trkpt><trkpt lat="46.54295042762533" lon="9.863720448687673"><ele>2140.5899963378906</ele></trkpt><trkpt lat="46.54289042716846" lon="9.863710448611528"><ele>2139.199981689453</ele></trkpt><trkpt lat="46.542840426787734" lon="9.863710448611528"><ele>2138.269989013672</ele></trkpt><trkpt lat="46.54271042672917" lon="9.863700448069721"><ele>2137.1099853515625</ele></trkpt><trkpt lat="46.54266042681411" lon="9.863700448069721"><ele>2136.519989013672</ele></trkpt><trkpt lat="46.542610426433384" lon="9.86370044760406"><ele>2135.0899963378906</ele></trkpt><trkpt lat="46.54256042605266" lon="9.86370044760406"><ele>2133.9099731445312</ele></trkpt><trkpt lat="46.542490425519645" lon="9.863710447214544"><ele>2132.0599975585938</ele></trkpt><trkpt lat="46.54241042537615" lon="9.863720446825027"><ele>2130.1399841308594</ele></trkpt><trkpt lat="46.54237042507157" lon="9.863720446359366"><ele>2129.0799865722656</ele></trkpt><trkpt lat="46.54234042484313" lon="9.863740446511656"><ele>2128.279998779297</ele></trkpt><trkpt lat="46.5423104246147" lon="9.863720446359366"><ele>2127.6299743652344</ele></trkpt><trkpt lat="46.5423104246147" lon="9.863700446207076"><ele>2127.239990234375</ele></trkpt><trkpt lat="46.54232042469084" lon="9.863650446292013"><ele>2126.699981689453</ele></trkpt><trkpt lat="46.542330424301326" lon="9.863580445758998"><ele>2125.3299865722656</ele></trkpt><trkpt lat="46.542330424301326" lon="9.86352044576779"><ele>2124.459991455078</ele></trkpt><trkpt lat="46.542350423987955" lon="9.863470445387065"><ele>2123.8899841308594</ele></trkpt><trkpt lat="46.54238042421639" lon="9.863430445548147"><ele>2123.4099731445312</ele></trkpt><trkpt lat="46.54241042397916" lon="9.863410445395857"><ele>2123.3299865722656</ele></trkpt><trkpt lat="46.54243042366579" lon="9.863350444938987"><ele>2122.3499755859375</ele></trkpt><trkpt lat="46.542460423428565" lon="9.8632504446432"><ele>2120.3999938964844</ele></trkpt><trkpt lat="46.54247042303905" lon="9.863180444575846"><ele>2119.239990234375</ele></trkpt><trkpt lat="46.542480423115194" lon="9.863090444356203"><ele>2118.22998046875</ele></trkpt><trkpt lat="46.54250042280182" lon="9.863040443975478"><ele>2117.3899841308594</ele></trkpt><trkpt lat="46.54250042233616" lon="9.862950443755835"><ele>2116.0</ele></trkpt><trkpt lat="46.542490422260016" lon="9.862880443688482"><ele>2114.4099731445312</ele></trkpt><trkpt lat="46.542470421642065" lon="9.862780442927033"><ele>2111.959991455078</ele></trkpt><trkpt lat="46.542430421337485" lon="9.8626704425551"><ele>2109.8099975585938</ele></trkpt><trkpt lat="46.542410421185195" lon="9.862550442107022"><ele>2108.1099853515625</ele></trkpt><trkpt lat="46.54240042110905" lon="9.862500442191958"><ele>2107.509979248047</ele></trkpt><trkpt lat="46.54240042064339" lon="9.86236044159159"><ele>2105.709991455078</ele></trkpt><trkpt lat="46.54239042010158" lon="9.862220441456884"><ele>2103.699981689453</ele></trkpt><trkpt lat="46.54240042017773" lon="9.862160441000015"><ele>2102.949981689453</ele></trkpt><trkpt lat="46.54240041971207" lon="9.862090440932661"><ele>2102.1799926757812</ele></trkpt><trkpt lat="46.54240041971207" lon="9.862020440865308"><ele>2101.1299743652344</ele></trkpt><trkpt lat="46.54240041971207" lon="9.861950440797955"><ele>2100.5599975585938</ele></trkpt><trkpt lat="46.542400419246405" lon="9.861910440493375"><ele>2100.0</ele></trkpt><trkpt lat="46.542400419246405" lon="9.86188044026494"><ele>2099.75</ele></trkpt><trkpt lat="46.54239041917026" lon="9.861840440426022"><ele>2099.2899780273438</ele></trkpt><trkpt lat="46.542380419094115" lon="9.861810440197587"><ele>2098.9299926757812</ele></trkpt><trkpt lat="46.54235041886568" lon="9.861770440358669"><ele>2098.2899780273438</ele></trkpt><trkpt lat="46.542320418637246" lon="9.861690439749509"><ele>2097.1699829101562</ele></trkpt><trkpt lat="46.54230041895062" lon="9.861640439834446"><ele>2096.5399780273438</ele></trkpt><trkpt lat="46.54224041849375" lon="9.861570439767092"><ele>2095.47998046875</ele></trkpt><trkpt lat="46.54219041811302" lon="9.861510439310223"><ele>2094.3899841308594</ele></trkpt><trkpt lat="46.542150418274105" lon="9.861450438853353"><ele>2093.189971923828</ele></trkpt><trkpt lat="46.54210041789338" lon="9.861410439014435"><ele>2092.0399780273438</ele></trkpt><trkpt lat="46.542070417664945" lon="9.86140043893829"><ele>2091.459991455078</ele></trkpt><trkpt lat="46.54202041774988" lon="9.861380438320339"><ele>2090.469970703125</ele></trkpt><trkpt lat="46.5419804174453" lon="9.861390438396484"><ele>2089.489990234375</ele></trkpt><trkpt lat="46.54194041714072" lon="9.861380437854677"><ele>2088.1099853515625</ele></trkpt><trkpt lat="46.54191041691229" lon="9.861380437854677"><ele>2087.3699951171875</ele></trkpt><trkpt lat="46.54190041683614" lon="9.861390437930822"><ele>2086.959991455078</ele></trkpt><trkpt lat="46.54190041683614" lon="9.861420437693596"><ele>2086.3499755859375</ele></trkpt><trkpt lat="46.54190041637048" lon="9.86147043760866"><ele>2085.5</ele></trkpt><trkpt lat="46.54190041637048" lon="9.861570436973125"><ele>2083.689971923828</ele></trkpt><trkpt lat="46.541890416294336" lon="9.86160043720156"><ele>2082.949981689453</ele></trkpt><trkpt lat="46.54187041614205" lon="9.861610436812043"><ele>2082.3999938964844</ele></trkpt><trkpt lat="46.54184041591361" lon="9.861580436583608"><ele>2081.5699768066406</ele></trkpt><trkpt lat="46.54179041553289" lon="9.86150043644011"><ele>2079.97998046875</ele></trkpt><trkpt lat="46.54176041530445" lon="9.861490436363965"><ele>2079.1199951171875</ele></trkpt><trkpt lat="46.54168041469529" lon="9.861480435822159"><ele>2077.1099853515625</ele></trkpt><trkpt lat="46.54163041478023" lon="9.861470435746014"><ele>2075.939971923828</ele></trkpt><trkpt lat="46.54153041401878" lon="9.861430434975773"><ele>2072.989990234375</ele></trkpt><trkpt lat="46.54143041372299" lon="9.861400434281677"><ele>2070.259979248047</ele></trkpt><trkpt lat="46.54137041326612" lon="9.861370434053242"><ele>2068.439971923828</ele></trkpt><trkpt lat="46.54131041280925" lon="9.861330433748662"><ele>2066.689971923828</ele></trkpt><trkpt lat="46.54125041235238" lon="9.861290433444083"><ele>2064.7899780273438</ele></trkpt><trkpt lat="46.54118041228503" lon="9.861260432749987"><ele>2062.6499938964844</ele></trkpt><trkpt lat="46.54112041182816" lon="9.861240432597697"><ele>2060.969970703125</ele></trkpt><trkpt lat="46.541070411447436" lon="9.861200431827456"><ele>2059.0699768066406</ele></trkpt><trkpt lat="46.541010410990566" lon="9.861160431522876"><ele>2056.989990234375</ele></trkpt><trkpt lat="46.54093041038141" lon="9.861100431066006"><ele>2054.8999938964844</ele></trkpt><trkpt lat="46.54092041077092" lon="9.861090430989861"><ele>2055.0</ele></trkpt><trkpt lat="46.54092041030526" lon="9.861160431057215"><ele>2053.5399780273438</ele></trkpt><trkpt lat="46.540930409915745" lon="9.861230430658907"><ele>2052.199981689453</ele></trkpt><trkpt lat="46.540930409915745" lon="9.861310430336744"><ele>2050.8499755859375</ele></trkpt><trkpt lat="46.540930409450084" lon="9.861400430090725"><ele>2049.199981689453</ele></trkpt><trkpt lat="46.540930409450084" lon="9.861460429616272"><ele>2048.22998046875</ele></trkpt><trkpt lat="46.54093040898442" lon="9.861490429844707"><ele>2047.6299743652344</ele></trkpt><trkpt lat="46.54094040906057" lon="9.861510429531336"><ele>2047.239990234375</ele></trkpt><trkpt lat="46.54093040898442" lon="9.861550429370254"><ele>2046.8899841308594</ele></trkpt><trkpt lat="46.54089040867984" lon="9.861530429217964"><ele>2045.9499816894531</ele></trkpt><trkpt lat="46.54086040845141" lon="9.861490429379046"><ele>2045.2699890136719</ele></trkpt><trkpt lat="46.54084040829912" lon="9.861450429074466"><ele>2044.6899719238281</ele></trkpt><trkpt lat="46.540810408536345" lon="9.861420428846031"><ele>2043.6099853515625</ele></trkpt><trkpt lat="46.54074040800333" lon="9.861320428550243"><ele>2041.22998046875</ele></trkpt><trkpt lat="46.540690407622606" lon="9.861280428245664"><ele>2040.2599792480469</ele></trkpt><trkpt lat="46.540670407470316" lon="9.861250428017229"><ele>2039.5599975585938</ele></trkpt><trkpt lat="46.54066040739417" lon="9.861240427941084"><ele>2039.3099975585938</ele></trkpt><trkpt lat="46.54058040725067" lon="9.861130427569151"><ele>2037.1499938964844</ele></trkpt><trkpt lat="46.54053040686995" lon="9.861030427273363"><ele>2035.0999755859375</ele></trkpt><trkpt lat="46.540510406252" lon="9.860960426740348"><ele>2033.75</ele></trkpt><trkpt lat="46.54047040594742" lon="9.86090042674914"><ele>2032.4499816894531</ele></trkpt><trkpt lat="46.54045040579513" lon="9.860870426520705"><ele>2031.2999877929688</ele></trkpt><trkpt lat="46.54043040564284" lon="9.860850426368415"><ele>2030.6899719238281</ele></trkpt><trkpt lat="46.5404004054144" lon="9.86082042613998"><ele>2029.7999877929688</ele></trkpt><trkpt lat="46.54034040495753" lon="9.860720425378531"><ele>2027.469970703125</ele></trkpt><trkpt lat="46.5403104047291" lon="9.860680425539613"><ele>2026.469970703125</ele></trkpt><trkpt lat="46.54029040457681" lon="9.860630425158888"><ele>2025.1199951171875</ele></trkpt><trkpt lat="46.54027040442452" lon="9.860630425158888"><ele>2024.6199951171875</ele></trkpt><trkpt lat="46.54026040434837" lon="9.860620425082743"><ele>2024.22998046875</ele></trkpt><trkpt lat="46.54025040380657" lon="9.860790424514562"><ele>2021.489990234375</ele></trkpt><trkpt lat="46.54024040373042" lon="9.860870424192399"><ele>2020.22998046875</ele></trkpt><trkpt lat="46.540250403340906" lon="9.860910424031317"><ele>2019.3899841308594</ele></trkpt><trkpt lat="46.540250403340906" lon="9.86096042348072"><ele>2018.1099853515625</ele></trkpt><trkpt lat="46.54024040326476" lon="9.861020423471928"><ele>2017.0399780273438</ele></trkpt><trkpt lat="46.540210403036326" lon="9.860980423167348"><ele>2016.3599853515625</ele></trkpt><trkpt lat="46.540170402731746" lon="9.860920422710478"><ele>2014.489990234375</ele></trkpt><trkpt lat="46.54010040173307" lon="9.86082042241469"><ele>2011.0799865722656</ele></trkpt><trkpt lat="46.540050401352346" lon="9.860750421881676"><ele>2009.0899963378906</ele></trkpt><trkpt lat="46.540010401047766" lon="9.860660421196371"><ele>2006.97998046875</ele></trkpt><trkpt lat="46.5399504005909" lon="9.860580421052873"><ele>2004.5699768066406</ele></trkpt><trkpt lat="46.53992040036246" lon="9.860520420596004"><ele>2002.9399719238281</ele></trkpt><trkpt lat="46.53987039998174" lon="9.8604304199107"><ele>2000.3599853515625</ele></trkpt><trkpt lat="46.53977039875463" lon="9.860280418768525"><ele>1995.6299743652344</ele></trkpt><trkpt lat="46.5397203983739" lon="9.860200418625027"><ele>1993.2899780273438</ele></trkpt><trkpt lat="46.53964039776474" lon="9.860060417558998"><ele>1989.5499877929688</ele></trkpt><trkpt lat="46.53960039746016" lon="9.860000417102128"><ele>1987.5199890136719</ele></trkpt><trkpt lat="46.53956039715558" lon="9.859950417187065"><ele>1985.8899841308594</ele></trkpt><trkpt lat="46.539520396851" lon="9.859910416882485"><ele>1984.3799743652344</ele></trkpt><trkpt lat="46.539440396241844" lon="9.859870416112244"><ele>1981.5799865722656</ele></trkpt><trkpt lat="46.53941039601341" lon="9.85984041588381"><ele>1980.6599731445312</ele></trkpt><trkpt lat="46.53939039586112" lon="9.85980041557923"><ele>1979.4099731445312</ele></trkpt><trkpt lat="46.539360395632684" lon="9.859740415588021"><ele>1978.1699829101562</ele></trkpt><trkpt lat="46.53935039509088" lon="9.859680415131152"><ele>1976.8399963378906</ele></trkpt><trkpt lat="46.53935039509088" lon="9.859590414911509"><ele>1975.3299865722656</ele></trkpt><trkpt lat="46.53933039447293" lon="9.859520414378494"><ele>1973.8799743652344</ele></trkpt><trkpt lat="46.53931039432064" lon="9.859460414387286"><ele>1972.9499816894531</ele></trkpt><trkpt lat="46.5392803940922" lon="9.859430414158851"><ele>1972.1499938964844</ele></trkpt><trkpt lat="46.53923039417714" lon="9.859400413930416"><ele>1970.6699829101562</ele></trkpt><trkpt lat="46.53915039356798" lon="9.85939041338861"><ele>1968.3599853515625</ele></trkpt><trkpt lat="46.53909039311111" lon="9.859370412770659"><ele>1966.489990234375</ele></trkpt><trkpt lat="46.539040392730385" lon="9.859360412694514"><ele>1964.6799926757812</ele></trkpt><trkpt lat="46.53891039220616" lon="9.859340412076563"><ele>1961.5399780273438</ele></trkpt><trkpt lat="46.53887039190158" lon="9.859310411848128"><ele>1960.9299926757812</ele></trkpt><trkpt lat="46.53884039167315" lon="9.859270411543548"><ele>1960.1099853515625</ele></trkpt><trkpt lat="46.53877039114013" lon="9.859160411171615"><ele>1957.3099975585938</ele></trkpt><trkpt lat="46.53873039083555" lon="9.859080410562456"><ele>1955.6599731445312</ele></trkpt><trkpt lat="46.53872039075941" lon="9.859010410495102"><ele>1954.1799926757812</ele></trkpt><trkpt lat="46.53872039029375" lon="9.85892041027546"><ele>1952.4399719238281</ele></trkpt><trkpt lat="46.53872039029375" lon="9.8588404096663"><ele>1951.1599731445312</ele></trkpt><trkpt lat="46.538760389667004" lon="9.858660409227014"><ele>1947.7099914550781</ele></trkpt><trkpt lat="46.53877038927749" lon="9.858600408770144"><ele>1946.4099731445312</ele></trkpt><trkpt lat="46.53879038896412" lon="9.858540408778936"><ele>1945.1399841308594</ele></trkpt><trkpt lat="46.538810388650745" lon="9.858500408474356"><ele>1944.3499755859375</ele></trkpt><trkpt lat="46.5388003885746" lon="9.858460408169776"><ele>1944.0399780273438</ele></trkpt><trkpt lat="46.53878038842231" lon="9.858430408407003"><ele>1943.5599975585938</ele></trkpt><trkpt lat="46.53876038873568" lon="9.858410408254713"><ele>1942.8299865722656</ele></trkpt><trkpt lat="46.538730388041586" lon="9.858400407712907"><ele>1941.6199951171875</ele></trkpt><trkpt lat="46.53869038820267" lon="9.858400407712907"><ele>1940.3299865722656</ele></trkpt><trkpt lat="46.53864038782194" lon="9.85841040732339"><ele>1938.5499877929688</ele></trkpt><trkpt lat="46.53861038712785" lon="9.858440406620502"><ele>1936.739990234375</ele></trkpt><trkpt lat="46.53857038682327" lon="9.858480406459421"><ele>1934.5299987792969</ele></trkpt><trkpt lat="46.53852038644254" lon="9.858550406061113"><ele>1932.0499877929688</ele></trkpt><trkpt lat="46.538480386603624" lon="9.858520405832678"><ele>1932.5099792480469</ele></trkpt><trkpt lat="46.53841038700193" lon="9.858490406069905"><ele>1934.1499938964844</ele></trkpt><trkpt lat="46.53822038741782" lon="9.858380406629294"><ele>1936.25</ele></trkpt><trkpt lat="46.53817038750276" lon="9.858360406942666"><ele>1936.8499755859375</ele></trkpt><trkpt lat="46.538120387587696" lon="9.85835040686652"><ele>1937.6499938964844</ele></trkpt><trkpt lat="46.537900388240814" lon="9.858380407560617"><ele>1941.5</ele></trkpt><trkpt lat="46.53783038817346" lon="9.858400407712907"><ele>1941.75</ele></trkpt><trkpt lat="46.537820388097316" lon="9.858400407712907"><ele>1941.989990234375</ele></trkpt><trkpt lat="46.53776038857177" lon="9.858410407789052"><ele>1942.4499816894531</ele></trkpt><trkpt lat="46.537670388352126" lon="9.858390408102423"><ele>1943.0399780273438</ele></trkpt><trkpt lat="46.53761038882658" lon="9.858370408415794"><ele>1943.9499816894531</ele></trkpt><trkpt lat="46.537580388598144" lon="9.85834040818736"><ele>1944.3099975585938</ele></trkpt><trkpt lat="46.53747038869187" lon="9.858150408603251"><ele>1944.989990234375</ele></trkpt><trkpt lat="46.53746038861573" lon="9.858200408518314"><ele>1944.4199829101562</ele></trkpt><trkpt lat="46.53746038861573" lon="9.858280408196151"><ele>1943.1499938964844</ele></trkpt><trkpt lat="46.53745038853958" lon="9.858330408111215"><ele>1942.3299865722656</ele></trkpt><trkpt lat="46.537410388235" lon="9.858370407484472"><ele>1941.0899963378906</ele></trkpt><trkpt lat="46.5373203875497" lon="9.858440407086164"><ele>1937.9499816894531</ele></trkpt><trkpt lat="46.53728038677946" lon="9.85854040645063"><ele>1935.1799926757812</ele></trkpt><trkpt lat="46.53727038670331" lon="9.858600406441838"><ele>1933.8499755859375</ele></trkpt><trkpt lat="46.53721038624644" lon="9.858720405492932"><ele>1930.8899841308594</ele></trkpt><trkpt lat="46.53716038586572" lon="9.858770405407995"><ele>1929.4399719238281</ele></trkpt><trkpt lat="46.53704038495198" lon="9.858790404628962"><ele>1925.3799743652344</ele></trkpt><trkpt lat="46.53702038479969" lon="9.85881040431559"><ele>1924.8799743652344</ele></trkpt><trkpt lat="46.537060383707285" lon="9.859100403264165"><ele>1919.719970703125</ele></trkpt><trkpt lat="46.53705038363114" lon="9.859190403018147"><ele>1918.3799743652344</ele></trkpt><trkpt lat="46.53705038363114" lon="9.85922040278092"><ele>1917.969970703125</ele></trkpt><trkpt lat="46.537060383707285" lon="9.859250403009355"><ele>1917.5199890136719</ele></trkpt><trkpt lat="46.53708038339391" lon="9.859270402695984"><ele>1916.719970703125</ele></trkpt><trkpt lat="46.53710038308054" lon="9.859300402458757"><ele>1915.8099975585938</ele></trkpt><trkpt lat="46.53712038323283" lon="9.859310402534902"><ele>1915.219970703125</ele></trkpt><trkpt lat="46.53721038252115" lon="9.859300401993096"><ele>1913.1699829101562</ele></trkpt><trkpt lat="46.53729038219899" lon="9.859270401764661"><ele>1911.7699890136719</ele></trkpt><trkpt lat="46.53731038235128" lon="9.859270401764661"><ele>1911.5699768066406</ele></trkpt><trkpt lat="46.53734038211405" lon="9.859280401375145"><ele>1911.0599975585938</ele></trkpt><trkpt lat="46.53736038226634" lon="9.859300401527435"><ele>1910.4299926757812</ele></trkpt><trkpt lat="46.537390381563455" lon="9.859350400976837"><ele>1908.7699890136719</ele></trkpt><trkpt lat="46.537410381715745" lon="9.859360401052982"><ele>1908.239990234375</ele></trkpt><trkpt lat="46.53743038140237" lon="9.859350400976837"><ele>1907.5</ele></trkpt><trkpt lat="46.53746038116515" lon="9.859330400824547"><ele>1906.3099975585938</ele></trkpt><trkpt lat="46.537500381004065" lon="9.85934040043503"><ele>1905.1399841308594</ele></trkpt><trkpt lat="46.537590380292386" lon="9.85934039996937"><ele>1902.0199890136719</ele></trkpt><trkpt lat="46.53762038005516" lon="9.859360399655998"><ele>1900.97998046875</ele></trkpt><trkpt lat="46.53765037981793" lon="9.8594103991054"><ele>1899.719970703125</ele></trkpt><trkpt lat="46.53767037997022" lon="9.859440399333835"><ele>1898.969970703125</ele></trkpt><trkpt lat="46.53763037966564" lon="9.859500398859382"><ele>1897.4199829101562</ele></trkpt><trkpt lat="46.53760037943721" lon="9.859550398308784"><ele>1896.0599975585938</ele></trkpt><trkpt lat="46.53758037881926" lon="9.859640398062766"><ele>1894.0199890136719</ele></trkpt><trkpt lat="46.537560378201306" lon="9.859730397816747"><ele>1891.5199890136719</ele></trkpt><trkpt lat="46.53755037812516" lon="9.859830397181213"><ele>1889.1299743652344</ele></trkpt><trkpt lat="46.537540377583355" lon="9.859900396782905"><ele>1887.1699829101562</ele></trkpt><trkpt lat="46.53751037735492" lon="9.859930396545678"><ele>1886.5699768066406</ele></trkpt><trkpt lat="46.537500377278775" lon="9.859950396697968"><ele>1886.2599792480469</ele></trkpt><trkpt lat="46.537480377126485" lon="9.859970396384597"><ele>1885.4499816894531</ele></trkpt><trkpt lat="46.53745037689805" lon="9.860030395910144"><ele>1883.0099792480469</ele></trkpt><trkpt lat="46.53745037643239" lon="9.860060395672917"><ele>1882.1899719238281</ele></trkpt><trkpt lat="46.537440376356244" lon="9.86009039543569"><ele>1881.3699951171875</ele></trkpt><trkpt lat="46.53741037612781" lon="9.86013039527461"><ele>1879.9199829101562</ele></trkpt><trkpt lat="46.53739037597552" lon="9.860200394876301"><ele>1878.2999877929688</ele></trkpt><trkpt lat="46.53734037512913" lon="9.860290394164622"><ele>1875.5499877929688</ele></trkpt><trkpt lat="46.537280374672264" lon="9.860360393766314"><ele>1872.9499816894531</ele></trkpt><trkpt lat="46.537260374519974" lon="9.860390393529087"><ele>1871.9199829101562</ele></trkpt><trkpt lat="46.537200374063104" lon="9.86046039313078"><ele>1870.0599975585938</ele></trkpt><trkpt lat="46.537180373910815" lon="9.860490392893553"><ele>1869.239990234375</ele></trkpt><trkpt lat="46.53715037368238" lon="9.860520393121988"><ele>1868.47998046875</ele></trkpt><trkpt lat="46.537120373453945" lon="9.860560392495245"><ele>1867.25</ele></trkpt><trkpt lat="46.537100373301655" lon="9.860580392647535"><ele>1866.6799926757812</ele></trkpt><trkpt lat="46.53709037322551" lon="9.860600392334163"><ele>1866.1999816894531</ele></trkpt><trkpt lat="46.537080373149365" lon="9.860610392410308"><ele>1865.7699890136719</ele></trkpt><trkpt lat="46.53707037307322" lon="9.860650392249227"><ele>1865.0</ele></trkpt><trkpt lat="46.537060372997075" lon="9.860680392012"><ele>1864.719970703125</ele></trkpt><trkpt lat="46.537060372997075" lon="9.860740392003208"><ele>1863.5399780273438</ele></trkpt><trkpt lat="46.537060372997075" lon="9.860770391765982"><ele>1863.0399780273438</ele></trkpt><trkpt lat="46.53705037292093" lon="9.860790391918272"><ele>1862.5399780273438</ele></trkpt><trkpt lat="46.53703037276864" lon="9.8608103916049"><ele>1862.0199890136719</ele></trkpt><trkpt lat="46.53701037261635" lon="9.860840391367674"><ele>1861.1499938964844</ele></trkpt><trkpt lat="46.536980372387916" lon="9.860850391443819"><ele>1860.4099731445312</ele></trkpt><trkpt lat="46.536960372235626" lon="9.860870391130447"><ele>1859.6999816894531</ele></trkpt><trkpt lat="46.53693037200719" lon="9.860890390817076"><ele>1858.9299926757812</ele></trkpt><trkpt lat="46.53689037170261" lon="9.86094039073214"><ele>1857.3599853515625</ele></trkpt><trkpt lat="46.53687037155032" lon="9.860960390418768"><ele>1856.719970703125</ele></trkpt><trkpt lat="46.53685037139803" lon="9.861010390333831"><ele>1855.6799926757812</ele></trkpt><trkpt lat="46.53683037124574" lon="9.861040390096605"><ele>1854.8999938964844</ele></trkpt><trkpt lat="46.53680037101731" lon="9.861080389935523"><ele>1853.6999816894531</ele></trkpt><trkpt lat="46.53675037063658" lon="9.861180389299989"><ele>1851.5499877929688</ele></trkpt><trkpt lat="46.53673037048429" lon="9.861220389138907"><ele>1850.4399719238281</ele></trkpt><trkpt lat="46.536720369942486" lon="9.861280389130116"><ele>1849.3699951171875</ele></trkpt><trkpt lat="46.53669036971405" lon="9.861320388969034"><ele>1848.1499938964844</ele></trkpt><trkpt lat="46.53667036956176" lon="9.861360388342291"><ele>1847.0299987792969</ele></trkpt><trkpt lat="46.53659036941826" lon="9.861440388020128"><ele>1844.7599792480469</ele></trkpt><trkpt lat="46.53656036918983" lon="9.861470387782902"><ele>1843.7999877929688</ele></trkpt><trkpt lat="46.536510368809104" lon="9.861500387545675"><ele>1842.5899963378906</ele></trkpt><trkpt lat="46.536430368199944" lon="9.861570387147367"><ele>1839.8699951171875</ele></trkpt><trkpt lat="46.536390367895365" lon="9.861610386986285"><ele>1838.5</ele></trkpt><trkpt lat="46.53636036766693" lon="9.861660386435688"><ele>1837.0999755859375</ele></trkpt><trkpt lat="46.53634036751464" lon="9.861690386198461"><ele>1836.2899780273438</ele></trkpt><trkpt lat="46.536310367286205" lon="9.86175038618967"><ele>1834.75</ele></trkpt><trkpt lat="46.536250366829336" lon="9.86184038547799"><ele>1832.5799865722656</ele></trkpt><trkpt lat="46.536170366220176" lon="9.861940385308117"><ele>1830.3799743652344</ele></trkpt><trkpt lat="46.5361303659156" lon="9.862010384909809"><ele>1828.9499816894531</ele></trkpt><trkpt lat="46.53603036561981" lon="9.862160384189337"><ele>1825.5499877929688</ele></trkpt><trkpt lat="46.53599036531523" lon="9.862240383867174"><ele>1824.1599731445312</ele></trkpt><trkpt lat="46.53597036516294" lon="9.862320383545011"><ele>1823.1499938964844</ele></trkpt><trkpt lat="46.53596036462113" lon="9.86238038353622"><ele>1822.3499755859375</ele></trkpt><trkpt lat="46.53595036454499" lon="9.862460383214056"><ele>1821.3699951171875</ele></trkpt><trkpt lat="46.53594036446884" lon="9.862550382968038"><ele>1820.2799987792969</ele></trkpt><trkpt lat="46.53594036400318" lon="9.862620383035392"><ele>1819.4399719238281</ele></trkpt><trkpt lat="46.535950364079326" lon="9.862690382637084"><ele>1818.6399841308594</ele></trkpt><trkpt lat="46.535970363765955" lon="9.862770382780582"><ele>1817.739990234375</ele></trkpt><trkpt lat="46.5359803638421" lon="9.862850382458419"><ele>1816.8499755859375</ele></trkpt><trkpt lat="46.53599036345258" lon="9.863010382279754"><ele>1815.22998046875</ele></trkpt><trkpt lat="46.53600036352873" lon="9.863080381881446"><ele>1814.7099914550781</ele></trkpt><trkpt lat="46.53602036321536" lon="9.863140381872654"><ele>1814.2099914550781</ele></trkpt><trkpt lat="46.5360303632915" lon="9.863190381787717"><ele>1813.6299743652344</ele></trkpt><trkpt lat="46.536040362901986" lon="9.863250381778926"><ele>1812.8099975585938</ele></trkpt><trkpt lat="46.53605036251247" lon="9.8634103811346"><ele>1810.72998046875</ele></trkpt><trkpt lat="46.53605036251247" lon="9.863510380964726"><ele>1809.6899719238281</ele></trkpt><trkpt lat="46.53605036204681" lon="9.863590380642563"><ele>1808.72998046875</ele></trkpt><trkpt lat="46.53605036204681" lon="9.863660380709916"><ele>1807.97998046875</ele></trkpt><trkpt lat="46.53605036204681" lon="9.863740380387753"><ele>1807.3299865722656</ele></trkpt><trkpt lat="46.53603036142886" lon="9.863900380209088"><ele>1805.8799743652344</ele></trkpt><trkpt lat="46.53602036135271" lon="9.863970380276442"><ele>1805.219970703125</ele></trkpt><trkpt lat="46.53600036120042" lon="9.864030379801989"><ele>1804.75</ele></trkpt><trkpt lat="46.53596036089584" lon="9.86416037986055"><ele>1803.4499816894531</ele></trkpt><trkpt lat="46.53594036074355" lon="9.864250379614532"><ele>1802.7899780273438</ele></trkpt><trkpt lat="46.53592036059126" lon="9.864350379444659"><ele>1802.0799865722656</ele></trkpt><trkpt lat="46.53592036059126" lon="9.864450379274786"><ele>1801.4599914550781</ele></trkpt><trkpt lat="46.53593036066741" lon="9.86461037909612"><ele>1800.3899841308594</ele></trkpt><trkpt lat="46.53594036027789" lon="9.864740379154682"><ele>1799.47998046875</ele></trkpt><trkpt lat="46.53594036027789" lon="9.864850378595293"><ele>1798.6499938964844</ele></trkpt><trkpt lat="46.53592035965994" lon="9.86510037863627"><ele>1796.8599853515625</ele></trkpt><trkpt lat="46.53590035950765" lon="9.865320377983153"><ele>1795.1499938964844</ele></trkpt><trkpt lat="46.535890359431505" lon="9.865450378041714"><ele>1794.5499877929688</ele></trkpt><trkpt lat="46.53590035950765" lon="9.865550377871841"><ele>1794.6499938964844</ele></trkpt><trkpt lat="46.53580035921186" lon="9.865430377889425"><ele>1793.9299926757812</ele></trkpt><trkpt lat="46.53580035921186" lon="9.865430377889425"><ele>1793.8799743652344</ele></trkpt><trkpt lat="46.53579035913572" lon="9.86542037781328"><ele>1793.8399963378906</ele></trkpt><trkpt lat="46.535620358772576" lon="9.86517037730664"><ele>1792.1299743652344</ele></trkpt><trkpt lat="46.535470358561724" lon="9.864930376876146"><ele>1790.3399963378906</ele></trkpt><trkpt lat="46.53540035849437" lon="9.864820376969874"><ele>1789.5299987792969</ele></trkpt><trkpt lat="46.535240358207375" lon="9.86460037669167"><ele>1787.719970703125</ele></trkpt><trkpt lat="46.53515035798773" lon="9.864450376480818"><ele>1787.1599731445312</ele></trkpt><trkpt lat="46.53509035799652" lon="9.864380376413465"><ele>1786.9299926757812</ele></trkpt><trkpt lat="46.535030357539654" lon="9.864320376422256"><ele>1786.5899963378906</ele></trkpt><trkpt lat="46.53495035786182" lon="9.864250376354903"><ele>1786.0099792480469</ele></trkpt><trkpt lat="46.534590356983244" lon="9.864020375534892"><ele>1782.9299926757812</ele></trkpt><trkpt lat="46.53443035669625" lon="9.863920375239104"><ele>1781.469970703125</ele></trkpt><trkpt lat="46.534320356324315" lon="9.86385037470609"><ele>1780.1599731445312</ele></trkpt><trkpt lat="46.53426035633311" lon="9.86385037470609"><ele>1779.25</ele></trkpt><trkpt lat="46.53421035595238" lon="9.863870374392718"><ele>1778.5</ele></trkpt><trkpt lat="46.53418035618961" lon="9.863900374621153"><ele>1777.8699951171875</ele></trkpt><trkpt lat="46.534150355961174" lon="9.863950374070555"><ele>1777.0199890136719</ele></trkpt><trkpt lat="46.53388035390526" lon="9.864760372322053"><ele>1766.9099731445312</ele></trkpt><trkpt lat="46.533850353676826" lon="9.864870372228324"><ele>1765.6999816894531</ele></trkpt><trkpt lat="46.533750352449715" lon="9.865480370819569"><ele>1759.8299865722656</ele></trkpt><trkpt lat="46.533730352297425" lon="9.865650370717049"><ele>1758.4599914550781</ele></trkpt><trkpt lat="46.53374035190791" lon="9.865840370301157"><ele>1756.9099731445312</ele></trkpt><trkpt lat="46.53375035151839" lon="9.866000370122492"><ele>1755.719970703125</ele></trkpt><trkpt lat="46.53377035167068" lon="9.866090369876474"><ele>1755.0499877929688</ele></trkpt><trkpt lat="46.53383035119623" lon="9.866290369536728"><ele>1754.0999755859375</ele></trkpt><trkpt lat="46.533840351272374" lon="9.866330369841307"><ele>1753.8999938964844</ele></trkpt><trkpt lat="46.533840351272374" lon="9.866360369604081"><ele>1753.6699829101562</ele></trkpt><trkpt lat="46.533860351424664" lon="9.866370369680226"><ele>1753.8099975585938</ele></trkpt><trkpt lat="46.53388035111129" lon="9.866410369519144"><ele>1753.72998046875</ele></trkpt><trkpt lat="46.53404035093263" lon="9.86678036954254"><ele>1752.739990234375</ele></trkpt><trkpt lat="46.53413035115227" lon="9.866990369278938"><ele>1752.1399841308594</ele></trkpt><trkpt lat="46.5341503508389" lon="9.867070369422436"><ele>1751.9199829101562</ele></trkpt><trkpt lat="46.53417035099119" lon="9.867160369176418"><ele>1751.5499877929688</ele></trkpt><trkpt lat="46.53419035067782" lon="9.8672503689304"><ele>1751.0499877929688</ele></trkpt><trkpt lat="46.53420035075396" lon="9.867350368760526"><ele>1750.3999938964844</ele></trkpt><trkpt lat="46.53422035044059" lon="9.867460368666798"><ele>1749.5499877929688</ele></trkpt><trkpt lat="46.53426034981385" lon="9.867750368081033"><ele>1746.489990234375</ele></trkpt><trkpt lat="46.53428034950048" lon="9.867860367987305"><ele>1745.0499877929688</ele></trkpt><trkpt lat="46.53429034911096" lon="9.867990367580205"><ele>1743.3199768066406</ele></trkpt><trkpt lat="46.53429034911096" lon="9.868020367342979"><ele>1742.8299865722656</ele></trkpt><trkpt lat="46.534280349034816" lon="9.868070367258042"><ele>1742.0599975585938</ele></trkpt><trkpt lat="46.53425034834072" lon="9.86824036668986"><ele>1739.4099731445312</ele></trkpt><trkpt lat="46.534220348112285" lon="9.868400366511196"><ele>1737.489990234375</ele></trkpt><trkpt lat="46.534180347807705" lon="9.868590366095304"><ele>1735.6899719238281</ele></trkpt><trkpt lat="46.53415034757927" lon="9.868690365925431"><ele>1735.0799865722656</ele></trkpt><trkpt lat="46.53406034735963" lon="9.868910365737975"><ele>1733.6199951171875</ele></trkpt><trkpt lat="46.53405034728348" lon="9.868980365339667"><ele>1733.4099731445312</ele></trkpt><trkpt lat="46.53406034735963" lon="9.869060365483165"><ele>1733.1899719238281</ele></trkpt><trkpt lat="46.5340903471224" lon="9.8692203653045"><ele>1732.5499877929688</ele></trkpt><trkpt lat="46.5340903471224" lon="9.8692203653045"><ele>1732.5199890136719</ele></trkpt><trkpt lat="46.534100347198546" lon="9.869300365447998"><ele>1732.3399963378906</ele></trkpt><trkpt lat="46.534100347198546" lon="9.869340365286916"><ele>1732.2099914550781</ele></trkpt><trkpt lat="46.534080346580595" lon="9.869570365175605"><ele>1730.6299743652344</ele></trkpt><trkpt lat="46.534080346580595" lon="9.86971036484465"><ele>1729.2899780273438</ele></trkpt><trkpt lat="46.53409034619108" lon="9.869810364674777"><ele>1728.25</ele></trkpt><trkpt lat="46.53410034626722" lon="9.869910364504904"><ele>1727.5499877929688</ele></trkpt><trkpt lat="46.53410034580156" lon="9.870050364173949"><ele>1726.6699829101562</ele></trkpt><trkpt lat="46.53412034548819" lon="9.870230364147574"><ele>1725.25</ele></trkpt><trkpt lat="46.53414034517482" lon="9.87048036372289"><ele>1723.6399841308594</ele></trkpt><trkpt lat="46.53414034517482" lon="9.870560363400728"><ele>1723.3099975585938</ele></trkpt><trkpt lat="46.53420034516603" lon="9.870610363315791"><ele>1723.1199951171875</ele></trkpt><trkpt lat="46.534280345309526" lon="9.870690363459289"><ele>1722.7599792480469</ele></trkpt><trkpt lat="46.53435034491122" lon="9.870790363289416"><ele>1722.3299865722656</ele></trkpt><trkpt lat="46.53446034481749" lon="9.87099036341533"><ele>1721.5699768066406</ele></trkpt><trkpt lat="46.534490345045924" lon="9.871220363304019"><ele>1720.9199829101562</ele></trkpt><trkpt lat="46.5345203448087" lon="9.871390362735838"><ele>1720.0799865722656</ele></trkpt><trkpt lat="46.534560344647616" lon="9.871620362624526"><ele>1718.7799987792969</ele></trkpt><trkpt lat="46.53459034394473" lon="9.87184036243707"><ele>1717.0699768066406</ele></trkpt><trkpt lat="46.53460034402087" lon="9.871980362106115"><ele>1715.75</ele></trkpt><trkpt lat="46.53461034363136" lon="9.872090362012386"><ele>1714.6299743652344</ele></trkpt><trkpt lat="46.534610343165696" lon="9.872210361529142"><ele>1713.3999938964844</ele></trkpt><trkpt lat="46.534590343013406" lon="9.872300361283123"><ele>1712.2999877929688</ele></trkpt><trkpt lat="46.53456034278497" lon="9.872410361189395"><ele>1711.0</ele></trkpt><trkpt lat="46.53449034271762" lon="9.872560360934585"><ele>1709.6199951171875</ele></trkpt><trkpt lat="46.53449034271762" lon="9.872560360934585"><ele>1709.5999755859375</ele></trkpt><trkpt lat="46.53424034221098" lon="9.872750360518694"><ele>1707.3399963378906</ele></trkpt><trkpt lat="46.5341203417629" lon="9.872860359959304"><ele>1706.1999816894531</ele></trkpt><trkpt lat="46.53406034177169" lon="9.872900360263884"><ele>1705.7999877929688</ele></trkpt><trkpt lat="46.534000341780484" lon="9.872940360102803"><ele>1705.5</ele></trkpt><trkpt lat="46.534000341780484" lon="9.872940360102803"><ele>1705.4599914550781</ele></trkpt><trkpt lat="46.53403034200892" lon="9.873070360161364"><ele>1705.4399719238281</ele></trkpt><trkpt lat="46.533980341628194" lon="9.873100359924138"><ele>1705.4399719238281</ele></trkpt><trkpt lat="46.53393034171313" lon="9.873130360152572"><ele>1705.4099731445312</ele></trkpt><trkpt lat="46.53388034179807" lon="9.8732303599827"><ele>1705.6499938964844</ele></trkpt><trkpt lat="46.53382034180686" lon="9.87336036004126"><ele>1705.6999816894531</ele></trkpt></trkseg></trk></gpx>