<?xml version="1.0" encoding="utf-8"?><gpx version="1.1" creator="MySchweizMobil - https://map.schweizmobil.ch/" xmlns:xsi="http://www.w3.org/2001/XMLSchema-instance" xmlns="http://www.topografix.com/GPX/1/1" xsi:schemaLocation="http://www.topografix.com/GPX/1/1 http://www.topografix.com/GPX/1/1/gpx.xsd"><metadata><name>260716_gotthardseen</name><bounds minlat="46.55548042291775" minlon="8.524060437921435" maxlat="46.57915048347786" maxlon="8.567610373254865" /></metadata><trk><name>260716_gotthardseen</name><trkseg><trkpt lat="46.55554042290896" lon="8.567150373011827"><ele>2091.189971923828</ele></trkpt><trkpt lat="46.55552042322233" lon="8.5670503731817"><ele>2091.1699829101562</ele></trkpt><trkpt lat="46.55548042291775" lon="8.56690037297085"><ele>2091.0999755859375</ele></trkpt><trkpt lat="46.55548042291775" lon="8.566910373046994"><ele>2091.1099853515625</ele></trkpt><trkpt lat="46.555590423289686" lon="8.566980373114347"><ele>2090.989990234375</ele></trkpt><trkpt lat="46.55560042290017" lon="8.566990373190492"><ele>2090.949981689453</ele></trkpt><trkpt lat="46.55594042316079" lon="8.56724037323147"><ele>2090.8099975585938</ele></trkpt><trkpt lat="46.55602042283863" lon="8.567300373222679"><ele>2090.769989013672</ele></trkpt><trkpt lat="46.55605042306706" lon="8.567320372909307"><ele>2090.75</ele></trkpt><trkpt lat="46.55609042290598" lon="8.567350373137742"><ele>2090.699981689453</ele></trkpt><trkpt lat="46.556140423286706" lon="8.567370373290032"><ele>2090.7999877929688</ele></trkpt><trkpt lat="46.556180423125625" lon="8.56739037297666"><ele>2090.7999877929688</ele></trkpt><trkpt lat="46.55622042296454" lon="8.56739037297666"><ele>2090.8599853515625</ele></trkpt><trkpt lat="46.55626042326912" lon="8.56739037297666"><ele>2090.8999938964844</ele></trkpt><trkpt lat="46.55636042309925" lon="8.56739037297666"><ele>2090.97998046875</ele></trkpt><trkpt lat="46.556390423327684" lon="8.56739037297666"><ele>2091.029998779297</ele></trkpt><trkpt lat="46.556480423081666" lon="8.567380373366177"><ele>2091.199981689453</ele></trkpt><trkpt lat="46.556480423081666" lon="8.567380373366177"><ele>2091.1799926757812</ele></trkpt><trkpt lat="46.556520423386246" lon="8.567370373290032"><ele>2091.199981689453</ele></trkpt><trkpt lat="46.55653042299673" lon="8.567360373213887"><ele>2091.209991455078</ele></trkpt><trkpt lat="46.55657042330131" lon="8.567350373137742"><ele>2091.25</ele></trkpt><trkpt lat="46.55660042306408" lon="8.567340373061597"><ele>2091.3099975585938</ele></trkpt><trkpt lat="46.55663042329252" lon="8.567330373451114"><ele>2091.3999938964844</ele></trkpt><trkpt lat="46.55668042320758" lon="8.567300373222679"><ele>2091.3999938964844</ele></trkpt><trkpt lat="46.55670042335987" lon="8.567290373146534"><ele>2091.3999938964844</ele></trkpt><trkpt lat="46.5567204230465" lon="8.567280373070389"><ele>2091.4299926757812</ele></trkpt><trkpt lat="46.55679042311385" lon="8.567230373155326"><ele>2091.47998046875</ele></trkpt><trkpt lat="46.55679042311385" lon="8.567230373155326"><ele>2091.5</ele></trkpt><trkpt lat="46.55685042310506" lon="8.567180373240262"><ele>2091.529998779297</ele></trkpt><trkpt lat="46.556940423324704" lon="8.567100373096764"><ele>2091.5999755859375</ele></trkpt><trkpt lat="46.55695042340085" lon="8.56709037348628"><ele>2091.5999755859375</ele></trkpt><trkpt lat="46.55708042345941" lon="8.566960373427719"><ele>2091.759979248047</ele></trkpt><trkpt lat="46.55717042321339" lon="8.566870373208076"><ele>2091.8999938964844</ele></trkpt><trkpt lat="46.55720042344183" lon="8.566840373445302"><ele>2091.9099731445312</ele></trkpt><trkpt lat="46.55729042319581" lon="8.566740373149514"><ele>2092.0999755859375</ele></trkpt><trkpt lat="46.557340423576534" lon="8.566670373547822"><ele>2092.1599731445312</ele></trkpt><trkpt lat="46.55736042326316" lon="8.566640373319387"><ele>2092.1399841308594</ele></trkpt><trkpt lat="46.557430423330516" lon="8.56654037348926"><ele>2092.199981689453</ele></trkpt><trkpt lat="46.55744042340666" lon="8.566530373413116"><ele>2092.239990234375</ele></trkpt><trkpt lat="46.557470423635095" lon="8.566490373574197"><ele>2092.279998779297</ele></trkpt><trkpt lat="46.55748042324558" lon="8.566470373421907"><ele>2092.2999877929688</ele></trkpt><trkpt lat="46.55754042323679" lon="8.566380373202264"><ele>2092.3799743652344</ele></trkpt><trkpt lat="46.55759042361751" lon="8.566280373372138"><ele>2092.449981689453</ele></trkpt><trkpt lat="46.557620423380286" lon="8.566240373533219"><ele>2092.5</ele></trkpt><trkpt lat="46.557660423684865" lon="8.566160373389721"><ele>2092.6099853515625</ele></trkpt><trkpt lat="46.557700423523784" lon="8.566080373246223"><ele>2092.689971923828</ele></trkpt><trkpt lat="46.55777042359114" lon="8.565930373501033"><ele>2092.9099731445312</ele></trkpt><trkpt lat="46.55779042374343" lon="8.565870373509824"><ele>2093.029998779297</ele></trkpt><trkpt lat="46.5578204235062" lon="8.565790373366326"><ele>2093.1099853515625</ele></trkpt><trkpt lat="46.55786042381078" lon="8.56571037368849"><ele>2093.199981689453</ele></trkpt><trkpt lat="46.55788042349741" lon="8.565640373621136"><ele>2093.279998779297</ele></trkpt><trkpt lat="46.5579804237932" lon="8.565360373351723"><ele>2093.5999755859375</ele></trkpt><trkpt lat="46.55807042401284" lon="8.565080373547971"><ele>2094.0</ele></trkpt><trkpt lat="46.55807042354718" lon="8.565080373547971"><ele>2093.989990234375</ele></trkpt><trkpt lat="46.55815042415634" lon="8.564830373506993"><ele>2094.8399963378906</ele></trkpt><trkpt lat="46.55860042478889" lon="8.563550374470651"><ele>2099.199981689453</ele></trkpt><trkpt lat="46.55888042552397" lon="8.562720375135541"><ele>2103.699981689453</ele></trkpt><trkpt lat="46.55906042596325" lon="8.562210375443101"><ele>2105.8199768066406</ele></trkpt><trkpt lat="46.55910042626783" lon="8.562090375460684"><ele>2106.1599731445312</ele></trkpt><trkpt lat="46.55922042625025" lon="8.56176037574187"><ele>2107.199981689453</ele></trkpt><trkpt lat="46.559250426478684" lon="8.561660375911742"><ele>2107.3799743652344</ele></trkpt><trkpt lat="46.559250426478684" lon="8.561630375683308"><ele>2107.47998046875</ele></trkpt><trkpt lat="46.55926042655483" lon="8.56159037584439"><ele>2107.5</ele></trkpt><trkpt lat="46.55935042677447" lon="8.561350375879556"><ele>2107.739990234375</ele></trkpt><trkpt lat="46.5593704264611" lon="8.561280375812203"><ele>2107.7999877929688</ele></trkpt><trkpt lat="46.559400426689535" lon="8.56119037559256"><ele>2107.759979248047</ele></trkpt><trkpt lat="46.55948042636737" lon="8.560960375703871"><ele>2107.529998779297</ele></trkpt><trkpt lat="46.55958042666316" lon="8.560690375510603"><ele>2107.0</ele></trkpt><trkpt lat="46.55958042666316" lon="8.560690375510603"><ele>2107.009979248047</ele></trkpt><trkpt lat="46.55962042650208" lon="8.560720375739038"><ele>2107.199981689453</ele></trkpt><trkpt lat="46.559630426578224" lon="8.560730375815183"><ele>2107.259979248047</ele></trkpt><trkpt lat="46.559650426730514" lon="8.560760375577956"><ele>2107.4099731445312</ele></trkpt><trkpt lat="46.55967042641714" lon="8.560780375730246"><ele>2107.5</ele></trkpt><trkpt lat="46.55969042656943" lon="8.560820375569165"><ele>2107.699981689453</ele></trkpt><trkpt lat="46.55973042687401" lon="8.56102037569508"><ele>2108.3999938964844</ele></trkpt><trkpt lat="46.5597504270263" lon="8.561110375914723"><ele>2108.7999877929688</ele></trkpt><trkpt lat="46.5597504270263" lon="8.561110375914723"><ele>2108.7899780273438</ele></trkpt><trkpt lat="46.55977042671293" lon="8.561100375838578"><ele>2108.5</ele></trkpt><trkpt lat="46.55979042686522" lon="8.561080375686288"><ele>2108.199981689453</ele></trkpt><trkpt lat="46.55981042655185" lon="8.561080375686288"><ele>2108.0799865722656</ele></trkpt><trkpt lat="46.55983042670414" lon="8.561070375610143"><ele>2107.8999938964844</ele></trkpt><trkpt lat="46.55986042646691" lon="8.561090375762433"><ele>2108.1799926757812</ele></trkpt><trkpt lat="46.5598804266192" lon="8.561100375838578"><ele>2108.3999938964844</ele></trkpt><trkpt lat="46.55991042684764" lon="8.561080375686288"><ele>2108.1499938964844</ele></trkpt><trkpt lat="46.559930426534265" lon="8.561070376075804"><ele>2108.0999755859375</ele></trkpt><trkpt lat="46.55994042661041" lon="8.561050375923514"><ele>2107.9199829101562</ele></trkpt><trkpt lat="46.559950426686555" lon="8.561050375923514"><ele>2107.8999938964844</ele></trkpt><trkpt lat="46.559950426686555" lon="8.56102037569508"><ele>2107.8999938964844</ele></trkpt><trkpt lat="46.559990426525474" lon="8.560970375780016"><ele>2108.0999755859375</ele></trkpt><trkpt lat="46.56000042660162" lon="8.560930375941098"><ele>2108.1099853515625</ele></trkpt><trkpt lat="46.56000042660162" lon="8.560910375788808"><ele>2108.0</ele></trkpt><trkpt lat="46.56001042667776" lon="8.560820375569165"><ele>2107.3399963378906</ele></trkpt><trkpt lat="46.56002042628825" lon="8.560790375806391"><ele>2107.0</ele></trkpt><trkpt lat="46.56003042636439" lon="8.560760375577956"><ele>2106.8999938964844</ele></trkpt><trkpt lat="46.56004042644054" lon="8.560760375577956"><ele>2106.5699768066406</ele></trkpt><trkpt lat="46.560060426127166" lon="8.560750375501812"><ele>2106.2999877929688</ele></trkpt><trkpt lat="46.5600904263556" lon="8.560730375349522"><ele>2105.699981689453</ele></trkpt><trkpt lat="46.560140426270664" lon="8.560710375197232"><ele>2105.3999938964844</ele></trkpt><trkpt lat="46.56016042595729" lon="8.560690375510603"><ele>2105.199981689453</ele></trkpt><trkpt lat="46.560210425872356" lon="8.56062037544325"><ele>2104.8999938964844</ele></trkpt><trkpt lat="46.5602204259485" lon="8.56058037513867"><ele>2104.8999938964844</ele></trkpt><trkpt lat="46.560230426024646" lon="8.560530375223607"><ele>2105.3999938964844</ele></trkpt><trkpt lat="46.560230426024646" lon="8.560480375308543"><ele>2105.8299865722656</ele></trkpt><trkpt lat="46.56023042649031" lon="8.56047037569806"><ele>2106.0</ele></trkpt><trkpt lat="46.56024042610079" lon="8.56045037554577"><ele>2106.1499938964844</ele></trkpt><trkpt lat="46.560250426176935" lon="8.560420375317335"><ele>2106.3599853515625</ele></trkpt><trkpt lat="46.560270426329225" lon="8.560360375326127"><ele>2106.2999877929688</ele></trkpt><trkpt lat="46.560290426481515" lon="8.560350375715643"><ele>2106.3399963378906</ele></trkpt><trkpt lat="46.560310426168144" lon="8.560330375563353"><ele>2106.3999938964844</ele></trkpt><trkpt lat="46.560330426320434" lon="8.560290375724435"><ele>2106.2999877929688</ele></trkpt><trkpt lat="46.56034042639658" lon="8.560260375496"><ele>2106.199981689453</ele></trkpt><trkpt lat="46.560330426320434" lon="8.560210375580937"><ele>2105.8499755859375</ele></trkpt><trkpt lat="46.560330426320434" lon="8.560160375200212"><ele>2105.5999755859375</ele></trkpt><trkpt lat="46.560300426092" lon="8.560040375217795"><ele>2104.8999938964844</ele></trkpt><trkpt lat="46.560290426015854" lon="8.56003037514165"><ele>2104.8099975585938</ele></trkpt><trkpt lat="46.56028042593971" lon="8.560010375455022"><ele>2104.699981689453</ele></trkpt><trkpt lat="46.56026042578742" lon="8.560000375378877"><ele>2104.6099853515625</ele></trkpt><trkpt lat="46.560250426176935" lon="8.559980375226587"><ele>2104.5</ele></trkpt><trkpt lat="46.560230426024646" lon="8.559950374998152"><ele>2104.199981689453</ele></trkpt><trkpt lat="46.560230426024646" lon="8.559940374922007"><ele>2104.1699829101562</ele></trkpt><trkpt lat="46.560230426024646" lon="8.559890375006944"><ele>2103.8999938964844</ele></trkpt><trkpt lat="46.56024042563513" lon="8.55986037524417"><ele>2103.5599975585938</ele></trkpt><trkpt lat="46.560250425711274" lon="8.559830375015736"><ele>2103.199981689453</ele></trkpt><trkpt lat="46.560270425863564" lon="8.5598003747873"><ele>2103.0</ele></trkpt><trkpt lat="46.56030042562634" lon="8.559790374711156"><ele>2102.8999938964844</ele></trkpt><trkpt lat="46.5604304256849" lon="8.559790374711156"><ele>2102.449981689453</ele></trkpt><trkpt lat="46.56044042529538" lon="8.559790374711156"><ele>2102.199981689453</ele></trkpt><trkpt lat="46.560510425362736" lon="8.559760374482721"><ele>2101.269989013672</ele></trkpt><trkpt lat="46.560530425515026" lon="8.559740374796093"><ele>2101.0999755859375</ele></trkpt><trkpt lat="46.56058042543009" lon="8.559730374719948"><ele>2100.8999938964844</ele></trkpt><trkpt lat="46.56061042519286" lon="8.559720374643803"><ele>2100.7999877929688</ele></trkpt><trkpt lat="46.56062042526901" lon="8.559710374567658"><ele>2100.7899780273438</ele></trkpt><trkpt lat="46.56062042526901" lon="8.559710374567658"><ele>2100.7999877929688</ele></trkpt><trkpt lat="46.5606404254213" lon="8.55967037472874"><ele>2100.699981689453</ele></trkpt><trkpt lat="46.56065042503178" lon="8.55965037457645"><ele>2100.72998046875</ele></trkpt><trkpt lat="46.56069042533636" lon="8.559540374670178"><ele>2100.6099853515625</ele></trkpt><trkpt lat="46.560700425412506" lon="8.559510374441743"><ele>2100.5999755859375</ele></trkpt><trkpt lat="46.56071042502299" lon="8.559500374365598"><ele>2100.5999755859375</ele></trkpt><trkpt lat="46.56071042502299" lon="8.55948037467897"><ele>2100.5699768066406</ele></trkpt><trkpt lat="46.560720425099134" lon="8.559470374602824"><ele>2100.5999755859375</ele></trkpt><trkpt lat="46.560740425251424" lon="8.559450374450535"><ele>2100.3299865722656</ele></trkpt><trkpt lat="46.5607704250142" lon="8.5594203742221"><ele>2099.5</ele></trkpt><trkpt lat="46.56082042492926" lon="8.55940037406981"><ele>2099.5</ele></trkpt><trkpt lat="46.560830425005406" lon="8.559380374383181"><ele>2099.5</ele></trkpt><trkpt lat="46.56084042508155" lon="8.559350374154747"><ele>2099.189971923828</ele></trkpt><trkpt lat="46.560850424692035" lon="8.559350374154747"><ele>2099.0</ele></trkpt><trkpt lat="46.560850424692035" lon="8.559350374154747"><ele>2098.7999877929688</ele></trkpt><trkpt lat="46.56086042476818" lon="8.559340374078602"><ele>2098.519989013672</ele></trkpt><trkpt lat="46.560870424844325" lon="8.559330374002457"><ele>2098.3899841308594</ele></trkpt><trkpt lat="46.56088042492047" lon="8.559330374002457"><ele>2098.2999877929688</ele></trkpt><trkpt lat="46.56089042453095" lon="8.559320373926312"><ele>2097.72998046875</ele></trkpt><trkpt lat="46.5609004246071" lon="8.559320373926312"><ele>2097.5</ele></trkpt><trkpt lat="46.5609004246071" lon="8.559320373926312"><ele>2097.469970703125</ele></trkpt><trkpt lat="46.56092042475939" lon="8.559330374002457"><ele>2097.0999755859375</ele></trkpt><trkpt lat="46.56093042436987" lon="8.559350373689085"><ele>2097.0</ele></trkpt><trkpt lat="46.56095042452216" lon="8.559370373841375"><ele>2096.959991455078</ele></trkpt><trkpt lat="46.560960424598306" lon="8.559370373841375"><ele>2096.9099731445312</ele></trkpt><trkpt lat="46.56099042436108" lon="8.559410373680294"><ele>2096.699981689453</ele></trkpt><trkpt lat="46.561000424437225" lon="8.559470373671502"><ele>2096.2999877929688</ele></trkpt><trkpt lat="46.56102042412385" lon="8.559480373747647"><ele>2096.0</ele></trkpt><trkpt lat="46.56108042411506" lon="8.559520373586565"><ele>2094.7999877929688</ele></trkpt><trkpt lat="46.561110423877835" lon="8.559550373349339"><ele>2094.3799743652344</ele></trkpt><trkpt lat="46.561150423716754" lon="8.559570373501629"><ele>2093.8999938964844</ele></trkpt><trkpt lat="46.561170423869044" lon="8.559570373501629"><ele>2093.6799926757812</ele></trkpt><trkpt lat="46.56121042370796" lon="8.559570373035967"><ele>2093.2999877929688</ele></trkpt><trkpt lat="46.56121042370796" lon="8.559570373035967"><ele>2093.2899780273438</ele></trkpt><trkpt lat="46.56121042370796" lon="8.559570373035967"><ele>2093.239990234375</ele></trkpt><trkpt lat="46.56125042354688" lon="8.559560372959822"><ele>2092.699981689453</ele></trkpt><trkpt lat="46.561260423623025" lon="8.559560372959822"><ele>2092.72998046875</ele></trkpt><trkpt lat="46.561260423623025" lon="8.559550372883677"><ele>2092.5399780273438</ele></trkpt><trkpt lat="46.56127042369917" lon="8.559540372807533"><ele>2092.0999755859375</ele></trkpt><trkpt lat="46.561280423309654" lon="8.559530373197049"><ele>2091.8399963378906</ele></trkpt><trkpt lat="46.5612904233858" lon="8.559520372655243"><ele>2091.2999877929688</ele></trkpt><trkpt lat="46.5612904233858" lon="8.559520372655243"><ele>2091.2999877929688</ele></trkpt><trkpt lat="46.5612904233858" lon="8.559480372816324"><ele>2090.209991455078</ele></trkpt><trkpt lat="46.56129042292014" lon="8.55947037274018"><ele>2089.8999938964844</ele></trkpt><trkpt lat="46.561280423309654" lon="8.559460372664034"><ele>2089.719970703125</ele></trkpt><trkpt lat="46.56127042323351" lon="8.55945037258789"><ele>2089.5999755859375</ele></trkpt><trkpt lat="46.56127042276785" lon="8.559420372359455"><ele>2089.0799865722656</ele></trkpt><trkpt lat="46.56127042276785" lon="8.559400372207165"><ele>2088.8299865722656</ele></trkpt><trkpt lat="46.56127042276785" lon="8.559370372444391"><ele>2088.5999755859375</ele></trkpt><trkpt lat="46.56129042292014" lon="8.559310372453183"><ele>2088.25</ele></trkpt><trkpt lat="46.56129042292014" lon="8.559300372377038"><ele>2088.199981689453</ele></trkpt><trkpt lat="46.561330422759056" lon="8.559330372139812"><ele>2087.8799743652344</ele></trkpt><trkpt lat="46.56138042267412" lon="8.55937037197873"><ele>2087.3999938964844</ele></trkpt><trkpt lat="46.56138042267412" lon="8.55937037197873"><ele>2087.3999938964844</ele></trkpt><trkpt lat="46.56145042227581" lon="8.559400372207165"><ele>2086.769989013672</ele></trkpt><trkpt lat="46.56164042232558" lon="8.559480371885002"><ele>2085.029998779297</ele></trkpt><trkpt lat="46.56166042201221" lon="8.559490371961147"><ele>2084.8999938964844</ele></trkpt><trkpt lat="46.56175042176619" lon="8.55952037172392"><ele>2084.0599975585938</ele></trkpt><trkpt lat="46.56191042158753" lon="8.559560371562839"><ele>2082.6299743652344</ele></trkpt><trkpt lat="46.56191042158753" lon="8.559560371562839"><ele>2082.5999755859375</ele></trkpt><trkpt lat="46.561950421426445" lon="8.559580371249467"><ele>2082.259979248047</ele></trkpt><trkpt lat="46.56196042150259" lon="8.559580371249467"><ele>2082.1299743652344</ele></trkpt><trkpt lat="46.5620204214938" lon="8.559600371401757"><ele>2081.5999755859375</ele></trkpt><trkpt lat="46.5621504210867" lon="8.559640370775014"><ele>2080.4299926757812</ele></trkpt><trkpt lat="46.562250420916826" lon="8.559670371003449"><ele>2079.529998779297</ele></trkpt><trkpt lat="46.56234042113647" lon="8.559690370690078"><ele>2078.689971923828</ele></trkpt><trkpt lat="46.56237042089924" lon="8.559700370766222"><ele>2078.3499755859375</ele></trkpt><trkpt lat="46.562400420662016" lon="8.559700370766222"><ele>2078.199981689453</ele></trkpt><trkpt lat="46.562440420966595" lon="8.559700370300561"><ele>2077.699981689453</ele></trkpt><trkpt lat="46.56250042049214" lon="8.559690370224416"><ele>2077.0</ele></trkpt><trkpt lat="46.56256042048335" lon="8.559670370072126"><ele>2076.3999938964844</ele></trkpt><trkpt lat="46.56258042063564" lon="8.559660370461643"><ele>2076.1699829101562</ele></trkpt><trkpt lat="46.562610420398414" lon="8.559630370233208"><ele>2075.699981689453</ele></trkpt><trkpt lat="46.56265042023733" lon="8.559590369928628"><ele>2075.219970703125</ele></trkpt><trkpt lat="46.56267042038962" lon="8.559580369852483"><ele>2075.0</ele></trkpt><trkpt lat="46.56271042022854" lon="8.55951036978513"><ele>2074.3999938964844</ele></trkpt><trkpt lat="46.56275042006746" lon="8.559450369793922"><ele>2073.699981689453</ele></trkpt><trkpt lat="46.56277041975409" lon="8.559400369878858"><ele>2073.199981689453</ele></trkpt><trkpt lat="46.56279041990638" lon="8.559330369811505"><ele>2072.699981689453</ele></trkpt><trkpt lat="46.56279041990638" lon="8.55932036973536"><ele>2072.6299743652344</ele></trkpt><trkpt lat="46.56280041951686" lon="8.559250369668007"><ele>2072.209991455078</ele></trkpt><trkpt lat="46.56280041951686" lon="8.559220369439572"><ele>2071.949981689453</ele></trkpt><trkpt lat="46.562810419593006" lon="8.559210369363427"><ele>2071.8599853515625</ele></trkpt><trkpt lat="46.562810419593006" lon="8.559190369676799"><ele>2071.75</ele></trkpt><trkpt lat="46.562810419593006" lon="8.559160369448364"><ele>2071.5</ele></trkpt><trkpt lat="46.562810419593006" lon="8.559130369219929"><ele>2071.219970703125</ele></trkpt><trkpt lat="46.562810419593006" lon="8.559100369457155"><ele>2071.0</ele></trkpt><trkpt lat="46.56280041951686" lon="8.559060369152576"><ele>2070.72998046875</ele></trkpt><trkpt lat="46.56279041944072" lon="8.559000369161367"><ele>2070.209991455078</ele></trkpt><trkpt lat="46.56279041944072" lon="8.558980369009078"><ele>2070.0799865722656</ele></trkpt><trkpt lat="46.562790418975055" lon="8.558970368932933"><ele>2069.8999938964844</ele></trkpt><trkpt lat="46.562790418975055" lon="8.558960369322449"><ele>2069.8599853515625</ele></trkpt><trkpt lat="46.56278041936457" lon="8.558940369170159"><ele>2069.709991455078</ele></trkpt><trkpt lat="46.56275041913614" lon="8.558810369111598"><ele>2068.5999755859375</ele></trkpt><trkpt lat="46.5626304182224" lon="8.558450368233025"><ele>2066.0599975585938</ele></trkpt><trkpt lat="46.5626304182224" lon="8.558450368233025"><ele>2066.0399780273438</ele></trkpt><trkpt lat="46.56234041694552" lon="8.557580367196351"><ele>2059.5999755859375</ele></trkpt><trkpt lat="46.562130416277796" lon="8.556980366352946"><ele>2054.8499755859375</ele></trkpt><trkpt lat="46.562130416277796" lon="8.55695036612451"><ele>2054.5999755859375</ele></trkpt><trkpt lat="46.56212041620165" lon="8.556910366285592"><ele>2054.3499755859375</ele></trkpt><trkpt lat="46.56212041620165" lon="8.556900366209447"><ele>2054.269989013672</ele></trkpt><trkpt lat="46.562110416125506" lon="8.556830366142094"><ele>2053.779998779297</ele></trkpt><trkpt lat="46.56210041604936" lon="8.55676036607474"><ele>2053.2999877929688</ele></trkpt><trkpt lat="46.56210041604936" lon="8.556730365846306"><ele>2053.0799865722656</ele></trkpt><trkpt lat="46.5621004155837" lon="8.556700366083533"><ele>2052.8999938964844</ele></trkpt><trkpt lat="46.562110415659845" lon="8.55665036616847"><ele>2052.529998779297</ele></trkpt><trkpt lat="46.562110415659845" lon="8.55663036601618"><ele>2052.3999938964844</ele></trkpt><trkpt lat="46.562130415812135" lon="8.556570366024971"><ele>2051.8999938964844</ele></trkpt><trkpt lat="46.56218041526154" lon="8.556470365729183"><ele>2051.029998779297</ele></trkpt><trkpt lat="46.56218041526154" lon="8.556460365653038"><ele>2051.0</ele></trkpt><trkpt lat="46.56219041533768" lon="8.556450365576893"><ele>2050.8999938964844</ele></trkpt><trkpt lat="46.5622304151766" lon="8.556410365737975"><ele>2050.5</ele></trkpt><trkpt lat="46.562240415252745" lon="8.55640036566183"><ele>2050.3099975585938</ele></trkpt><trkpt lat="46.562260415405035" lon="8.556390365585685"><ele>2050.0599975585938</ele></trkpt><trkpt lat="46.56227041548118" lon="8.556390365585685"><ele>2050.0399780273438</ele></trkpt><trkpt lat="46.562280415091664" lon="8.556390365585685"><ele>2049.9199829101562</ele></trkpt><trkpt lat="46.562280415091664" lon="8.556390365585685"><ele>2049.8999938964844</ele></trkpt><trkpt lat="46.56229041516781" lon="8.55638036550954"><ele>2049.8199768066406</ele></trkpt><trkpt lat="46.56234041508287" lon="8.556250365450978"><ele>2049.5</ele></trkpt><trkpt lat="46.562410414684564" lon="8.555990364868194"><ele>2047.3999938964844</ele></trkpt><trkpt lat="46.56244041444734" lon="8.555800364818424"><ele>2046.6999816894531</ele></trkpt><trkpt lat="46.56244041444734" lon="8.55575036490336"><ele>2046.6599731445312</ele></trkpt><trkpt lat="46.56243041437119" lon="8.555700364988297"><ele>2046.5999755859375</ele></trkpt><trkpt lat="46.56243041437119" lon="8.5555403647013"><ele>2046.1999816894531</ele></trkpt><trkpt lat="46.56243041437119" lon="8.555450364947319"><ele>2045.8999938964844</ele></trkpt><trkpt lat="46.56248041475192" lon="8.55543036479503"><ele>2046.3999938964844</ele></trkpt><trkpt lat="46.562500414438546" lon="8.55539036495611"><ele>2046.7999877929688</ele></trkpt><trkpt lat="46.56251041451469" lon="8.55537036480382"><ele>2047.1799926757812</ele></trkpt><trkpt lat="46.56251041498035" lon="8.555350365117192"><ele>2047.6999816894531</ele></trkpt><trkpt lat="46.56251041498035" lon="8.555330364964902"><ele>2047.7999877929688</ele></trkpt><trkpt lat="46.56250041490421" lon="8.555310365278274"><ele>2048.0999755859375</ele></trkpt><trkpt lat="46.56250041490421" lon="8.555310365278274"><ele>2048.0699768066406</ele></trkpt><trkpt lat="46.5625204150565" lon="8.555270365439355"><ele>2048.7999877929688</ele></trkpt><trkpt lat="46.5625204150565" lon="8.555250365287066"><ele>2049.2999877929688</ele></trkpt><trkpt lat="46.56253041513264" lon="8.555230365600437"><ele>2050.1199951171875</ele></trkpt><trkpt lat="46.56254041567445" lon="8.555210365913808"><ele>2051.2899780273438</ele></trkpt><trkpt lat="46.56255041575059" lon="8.555210365913808"><ele>2051.3999938964844</ele></trkpt><trkpt lat="46.56255041575059" lon="8.555190365761518"><ele>2051.719970703125</ele></trkpt><trkpt lat="46.56255041575059" lon="8.55513036577031"><ele>2052.709991455078</ele></trkpt><trkpt lat="46.56255041575059" lon="8.55513036577031"><ele>2052.8199768066406</ele></trkpt><trkpt lat="46.56254041567445" lon="8.555100366007537"><ele>2053.0799865722656</ele></trkpt><trkpt lat="46.56252041598782" lon="8.5550203663297"><ele>2053.7999877929688</ele></trkpt><trkpt lat="46.56252041598782" lon="8.554990366101265"><ele>2054.1099853515625</ele></trkpt><trkpt lat="46.56252041598782" lon="8.55498036602512"><ele>2054.0999755859375</ele></trkpt><trkpt lat="46.562530416063964" lon="8.55498036602512"><ele>2054.239990234375</ele></trkpt><trkpt lat="46.56254041614011" lon="8.55498036602512"><ele>2054.5599975585938</ele></trkpt><trkpt lat="46.5625604162924" lon="8.554990366566926"><ele>2055.1199951171875</ele></trkpt><trkpt lat="46.562570416368544" lon="8.554970366414636"><ele>2055.2999877929688</ele></trkpt><trkpt lat="46.56262041628361" lon="8.554930366575718"><ele>2055.219970703125</ele></trkpt><trkpt lat="46.562660416122526" lon="8.554900366347283"><ele>2055.0399780273438</ele></trkpt><trkpt lat="46.56269041635096" lon="8.554880366194993"><ele>2054.699981689453</ele></trkpt><trkpt lat="46.562700416427106" lon="8.554860366042703"><ele>2054.699981689453</ele></trkpt><trkpt lat="46.562720416113734" lon="8.554820366203785"><ele>2054.3499755859375</ele></trkpt><trkpt lat="46.562720416113734" lon="8.554820366203785"><ele>2054.3999938964844</ele></trkpt><trkpt lat="46.56271041603759" lon="8.554740366060287"><ele>2054.5</ele></trkpt><trkpt lat="46.562680416274816" lon="8.554570366162807"><ele>2054.689971923828</ele></trkpt><trkpt lat="46.562660416122526" lon="8.55445036618039"><ele>2054.9099731445312</ele></trkpt><trkpt lat="46.56265041651204" lon="8.554350366350263"><ele>2055.239990234375</ele></trkpt><trkpt lat="46.5626404164359" lon="8.554160366300493"><ele>2055.699981689453</ele></trkpt><trkpt lat="46.56265041651204" lon="8.554090366698802"><ele>2056.709991455078</ele></trkpt><trkpt lat="46.56265041651204" lon="8.554060366470367"><ele>2057.0999755859375</ele></trkpt><trkpt lat="46.56265041651204" lon="8.554020366631448"><ele>2057.1199951171875</ele></trkpt><trkpt lat="46.56264041690156" lon="8.55394036648795"><ele>2057.2999877929688</ele></trkpt><trkpt lat="46.56264041690156" lon="8.553930366877466"><ele>2057.22998046875</ele></trkpt><trkpt lat="46.56264041690156" lon="8.553900366649032"><ele>2057.199981689453</ele></trkpt><trkpt lat="46.562630416825414" lon="8.553860366810113"><ele>2057.469970703125</ele></trkpt><trkpt lat="46.56260041706264" lon="8.553800366818905"><ele>2057.8799743652344</ele></trkpt><trkpt lat="46.56260041706264" lon="8.55379036674276"><ele>2058.0999755859375</ele></trkpt><trkpt lat="46.56256041675806" lon="8.553750366903841"><ele>2058.5999755859375</ele></trkpt><trkpt lat="46.56255041714758" lon="8.553720366675407"><ele>2058.5999755859375</ele></trkpt><trkpt lat="46.56253041699529" lon="8.553630366921425"><ele>2059.2999877929688</ele></trkpt><trkpt lat="46.56250041723251" lon="8.553530367091298"><ele>2060.3199768066406</ele></trkpt><trkpt lat="46.56249041715637" lon="8.553500367328525"><ele>2060.3999938964844</ele></trkpt><trkpt lat="46.56247041746974" lon="8.553440367337316"><ele>2060.5</ele></trkpt><trkpt lat="46.56247041746974" lon="8.553370367269963"><ele>2060.699981689453</ele></trkpt><trkpt lat="46.56247041746974" lon="8.553260367363691"><ele>2060.8999938964844</ele></trkpt><trkpt lat="46.562460417393595" lon="8.553240367211401"><ele>2061.199981689453</ele></trkpt><trkpt lat="46.56243041763082" lon="8.55317036760971"><ele>2062.3999938964844</ele></trkpt><trkpt lat="46.56242041755468" lon="8.553160367533565"><ele>2062.6399841308594</ele></trkpt><trkpt lat="46.56241041794419" lon="8.553160367533565"><ele>2062.7999877929688</ele></trkpt><trkpt lat="46.56241041794419" lon="8.553130367770791"><ele>2063.0999755859375</ele></trkpt><trkpt lat="46.56241041794419" lon="8.553080367855728"><ele>2064.3399963378906</ele></trkpt><trkpt lat="46.562410418409854" lon="8.55304036801681"><ele>2065.5</ele></trkpt><trkpt lat="46.562370418570936" lon="8.552950368262827"><ele>2067.2999877929688</ele></trkpt><trkpt lat="46.562370418570936" lon="8.552920368500054"><ele>2067.779998779297</ele></trkpt><trkpt lat="46.56236041896045" lon="8.552880368661135"><ele>2068.5</ele></trkpt><trkpt lat="46.56235041888431" lon="8.552840368822217"><ele>2069.199981689453</ele></trkpt><trkpt lat="46.56234041927382" lon="8.552830368746072"><ele>2069.3599853515625</ele></trkpt><trkpt lat="46.56234041927382" lon="8.552830368746072"><ele>2069.5</ele></trkpt><trkpt lat="46.56234041927382" lon="8.552820368669927"><ele>2069.459991455078</ele></trkpt><trkpt lat="46.56234041927382" lon="8.552790368907154"><ele>2069.8999938964844</ele></trkpt><trkpt lat="46.56233041919768" lon="8.552750369068235"><ele>2070.2899780273438</ele></trkpt><trkpt lat="46.56233041919768" lon="8.552710368763655"><ele>2070.5999755859375</ele></trkpt><trkpt lat="46.56235041934997" lon="8.552660368848592"><ele>2071.259979248047</ele></trkpt><trkpt lat="46.56237041950226" lon="8.552630369085819"><ele>2071.5999755859375</ele></trkpt><trkpt lat="46.56237041950226" lon="8.5525903692469"><ele>2072.0</ele></trkpt><trkpt lat="46.5623804195784" lon="8.552560369018465"><ele>2072.2999877929688</ele></trkpt><trkpt lat="46.56239041965455" lon="8.552510369103402"><ele>2072.4199829101562</ele></trkpt><trkpt lat="46.56239041965455" lon="8.552490369416773"><ele>2072.5</ele></trkpt><trkpt lat="46.56240041973069" lon="8.552410369273275"><ele>2073.199981689453</ele></trkpt><trkpt lat="46.562400420196354" lon="8.552360369358212"><ele>2073.8999938964844</ele></trkpt><trkpt lat="46.562360419891775" lon="8.552280369680375"><ele>2074.3999938964844</ele></trkpt><trkpt lat="46.56235042028129" lon="8.552240369841456"><ele>2074.8199768066406</ele></trkpt><trkpt lat="46.562330420129" lon="8.552160369697958"><ele>2075.5</ele></trkpt><trkpt lat="46.56232042051852" lon="8.552050369791687"><ele>2077.0</ele></trkpt><trkpt lat="46.56230042083189" lon="8.551930370274931"><ele>2078.0</ele></trkpt><trkpt lat="46.5622804206796" lon="8.551870370283723"><ele>2077.699981689453</ele></trkpt><trkpt lat="46.562270420603454" lon="8.551840370055288"><ele>2077.3999938964844</ele></trkpt><trkpt lat="46.562330421060324" lon="8.551790370140225"><ele>2078.4199829101562</ele></trkpt><trkpt lat="46.56237042089924" lon="8.551760370377451"><ele>2078.3999938964844</ele></trkpt><trkpt lat="46.56252042064443" lon="8.551660370081663"><ele>2078.0699768066406</ele></trkpt><trkpt lat="46.56266042077914" lon="8.551540370099247"><ele>2078.0599975585938</ele></trkpt><trkpt lat="46.562820421066135" lon="8.551410370040685"><ele>2078.1299743652344</ele></trkpt><trkpt lat="46.562970420811325" lon="8.551280369982123"><ele>2078.199981689453</ele></trkpt><trkpt lat="46.562990420963615" lon="8.55127037037164"><ele>2078.1799926757812</ele></trkpt><trkpt lat="46.563010420650244" lon="8.551260370295495"><ele>2078.0999755859375</ele></trkpt><trkpt lat="46.56304042087868" lon="8.551260370295495"><ele>2077.8999938964844</ele></trkpt><trkpt lat="46.56304042087868" lon="8.551270369905978"><ele>2077.9199829101562</ele></trkpt><trkpt lat="46.5630804207176" lon="8.551280369982123"><ele>2077.8999938964844</ele></trkpt><trkpt lat="46.5632204208523" lon="8.551290370058268"><ele>2077.7999877929688</ele></trkpt><trkpt lat="46.56323042092845" lon="8.551290370058268"><ele>2077.9299926757812</ele></trkpt><trkpt lat="46.56325042108074" lon="8.551280369982123"><ele>2078.0</ele></trkpt><trkpt lat="46.56328042084351" lon="8.551280369982123"><ele>2078.2999877929688</ele></trkpt><trkpt lat="46.56331042107195" lon="8.55127037037164"><ele>2078.5999755859375</ele></trkpt><trkpt lat="46.56334042083472" lon="8.551260370295495"><ele>2078.8999938964844</ele></trkpt><trkpt lat="46.56340042129159" lon="8.551190370693803"><ele>2079.9199829101562</ele></trkpt><trkpt lat="46.56342042144388" lon="8.551170370541513"><ele>2080.2999877929688</ele></trkpt><trkpt lat="46.56347042135894" lon="8.55114037077874"><ele>2080.7999877929688</ele></trkpt><trkpt lat="46.56351042166352" lon="8.551130370702595"><ele>2081.0999755859375</ele></trkpt><trkpt lat="46.56352042173967" lon="8.55114037077874"><ele>2081.269989013672</ele></trkpt><trkpt lat="46.56353042135015" lon="8.55114037077874"><ele>2081.3999938964844</ele></trkpt><trkpt lat="46.56357042165473" lon="8.551150370854884"><ele>2081.469970703125</ele></trkpt><trkpt lat="46.563580421730876" lon="8.55116037093103"><ele>2081.5</ele></trkpt><trkpt lat="46.56365042179823" lon="8.551230370998383"><ele>2081.8999938964844</ele></trkpt><trkpt lat="46.56370042171329" lon="8.55129037098959"><ele>2082.5999755859375</ele></trkpt><trkpt lat="46.56371042178944" lon="8.551300371065736"><ele>2082.739990234375</ele></trkpt><trkpt lat="46.563850422389805" lon="8.551570371724665"><ele>2086.2999877929688</ele></trkpt><trkpt lat="46.563890422694385" lon="8.551610371563584"><ele>2086.7999877929688</ele></trkpt><trkpt lat="46.563910422846675" lon="8.551630371715873"><ele>2087.3999938964844</ele></trkpt><trkpt lat="46.56396042276174" lon="8.551650371868163"><ele>2087.939971923828</ele></trkpt><trkpt lat="46.56397042283788" lon="8.551650371868163"><ele>2088.1099853515625</ele></trkpt><trkpt lat="46.56405042298138" lon="8.551690372172743"><ele>2089.5999755859375</ele></trkpt><trkpt lat="46.56409042328596" lon="8.551700372248888"><ele>2090.0</ele></trkpt><trkpt lat="46.56413042312488" lon="8.551700372248888"><ele>2090.2999877929688</ele></trkpt><trkpt lat="46.56415042327717" lon="8.551690372172743"><ele>2090.5</ele></trkpt><trkpt lat="46.56415042327717" lon="8.551690372172743"><ele>2090.5699768066406</ele></trkpt><trkpt lat="46.56417042342946" lon="8.551620372571051"><ele>2090.959991455078</ele></trkpt><trkpt lat="46.56417042342946" lon="8.551620372571051"><ele>2090.97998046875</ele></trkpt><trkpt lat="46.564180423505604" lon="8.551610372494906"><ele>2091.0</ele></trkpt><trkpt lat="46.564180423505604" lon="8.551540372427553"><ele>2091.699981689453</ele></trkpt><trkpt lat="46.56417042389512" lon="8.551330372691154"><ele>2093.7999877929688</ele></trkpt><trkpt lat="46.56415042420849" lon="8.551120373420417"><ele>2095.5999755859375</ele></trkpt><trkpt lat="46.56414042459801" lon="8.551050373353064"><ele>2096.0799865722656</ele></trkpt><trkpt lat="46.56413042452186" lon="8.551010373514146"><ele>2096.3999938964844</ele></trkpt><trkpt lat="46.56413042452186" lon="8.551000373438"><ele>2096.459991455078</ele></trkpt><trkpt lat="46.56413042452186" lon="8.550940373446792"><ele>2096.8799743652344</ele></trkpt><trkpt lat="46.56413042452186" lon="8.550920373294502"><ele>2097.0</ele></trkpt><trkpt lat="46.56413042452186" lon="8.550910373684019"><ele>2097.0899963378906</ele></trkpt><trkpt lat="46.56415042467415" lon="8.550890373531729"><ele>2097.259979248047</ele></trkpt><trkpt lat="46.5641604247503" lon="8.55087037337944"><ele>2097.5</ele></trkpt><trkpt lat="46.56417042482644" lon="8.55087037337944"><ele>2097.519989013672</ele></trkpt><trkpt lat="46.56421042466536" lon="8.550890373531729"><ele>2097.97998046875</ele></trkpt><trkpt lat="46.56422042474151" lon="8.550900373607874"><ele>2098.0999755859375</ele></trkpt><trkpt lat="46.564240424893796" lon="8.550920373760164"><ele>2098.2999877929688</ele></trkpt><trkpt lat="46.56427042512223" lon="8.551010373979807"><ele>2099.22998046875</ele></trkpt><trkpt lat="46.564460426103324" lon="8.551420374773443"><ele>2103.7999877929688</ele></trkpt><trkpt lat="46.56455042632297" lon="8.551610375288874"><ele>2106.2999877929688</ele></trkpt><trkpt lat="46.56460042670369" lon="8.551700375508517"><ele>2107.3799743652344</ele></trkpt><trkpt lat="46.564610426779836" lon="8.551700375508517"><ele>2107.5</ele></trkpt><trkpt lat="46.564610426779836" lon="8.551700375508517"><ele>2107.469970703125</ele></trkpt><trkpt lat="46.564610426779836" lon="8.551710375119"><ele>2107.5899963378906</ele></trkpt><trkpt lat="46.56476042745635" lon="8.551970375701785"><ele>2110.5</ele></trkpt><trkpt lat="46.56478042760864" lon="8.55200037593022"><ele>2111.0399780273438</ele></trkpt><trkpt lat="46.56488042790443" lon="8.552140376064926"><ele>2112.8999938964844</ele></trkpt><trkpt lat="46.564960428047925" lon="8.55225037643686"><ele>2114.4199829101562</ele></trkpt><trkpt lat="46.565000428352505" lon="8.552310376893729"><ele>2115.199981689453</ele></trkpt><trkpt lat="46.565020428504795" lon="8.552330376580358"><ele>2115.519989013672</ele></trkpt><trkpt lat="46.565080428496" lon="8.552390377037227"><ele>2116.279998779297</ele></trkpt><trkpt lat="46.565080428496" lon="8.552390377037227"><ele>2116.279998779297</ele></trkpt><trkpt lat="46.56510042864829" lon="8.552400377113372"><ele>2116.5</ele></trkpt><trkpt lat="46.56513042841107" lon="8.5524203768"><ele>2116.8399963378906</ele></trkpt><trkpt lat="46.56514042848721" lon="8.552430376876146"><ele>2117.0</ele></trkpt><trkpt lat="46.565150428563356" lon="8.5524203768"><ele>2117.029998779297</ele></trkpt><trkpt lat="46.5651604286395" lon="8.5524203768"><ele>2117.0999755859375</ele></trkpt><trkpt lat="46.56518042879179" lon="8.552390377037227"><ele>2117.199981689453</ele></trkpt><trkpt lat="46.56518042879179" lon="8.552370376884937"><ele>2117.259979248047</ele></trkpt><trkpt lat="46.56518042879179" lon="8.552350377198309"><ele>2117.2999877929688</ele></trkpt><trkpt lat="46.565170428715646" lon="8.552340377122164"><ele>2117.4099731445312</ele></trkpt><trkpt lat="46.5651604286395" lon="8.552310376893729"><ele>2117.699981689453</ele></trkpt><trkpt lat="46.56512042880058" lon="8.552230377215892"><ele>2118.3099975585938</ele></trkpt><trkpt lat="46.565080428961664" lon="8.552160377148539"><ele>2118.7899780273438</ele></trkpt><trkpt lat="46.56505042919889" lon="8.552110377233475"><ele>2119.0</ele></trkpt><trkpt lat="46.56502042943612" lon="8.552010377403349"><ele>2119.75</ele></trkpt><trkpt lat="46.564950429368764" lon="8.551810377743095"><ele>2121.199981689453</ele></trkpt><trkpt lat="46.56481043016538" lon="8.551550378091633"><ele>2123.529998779297</ele></trkpt><trkpt lat="46.56479043001309" lon="8.55150037817657"><ele>2124.0999755859375</ele></trkpt><trkpt lat="46.56477043032646" lon="8.551360378507525"><ele>2125.1399841308594</ele></trkpt><trkpt lat="46.56476043025032" lon="8.551290378440171"><ele>2125.6599731445312</ele></trkpt><trkpt lat="46.56475043063983" lon="8.551220378372818"><ele>2126.2999877929688</ele></trkpt><trkpt lat="46.56474043056369" lon="8.551120378542691"><ele>2127.0</ele></trkpt><trkpt lat="46.56474043056369" lon="8.551100378856063"><ele>2127.22998046875</ele></trkpt><trkpt lat="46.56474043056369" lon="8.551080378703773"><ele>2127.3999938964844</ele></trkpt><trkpt lat="46.564730430953205" lon="8.551050378941"><ele>2127.5499877929688</ele></trkpt><trkpt lat="46.56472043087706" lon="8.55103037878871"><ele>2127.7999877929688</ele></trkpt><trkpt lat="46.564710430800915" lon="8.550980378873646"><ele>2128.219970703125</ele></trkpt><trkpt lat="46.564690431114286" lon="8.550920378882438"><ele>2128.7999877929688</ele></trkpt><trkpt lat="46.564690431114286" lon="8.550920378882438"><ele>2128.8199768066406</ele></trkpt><trkpt lat="46.564690431114286" lon="8.55090037919581"><ele>2128.9299926757812</ele></trkpt><trkpt lat="46.56470043119043" lon="8.550890379119664"><ele>2129.0</ele></trkpt><trkpt lat="46.56470043119043" lon="8.55088037904352"><ele>2129.0999755859375</ele></trkpt><trkpt lat="46.564710431266576" lon="8.550870378967375"><ele>2129.2999877929688</ele></trkpt><trkpt lat="46.56472043087706" lon="8.55086037889123"><ele>2129.2999877929688</ele></trkpt><trkpt lat="46.564730430953205" lon="8.55086037889123"><ele>2129.3899841308594</ele></trkpt><trkpt lat="46.564730430953205" lon="8.550870378967375"><ele>2129.3999938964844</ele></trkpt><trkpt lat="46.564750431105494" lon="8.55088037904352"><ele>2129.6299743652344</ele></trkpt><trkpt lat="46.564750431105494" lon="8.55088037904352"><ele>2129.6399841308594</ele></trkpt><trkpt lat="46.56476043118164" lon="8.5509203793481"><ele>2129.8799743652344</ele></trkpt><trkpt lat="46.564790431410074" lon="8.55105037940666"><ele>2131.029998779297</ele></trkpt><trkpt lat="46.564790431410074" lon="8.55107037955895"><ele>2131.199981689453</ele></trkpt><trkpt lat="46.56480043148622" lon="8.551080379635096"><ele>2131.439971923828</ele></trkpt><trkpt lat="46.5648404317908" lon="8.551130379550159"><ele>2132.2999877929688</ele></trkpt><trkpt lat="46.56489043170586" lon="8.551190379541367"><ele>2133.1399841308594</ele></trkpt><trkpt lat="46.56491043185815" lon="8.551210379693657"><ele>2133.2999877929688</ele></trkpt><trkpt lat="46.56503043230623" lon="8.55132038006559"><ele>2134.7999877929688</ele></trkpt><trkpt lat="46.565210432745516" lon="8.551480380352587"><ele>2137.5</ele></trkpt><trkpt lat="46.56526043266058" lon="8.551520380657166"><ele>2138.0</ele></trkpt><trkpt lat="46.56528043281287" lon="8.551520380657166"><ele>2138.1799926757812</ele></trkpt><trkpt lat="46.56530043296516" lon="8.551530380733311"><ele>2138.3999938964844</ele></trkpt><trkpt lat="46.56536043295637" lon="8.55157038057223"><ele>2138.8999938964844</ele></trkpt><trkpt lat="46.56536043295637" lon="8.55157038057223"><ele>2139.0</ele></trkpt><trkpt lat="46.5653904331848" lon="8.551570381037891"><ele>2139.199981689453</ele></trkpt><trkpt lat="46.56540043326095" lon="8.551570381037891"><ele>2139.2999877929688</ele></trkpt><trkpt lat="46.5654704333283" lon="8.551550380885601"><ele>2139.8999938964844</ele></trkpt><trkpt lat="46.565540433395654" lon="8.551520381122828"><ele>2140.5</ele></trkpt><trkpt lat="46.565560433547944" lon="8.551510381046683"><ele>2140.6399841308594</ele></trkpt><trkpt lat="46.56559043331072" lon="8.551500380970538"><ele>2140.8999938964844</ele></trkpt><trkpt lat="46.56561043346301" lon="8.551470381207764"><ele>2141.0799865722656</ele></trkpt><trkpt lat="46.5656304336153" lon="8.551410381216556"><ele>2141.739990234375</ele></trkpt><trkpt lat="46.5656304336153" lon="8.551410381216556"><ele>2141.769989013672</ele></trkpt><trkpt lat="46.56564043369144" lon="8.551360381301492"><ele>2142.3999938964844</ele></trkpt><trkpt lat="46.56564043369144" lon="8.551360381301492"><ele>2142.2999877929688</ele></trkpt><trkpt lat="46.56569043453783" lon="8.551110381726176"><ele>2145.469970703125</ele></trkpt><trkpt lat="46.56570043461397" lon="8.551060381811112"><ele>2146.029998779297</ele></trkpt><trkpt lat="46.56571043469012" lon="8.551020381972194"><ele>2146.5999755859375</ele></trkpt><trkpt lat="46.56573043484241" lon="8.550950382370502"><ele>2147.459991455078</ele></trkpt><trkpt lat="46.56576043507084" lon="8.550890382379293"><ele>2148.2999877929688</ele></trkpt><trkpt lat="46.56580043537542" lon="8.550740382634103"><ele>2150.1499938964844</ele></trkpt><trkpt lat="46.56582043552771" lon="8.550640382803977"><ele>2151.2999877929688</ele></trkpt><trkpt lat="46.56583043560386" lon="8.550610383041203"><ele>2151.769989013672</ele></trkpt><trkpt lat="46.56585043575615" lon="8.550550383049995"><ele>2152.3999938964844</ele></trkpt><trkpt lat="46.56587043590844" lon="8.550470383372158"><ele>2153.5</ele></trkpt><trkpt lat="46.56589043606073" lon="8.55041038338095"><ele>2154.199981689453</ele></trkpt><trkpt lat="46.56590043613687" lon="8.550380383618176"><ele>2154.5999755859375</ele></trkpt><trkpt lat="46.56591043621302" lon="8.550360383465886"><ele>2154.7999877929688</ele></trkpt><trkpt lat="46.56591043667868" lon="8.550100383814424"><ele>2157.7999877929688</ele></trkpt><trkpt lat="46.565900437068194" lon="8.550060383975506"><ele>2158.25</ele></trkpt><trkpt lat="46.56589043699205" lon="8.550000383984298"><ele>2158.6699829101562</ele></trkpt><trkpt lat="46.56589043699205" lon="8.549990384373814"><ele>2158.689971923828</ele></trkpt><trkpt lat="46.565900437068194" lon="8.549980384297669"><ele>2158.47998046875</ele></trkpt><trkpt lat="46.565900437068194" lon="8.549960384145379"><ele>2158.189971923828</ele></trkpt><trkpt lat="46.565880436915904" lon="8.549860383849591"><ele>2157.1599731445312</ele></trkpt><trkpt lat="46.5658704363741" lon="8.549750383477658"><ele>2155.969970703125</ele></trkpt><trkpt lat="46.56586043629795" lon="8.549740383401513"><ele>2155.72998046875</ele></trkpt><trkpt lat="46.56586043629795" lon="8.54973038379103"><ele>2155.5999755859375</ele></trkpt><trkpt lat="46.56585043622181" lon="8.549720383714885"><ele>2155.3299865722656</ele></trkpt><trkpt lat="46.56584043568" lon="8.549620382953435"><ele>2152.3299865722656</ele></trkpt><trkpt lat="46.56584043568" lon="8.549580383114517"><ele>2151.5999755859375</ele></trkpt><trkpt lat="46.56584043568" lon="8.549560382962227"><ele>2151.1499938964844</ele></trkpt><trkpt lat="46.56586043490097" lon="8.549470382276922"><ele>2147.469970703125</ele></trkpt><trkpt lat="46.56589043419808" lon="8.549380381591618"><ele>2144.6299743652344</ele></trkpt><trkpt lat="46.565920433495194" lon="8.549270381219685"><ele>2141.3699951171875</ele></trkpt><trkpt lat="46.56592043302953" lon="8.549230380915105"><ele>2139.7899780273438</ele></trkpt><trkpt lat="46.56592043256387" lon="8.549150380305946"><ele>2136.7899780273438</ele></trkpt><trkpt lat="46.56592043256387" lon="8.549120380077511"><ele>2136.6299743652344</ele></trkpt><trkpt lat="46.56592043256387" lon="8.549090380314738"><ele>2136.5999755859375</ele></trkpt><trkpt lat="46.56592043256387" lon="8.549050380475819"><ele>2136.6799926757812</ele></trkpt><trkpt lat="46.565930432640016" lon="8.549020380247384"><ele>2136.459991455078</ele></trkpt><trkpt lat="46.565930432640016" lon="8.549000380095094"><ele>2136.2999877929688</ele></trkpt><trkpt lat="46.56596043193713" lon="8.548880379647017"><ele>2133.959991455078</ele></trkpt><trkpt lat="46.56596043193713" lon="8.548860379960388"><ele>2133.779998779297</ele></trkpt><trkpt lat="46.56595043186098" lon="8.548830379731953"><ele>2133.9099731445312</ele></trkpt><trkpt lat="46.56596043193713" lon="8.548790379893035"><ele>2134.269989013672</ele></trkpt><trkpt lat="46.565970432478935" lon="8.548750380054116"><ele>2134.8099975585938</ele></trkpt><trkpt lat="46.56599043216556" lon="8.548700380139053"><ele>2134.769989013672</ele></trkpt><trkpt lat="46.56600043224171" lon="8.548620379995555"><ele>2134.9199829101562</ele></trkpt><trkpt lat="46.56601043231785" lon="8.548600379843265"><ele>2134.989990234375</ele></trkpt><trkpt lat="46.566020432394" lon="8.548560380004346"><ele>2135.019989013672</ele></trkpt><trkpt lat="46.56604043254629" lon="8.548520380165428"><ele>2135.269989013672</ele></trkpt><trkpt lat="46.56607043230906" lon="8.548470379784703"><ele>2135.189971923828</ele></trkpt><trkpt lat="46.56613043230027" lon="8.54842037986964"><ele>2135.8999938964844</ele></trkpt><trkpt lat="46.566160432528704" lon="8.548380380030721"><ele>2136.5899963378906</ele></trkpt><trkpt lat="46.56619043275714" lon="8.548370379954576"><ele>2136.4199829101562</ele></trkpt><trkpt lat="46.56622043251991" lon="8.548350380267948"><ele>2136.969970703125</ele></trkpt><trkpt lat="46.56627043290064" lon="8.548350380267948"><ele>2137.0699768066406</ele></trkpt><trkpt lat="46.566350432578474" lon="8.548350380267948"><ele>2137.1399841308594</ele></trkpt><trkpt lat="46.5664004329592" lon="8.548350380267948"><ele>2137.1199951171875</ele></trkpt><trkpt lat="46.56644043279812" lon="8.548340380191803"><ele>2137.1399841308594</ele></trkpt><trkpt lat="46.566500432789326" lon="8.548320380505174"><ele>2137.209991455078</ele></trkpt><trkpt lat="46.566580432932824" lon="8.548300380352885"><ele>2137.269989013672</ele></trkpt><trkpt lat="46.566670432686806" lon="8.54829038027674"><ele>2137.459991455078</ele></trkpt><trkpt lat="46.56672043260187" lon="8.548260380513966"><ele>2137.3499755859375</ele></trkpt><trkpt lat="46.566770432982594" lon="8.548260380513966"><ele>2137.3699951171875</ele></trkpt><trkpt lat="46.56682043289766" lon="8.548250380437821"><ele>2137.439971923828</ele></trkpt><trkpt lat="46.566900433041155" lon="8.548200380522758"><ele>2137.4299926757812</ele></trkpt><trkpt lat="46.56697043264285" lon="8.548180380370468"><ele>2137.5</ele></trkpt><trkpt lat="46.56699043279514" lon="8.548180380370468"><ele>2137.5</ele></trkpt><trkpt lat="46.56702043302357" lon="8.548180380370468"><ele>2137.449981689453</ele></trkpt><trkpt lat="46.56708043301478" lon="8.548190380446613"><ele>2137.529998779297</ele></trkpt><trkpt lat="46.5671204328537" lon="8.548190380446613"><ele>2137.5899963378906</ele></trkpt><trkpt lat="46.56714043300599" lon="8.548190380446613"><ele>2137.75</ele></trkpt><trkpt lat="46.56718043284491" lon="8.548170380294323"><ele>2137.6399841308594</ele></trkpt><trkpt lat="46.5672004329972" lon="8.548160380218178"><ele>2137.6099853515625</ele></trkpt><trkpt lat="46.567240432836115" lon="8.54812038037926"><ele>2137.699981689453</ele></trkpt><trkpt lat="46.567280432675034" lon="8.548110380303115"><ele>2137.6699829101562</ele></trkpt><trkpt lat="46.56733043305576" lon="8.548110380303115"><ele>2137.8099975585938</ele></trkpt><trkpt lat="46.56736043281853" lon="8.548110380303115"><ele>2137.7899780273438</ele></trkpt><trkpt lat="46.56742043280974" lon="8.54812038037926"><ele>2137.8299865722656</ele></trkpt><trkpt lat="46.56748043280095" lon="8.548130380455405"><ele>2137.6599731445312</ele></trkpt><trkpt lat="46.5676304330118" lon="8.548070380464196"><ele>2138.1299743652344</ele></trkpt><trkpt lat="46.56772043323144" lon="8.548030380625278"><ele>2138.219970703125</ele></trkpt><trkpt lat="46.567790432833135" lon="8.547990380320698"><ele>2138.209991455078</ele></trkpt><trkpt lat="46.56784043321386" lon="8.54793038032949"><ele>2138.199981689453</ele></trkpt><trkpt lat="46.56788043305278" lon="8.547880380414426"><ele>2138.2999877929688</ele></trkpt><trkpt lat="46.5679204328917" lon="8.547820380423218"><ele>2138.279998779297</ele></trkpt><trkpt lat="46.567960433196276" lon="8.547770380508155"><ele>2138.47998046875</ele></trkpt><trkpt lat="46.56803043326363" lon="8.547710380516946"><ele>2138.3999938964844</ele></trkpt><trkpt lat="46.56809043325484" lon="8.547670380678028"><ele>2138.519989013672</ele></trkpt><trkpt lat="46.56816043285653" lon="8.547640380449593"><ele>2138.3999938964844</ele></trkpt><trkpt lat="46.56820043316111" lon="8.54761038068682"><ele>2138.699981689453</ele></trkpt><trkpt lat="46.56824043300003" lon="8.54761038068682"><ele>2138.5399780273438</ele></trkpt><trkpt lat="46.56831043306738" lon="8.547580380458385"><ele>2138.6399841308594</ele></trkpt><trkpt lat="46.56844043312594" lon="8.547540380619466"><ele>2138.5599975585938</ele></trkpt><trkpt lat="46.56850043311715" lon="8.547510380391032"><ele>2138.5599975585938</ele></trkpt><trkpt lat="46.568530432879925" lon="8.547510380391032"><ele>2138.5399780273438</ele></trkpt><trkpt lat="46.56861043302342" lon="8.547510380391032"><ele>2138.9299926757812</ele></trkpt><trkpt lat="46.56867043301463" lon="8.547510380391032"><ele>2138.6299743652344</ele></trkpt><trkpt lat="46.568720432929695" lon="8.547530380543321"><ele>2138.699981689453</ele></trkpt><trkpt lat="46.56875043315813" lon="8.547540380619466"><ele>2138.6599731445312</ele></trkpt><trkpt lat="46.56881043314934" lon="8.547580380458385"><ele>2138.8499755859375</ele></trkpt><trkpt lat="46.5688604330644" lon="8.54759038053453"><ele>2139.0</ele></trkpt><trkpt lat="46.56890043336898" lon="8.54761038068682"><ele>2139.189971923828</ele></trkpt><trkpt lat="46.568930433131754" lon="8.547650380525738"><ele>2139.1799926757812</ele></trkpt><trkpt lat="46.56899043312296" lon="8.547750380821526"><ele>2139.25</ele></trkpt><trkpt lat="46.5690204333514" lon="8.547810380812734"><ele>2139.25</ele></trkpt><trkpt lat="46.569060433190316" lon="8.547860380727798"><ele>2139.25</ele></trkpt><trkpt lat="46.569080433342606" lon="8.547880380880088"><ele>2139.25</ele></trkpt><trkpt lat="46.56911043310538" lon="8.547880380880088"><ele>2139.25</ele></trkpt><trkpt lat="46.56915043340996" lon="8.547870380803943"><ele>2139.25</ele></trkpt><trkpt lat="46.56919043324888" lon="8.547870380803943"><ele>2139.25</ele></trkpt><trkpt lat="46.569230433087796" lon="8.547890380490571"><ele>2139.25</ele></trkpt><trkpt lat="46.56934043345973" lon="8.547980380710214"><ele>2139.25</ele></trkpt><trkpt lat="46.56940043345094" lon="8.548000380862504"><ele>2139.25</ele></trkpt><trkpt lat="46.56947043305263" lon="8.548020380549133"><ele>2139.25</ele></trkpt><trkpt lat="46.569500433281064" lon="8.548010380472988"><ele>2139.25</ele></trkpt><trkpt lat="46.56954043311998" lon="8.547980380710214"><ele>2139.25</ele></trkpt><trkpt lat="46.56970043340698" lon="8.547900380566716"><ele>2139.519989013672</ele></trkpt><trkpt lat="46.5697404332459" lon="8.547890380956233"><ele>2139.5799865722656</ele></trkpt><trkpt lat="46.56976043339819" lon="8.547900380566716"><ele>2139.6399841308594</ele></trkpt><trkpt lat="46.56976043339819" lon="8.547910380642861"><ele>2139.279998779297</ele></trkpt><trkpt lat="46.56977043300867" lon="8.547910380642861"><ele>2138.75</ele></trkpt><trkpt lat="46.56979043316096" lon="8.547920380719006"><ele>2138.6399841308594</ele></trkpt><trkpt lat="46.56983043299988" lon="8.547940380405635"><ele>2138.5</ele></trkpt><trkpt lat="46.5698704328388" lon="8.547950380016118"><ele>2136.459991455078</ele></trkpt><trkpt lat="46.56992043275386" lon="8.547960380092263"><ele>2136.1399841308594</ele></trkpt><trkpt lat="46.569970432668924" lon="8.547980380244553"><ele>2135.759979248047</ele></trkpt><trkpt lat="46.56998043274507" lon="8.548000379931182"><ele>2135.529998779297</ele></trkpt><trkpt lat="46.57001043250784" lon="8.548030380159616"><ele>2135.7999877929688</ele></trkpt><trkpt lat="46.57002043258399" lon="8.548100379761308"><ele>2135.029998779297</ele></trkpt><trkpt lat="46.570040432270616" lon="8.548160379752517"><ele>2134.3899841308594</ele></trkpt><trkpt lat="46.57005043234676" lon="8.548190379980952"><ele>2134.8099975585938</ele></trkpt><trkpt lat="46.57005043234676" lon="8.548220379743725"><ele>2134.1599731445312</ele></trkpt><trkpt lat="46.570060432422906" lon="8.54823037981987"><ele>2134.3899841308594</ele></trkpt><trkpt lat="46.57007043249905" lon="8.54823037981987"><ele>2134.6399841308594</ele></trkpt><trkpt lat="46.57009043265134" lon="8.548260380048305"><ele>2135.0899963378906</ele></trkpt><trkpt lat="46.570100432261825" lon="8.548290379811078"><ele>2135.1099853515625</ele></trkpt><trkpt lat="46.570120432414114" lon="8.548300379887223"><ele>2135.3899841308594</ele></trkpt><trkpt lat="46.570140432566404" lon="8.548330380115658"><ele>2135.5399780273438</ele></trkpt><trkpt lat="46.57024043239653" lon="8.548430379945785"><ele>2135.3199768066406</ele></trkpt><trkpt lat="46.5703004328534" lon="8.54848038032651"><ele>2136.3899841308594</ele></trkpt><trkpt lat="46.57032043300569" lon="8.548510380089283"><ele>2136.779998779297</ele></trkpt><trkpt lat="46.57036043284461" lon="8.548560380470008"><ele>2136.72998046875</ele></trkpt><trkpt lat="46.57038043253124" lon="8.548590380232781"><ele>2136.009979248047</ele></trkpt><trkpt lat="46.57039043260738" lon="8.548620379995555"><ele>2136.1199951171875</ele></trkpt><trkpt lat="46.57041043275967" lon="8.548640380147845"><ele>2136.209991455078</ele></trkpt><trkpt lat="46.570460432674736" lon="8.548680380452424"><ele>2136.5</ele></trkpt><trkpt lat="46.570480432827026" lon="8.548720380291343"><ele>2136.6499938964844</ele></trkpt><trkpt lat="46.57053043274209" lon="8.548770380206406"><ele>2137.019989013672</ele></trkpt><trkpt lat="46.570560432970524" lon="8.548790380358696"><ele>2138.009979248047</ele></trkpt><trkpt lat="46.570600433275104" lon="8.54884038073942"><ele>2138.1699829101562</ele></trkpt><trkpt lat="46.57061043288559" lon="8.54886038042605"><ele>2137.6399841308594</ele></trkpt><trkpt lat="46.57064043311402" lon="8.548880380578339"><ele>2137.489990234375</ele></trkpt><trkpt lat="46.570670432876796" lon="8.548870380502194"><ele>2137.529998779297</ele></trkpt><trkpt lat="46.570690433029085" lon="8.54886038042605"><ele>2137.9199829101562</ele></trkpt><trkpt lat="46.570710433181375" lon="8.54886038042605"><ele>2137.8499755859375</ele></trkpt><trkpt lat="46.570730433333665" lon="8.548850380815566"><ele>2138.4099731445312</ele></trkpt><trkpt lat="46.57078043324873" lon="8.54884038073942"><ele>2138.22998046875</ele></trkpt><trkpt lat="46.57082043308765" lon="8.548830380663276"><ele>2137.75</ele></trkpt><trkpt lat="46.570880433078855" lon="8.548810380510986"><ele>2137.6799926757812</ele></trkpt><trkpt lat="46.570890433155" lon="8.548800380434841"><ele>2137.75</ele></trkpt><trkpt lat="46.570920433383435" lon="8.548790380358696"><ele>2138.3799743652344</ele></trkpt><trkpt lat="46.57095043314621" lon="8.548790380358696"><ele>2138.3899841308594</ele></trkpt><trkpt lat="46.57098043290898" lon="8.548800380434841"><ele>2138.019989013672</ele></trkpt><trkpt lat="46.57100043306127" lon="8.548800380434841"><ele>2138.1499938964844</ele></trkpt><trkpt lat="46.571030432824045" lon="8.548810380510986"><ele>2137.719970703125</ele></trkpt><trkpt lat="46.571050432976335" lon="8.54882038058713"><ele>2137.5399780273438</ele></trkpt><trkpt lat="46.57106043305248" lon="8.548810380510986"><ele>2137.6699829101562</ele></trkpt><trkpt lat="46.571090432815254" lon="8.54882038058713"><ele>2137.259979248047</ele></trkpt><trkpt lat="46.57115043280646" lon="8.548810380510986"><ele>2137.1599731445312</ele></trkpt><trkpt lat="46.57119043311104" lon="8.548800380434841"><ele>2137.5699768066406</ele></trkpt><trkpt lat="46.57122043333948" lon="8.548780380748212"><ele>2138.279998779297</ele></trkpt><trkpt lat="46.571240433026105" lon="8.548760380595922"><ele>2138.7899780273438</ele></trkpt><trkpt lat="46.57124043349177" lon="8.548740380909294"><ele>2139.489990234375</ele></trkpt><trkpt lat="46.571260433644056" lon="8.548700381070375"><ele>2140.1699829101562</ele></trkpt><trkpt lat="46.571280433330685" lon="8.548700380604714"><ele>2139.6099853515625</ele></trkpt><trkpt lat="46.5713204331696" lon="8.54865038068965"><ele>2139.1099853515625</ele></trkpt><trkpt lat="46.57133043324575" lon="8.548620380926877"><ele>2139.719970703125</ele></trkpt><trkpt lat="46.57138043362647" lon="8.548570381011814"><ele>2139.689971923828</ele></trkpt><trkpt lat="46.571430433075875" lon="8.548570380546153"><ele>2138.939971923828</ele></trkpt><trkpt lat="46.57146043330431" lon="8.548570380546153"><ele>2138.5799865722656</ele></trkpt><trkpt lat="46.57152043329552" lon="8.548530380707234"><ele>2139.0699768066406</ele></trkpt><trkpt lat="46.57155043305829" lon="8.548540380783379"><ele>2138.699981689453</ele></trkpt><trkpt lat="46.57159043336287" lon="8.548540380783379"><ele>2138.459991455078</ele></trkpt><trkpt lat="46.571620433125645" lon="8.548540380783379"><ele>2138.459991455078</ele></trkpt><trkpt lat="46.571640433277935" lon="8.548510380554944"><ele>2138.9299926757812</ele></trkpt><trkpt lat="46.57165043335408" lon="8.54850038094446"><ele>2139.3999938964844</ele></trkpt><trkpt lat="46.571680433582515" lon="8.548470380716026"><ele>2140.1099853515625</ele></trkpt><trkpt lat="46.571700433734804" lon="8.548440380953252"><ele>2140.1099853515625</ele></trkpt><trkpt lat="46.57174043357372" lon="8.548410380724818"><ele>2140.009979248047</ele></trkpt><trkpt lat="46.57178043341264" lon="8.548380380962044"><ele>2140.269989013672</ele></trkpt><trkpt lat="46.571830433327705" lon="8.54833038104698"><ele>2140.1099853515625</ele></trkpt><trkpt lat="46.571940433233976" lon="8.54833038058132"><ele>2139.6399841308594</ele></trkpt><trkpt lat="46.5719904336147" lon="8.548320380970836"><ele>2140.3399963378906</ele></trkpt><trkpt lat="46.57203043345362" lon="8.54831038089469"><ele>2140.5799865722656</ele></trkpt><trkpt lat="46.57209043391049" lon="8.548280381131917"><ele>2140.779998779297</ele></trkpt><trkpt lat="46.57212043367326" lon="8.548250380903482"><ele>2141.0399780273438</ele></trkpt><trkpt lat="46.5721504339017" lon="8.548240380827338"><ele>2141.0399780273438</ele></trkpt><trkpt lat="46.572250433731824" lon="8.548210381064564"><ele>2141.2999877929688</ele></trkpt><trkpt lat="46.57231043372303" lon="8.548230381216854"><ele>2141.9199829101562</ele></trkpt><trkpt lat="46.57234043395147" lon="8.548230381216854"><ele>2142.709991455078</ele></trkpt><trkpt lat="46.57243043417111" lon="8.54835038119927"><ele>2142.769989013672</ele></trkpt><trkpt lat="46.57247043401003" lon="8.548360381275415"><ele>2142.8199768066406</ele></trkpt><trkpt lat="46.572500434238464" lon="8.54837038135156"><ele>2142.769989013672</ele></trkpt><trkpt lat="46.57253043400124" lon="8.54835038119927"><ele>2142.7999877929688</ele></trkpt><trkpt lat="46.57258043438196" lon="8.548360381275415"><ele>2143.5799865722656</ele></trkpt><trkpt lat="46.57259043445811" lon="8.548340381588787"><ele>2143.6199951171875</ele></trkpt><trkpt lat="46.57260043453425" lon="8.548290381673723"><ele>2144.939971923828</ele></trkpt><trkpt lat="46.57262043468654" lon="8.548270381987095"><ele>2145.489990234375</ele></trkpt><trkpt lat="46.572650434914976" lon="8.548250381834805"><ele>2146.5799865722656</ele></trkpt><trkpt lat="46.572650434914976" lon="8.548200381919742"><ele>2147.3999938964844</ele></trkpt><trkpt lat="46.57265043538064" lon="8.548160382080823"><ele>2148.219970703125</ele></trkpt><trkpt lat="46.57268043514341" lon="8.548120382241905"><ele>2149.0399780273438</ele></trkpt><trkpt lat="46.572710435371846" lon="8.548080382402986"><ele>2149.5899963378906</ele></trkpt><trkpt lat="46.572730435524136" lon="8.548060382716358"><ele>2149.5899963378906</ele></trkpt><trkpt lat="46.57276043575257" lon="8.548040382564068"><ele>2150.1399841308594</ele></trkpt><trkpt lat="46.572790435515344" lon="8.548020382411778"><ele>2150.4099731445312</ele></trkpt><trkpt lat="46.57280043559149" lon="8.54798038257286"><ele>2150.959991455078</ele></trkpt><trkpt lat="46.572830435819924" lon="8.547930382657796"><ele>2151.6499938964844</ele></trkpt><trkpt lat="46.57286043604836" lon="8.547910382971168"><ele>2152.8799743652344</ele></trkpt><trkpt lat="46.57288043620065" lon="8.547880383208394"><ele>2153.699981689453</ele></trkpt><trkpt lat="46.57292043650523" lon="8.54785038297996"><ele>2153.6399841308594</ele></trkpt><trkpt lat="46.57297043642029" lon="8.547840383369476"><ele>2154.189971923828</ele></trkpt><trkpt lat="46.57301043672487" lon="8.547810383606702"><ele>2155.1599731445312</ele></trkpt><trkpt lat="46.573040436487645" lon="8.547810383606702"><ele>2155.0599975585938</ele></trkpt><trkpt lat="46.57307043671608" lon="8.547780383378267"><ele>2155.3399963378906</ele></trkpt><trkpt lat="46.57310043647885" lon="8.547780383378267"><ele>2155.3399963378906</ele></trkpt><trkpt lat="46.57314043678343" lon="8.547770383767784"><ele>2155.6099853515625</ele></trkpt><trkpt lat="46.57317043701187" lon="8.547770383767784"><ele>2156.709991455078</ele></trkpt><trkpt lat="46.57319043716416" lon="8.547760383691639"><ele>2156.97998046875</ele></trkpt><trkpt lat="46.573230437003076" lon="8.547760383691639"><ele>2157.529998779297</ele></trkpt><trkpt lat="46.57326043723151" lon="8.547750384081155"><ele>2158.0699768066406</ele></trkpt><trkpt lat="46.573310437612236" lon="8.547720384318382"><ele>2159.1699829101562</ele></trkpt><trkpt lat="46.57334043737501" lon="8.547700384166092"><ele>2159.719970703125</ele></trkpt><trkpt lat="46.573370437603444" lon="8.547660384327173"><ele>2160.199981689453</ele></trkpt><trkpt lat="46.57340043783188" lon="8.547620384488255"><ele>2161.0799865722656</ele></trkpt><trkpt lat="46.573410437908024" lon="8.54761038441211"><ele>2161.6299743652344</ele></trkpt><trkpt lat="46.57342043798417" lon="8.547560384497046"><ele>2162.1799926757812</ele></trkpt><trkpt lat="46.57343043806031" lon="8.547520384658128"><ele>2162.72998046875</ele></trkpt><trkpt lat="46.57344043813646" lon="8.547490384895355"><ele>2163.269989013672</ele></trkpt><trkpt lat="46.57349043851718" lon="8.547490385361016"><ele>2164.9199829101562</ele></trkpt><trkpt lat="46.57352043874562" lon="8.54750038543716"><ele>2165.459991455078</ele></trkpt><trkpt lat="46.57357043866068" lon="8.547490385361016"><ele>2166.279998779297</ele></trkpt><trkpt lat="46.57361043896526" lon="8.547480385750532"><ele>2167.4299926757812</ele></trkpt><trkpt lat="46.573680439498276" lon="8.547480385750532"><ele>2168.779998779297</ele></trkpt><trkpt lat="46.57371043926105" lon="8.547470386140049"><ele>2169.3099975585938</ele></trkpt><trkpt lat="46.573760439641774" lon="8.547450385987759"><ele>2169.8399963378906</ele></trkpt><trkpt lat="46.57384043978527" lon="8.547380385920405"><ele>2170.3799743652344</ele></trkpt><trkpt lat="46.573890439700335" lon="8.547340386081487"><ele>2170.6399841308594</ele></trkpt><trkpt lat="46.573930440004915" lon="8.547300386242568"><ele>2171.259979248047</ele></trkpt><trkpt lat="46.573950439691544" lon="8.547270386479795"><ele>2171.699981689453</ele></trkpt><trkpt lat="46.57397043984383" lon="8.54726038640365"><ele>2171.8799743652344</ele></trkpt><trkpt lat="46.57400044007227" lon="8.547200386412442"><ele>2172.8699951171875</ele></trkpt><trkpt lat="46.57402044022456" lon="8.547190386336297"><ele>2173.019989013672</ele></trkpt><trkpt lat="46.5740304403007" lon="8.547200386412442"><ele>2173.5899963378906</ele></trkpt><trkpt lat="46.57405044045299" lon="8.547200386878103"><ele>2173.939971923828</ele></trkpt><trkpt lat="46.57408044068143" lon="8.547210386954248"><ele>2175.1499938964844</ele></trkpt><trkpt lat="46.57410044083372" lon="8.547220387030393"><ele>2175.759979248047</ele></trkpt><trkpt lat="46.57412044098601" lon="8.547210386954248"><ele>2176.3899841308594</ele></trkpt><trkpt lat="46.5741404411383" lon="8.54721038741991"><ele>2176.8299865722656</ele></trkpt><trkpt lat="46.57416044129059" lon="8.547250387258828"><ele>2177.759979248047</ele></trkpt><trkpt lat="46.57417044136673" lon="8.547260387334973"><ele>2178.22998046875</ele></trkpt><trkpt lat="46.57418044144288" lon="8.547250387724489"><ele>2178.6299743652344</ele></trkpt><trkpt lat="46.57420044159517" lon="8.547220387496054"><ele>2179.509979248047</ele></trkpt><trkpt lat="46.57422044174746" lon="8.54721038788557"><ele>2180.3499755859375</ele></trkpt><trkpt lat="46.57425044197589" lon="8.54725038819015"><ele>2181.1699829101562</ele></trkpt><trkpt lat="46.574300441890955" lon="8.547280387952924"><ele>2181.22998046875</ele></trkpt><trkpt lat="46.57434044172987" lon="8.547280387952924"><ele>2181.8599853515625</ele></trkpt><trkpt lat="46.57437044195831" lon="8.547290388029069"><ele>2182.7899780273438</ele></trkpt><trkpt lat="46.57442044233903" lon="8.547330388333648"><ele>2183.5799865722656</ele></trkpt><trkpt lat="46.57445044256747" lon="8.547340388409793"><ele>2185.0</ele></trkpt><trkpt lat="46.57449044287205" lon="8.547370388638228"><ele>2185.699981689453</ele></trkpt><trkpt lat="46.574530442710966" lon="8.547390388790518"><ele>2186.739990234375</ele></trkpt><trkpt lat="46.574550442863256" lon="8.547390388790518"><ele>2187.189971923828</ele></trkpt><trkpt lat="46.574570443015546" lon="8.547380389180034"><ele>2187.6599731445312</ele></trkpt><trkpt lat="46.57458044309169" lon="8.54737038910389"><ele>2188.009979248047</ele></trkpt><trkpt lat="46.57462044339627" lon="8.54737038956955"><ele>2189.019989013672</ele></trkpt><trkpt lat="46.574650443624705" lon="8.54737038956955"><ele>2189.529998779297</ele></trkpt><trkpt lat="46.57469044346362" lon="8.547420389484614"><ele>2189.8599853515625</ele></trkpt><trkpt lat="46.57472044369206" lon="8.547430389560759"><ele>2190.0699768066406</ele></trkpt><trkpt lat="46.57476044353098" lon="8.547450389713049"><ele>2190.8399963378906</ele></trkpt><trkpt lat="46.5748104439117" lon="8.547450389713049"><ele>2191.6099853515625</ele></trkpt><trkpt lat="46.574840444140136" lon="8.547470389865339"><ele>2192.1299743652344</ele></trkpt><trkpt lat="46.574860443826765" lon="8.547460389789194"><ele>2192.3799743652344</ele></trkpt><trkpt lat="46.574940444435924" lon="8.54745039017871"><ele>2193.3999938964844</ele></trkpt><trkpt lat="46.57498044427484" lon="8.54743039002642"><ele>2193.9199829101562</ele></trkpt><trkpt lat="46.57500044442713" lon="8.547460390254855"><ele>2194.2899780273438</ele></trkpt><trkpt lat="46.57505044480786" lon="8.547440390568227"><ele>2195.689971923828</ele></trkpt><trkpt lat="46.57507044496015" lon="8.547440390568227"><ele>2196.1099853515625</ele></trkpt><trkpt lat="46.57510044518858" lon="8.547430390492082"><ele>2196.9299926757812</ele></trkpt><trkpt lat="46.57512044487521" lon="8.547450390644372"><ele>2197.47998046875</ele></trkpt><trkpt lat="46.575150445103645" lon="8.547450391110033"><ele>2198.5799865722656</ele></trkpt><trkpt lat="46.575190445408225" lon="8.547440391033888"><ele>2199.459991455078</ele></trkpt><trkpt lat="46.575210445560515" lon="8.547390391118824"><ele>2199.7999877929688</ele></trkpt><trkpt lat="46.575230445712805" lon="8.547370391432196"><ele>2200.0899963378906</ele></trkpt><trkpt lat="46.57528044562787" lon="8.547370391432196"><ele>2200.9299926757812</ele></trkpt><trkpt lat="46.57530044578016" lon="8.547340391669422"><ele>2201.8199768066406</ele></trkpt><trkpt lat="46.57533044600859" lon="8.547280391678214"><ele>2203.0599975585938</ele></trkpt><trkpt lat="46.57539044646546" lon="8.54727039206773"><ele>2204.259979248047</ele></trkpt><trkpt lat="46.5754204466939" lon="8.547260391991585"><ele>2204.9199829101562</ele></trkpt><trkpt lat="46.57545044645667" lon="8.547220392152667"><ele>2205.47998046875</ele></trkpt><trkpt lat="46.575480446685106" lon="8.547170392237604"><ele>2205.47998046875</ele></trkpt><trkpt lat="46.575500446837395" lon="8.547090392094105"><ele>2206.199981689453</ele></trkpt><trkpt lat="46.57553044706583" lon="8.547060392331332"><ele>2207.189971923828</ele></trkpt><trkpt lat="46.575580447446555" lon="8.54701039288193"><ele>2208.8399963378906</ele></trkpt><trkpt lat="46.57564044743776" lon="8.546970393043011"><ele>2209.7899780273438</ele></trkpt><trkpt lat="46.5756704476662" lon="8.546940393280238"><ele>2211.1299743652344</ele></trkpt><trkpt lat="46.575680448208004" lon="8.546910393517464"><ele>2211.969970703125</ele></trkpt><trkpt lat="46.57569044828415" lon="8.546830393373966"><ele>2212.97998046875</ele></trkpt><trkpt lat="46.57569044828415" lon="8.54675039369613"><ele>2214.199981689453</ele></trkpt><trkpt lat="46.575680448673666" lon="8.546690393704921"><ele>2214.7999877929688</ele></trkpt><trkpt lat="46.575680448673666" lon="8.546660393942147"><ele>2214.989990234375</ele></trkpt><trkpt lat="46.57569044874981" lon="8.54658039379865"><ele>2216.009979248047</ele></trkpt><trkpt lat="46.5757104489021" lon="8.546530394349247"><ele>2217.5499877929688</ele></trkpt><trkpt lat="46.575740449130535" lon="8.546480394434184"><ele>2218.8299865722656</ele></trkpt><trkpt lat="46.57579044951126" lon="8.54645039467141"><ele>2220.689971923828</ele></trkpt><trkpt lat="46.57579044997692" lon="8.546400394756347"><ele>2221.72998046875</ele></trkpt><trkpt lat="46.57581045012921" lon="8.546370395459235"><ele>2223.509979248047</ele></trkpt><trkpt lat="46.57584045082331" lon="8.546310395468026"><ele>2225.259979248047</ele></trkpt><trkpt lat="46.57591045135632" lon="8.546190396416932"><ele>2228.8499755859375</ele></trkpt><trkpt lat="46.57592045143247" lon="8.546150396578014"><ele>2229.6299743652344</ele></trkpt><trkpt lat="46.575960451737046" lon="8.546170396730304"><ele>2230.6499938964844</ele></trkpt><trkpt lat="46.57599045196548" lon="8.546170396730304"><ele>2231.1699829101562</ele></trkpt><trkpt lat="46.576040452346206" lon="8.546070396900177"><ele>2233.3699951171875</ele></trkpt><trkpt lat="46.57604045281187" lon="8.54599039722234"><ele>2234.989990234375</ele></trkpt><trkpt lat="46.57605045288801" lon="8.545900397468358"><ele>2236.6199951171875</ele></trkpt><trkpt lat="46.57603045320138" lon="8.545840397942811"><ele>2237.72998046875</ele></trkpt><trkpt lat="46.5760204535909" lon="8.545710398349911"><ele>2240.6799926757812</ele></trkpt><trkpt lat="46.576030454132706" lon="8.545660398434848"><ele>2242.1299743652344</ele></trkpt><trkpt lat="46.576050454284996" lon="8.545610398519784"><ele>2243.209991455078</ele></trkpt><trkpt lat="46.57606045436114" lon="8.545570398680866"><ele>2244.519989013672</ele></trkpt><trkpt lat="46.57610045466572" lon="8.545520399231464"><ele>2245.949981689453</ele></trkpt><trkpt lat="46.57612045481801" lon="8.54549039946869"><ele>2247.0799865722656</ele></trkpt><trkpt lat="46.5761404549703" lon="8.545460399705917"><ele>2248.009979248047</ele></trkpt><trkpt lat="46.576150455512106" lon="8.545410399790853"><ele>2249.4199829101562</ele></trkpt><trkpt lat="46.57615045597777" lon="8.545350400265306"><ele>2251.0799865722656</ele></trkpt><trkpt lat="46.57616045605391" lon="8.545290400274098"><ele>2252.8799743652344</ele></trkpt><trkpt lat="46.576200456824154" lon="8.545210401061922"><ele>2255.8199768066406</ele></trkpt><trkpt lat="46.57623045705259" lon="8.545190400909632"><ele>2256.8499755859375</ele></trkpt><trkpt lat="46.57625045720488" lon="8.545150401070714"><ele>2258.1399841308594</ele></trkpt><trkpt lat="46.57625045720488" lon="8.545110401231796"><ele>2259.1599731445312</ele></trkpt><trkpt lat="46.576260457746685" lon="8.545080401469022"><ele>2259.9299926757812</ele></trkpt><trkpt lat="46.57625045767054" lon="8.54501040186733"><ele>2260.699981689453</ele></trkpt><trkpt lat="46.576260457746685" lon="8.544950401876122"><ele>2261.1199951171875</ele></trkpt><trkpt lat="46.576280457898974" lon="8.544940401799977"><ele>2261.6099853515625</ele></trkpt><trkpt lat="46.57631045812741" lon="8.544930402189493"><ele>2262.279998779297</ele></trkpt><trkpt lat="46.57631045812741" lon="8.544920402113348"><ele>2262.759979248047</ele></trkpt><trkpt lat="46.576320458203554" lon="8.544890402350575"><ele>2263.529998779297</ele></trkpt><trkpt lat="46.5763304582797" lon="8.54486040212214"><ele>2264.5599975585938</ele></trkpt><trkpt lat="46.576340458821505" lon="8.544830402359366"><ele>2265.3299865722656</ele></trkpt><trkpt lat="46.57635045889765" lon="8.544790402520448"><ele>2266.6099853515625</ele></trkpt><trkpt lat="46.57635045889765" lon="8.544740402605385"><ele>2267.3799743652344</ele></trkpt><trkpt lat="46.5763704595156" lon="8.544610403012484"><ele>2269.689971923828</ele></trkpt><trkpt lat="46.576380459591746" lon="8.544590403325856"><ele>2270.469970703125</ele></trkpt><trkpt lat="46.57641045982018" lon="8.544590403791517"><ele>2271.75</ele></trkpt><trkpt lat="46.57645046012476" lon="8.544590403791517"><ele>2273.029998779297</ele></trkpt><trkpt lat="46.576480460353196" lon="8.544560404028744"><ele>2274.0599975585938</ele></trkpt><trkpt lat="46.576520460657775" lon="8.54451040411368"><ele>2276.1099853515625</ele></trkpt><trkpt lat="46.57654046127573" lon="8.544410404749215"><ele>2277.6599731445312</ele></trkpt><trkpt lat="46.57653046119958" lon="8.544350404758006"><ele>2278.4299926757812</ele></trkpt><trkpt lat="46.57652046112344" lon="8.544320404995233"><ele>2278.719970703125</ele></trkpt><trkpt lat="46.57651046151295" lon="8.544290404766798"><ele>2279.199981689453</ele></trkpt><trkpt lat="46.57653046166524" lon="8.544230405241251"><ele>2280.22998046875</ele></trkpt><trkpt lat="46.57655046181753" lon="8.544170405250043"><ele>2281.25</ele></trkpt><trkpt lat="46.576550462283194" lon="8.54410040564835"><ele>2282.5399780273438</ele></trkpt><trkpt lat="46.57658046204597" lon="8.544060405343771"><ele>2283.3099975585938</ele></trkpt><trkpt lat="46.57658046251163" lon="8.544030405580997"><ele>2284.0799865722656</ele></trkpt><trkpt lat="46.57658046251163" lon="8.543980405665934"><ele>2284.8499755859375</ele></trkpt><trkpt lat="46.5766404629685" lon="8.543960405979306"><ele>2286.1299743652344</ele></trkpt><trkpt lat="46.57665046304464" lon="8.543940406292677"><ele>2286.8999938964844</ele></trkpt><trkpt lat="46.57666046312079" lon="8.543850406538695"><ele>2288.189971923828</ele></trkpt><trkpt lat="46.57668046327308" lon="8.543830406386405"><ele>2289.209991455078</ele></trkpt><trkpt lat="46.576670463662595" lon="8.543770406860858"><ele>2290.239990234375</ele></trkpt><trkpt lat="46.57666046358645" lon="8.54371040686965"><ele>2291.269989013672</ele></trkpt><trkpt lat="46.576650463975966" lon="8.543670407030731"><ele>2292.2999877929688</ele></trkpt><trkpt lat="46.576650463975966" lon="8.543630407191813"><ele>2292.5499877929688</ele></trkpt><trkpt lat="46.57666046405211" lon="8.543590407352895"><ele>2293.3199768066406</ele></trkpt><trkpt lat="46.57666046451777" lon="8.543500407598913"><ele>2295.3799743652344</ele></trkpt><trkpt lat="46.576640464831144" lon="8.54347040783614"><ele>2295.3799743652344</ele></trkpt><trkpt lat="46.576640464831144" lon="8.54343040799722"><ele>2296.1499938964844</ele></trkpt><trkpt lat="46.57666046498343" lon="8.543360407929868"><ele>2297.4299926757812</ele></trkpt><trkpt lat="46.57668046513572" lon="8.543370408006012"><ele>2298.269989013672</ele></trkpt><trkpt lat="46.57670046528801" lon="8.543350408319384"><ele>2298.8399963378906</ele></trkpt><trkpt lat="46.5767204654403" lon="8.54328040825203"><ele>2299.719970703125</ele></trkpt><trkpt lat="46.57676046574488" lon="8.543260408565402"><ele>2300.949981689453</ele></trkpt><trkpt lat="46.57677046582103" lon="8.543220408726484"><ele>2301.5</ele></trkpt><trkpt lat="46.57680046604946" lon="8.543140409048647"><ele>2302.4099731445312</ele></trkpt><trkpt lat="46.57684046635404" lon="8.543090409133583"><ele>2303.199981689453</ele></trkpt><trkpt lat="46.57685046643019" lon="8.54304040921852"><ele>2303.47998046875</ele></trkpt><trkpt lat="46.57686046650633" lon="8.543010408990085"><ele>2303.8799743652344</ele></trkpt><trkpt lat="46.57688046619296" lon="8.54300040891394"><ele>2304.1599731445312</ele></trkpt><trkpt lat="46.57688046619296" lon="8.542950408998877"><ele>2304.22998046875</ele></trkpt><trkpt lat="46.57688046619296" lon="8.542910409159958"><ele>2304.3299865722656</ele></trkpt><trkpt lat="46.576910466421396" lon="8.54287040932104"><ele>2304.519989013672</ele></trkpt><trkpt lat="46.576950466725975" lon="8.542760409414768"><ele>2305.22998046875</ele></trkpt><trkpt lat="46.57696046633646" lon="8.542720409110188"><ele>2305.029998779297</ele></trkpt><trkpt lat="46.576970466412604" lon="8.542670409195125"><ele>2304.8799743652344</ele></trkpt><trkpt lat="46.576970466412604" lon="8.542620409280062"><ele>2304.6099853515625</ele></trkpt><trkpt lat="46.57696046680212" lon="8.542560409288853"><ele>2305.209991455078</ele></trkpt><trkpt lat="46.576970466412604" lon="8.542540409136564"><ele>2305.3299865722656</ele></trkpt><trkpt lat="46.57700046664104" lon="8.542460409458727"><ele>2306.0399780273438</ele></trkpt><trkpt lat="46.57702046679333" lon="8.542370409704745"><ele>2307.1099853515625</ele></trkpt><trkpt lat="46.57705046702176" lon="8.542290409561247"><ele>2307.769989013672</ele></trkpt><trkpt lat="46.57706046709791" lon="8.5422304100357"><ele>2308.4099731445312</ele></trkpt><trkpt lat="46.57707046717405" lon="8.542160409968346"><ele>2309.019989013672</ele></trkpt><trkpt lat="46.577070467639714" lon="8.542090409900993"><ele>2309.3899841308594</ele></trkpt><trkpt lat="46.57706046756357" lon="8.542010410223156"><ele>2309.8699951171875</ele></trkpt><trkpt lat="46.57706046756357" lon="8.541920410003513"><ele>2309.9099731445312</ele></trkpt><trkpt lat="46.577010467648506" lon="8.541670409962535"><ele>2309.699981689453</ele></trkpt><trkpt lat="46.577010467648506" lon="8.541540409903973"><ele>2309.3299865722656</ele></trkpt><trkpt lat="46.577030467335135" lon="8.541420409921557"><ele>2309.489990234375</ele></trkpt><trkpt lat="46.577010467182845" lon="8.541330409701914"><ele>2309.1299743652344</ele></trkpt><trkpt lat="46.577010467182845" lon="8.541240409947932"><ele>2309.1499938964844</ele></trkpt><trkpt lat="46.57704046741128" lon="8.541080410126597"><ele>2309.75</ele></trkpt><trkpt lat="46.57708046771586" lon="8.541060409974307"><ele>2310.219970703125</ele></trkpt><trkpt lat="46.577110467944294" lon="8.541060409974307"><ele>2310.8899841308594</ele></trkpt><trkpt lat="46.577130468096584" lon="8.541120410431176"><ele>2312.2999877929688</ele></trkpt><trkpt lat="46.57716046832502" lon="8.541160410735756"><ele>2313.3999938964844</ele></trkpt><trkpt lat="46.5772004686296" lon="8.541150410659611"><ele>2314.529998779297</ele></trkpt><trkpt lat="46.57723046885803" lon="8.541120410896838"><ele>2315.689971923828</ele></trkpt><trkpt lat="46.57724046893418" lon="8.541040411219"><ele>2316.4099731445312</ele></trkpt><trkpt lat="46.57727046916261" lon="8.540980411227793"><ele>2317.449981689453</ele></trkpt><trkpt lat="46.57730046939105" lon="8.540980411693454"><ele>2318.6199951171875</ele></trkpt><trkpt lat="46.57732046954334" lon="8.541010411456227"><ele>2319.3699951171875</ele></trkpt><trkpt lat="46.57735046977177" lon="8.541010411921889"><ele>2320.3099975585938</ele></trkpt><trkpt lat="46.57738047000021" lon="8.54097041208297"><ele>2321.3299865722656</ele></trkpt><trkpt lat="46.57741047022864" lon="8.540900412481278"><ele>2323.0799865722656</ele></trkpt><trkpt lat="46.57744047045708" lon="8.540870412718505"><ele>2324.1099853515625</ele></trkpt><trkpt lat="46.57748047076166" lon="8.54088041279465"><ele>2325.6299743652344</ele></trkpt><trkpt lat="46.57755047129467" lon="8.540890413336456"><ele>2328.199981689453</ele></trkpt><trkpt lat="46.577600471675396" lon="8.540870413649827"><ele>2329.47998046875</ele></trkpt><trkpt lat="46.577660471666604" lon="8.540850413497537"><ele>2331.0399780273438</ele></trkpt><trkpt lat="46.577700471971184" lon="8.540840413887054"><ele>2332.3099975585938</ele></trkpt><trkpt lat="46.57773047219962" lon="8.540840413887054"><ele>2333.0899963378906</ele></trkpt><trkpt lat="46.577760472428054" lon="8.540800414048135"><ele>2334.0499877929688</ele></trkpt><trkpt lat="46.57780047273263" lon="8.540760414209217"><ele>2335.3399963378906</ele></trkpt><trkpt lat="46.57782047288492" lon="8.540720414370298"><ele>2335.779998779297</ele></trkpt><trkpt lat="46.57784047303721" lon="8.540670414455235"><ele>2336.449981689453</ele></trkpt><trkpt lat="46.5778604731895" lon="8.540560415014625"><ele>2337.509979248047</ele></trkpt><trkpt lat="46.5778604731895" lon="8.540510415099561"><ele>2337.8799743652344</ele></trkpt><trkpt lat="46.5778604731895" lon="8.540450415108353"><ele>2338.1399841308594</ele></trkpt><trkpt lat="46.577840473502874" lon="8.540390415117145"><ele>2338.6599731445312</ele></trkpt><trkpt lat="46.57783047342673" lon="8.540320415049791"><ele>2339.22998046875</ele></trkpt><trkpt lat="46.57783047342673" lon="8.54021041514352"><ele>2340.239990234375</ele></trkpt><trkpt lat="46.577820473816246" lon="8.540190415456891"><ele>2340.509979248047</ele></trkpt><trkpt lat="46.577820473816246" lon="8.540160415228456"><ele>2340.939971923828</ele></trkpt><trkpt lat="46.577820473816246" lon="8.540000415407121"><ele>2342.3799743652344</ele></trkpt><trkpt lat="46.5778404744342" lon="8.539900415576994"><ele>2343.449981689453</ele></trkpt><trkpt lat="46.57788047473878" lon="8.539810416288674"><ele>2345.0</ele></trkpt><trkpt lat="46.57791047450155" lon="8.539770415984094"><ele>2345.239990234375</ele></trkpt><trkpt lat="46.57791047450155" lon="8.53974041622132"><ele>2345.4099731445312</ele></trkpt><trkpt lat="46.57791047496721" lon="8.539690416306257"><ele>2346.009979248047</ele></trkpt><trkpt lat="46.5779304751195" lon="8.539550416637212"><ele>2347.519989013672</ele></trkpt><trkpt lat="46.577980475500226" lon="8.539360417053103"><ele>2349.769989013672</ele></trkpt><trkpt lat="46.578020475804806" lon="8.539270417299122"><ele>2351.6699829101562</ele></trkpt><trkpt lat="46.57805047603324" lon="8.53918041754514"><ele>2353.3899841308594</ele></trkpt><trkpt lat="46.578080476261675" lon="8.539140417706221"><ele>2354.5699768066406</ele></trkpt><trkpt lat="46.5781304766424" lon="8.539080418180674"><ele>2356.3699951171875</ele></trkpt><trkpt lat="46.57819047709927" lon="8.538970418274403"><ele>2358.779998779297</ele></trkpt><trkpt lat="46.578260478097945" lon="8.538910419214517"><ele>2362.1499938964844</ele></trkpt><trkpt lat="46.578300478402525" lon="8.538860419299453"><ele>2363.8199768066406</ele></trkpt><trkpt lat="46.578320478554815" lon="8.538800419308245"><ele>2364.7999877929688</ele></trkpt><trkpt lat="46.57835047878325" lon="8.538710419554263"><ele>2366.5599975585938</ele></trkpt><trkpt lat="46.57841047924012" lon="8.53857042035088"><ele>2369.3899841308594</ele></trkpt><trkpt lat="46.578500479925424" lon="8.538310420699418"><ele>2372.439971923828</ele></trkpt><trkpt lat="46.578540480230004" lon="8.53825042117387"><ele>2373.7899780273438</ele></trkpt><trkpt lat="46.57860048068687" lon="8.538140421267599"><ele>2375.6599731445312</ele></trkpt><trkpt lat="46.57862048083916" lon="8.538070421200246"><ele>2376.3699951171875</ele></trkpt><trkpt lat="46.57862048083916" lon="8.538020421285182"><ele>2376.8399963378906</ele></trkpt><trkpt lat="46.578640481457114" lon="8.537880421616137"><ele>2378.8699951171875</ele></trkpt><trkpt lat="46.57865048153326" lon="8.537790421862155"><ele>2380.009979248047</ele></trkpt><trkpt lat="46.578680481761694" lon="8.537700422108173"><ele>2381.199981689453</ele></trkpt><trkpt lat="46.57869048183784" lon="8.537620422430336"><ele>2382.3699951171875</ele></trkpt><trkpt lat="46.5786904823035" lon="8.537560422439128"><ele>2383.0</ele></trkpt><trkpt lat="46.578700482379645" lon="8.53750042244792"><ele>2383.689971923828</ele></trkpt><trkpt lat="46.57873048260808" lon="8.537420422770083"><ele>2384.939971923828</ele></trkpt><trkpt lat="46.578760482836515" lon="8.537320422939956"><ele>2385.8399963378906</ele></trkpt><trkpt lat="46.57877048291266" lon="8.537250422872603"><ele>2386.2999877929688</ele></trkpt><trkpt lat="46.57877048291266" lon="8.537190423347056"><ele>2386.739990234375</ele></trkpt><trkpt lat="46.57879048306495" lon="8.53707042336464"><ele>2387.6399841308594</ele></trkpt><trkpt lat="46.57881048321724" lon="8.536960423458368"><ele>2388.519989013672</ele></trkpt><trkpt lat="46.578840483445674" lon="8.53688042378053"><ele>2389.009979248047</ele></trkpt><trkpt lat="46.57885048352182" lon="8.536800423637033"><ele>2389.449981689453</ele></trkpt><trkpt lat="46.578880483750254" lon="8.53669042373076"><ele>2389.989990234375</ele></trkpt><trkpt lat="46.57889048336074" lon="8.536610423587263"><ele>2390.0699768066406</ele></trkpt><trkpt lat="46.57890048343688" lon="8.536550423596054"><ele>2390.449981689453</ele></trkpt><trkpt lat="46.57894048374146" lon="8.536450423765928"><ele>2390.75</ele></trkpt><trkpt lat="46.57895048381761" lon="8.536330423783511"><ele>2390.75</ele></trkpt><trkpt lat="46.5789704839699" lon="8.53622042387724"><ele>2391.0</ele></trkpt><trkpt lat="46.57898048358038" lon="8.536150423809886"><ele>2390.949981689453</ele></trkpt><trkpt lat="46.578990483656526" lon="8.536080423742533"><ele>2390.8899841308594</ele></trkpt><trkpt lat="46.57902048388496" lon="8.535980423912406"><ele>2390.8399963378906</ele></trkpt><trkpt lat="46.57904048357159" lon="8.53582042362541"><ele>2390.22998046875</ele></trkpt><trkpt lat="46.579050483647734" lon="8.535720423795283"><ele>2390.0799865722656</ele></trkpt><trkpt lat="46.57906048325822" lon="8.535390423610806"><ele>2389.3799743652344</ele></trkpt><trkpt lat="46.57907048333436" lon="8.535330423619598"><ele>2389.3599853515625</ele></trkpt><trkpt lat="46.5791004835628" lon="8.53527042362839"><ele>2389.009979248047</ele></trkpt><trkpt lat="46.57911048317328" lon="8.53521042317152"><ele>2388.5</ele></trkpt><trkpt lat="46.57913048332557" lon="8.535180423408747"><ele>2388.0399780273438</ele></trkpt><trkpt lat="46.579140482936054" lon="8.535120423417538"><ele>2387.6399841308594</ele></trkpt><trkpt lat="46.5791504830122" lon="8.535070423036814"><ele>2387.969970703125</ele></trkpt><trkpt lat="46.5791504830122" lon="8.535010423511267"><ele>2388.199981689453</ele></trkpt><trkpt lat="46.57915048347786" lon="8.534950423520058"><ele>2388.5999755859375</ele></trkpt><trkpt lat="46.57913048332557" lon="8.53491042368114"><ele>2389.3299865722656</ele></trkpt><trkpt lat="46.57911048363894" lon="8.534850423689932"><ele>2389.739990234375</ele></trkpt><trkpt lat="46.57909048348665" lon="8.534760423470289"><ele>2389.47998046875</ele></trkpt><trkpt lat="46.57907048333436" lon="8.534730423707515"><ele>2389.709991455078</ele></trkpt><trkpt lat="46.579010483808815" lon="8.534680423792452"><ele>2390.439971923828</ele></trkpt><trkpt lat="46.578970483504236" lon="8.534660423640162"><ele>2389.949981689453</ele></trkpt><trkpt lat="46.57892048358917" lon="8.534650423564017"><ele>2389.969970703125</ele></trkpt><trkpt lat="46.57889048336074" lon="8.534630423411727"><ele>2389.719970703125</ele></trkpt><trkpt lat="46.578860483597964" lon="8.534600423648953"><ele>2389.1799926757812</ele></trkpt><trkpt lat="46.578840483445674" lon="8.534550423268229"><ele>2388.3699951171875</ele></trkpt><trkpt lat="46.57879048306495" lon="8.53447042312473"><ele>2386.5799865722656</ele></trkpt><trkpt lat="46.57873048260808" lon="8.534420422744006"><ele>2385.6299743652344</ele></trkpt><trkpt lat="46.57867048261687" lon="8.534370422828943"><ele>2384.5599975585938</ele></trkpt><trkpt lat="46.57865048246458" lon="8.534320422448218"><ele>2383.769989013672</ele></trkpt><trkpt lat="46.57865048199892" lon="8.5342804226093"><ele>2383.1799926757812</ele></trkpt><trkpt lat="46.578640481922776" lon="8.53426042245701"><ele>2382.6799926757812</ele></trkpt><trkpt lat="46.57863048184663" lon="8.534230422228575"><ele>2382.0799865722656</ele></trkpt><trkpt lat="46.57861048169434" lon="8.53422042215243"><ele>2381.519989013672</ele></trkpt><trkpt lat="46.57861048169434" lon="8.534100421704352"><ele>2379.8399963378906</ele></trkpt><trkpt lat="46.57861048122868" lon="8.534030421636999"><ele>2378.8899841308594</ele></trkpt><trkpt lat="46.57861048122868" lon="8.533960421569645"><ele>2378.2999877929688</ele></trkpt><trkpt lat="46.578580481000245" lon="8.533900421578437"><ele>2377.6099853515625</ele></trkpt><trkpt lat="46.578580481000245" lon="8.533850421197712"><ele>2377.1499938964844</ele></trkpt><trkpt lat="46.578580481000245" lon="8.533840421121567"><ele>2376.8099975585938</ele></trkpt><trkpt lat="46.578540480695665" lon="8.533820420969278"><ele>2375.6699829101562</ele></trkpt><trkpt lat="46.578520480543375" lon="8.533780420664698"><ele>2374.689971923828</ele></trkpt><trkpt lat="46.57851048046723" lon="8.53376042097807"><ele>2374.5399780273438</ele></trkpt><trkpt lat="46.57851048046723" lon="8.533700420986861"><ele>2374.489990234375</ele></trkpt><trkpt lat="46.578500480391085" lon="8.533680420834571"><ele>2373.8799743652344</ele></trkpt><trkpt lat="46.578460480086505" lon="8.533580420538783"><ele>2373.3799743652344</ele></trkpt><trkpt lat="46.57845048001036" lon="8.53355042077601"><ele>2373.0599975585938</ele></trkpt><trkpt lat="46.57843047985807" lon="8.53351042047143"><ele>2372.2899780273438</ele></trkpt><trkpt lat="46.57841047970578" lon="8.533500420395285"><ele>2371.759979248047</ele></trkpt><trkpt lat="46.57839048001915" lon="8.53349042031914"><ele>2371.3099975585938</ele></trkpt><trkpt lat="46.57839047955349" lon="8.53345042001456"><ele>2370.97998046875</ele></trkpt><trkpt lat="46.578380479477346" lon="8.533390420023352"><ele>2370.5699768066406</ele></trkpt><trkpt lat="46.57837047986686" lon="8.533360420260578"><ele>2370.3899841308594</ele></trkpt><trkpt lat="46.57835047971457" lon="8.533350420184433"><ele>2370.2899780273438</ele></trkpt><trkpt lat="46.57833047956228" lon="8.533360420260578"><ele>2370.47998046875</ele></trkpt><trkpt lat="46.578310479875654" lon="8.533390420023352"><ele>2370.8199768066406</ele></trkpt><trkpt lat="46.57826047996059" lon="8.533400420099497"><ele>2371.5</ele></trkpt><trkpt lat="46.578230479732156" lon="8.533420420251787"><ele>2371.2899780273438</ele></trkpt><trkpt lat="46.57817047974095" lon="8.533480420242995"><ele>2371.0399780273438</ele></trkpt><trkpt lat="46.578120479825884" lon="8.533520420081913"><ele>2370.6599731445312</ele></trkpt><trkpt lat="46.578060479369015" lon="8.533590419683605"><ele>2369.0499877929688</ele></trkpt><trkpt lat="46.57803047914058" lon="8.533640419598669"><ele>2368.439971923828</ele></trkpt><trkpt lat="46.578000479377806" lon="8.533690419513732"><ele>2368.0699768066406</ele></trkpt><trkpt lat="46.57797047914937" lon="8.533700419589877"><ele>2367.509979248047</ele></trkpt><trkpt lat="46.5779104786925" lon="8.53371041920036"><ele>2365.5999755859375</ele></trkpt><trkpt lat="46.57787047838792" lon="8.53371041920036"><ele>2364.949981689453</ele></trkpt><trkpt lat="46.57784047862515" lon="8.53373041888699"><ele>2364.5</ele></trkpt><trkpt lat="46.577810478396714" lon="8.53375041903928"><ele>2363.7999877929688</ele></trkpt><trkpt lat="46.57780047832057" lon="8.533770418725908"><ele>2363.519989013672</ele></trkpt><trkpt lat="46.577790478244424" lon="8.533830418717116"><ele>2362.449981689453</ele></trkpt><trkpt lat="46.57777047762647" lon="8.53388041863218"><ele>2361.3199768066406</ele></trkpt><trkpt lat="46.57774047739804" lon="8.533950418233871"><ele>2359.8399963378906</ele></trkpt><trkpt lat="46.577710477635264" lon="8.533910418394953"><ele>2359.689971923828</ele></trkpt><trkpt lat="46.577690477482975" lon="8.533880418166518"><ele>2359.8499755859375</ele></trkpt><trkpt lat="46.5776604777202" lon="8.533880418166518"><ele>2359.709991455078</ele></trkpt><trkpt lat="46.577630477491766" lon="8.533890418242663"><ele>2359.5999755859375</ele></trkpt><trkpt lat="46.57760047726333" lon="8.533910418394953"><ele>2359.5899963378906</ele></trkpt><trkpt lat="46.5775804775767" lon="8.533940418157727"><ele>2359.6599731445312</ele></trkpt><trkpt lat="46.57755047734827" lon="8.533980418462306"><ele>2359.699981689453</ele></trkpt><trkpt lat="46.577520477585495" lon="8.534020418301225"><ele>2359.719970703125</ele></trkpt><trkpt lat="46.57747047767043" lon="8.53405041852966"><ele>2359.75</ele></trkpt><trkpt lat="46.577440477441996" lon="8.534090418368578"><ele>2359.769989013672</ele></trkpt><trkpt lat="46.57738047745079" lon="8.534130418207496"><ele>2360.1799926757812</ele></trkpt><trkpt lat="46.57734047761187" lon="8.534170418512076"><ele>2360.47998046875</ele></trkpt><trkpt lat="46.57730047777295" lon="8.53422041842714"><ele>2360.8099975585938</ele></trkpt><trkpt lat="46.57726047793403" lon="8.534270418342203"><ele>2361.22998046875</ele></trkpt><trkpt lat="46.5772304777056" lon="8.534300418570638"><ele>2361.5699768066406</ele></trkpt><trkpt lat="46.57719047786668" lon="8.534320418722928"><ele>2362.1299743652344</ele></trkpt><trkpt lat="46.577180477790534" lon="8.534340418875217"><ele>2362.3799743652344</ele></trkpt><trkpt lat="46.57715047802776" lon="8.534360419027507"><ele>2362.699981689453</ele></trkpt><trkpt lat="46.57711047818884" lon="8.534380419179797"><ele>2363.6299743652344</ele></trkpt><trkpt lat="46.57708047842607" lon="8.534390419255942"><ele>2364.4199829101562</ele></trkpt><trkpt lat="46.577030478511006" lon="8.53445041924715"><ele>2364.6599731445312</ele></trkpt><trkpt lat="46.57698047859594" lon="8.53447041939944"><ele>2365.6599731445312</ele></trkpt><trkpt lat="46.576940478757024" lon="8.53447041939944"><ele>2366.1399841308594</ele></trkpt><trkpt lat="46.57691047852859" lon="8.534430419560522"><ele>2366.1499938964844</ele></trkpt><trkpt lat="46.57686047907919" lon="8.534310419578105"><ele>2367.199981689453</ele></trkpt><trkpt lat="46.57682047924027" lon="8.534260419663042"><ele>2367.8899841308594</ele></trkpt><trkpt lat="46.57678047940135" lon="8.534230419900268"><ele>2368.97998046875</ele></trkpt><trkpt lat="46.576710479334" lon="8.53421042021364"><ele>2369.8199768066406</ele></trkpt><trkpt lat="46.57669047964737" lon="8.534180419985205"><ele>2369.97998046875</ele></trkpt><trkpt lat="46.57659047981724" lon="8.534160420298576"><ele>2371.3199768066406</ele></trkpt><trkpt lat="46.57655047997832" lon="8.534150420222431"><ele>2371.4299926757812</ele></trkpt><trkpt lat="46.57654047990218" lon="8.534130420535803"><ele>2371.5399780273438</ele></trkpt><trkpt lat="46.57652047974989" lon="8.53408042062074"><ele>2371.939971923828</ele></trkpt><trkpt lat="46.576490479987115" lon="8.533960420638323"><ele>2372.6699829101562</ele></trkpt><trkpt lat="46.576470479834825" lon="8.533940420486033"><ele>2372.699981689453</ele></trkpt><trkpt lat="46.57644048007205" lon="8.533920420799404"><ele>2373.1699829101562</ele></trkpt><trkpt lat="46.57640048023313" lon="8.53391042072326"><ele>2373.3899841308594</ele></trkpt><trkpt lat="46.5762404804118" lon="8.53391042072326"><ele>2374.5</ele></trkpt><trkpt lat="46.576210480649024" lon="8.533920420799404"><ele>2374.8699951171875</ele></trkpt><trkpt lat="46.576170480344445" lon="8.533940420951694"><ele>2375.1499938964844</ele></trkpt><trkpt lat="46.576150480657816" lon="8.53395042102784"><ele>2375.029998779297</ele></trkpt><trkpt lat="46.576110480353236" lon="8.533990420866758"><ele>2374.939971923828</ele></trkpt><trkpt lat="46.57608048059046" lon="8.533990420866758"><ele>2375.769989013672</ele></trkpt><trkpt lat="46.57592048076913" lon="8.533980420790613"><ele>2375.459991455078</ele></trkpt><trkpt lat="46.57588048046455" lon="8.533970421180129"><ele>2375.699981689453</ele></trkpt><trkpt lat="46.57584048062563" lon="8.533970421180129"><ele>2376.029998779297</ele></trkpt><trkpt lat="46.575810480862856" lon="8.533990421332419"><ele>2376.029998779297</ele></trkpt><trkpt lat="46.575790480710566" lon="8.533990421332419"><ele>2376.219970703125</ele></trkpt><trkpt lat="46.5757404807955" lon="8.533990421332419"><ele>2376.8899841308594</ele></trkpt><trkpt lat="46.57567048119381" lon="8.533980421256274"><ele>2377.8699951171875</ele></trkpt><trkpt lat="46.57562048127875" lon="8.533980421721935"><ele>2378.5</ele></trkpt><trkpt lat="46.575570481363684" lon="8.534000421408564"><ele>2378.8799743652344</ele></trkpt><trkpt lat="46.575530481059104" lon="8.534020421560854"><ele>2379.209991455078</ele></trkpt><trkpt lat="46.57548048114404" lon="8.534050421789289"><ele>2379.3999938964844</ele></trkpt><trkpt lat="46.57539048139006" lon="8.534150421619415"><ele>2379.6499938964844</ele></trkpt><trkpt lat="46.575380481313914" lon="8.53418042184785"><ele>2379.8199768066406</ele></trkpt><trkpt lat="46.575360481627285" lon="8.534220421686769"><ele>2379.8899841308594</ele></trkpt><trkpt lat="46.575340481474996" lon="8.534250421915203"><ele>2379.939971923828</ele></trkpt><trkpt lat="46.57531048124656" lon="8.534270422067493"><ele>2380.209991455078</ele></trkpt><trkpt lat="46.57524048164487" lon="8.534300421830267"><ele>2380.269989013672</ele></trkpt><trkpt lat="46.57516048150137" lon="8.534330422058702"><ele>2380.6799926757812</ele></trkpt><trkpt lat="46.57514048134908" lon="8.534360421821475"><ele>2380.699981689453</ele></trkpt><trkpt lat="46.57512048166245" lon="8.53439042204991"><ele>2380.5499877929688</ele></trkpt><trkpt lat="46.57508048135787" lon="8.534440421964973"><ele>2380.6199951171875</ele></trkpt><trkpt lat="46.575040481518954" lon="8.534490421880037"><ele>2380.47998046875</ele></trkpt><trkpt lat="46.574980481527746" lon="8.534570422023535"><ele>2381.1199951171875</ele></trkpt><trkpt lat="46.57496048184112" lon="8.534630422014743"><ele>2381.2999877929688</ele></trkpt><trkpt lat="46.574870481621474" lon="8.53479042230174"><ele>2381.759979248047</ele></trkpt><trkpt lat="46.5748404818587" lon="8.534840422216803"><ele>2382.1099853515625</ele></trkpt><trkpt lat="46.574830481782556" lon="8.534840422216803"><ele>2382.209991455078</ele></trkpt><trkpt lat="46.57482048170641" lon="8.534830422140658"><ele>2382.5799865722656</ele></trkpt><trkpt lat="46.57482048217207" lon="8.53481042245403"><ele>2383.019989013672</ele></trkpt><trkpt lat="46.57483048224822" lon="8.534750422462821"><ele>2384.0</ele></trkpt><trkpt lat="46.57484048232436" lon="8.534680422861129"><ele>2384.699981689453</ele></trkpt><trkpt lat="46.57485048240051" lon="8.53464042255655"><ele>2385.489990234375</ele></trkpt><trkpt lat="46.57486048247665" lon="8.53460042271763"><ele>2386.279998779297</ele></trkpt><trkpt lat="46.57485048286617" lon="8.534580423031002"><ele>2386.4299926757812</ele></trkpt><trkpt lat="46.574800482951105" lon="8.534590423107147"><ele>2387.3999938964844</ele></trkpt><trkpt lat="46.57479048287496" lon="8.534590423107147"><ele>2387.7899780273438</ele></trkpt><trkpt lat="46.574780482798815" lon="8.534610423259437"><ele>2388.189971923828</ele></trkpt><trkpt lat="46.574760483112186" lon="8.534640423487872"><ele>2388.6599731445312</ele></trkpt><trkpt lat="46.57474048342556" lon="8.534670423250645"><ele>2389.3799743652344</ele></trkpt><trkpt lat="46.57470048358664" lon="8.53472042363137"><ele>2390.4299926757812</ele></trkpt><trkpt lat="46.574670483358204" lon="8.534760423470289"><ele>2390.2899780273438</ele></trkpt><trkpt lat="46.57462048344314" lon="8.534800423774868"><ele>2390.209991455078</ele></trkpt><trkpt lat="46.57459048368037" lon="8.534840423613787"><ele>2390.5799865722656</ele></trkpt><trkpt lat="46.57455048384145" lon="8.53491042368114"><ele>2391.8199768066406</ele></trkpt><trkpt lat="46.574520484078676" lon="8.53497042413801"><ele>2392.7899780273438</ele></trkpt><trkpt lat="46.57451048400253" lon="8.534980424214154"><ele>2393.0899963378906</ele></trkpt><trkpt lat="46.5744904843159" lon="8.53497042413801"><ele>2393.699981689453</ele></trkpt><trkpt lat="46.5744904843159" lon="8.534940424375236"><ele>2394.1799926757812</ele></trkpt><trkpt lat="46.57448048423976" lon="8.534890424460173"><ele>2395.1399841308594</ele></trkpt><trkpt lat="46.57447048462927" lon="8.534850424621254"><ele>2396.019989013672</ele></trkpt><trkpt lat="46.5744404848665" lon="8.53482042485848"><ele>2397.199981689453</ele></trkpt><trkpt lat="46.574410485103726" lon="8.534780425019562"><ele>2397.969970703125</ele></trkpt><trkpt lat="46.57437048526481" lon="8.534740425180644"><ele>2399.269989013672</ele></trkpt><trkpt lat="46.57435048557818" lon="8.53469042526558"><ele>2400.0599975585938</ele></trkpt><trkpt lat="46.57433048542589" lon="8.534610425587744"><ele>2400.699981689453</ele></trkpt><trkpt lat="46.574300485663116" lon="8.53437042562291"><ele>2402.0699768066406</ele></trkpt><trkpt lat="46.57429048558697" lon="8.534330425783992"><ele>2402.219970703125</ele></trkpt><trkpt lat="46.57428048597649" lon="8.534300425555557"><ele>2402.219970703125</ele></trkpt><trkpt lat="46.57428048597649" lon="8.534240425564349"><ele>2402.3399963378906</ele></trkpt><trkpt lat="46.57427048590034" lon="8.534170425962657"><ele>2402.939971923828</ele></trkpt><trkpt lat="46.57425048574805" lon="8.53403042582795"><ele>2402.8799743652344</ele></trkpt><trkpt lat="46.574250486213714" lon="8.533940426073968"><ele>2403.4299926757812</ele></trkpt><trkpt lat="46.574250486213714" lon="8.533820426091552"><ele>2404.459991455078</ele></trkpt><trkpt lat="46.57424048613757" lon="8.533740425948054"><ele>2404.709991455078</ele></trkpt><trkpt lat="46.57424048613757" lon="8.533660426270217"><ele>2404.8299865722656</ele></trkpt><trkpt lat="46.574250486213714" lon="8.53352042613551"><ele>2405.1199951171875</ele></trkpt><trkpt lat="46.57424048660323" lon="8.533420426305383"><ele>2406.8899841308594</ele></trkpt><trkpt lat="46.57424048706889" lon="8.533270426560193"><ele>2408.4299926757812</ele></trkpt><trkpt lat="46.57419048715383" lon="8.532980426680297"><ele>2408.3199768066406</ele></trkpt><trkpt lat="46.57419048715383" lon="8.532870426774025"><ele>2408.459991455078</ele></trkpt><trkpt lat="46.57418048707768" lon="8.532780426554382"><ele>2408.5</ele></trkpt><trkpt lat="46.57418048707768" lon="8.532680426724255"><ele>2408.3099975585938</ele></trkpt><trkpt lat="46.57417048700154" lon="8.532630426809192"><ele>2408.3799743652344</ele></trkpt><trkpt lat="46.57415048684925" lon="8.532590426504612"><ele>2408.009979248047</ele></trkpt><trkpt lat="46.574120486620814" lon="8.532530426513404"><ele>2407.009979248047</ele></trkpt><trkpt lat="46.57409048685804" lon="8.532490426208824"><ele>2406.6199951171875</ele></trkpt><trkpt lat="46.574060486629605" lon="8.532450426369905"><ele>2406.5999755859375</ele></trkpt><trkpt lat="46.57405048655346" lon="8.532400426454842"><ele>2406.6199951171875</ele></trkpt><trkpt lat="46.57405048655346" lon="8.532340426463634"><ele>2406.759979248047</ele></trkpt><trkpt lat="46.574060486629605" lon="8.532280426472425"><ele>2407.1199951171875</ele></trkpt><trkpt lat="46.574060486629605" lon="8.53225042624399"><ele>2407.5399780273438</ele></trkpt><trkpt lat="46.57405048701912" lon="8.532200426328927"><ele>2407.5899963378906</ele></trkpt><trkpt lat="46.57404048694298" lon="8.532180426642299"><ele>2407.7999877929688</ele></trkpt><trkpt lat="46.57404048694298" lon="8.532130426727235"><ele>2408.0999755859375</ele></trkpt><trkpt lat="46.57403048686683" lon="8.532080426812172"><ele>2408.3999938964844</ele></trkpt><trkpt lat="46.57402048725635" lon="8.532020426820964"><ele>2409.459991455078</ele></trkpt><trkpt lat="46.57400048710406" lon="8.531980426982045"><ele>2409.8499755859375</ele></trkpt><trkpt lat="46.573970487341285" lon="8.531900426838547"><ele>2410.8199768066406</ele></trkpt><trkpt lat="46.573970487806946" lon="8.531830427236855"><ele>2412.6099853515625</ele></trkpt><trkpt lat="46.57398048788309" lon="8.531770427711308"><ele>2413.5699768066406</ele></trkpt><trkpt lat="46.57397048827261" lon="8.531730427406728"><ele>2413.939971923828</ele></trkpt><trkpt lat="46.57395048812032" lon="8.531730427406728"><ele>2413.8899841308594</ele></trkpt><trkpt lat="46.573920488357544" lon="8.53169042756781"><ele>2415.029998779297</ele></trkpt><trkpt lat="46.573880488518625" lon="8.531690428033471"><ele>2415.8699951171875</ele></trkpt><trkpt lat="46.57385048875585" lon="8.531670427881181"><ele>2416.969970703125</ele></trkpt><trkpt lat="46.57381048891693" lon="8.531610428355634"><ele>2419.1099853515625</ele></trkpt><trkpt lat="46.57380048930645" lon="8.531550428830087"><ele>2420.709991455078</ele></trkpt><trkpt lat="46.57379049062729" lon="8.531350429635495"><ele>2427.0699768066406</ele></trkpt><trkpt lat="46.57378049148247" lon="8.531210430432111"><ele>2432.0699768066406</ele></trkpt><trkpt lat="46.57382049271837" lon="8.531060431618243"><ele>2436.769989013672</ele></trkpt><trkpt lat="46.573810492642224" lon="8.53103043185547"><ele>2437.75</ele></trkpt><trkpt lat="46.57380049303174" lon="8.531030431389809"><ele>2437.6299743652344</ele></trkpt><trkpt lat="46.573770492803305" lon="8.531060431618243"><ele>2438.3199768066406</ele></trkpt><trkpt lat="46.57376049319282" lon="8.53103043185547"><ele>2439.1799926757812</ele></trkpt><trkpt lat="46.57377049326897" lon="8.530980431940407"><ele>2440.6299743652344</ele></trkpt><trkpt lat="46.57377049373463" lon="8.530930432491004"><ele>2442.8999938964844</ele></trkpt><trkpt lat="46.57377049420029" lon="8.530840433202684"><ele>2445.5399780273438</ele></trkpt><trkpt lat="46.57381049543619" lon="8.530690433923155"><ele>2450.239990234375</ele></trkpt><trkpt lat="46.573840495664626" lon="8.530660434160382"><ele>2451.739990234375</ele></trkpt><trkpt lat="46.57387049589306" lon="8.530650434084237"><ele>2452.6799926757812</ele></trkpt><trkpt lat="46.573880495969206" lon="8.530610434245318"><ele>2453.779998779297</ele></trkpt><trkpt lat="46.57389049604535" lon="8.5305704344064"><ele>2454.5</ele></trkpt><trkpt lat="46.57390049658716" lon="8.530520434491336"><ele>2455.529998779297</ele></trkpt><trkpt lat="46.57392049673945" lon="8.53046043496579"><ele>2456.3499755859375</ele></trkpt><trkpt lat="46.57392049673945" lon="8.53042043512687"><ele>2457.259979248047</ele></trkpt><trkpt lat="46.57392049767077" lon="8.530240435618907"><ele>2460.8699951171875</ele></trkpt><trkpt lat="46.57390049751848" lon="8.530200435779989"><ele>2461.7899780273438</ele></trkpt><trkpt lat="46.573890497907996" lon="8.530130435712636"><ele>2462.7999877929688</ele></trkpt><trkpt lat="46.57388049783185" lon="8.530020436272025"><ele>2463.8399963378906</ele></trkpt><trkpt lat="46.57386049814522" lon="8.529950436204672"><ele>2463.709991455078</ele></trkpt><trkpt lat="46.57384049799293" lon="8.529920435976237"><ele>2463.5</ele></trkpt><trkpt lat="46.57382049784064" lon="8.529900436289608"><ele>2463.6199951171875</ele></trkpt><trkpt lat="46.573800498154014" lon="8.529870436061174"><ele>2463.6299743652344</ele></trkpt><trkpt lat="46.573780498001724" lon="8.529860435985029"><ele>2463.6099853515625</ele></trkpt><trkpt lat="46.573740498162806" lon="8.529860435985029"><ele>2463.7999877929688</ele></trkpt><trkpt lat="46.57371049793437" lon="8.529880435671657"><ele>2462.6599731445312</ele></trkpt><trkpt lat="46.57367049762979" lon="8.52993043558672"><ele>2461.5999755859375</ele></trkpt><trkpt lat="46.57363049732521" lon="8.52995043573901"><ele>2460.6799926757812</ele></trkpt><trkpt lat="46.57361049717292" lon="8.529940435662866"><ele>2460.0799865722656</ele></trkpt><trkpt lat="46.57360049709678" lon="8.52991043543443"><ele>2459.519989013672</ele></trkpt><trkpt lat="46.57358049694449" lon="8.529880435205996"><ele>2458.5899963378906</ele></trkpt><trkpt lat="46.573580496478826" lon="8.529790434986353"><ele>2457.019989013672</ele></trkpt><trkpt lat="46.573560496326536" lon="8.529760434757918"><ele>2456.009979248047</ele></trkpt><trkpt lat="46.5735304960981" lon="8.529760434757918"><ele>2455.1699829101562</ele></trkpt><trkpt lat="46.57350049633533" lon="8.529760434292257"><ele>2454.449981689453</ele></trkpt><trkpt lat="46.57348049618304" lon="8.529750434216112"><ele>2453.72998046875</ele></trkpt><trkpt lat="46.57346049603075" lon="8.529730434063822"><ele>2453.1699829101562</ele></trkpt><trkpt lat="46.57341049565002" lon="8.529730434063822"><ele>2451.449981689453</ele></trkpt><trkpt lat="46.57338049542159" lon="8.52973043359816"><ele>2450.4099731445312</ele></trkpt><trkpt lat="46.57330049527809" lon="8.529650433454663"><ele>2449.1699829101562</ele></trkpt><trkpt lat="46.57326049497351" lon="8.529630433302373"><ele>2448.9299926757812</ele></trkpt><trkpt lat="46.573230494745076" lon="8.529570433311164"><ele>2448.6199951171875</ele></trkpt><trkpt lat="46.57318049483001" lon="8.529510433319956"><ele>2447.509979248047</ele></trkpt><trkpt lat="46.57316049467772" lon="8.529490433167666"><ele>2446.8699951171875</ele></trkpt><trkpt lat="46.57312049437314" lon="8.529530433006585"><ele>2446.3499755859375</ele></trkpt><trkpt lat="46.57307049445808" lon="8.529570432845503"><ele>2446.019989013672</ele></trkpt><trkpt lat="46.573040494229645" lon="8.529570432845503"><ele>2445.279998779297</ele></trkpt><trkpt lat="46.573000494390726" lon="8.529550432693213"><ele>2444.959991455078</ele></trkpt><trkpt lat="46.57294049393386" lon="8.52948043262586"><ele>2444.189971923828</ele></trkpt><trkpt lat="46.57292049424723" lon="8.529430432710797"><ele>2444.3799743652344</ele></trkpt><trkpt lat="46.57288049440831" lon="8.529380432795733"><ele>2444.8699951171875</ele></trkpt><trkpt lat="46.572830494027585" lon="8.529350432567298"><ele>2444.9099731445312</ele></trkpt><trkpt lat="46.57280049426481" lon="8.529320432804525"><ele>2445.3499755859375</ele></trkpt><trkpt lat="46.5727404942736" lon="8.529230432584882"><ele>2444.959991455078</ele></trkpt><trkpt lat="46.57273049419746" lon="8.529200432822108"><ele>2444.949981689453</ele></trkpt><trkpt lat="46.57271049404517" lon="8.529030432458967"><ele>2444.009979248047</ele></trkpt><trkpt lat="46.57269049389288" lon="8.528990432620049"><ele>2443.1199951171875</ele></trkpt><trkpt lat="46.57267049374059" lon="8.528950432315469"><ele>2442.8599853515625</ele></trkpt><trkpt lat="46.572640493977815" lon="8.528900432400405"><ele>2443.1499938964844</ele></trkpt><trkpt lat="46.57261049374938" lon="8.528870432637632"><ele>2443.6399841308594</ele></trkpt><trkpt lat="46.5726004941389" lon="8.528820432722569"><ele>2443.97998046875</ele></trkpt><trkpt lat="46.57257049391046" lon="8.52874043257907"><ele>2444.4299926757812</ele></trkpt><trkpt lat="46.57253049407154" lon="8.528710432816297"><ele>2444.1199951171875</ele></trkpt><trkpt lat="46.57248049415648" lon="8.528630432672799"><ele>2444.209991455078</ele></trkpt><trkpt lat="46.572450493928045" lon="8.528580432757735"><ele>2444.259979248047</ele></trkpt><trkpt lat="46.57244049431756" lon="8.528540432453156"><ele>2444.6199951171875</ele></trkpt><trkpt lat="46.57243049424142" lon="8.528440432623029"><ele>2444.939971923828</ele></trkpt><trkpt lat="46.57243049424142" lon="8.52838043263182"><ele>2444.9199829101562</ele></trkpt><trkpt lat="46.57243049424142" lon="8.528320432640612"><ele>2444.6699829101562</ele></trkpt><trkpt lat="46.57243049424142" lon="8.52821043273434"><ele>2444.5399780273438</ele></trkpt><trkpt lat="46.57242049416527" lon="8.528160432819277"><ele>2444.519989013672</ele></trkpt><trkpt lat="46.57241049408913" lon="8.528120432514697"><ele>2444.6599731445312</ele></trkpt><trkpt lat="46.5723904944025" lon="8.528070432599634"><ele>2445.2999877929688</ele></trkpt><trkpt lat="46.572340494487435" lon="8.528020433150232"><ele>2447.1499938964844</ele></trkpt><trkpt lat="46.572320494800806" lon="8.527960433159024"><ele>2447.769989013672</ele></trkpt><trkpt lat="46.57231049472466" lon="8.52791043324396"><ele>2448.529998779297</ele></trkpt><trkpt lat="46.57229049503803" lon="8.52778043365106"><ele>2449.6399841308594</ele></trkpt><trkpt lat="46.572270495351404" lon="8.527730433735996"><ele>2450.0</ele></trkpt><trkpt lat="46.572250495199114" lon="8.527690433431417"><ele>2449.5</ele></trkpt><trkpt lat="46.572230495046824" lon="8.527650433126837"><ele>2448.6199951171875</ele></trkpt><trkpt lat="46.57220049481839" lon="8.527630432974547"><ele>2447.469970703125</ele></trkpt><trkpt lat="46.57221049442887" lon="8.527560432907194"><ele>2446.1799926757812</ele></trkpt><trkpt lat="46.57219049427658" lon="8.527530432678759"><ele>2445.4199829101562</ele></trkpt><trkpt lat="46.57214049436152" lon="8.52749043283984"><ele>2445.25</ele></trkpt><trkpt lat="46.57212049420923" lon="8.52747043268755"><ele>2444.529998779297</ele></trkpt><trkpt lat="46.572090493980795" lon="8.527330432552844"><ele>2444.5999755859375</ele></trkpt><trkpt lat="46.572090493980795" lon="8.527250432409346"><ele>2444.239990234375</ele></trkpt><trkpt lat="46.57208049390465" lon="8.527220432646573"><ele>2444.279998779297</ele></trkpt><trkpt lat="46.57207049429417" lon="8.52715043257922"><ele>2444.8399963378906</ele></trkpt><trkpt lat="46.57206049421802" lon="8.527090432588011"><ele>2445.8799743652344</ele></trkpt><trkpt lat="46.57205049460754" lon="8.527030433062464"><ele>2446.6299743652344</ele></trkpt><trkpt lat="46.57206049468368" lon="8.52696043299511"><ele>2447.6299743652344</ele></trkpt><trkpt lat="46.57205049460754" lon="8.526890432927758"><ele>2447.719970703125</ele></trkpt><trkpt lat="46.57205049460754" lon="8.526840433012694"><ele>2447.97998046875</ele></trkpt><trkpt lat="46.572040494997054" lon="8.526760433334857"><ele>2448.459991455078</ele></trkpt><trkpt lat="46.57203049492091" lon="8.52664043335244"><ele>2448.5699768066406</ele></trkpt><trkpt lat="46.572020494844764" lon="8.526580433361232"><ele>2448.0599975585938</ele></trkpt><trkpt lat="46.57199049508199" lon="8.526480433531106"><ele>2449.6199951171875</ele></trkpt><trkpt lat="46.571980495005846" lon="8.526440433226526"><ele>2449.8299865722656</ele></trkpt><trkpt lat="46.57199049554765" lon="8.526400433387607"><ele>2450.72998046875</ele></trkpt><trkpt lat="46.5720004956238" lon="8.526370433624834"><ele>2451.5799865722656</ele></trkpt><trkpt lat="46.5720004956238" lon="8.52634043386206"><ele>2452.3699951171875</ele></trkpt><trkpt lat="46.57200049608946" lon="8.526290433946997"><ele>2453.709991455078</ele></trkpt><trkpt lat="46.571950496640056" lon="8.526190434582531"><ele>2456.5399780273438</ele></trkpt><trkpt lat="46.571950496640056" lon="8.526160434819758"><ele>2457.1399841308594</ele></trkpt><trkpt lat="46.571950496640056" lon="8.52612043498084"><ele>2457.939971923828</ele></trkpt><trkpt lat="46.57195049710572" lon="8.526070435065776"><ele>2459.1399841308594</ele></trkpt><trkpt lat="46.57194049702957" lon="8.526030435226858"><ele>2459.689971923828</ele></trkpt><trkpt lat="46.57189049711451" lon="8.52595043508336"><ele>2460.439971923828</ele></trkpt><trkpt lat="46.5718604978174" lon="8.525850435718894"><ele>2463.47998046875</ele></trkpt><trkpt lat="46.57184049813077" lon="8.525790436193347"><ele>2464.75</ele></trkpt><trkpt lat="46.571790498215705" lon="8.525730436202139"><ele>2465.989990234375</ele></trkpt><trkpt lat="46.57176049845293" lon="8.52569043636322"><ele>2467.269989013672</ele></trkpt><trkpt lat="46.57175049884245" lon="8.525610436685383"><ele>2468.8999938964844</ele></trkpt><trkpt lat="46.571720499079674" lon="8.525500436779112"><ele>2470.239990234375</ele></trkpt><trkpt lat="46.5716904993169" lon="8.525470437016338"><ele>2470.7999877929688</ele></trkpt><trkpt lat="46.57165049947798" lon="8.52543043717742"><ele>2472.3199768066406</ele></trkpt><trkpt lat="46.57155050057918" lon="8.525330437812954"><ele>2476.0499877929688</ele></trkpt><trkpt lat="46.571520500816405" lon="8.525180438533425"><ele>2478.3199768066406</ele></trkpt><trkpt lat="46.57151050120592" lon="8.525110438466072"><ele>2479.47998046875</ele></trkpt><trkpt lat="46.57151050120592" lon="8.525030438788235"><ele>2479.8299865722656</ele></trkpt><trkpt lat="46.571520501282066" lon="8.52498043840751"><ele>2479.8599853515625</ele></trkpt><trkpt lat="46.57153050135821" lon="8.524870438501239"><ele>2480.009979248047</ele></trkpt><trkpt lat="46.57153050089255" lon="8.524800438433886"><ele>2479.739990234375</ele></trkpt><trkpt lat="46.57153050089255" lon="8.524730438366532"><ele>2479.8599853515625</ele></trkpt><trkpt lat="46.571500501129776" lon="8.52462043846026"><ele>2480.0399780273438</ele></trkpt><trkpt lat="46.571500501129776" lon="8.524550438392907"><ele>2480.269989013672</ele></trkpt><trkpt lat="46.57149050105363" lon="8.524500438477844"><ele>2480.22998046875</ele></trkpt><trkpt lat="46.57146050129086" lon="8.524480438325554"><ele>2479.8199768066406</ele></trkpt><trkpt lat="46.571410501375794" lon="8.524460438638926"><ele>2480.009979248047</ele></trkpt><trkpt lat="46.57138050114736" lon="8.52443043841049"><ele>2480.2899780273438</ele></trkpt><trkpt lat="46.571350501384586" lon="8.524370438884944"><ele>2480.939971923828</ele></trkpt><trkpt lat="46.571330501232296" lon="8.524330438580364"><ele>2481.3999938964844</ele></trkpt><trkpt lat="46.57128050131723" lon="8.5242804386653"><ele>2481.1199951171875</ele></trkpt><trkpt lat="46.57127050124109" lon="8.524230438750237"><ele>2480.8499755859375</ele></trkpt><trkpt lat="46.57126050116494" lon="8.524170438759029"><ele>2480.469970703125</ele></trkpt><trkpt lat="46.5712505010888" lon="8.524140438530594"><ele>2480.1099853515625</ele></trkpt><trkpt lat="46.57123050093651" lon="8.52411043830216"><ele>2479.759979248047</ele></trkpt><trkpt lat="46.571200501173735" lon="8.52409043861553"><ele>2479.239990234375</ele></trkpt><trkpt lat="46.571160500869155" lon="8.524060438387096"><ele>2478.5499877929688</ele></trkpt><trkpt lat="46.571140500716865" lon="8.524060438387096"><ele>2478.0999755859375</ele></trkpt><trkpt lat="46.57113050064072" lon="8.524060437921435"><ele>2477.8299865722656</ele></trkpt><trkpt lat="46.571120500564575" lon="8.52409043814987"><ele>2477.269989013672</ele></trkpt><trkpt lat="46.57109050033614" lon="8.524140438064933"><ele>2476.769989013672</ele></trkpt><trkpt lat="46.57106050057337" lon="8.524180437903851"><ele>2476.2899780273438</ele></trkpt><trkpt lat="46.57101050019264" lon="8.524210437666625"><ele>2476.2899780273438</ele></trkpt><trkpt lat="46.5710105006583" lon="8.524210438132286"><ele>2476.759979248047</ele></trkpt><trkpt lat="46.570930500514805" lon="8.524250437971205"><ele>2477.219970703125</ele></trkpt><trkpt lat="46.57090050075203" lon="8.524270438123494"><ele>2477.3899841308594</ele></trkpt><trkpt lat="46.57088050059974" lon="8.524310437962413"><ele>2477.469970703125</ele></trkpt><trkpt lat="46.57088050059974" lon="8.524370437953621"><ele>2477.3299865722656</ele></trkpt><trkpt lat="46.57088050059974" lon="8.524390438105911"><ele>2477.1299743652344</ele></trkpt><trkpt lat="46.57085050037131" lon="8.524440438020974"><ele>2476.959991455078</ele></trkpt><trkpt lat="46.570820500608534" lon="8.524460438173264"><ele>2476.9299926757812</ele></trkpt><trkpt lat="46.570800500456244" lon="8.524480437859893"><ele>2476.9199829101562</ele></trkpt><trkpt lat="46.5707905003801" lon="8.524510438088328"><ele>2476.699981689453</ele></trkpt><trkpt lat="46.570780500303954" lon="8.524540437851101"><ele>2476.689971923828</ele></trkpt><trkpt lat="46.57073050038889" lon="8.524570438079536"><ele>2476.5399780273438</ele></trkpt><trkpt lat="46.57069050054997" lon="8.524580438155681"><ele>2476.6299743652344</ele></trkpt><trkpt lat="46.57066050032154" lon="8.524580438155681"><ele>2476.8499755859375</ele></trkpt><trkpt lat="46.57064050063491" lon="8.524590438231826"><ele>2477.0499877929688</ele></trkpt><trkpt lat="46.570550500415266" lon="8.524660437833518"><ele>2477.0399780273438</ele></trkpt><trkpt lat="46.57053050072864" lon="8.524680437985808"><ele>2476.97998046875</ele></trkpt><trkpt lat="46.57052050065249" lon="8.524700438138098"><ele>2476.6699829101562</ele></trkpt><trkpt lat="46.5705005005002" lon="8.524720437824726"><ele>2476.3199768066406</ele></trkpt><trkpt lat="46.57049050042406" lon="8.524750438053161"><ele>2476.1699829101562</ele></trkpt><trkpt lat="46.57048050034791" lon="8.52477043773979"><ele>2476.1799926757812</ele></trkpt><trkpt lat="46.57047050027177" lon="8.524800437968224"><ele>2476.25</ele></trkpt><trkpt lat="46.57047050027177" lon="8.524880438111722"><ele>2476.459991455078</ele></trkpt><trkpt lat="46.57046050019562" lon="8.524900437798351"><ele>2476.3599853515625</ele></trkpt><trkpt lat="46.57043050043285" lon="8.524910437874496"><ele>2475.5799865722656</ele></trkpt><trkpt lat="46.570400500204414" lon="8.524930437561125"><ele>2475.0999755859375</ele></trkpt><trkpt lat="46.570320500060916" lon="8.524980437476188"><ele>2474.8599853515625</ele></trkpt><trkpt lat="46.57031049998477" lon="8.524990437552333"><ele>2474.699981689453</ele></trkpt><trkpt lat="46.57029049983248" lon="8.525040437467396"><ele>2474.769989013672</ele></trkpt><trkpt lat="46.57024050038308" lon="8.525100437924266"><ele>2475.529998779297</ele></trkpt><trkpt lat="46.57024050038308" lon="8.525120438076556"><ele>2475.8299865722656</ele></trkpt><trkpt lat="46.570230500306934" lon="8.525170437991619"><ele>2476.009979248047</ele></trkpt><trkpt lat="46.570190500002354" lon="8.525270437821746"><ele>2474.9099731445312</ele></trkpt><trkpt lat="46.57018049992621" lon="8.525290437508374"><ele>2474.9199829101562</ele></trkpt><trkpt lat="46.570190500002354" lon="8.525360437575728"><ele>2474.949981689453</ele></trkpt><trkpt lat="46.570190500002354" lon="8.525390437804163"><ele>2474.949981689453</ele></trkpt><trkpt lat="46.57018049992621" lon="8.525430437643081"><ele>2474.209991455078</ele></trkpt><trkpt lat="46.57018049992621" lon="8.525460437405854"><ele>2473.75</ele></trkpt><trkpt lat="46.570170499850065" lon="8.525500437244773"><ele>2473.3799743652344</ele></trkpt><trkpt lat="46.57016049977392" lon="8.525520437397063"><ele>2472.989990234375</ele></trkpt><trkpt lat="46.57014049962163" lon="8.525580437388271"><ele>2472.689971923828</ele></trkpt><trkpt lat="46.570090499706566" lon="8.525650437455624"><ele>2472.5699768066406</ele></trkpt><trkpt lat="46.57005049986765" lon="8.525710437446833"><ele>2472.8699951171875</ele></trkpt><trkpt lat="46.57003049971536" lon="8.525740437209606"><ele>2473.0999755859375</ele></trkpt><trkpt lat="46.56999049941078" lon="8.525860437192023"><ele>2471.529998779297</ele></trkpt><trkpt lat="46.56997049925849" lon="8.525890436954796"><ele>2470.8799743652344</ele></trkpt><trkpt lat="46.5699504991062" lon="8.525920437183231"><ele>2470.3399963378906</ele></trkpt><trkpt lat="46.56993049895391" lon="8.525980436708778"><ele>2469.5699768066406</ele></trkpt><trkpt lat="46.569920498877764" lon="8.526030436623842"><ele>2469.2899780273438</ele></trkpt><trkpt lat="46.56993049895391" lon="8.526100436691195"><ele>2468.4099731445312</ele></trkpt><trkpt lat="46.5699204984121" lon="8.526140436530113"><ele>2467.5599975585938</ele></trkpt><trkpt lat="46.56993049848825" lon="8.526210436597466"><ele>2466.949981689453</ele></trkpt><trkpt lat="46.569950498174876" lon="8.526270436123013"><ele>2466.3499755859375</ele></trkpt><trkpt lat="46.56996049825102" lon="8.526310436427593"><ele>2466.0599975585938</ele></trkpt><trkpt lat="46.56996049825102" lon="8.52639043610543"><ele>2465.8199768066406</ele></trkpt><trkpt lat="46.569990498013794" lon="8.526490435935557"><ele>2465.3799743652344</ele></trkpt><trkpt lat="46.570030498318374" lon="8.526670435909182"><ele>2465.1699829101562</ele></trkpt><trkpt lat="46.570030498318374" lon="8.526720436289907"><ele>2465.1799926757812</ele></trkpt><trkpt lat="46.570030498318374" lon="8.526740435976535"><ele>2465.1799926757812</ele></trkpt><trkpt lat="46.57002049824223" lon="8.52677043620497"><ele>2465.3499755859375</ele></trkpt><trkpt lat="46.569990498013794" lon="8.526830436196178"><ele>2465.1299743652344</ele></trkpt><trkpt lat="46.56996049825102" lon="8.526870436035097"><ele>2465.459991455078</ele></trkpt><trkpt lat="46.56996049825102" lon="8.52696043625474"><ele>2465.739990234375</ele></trkpt><trkpt lat="46.56996049825102" lon="8.526990436483175"><ele>2465.949981689453</ele></trkpt><trkpt lat="46.569970498327166" lon="8.527020436245948"><ele>2465.759979248047</ele></trkpt><trkpt lat="46.56998049840331" lon="8.527080436237156"><ele>2465.989990234375</ele></trkpt><trkpt lat="46.5700004985556" lon="8.527160436380655"><ele>2466.709991455078</ele></trkpt><trkpt lat="46.570010498631746" lon="8.527180436532944"><ele>2466.8599853515625</ele></trkpt><trkpt lat="46.5700804986991" lon="8.527230436448008"><ele>2466.8899841308594</ele></trkpt><trkpt lat="46.57014049869031" lon="8.527330436743796"><ele>2467.6299743652344</ele></trkpt><trkpt lat="46.57015049876645" lon="8.527350436430424"><ele>2467.519989013672</ele></trkpt><trkpt lat="46.570140498224646" lon="8.527450436260551"><ele>2466.6099853515625</ele></trkpt><trkpt lat="46.57015049830079" lon="8.527580436319113"><ele>2466.3999938964844</ele></trkpt><trkpt lat="46.57015049830079" lon="8.527690436225384"><ele>2466.1699829101562</ele></trkpt><trkpt lat="46.5701304981485" lon="8.527730436064303"><ele>2465.8099975585938</ele></trkpt><trkpt lat="46.57011049799621" lon="8.527770436368883"><ele>2465.6499938964844</ele></trkpt><trkpt lat="46.570120498072356" lon="8.527830436360091"><ele>2465.459991455078</ele></trkpt><trkpt lat="46.57011049799621" lon="8.527990436181426"><ele>2464.8499755859375</ele></trkpt><trkpt lat="46.57011049799621" lon="8.528110436163843"><ele>2465.0899963378906</ele></trkpt><trkpt lat="46.570100497920066" lon="8.52819043584168"><ele>2464.219970703125</ele></trkpt><trkpt lat="46.57007049815729" lon="8.528350436128676"><ele>2464.239990234375</ele></trkpt><trkpt lat="46.57006049808115" lon="8.52840043604374"><ele>2463.949981689453</ele></trkpt><trkpt lat="46.57006049808115" lon="8.528430435806513"><ele>2463.9199829101562</ele></trkpt><trkpt lat="46.57006049808115" lon="8.528470436111093"><ele>2463.8699951171875</ele></trkpt><trkpt lat="46.57004049792886" lon="8.528520436026156"><ele>2463.5399780273438</ele></trkpt><trkpt lat="46.57002049777657" lon="8.528580436017364"><ele>2463.47998046875</ele></trkpt><trkpt lat="46.57003049785271" lon="8.528630435932428"><ele>2463.6399841308594</ele></trkpt><trkpt lat="46.57002049777657" lon="8.528650435619056"><ele>2462.969970703125</ele></trkpt><trkpt lat="46.57001049770042" lon="8.528680435847491"><ele>2462.019989013672</ele></trkpt><trkpt lat="46.56999049754813" lon="8.528710435610265"><ele>2461.509979248047</ele></trkpt><trkpt lat="46.56998049747199" lon="8.52872043568641"><ele>2461.3999938964844</ele></trkpt><trkpt lat="46.56994049716741" lon="8.528800435364246"><ele>2461.209991455078</ele></trkpt><trkpt lat="46.569910496938974" lon="8.528920435346663"><ele>2459.5899963378906</ele></trkpt><trkpt lat="46.569910496938974" lon="8.528950435109437"><ele>2459.019989013672</ele></trkpt><trkpt lat="46.569850496482104" lon="8.529080435167998"><ele>2458.0699768066406</ele></trkpt><trkpt lat="46.56982049671933" lon="8.52915043476969"><ele>2457.509979248047</ele></trkpt><trkpt lat="46.569810496643186" lon="8.52919043507427"><ele>2457.5899963378906</ele></trkpt><trkpt lat="46.56980049656704" lon="8.529240434989333"><ele>2457.6499938964844</ele></trkpt><trkpt lat="46.56980049656704" lon="8.52936043497175"><ele>2457.6599731445312</ele></trkpt><trkpt lat="46.569770496338606" lon="8.52949043456465"><ele>2456.6599731445312</ele></trkpt><trkpt lat="46.56974049611017" lon="8.529590434860438"><ele>2455.8499755859375</ele></trkpt><trkpt lat="46.56972049642354" lon="8.529670434538275"><ele>2455.6299743652344</ele></trkpt><trkpt lat="46.56970049627125" lon="8.529770434834063"><ele>2455.8899841308594</ele></trkpt><trkpt lat="46.56969049619511" lon="8.529830434825271"><ele>2456.0899963378906</ele></trkpt><trkpt lat="46.56965049635619" lon="8.52989043481648"><ele>2456.3799743652344</ele></trkpt><trkpt lat="46.56961049651727" lon="8.529950434807688"><ele>2457.0399780273438</ele></trkpt><trkpt lat="46.56959049636498" lon="8.530010434798896"><ele>2457.5999755859375</ele></trkpt><trkpt lat="46.56955049652606" lon="8.530050434637815"><ele>2456.6299743652344</ele></trkpt><trkpt lat="46.56950049614534" lon="8.530110434629023"><ele>2455.5799865722656</ele></trkpt><trkpt lat="46.56942049600184" lon="8.530220434535295"><ele>2454.5</ele></trkpt><trkpt lat="46.569390495773405" lon="8.530250434298068"><ele>2453.529998779297</ele></trkpt><trkpt lat="46.569350495468825" lon="8.530270433984697"><ele>2452.6699829101562</ele></trkpt><trkpt lat="46.56928049540147" lon="8.53034043405205"><ele>2451.0899963378906</ele></trkpt><trkpt lat="46.56923049502075" lon="8.53043043334037"><ele>2448.7899780273438</ele></trkpt><trkpt lat="46.56918049464002" lon="8.530510433483869"><ele>2447.739990234375</ele></trkpt><trkpt lat="46.5691304942593" lon="8.530570433009416"><ele>2447.0699768066406</ele></trkpt><trkpt lat="46.569100494496524" lon="8.53062043292448"><ele>2446.709991455078</ele></trkpt><trkpt lat="46.5690504941158" lon="8.530680432915688"><ele>2446.0</ele></trkpt><trkpt lat="46.569020494353026" lon="8.530720433220267"><ele>2446.0899963378906</ele></trkpt><trkpt lat="46.568980494048446" lon="8.530760433059186"><ele>2445.4099731445312</ele></trkpt><trkpt lat="46.56894049420953" lon="8.530780432745814"><ele>2444.6299743652344</ele></trkpt><trkpt lat="46.5688904938288" lon="8.530780432745814"><ele>2444.5999755859375</ele></trkpt><trkpt lat="46.568850493989885" lon="8.530800432898104"><ele>2444.7899780273438</ele></trkpt><trkpt lat="46.568810494150966" lon="8.53081043297425"><ele>2444.739990234375</ele></trkpt><trkpt lat="46.56879049399868" lon="8.530820432584733"><ele>2444.5899963378906</ele></trkpt><trkpt lat="46.56869049370289" lon="8.53092043241486"><ele>2443.0499877929688</ele></trkpt><trkpt lat="46.568600493483245" lon="8.530980432406068"><ele>2442.6099853515625</ele></trkpt><trkpt lat="46.56857049372047" lon="8.531000432558358"><ele>2442.4099731445312</ele></trkpt><trkpt lat="46.568470493424684" lon="8.531050432473421"><ele>2441.6099853515625</ele></trkpt><trkpt lat="46.56844049319625" lon="8.531080432236195"><ele>2441.3699951171875</ele></trkpt><trkpt lat="46.56842049304396" lon="8.53109043231234"><ele>2441.0499877929688</ele></trkpt><trkpt lat="46.568370493128896" lon="8.531090431846678"><ele>2439.959991455078</ele></trkpt><trkpt lat="46.56834049290046" lon="8.531110431998968"><ele>2439.22998046875</ele></trkpt><trkpt lat="46.56828049290925" lon="8.531110431533307"><ele>2438.4299926757812</ele></trkpt><trkpt lat="46.56822049245238" lon="8.531100431457162"><ele>2437.489990234375</ele></trkpt><trkpt lat="46.568140492308885" lon="8.531080431304872"><ele>2436.8299865722656</ele></trkpt><trkpt lat="46.56811049208045" lon="8.531040431465954"><ele>2436.25</ele></trkpt><trkpt lat="46.568060491699725" lon="8.530980431009084"><ele>2434.3799743652344</ele></trkpt><trkpt lat="46.568040491547436" lon="8.530940430704504"><ele>2433.1499938964844</ele></trkpt><trkpt lat="46.568020491395146" lon="8.530920430552214"><ele>2432.489990234375</ele></trkpt><trkpt lat="46.56798049155623" lon="8.53091043047607"><ele>2431.9099731445312</ele></trkpt><trkpt lat="46.56795049132779" lon="8.53091043047607"><ele>2431.6499938964844</ele></trkpt><trkpt lat="46.56792049109936" lon="8.530920430552214"><ele>2431.279998779297</ele></trkpt><trkpt lat="46.567910491488874" lon="8.53091043047607"><ele>2431.239990234375</ele></trkpt><trkpt lat="46.567890491336584" lon="8.53089043032378"><ele>2431.3399963378906</ele></trkpt><trkpt lat="46.567890491336584" lon="8.530850430484861"><ele>2431.459991455078</ele></trkpt><trkpt lat="46.56788049126044" lon="8.530820430722088"><ele>2431.5499877929688</ele></trkpt><trkpt lat="46.56784049142152" lon="8.530750430654734"><ele>2431.939971923828</ele></trkpt><trkpt lat="46.567830491345376" lon="8.5307204304263"><ele>2432.1399841308594</ele></trkpt><trkpt lat="46.56781049165875" lon="8.530680430587381"><ele>2432.3299865722656</ele></trkpt><trkpt lat="46.56778049143031" lon="8.530640430748463"><ele>2432.6399841308594</ele></trkpt><trkpt lat="46.567760491743684" lon="8.530620430596173"><ele>2433.0799865722656</ele></trkpt><trkpt lat="46.567740491591394" lon="8.530630430672318"><ele>2433.5</ele></trkpt><trkpt lat="46.567720491904765" lon="8.530600430909544"><ele>2434.1599731445312</ele></trkpt><trkpt lat="46.56769049214199" lon="8.53059043129906"><ele>2435.189971923828</ele></trkpt><trkpt lat="46.56767049245536" lon="8.530530431307852"><ele>2437.009979248047</ele></trkpt><trkpt lat="46.567650492768735" lon="8.530530431773514"><ele>2437.709991455078</ele></trkpt><trkpt lat="46.56764049269259" lon="8.53048043185845"><ele>2438.529998779297</ele></trkpt><trkpt lat="46.567630492616445" lon="8.530470431782305"><ele>2438.939971923828</ele></trkpt><trkpt lat="46.56762049300596" lon="8.530490431934595"><ele>2439.6399841308594</ele></trkpt><trkpt lat="46.56760049285367" lon="8.530510432086885"><ele>2440.1399841308594</ele></trkpt><trkpt lat="46.56758049316704" lon="8.53054043231532"><ele>2440.8899841308594</ele></trkpt><trkpt lat="46.567560493480414" lon="8.530550432391465"><ele>2441.459991455078</ele></trkpt><trkpt lat="46.56755049340427" lon="8.530580432154238"><ele>2442.3299865722656</ele></trkpt><trkpt lat="46.567540493793786" lon="8.530610432382673"><ele>2443.199981689453</ele></trkpt><trkpt lat="46.56755049386993" lon="8.530630432534963"><ele>2443.25</ele></trkpt><trkpt lat="46.567540493793786" lon="8.530670432373881"><ele>2443.709991455078</ele></trkpt><trkpt lat="46.567540493793786" lon="8.530690432526171"><ele>2444.22998046875</ele></trkpt><trkpt lat="46.56752049410716" lon="8.530700432602316"><ele>2444.959991455078</ele></trkpt><trkpt lat="46.56750049395487" lon="8.530680432915688"><ele>2445.72998046875</ele></trkpt><trkpt lat="46.56749049434438" lon="8.530660433229059"><ele>2446.4199829101562</ele></trkpt><trkpt lat="46.56748049426824" lon="8.530660433229059"><ele>2446.769989013672</ele></trkpt><trkpt lat="46.56746049458161" lon="8.530670433305204"><ele>2447.7999877929688</ele></trkpt><trkpt lat="46.56744049489498" lon="8.530610433313996"><ele>2449.029998779297</ele></trkpt><trkpt lat="46.56743049481884" lon="8.530580433551222"><ele>2450.209991455078</ele></trkpt><trkpt lat="46.56742049520835" lon="8.530540433712304"><ele>2451.22998046875</ele></trkpt><trkpt lat="46.56739049544558" lon="8.53051043394953"><ele>2452.199981689453</ele></trkpt><trkpt lat="46.56737049529329" lon="8.53051043394953"><ele>2452.75</ele></trkpt><trkpt lat="46.567360495682806" lon="8.5305704344064"><ele>2453.6499938964844</ele></trkpt><trkpt lat="46.567340495530516" lon="8.530600434169173"><ele>2453.8099975585938</ele></trkpt><trkpt lat="46.56733049592003" lon="8.530660434160382"><ele>2453.939971923828</ele></trkpt><trkpt lat="46.56731049576774" lon="8.530800434295088"><ele>2453.3399963378906</ele></trkpt><trkpt lat="46.567320495378226" lon="8.530920434277505"><ele>2453.1099853515625</ele></trkpt><trkpt lat="46.567320495378226" lon="8.530940434429795"><ele>2452.939971923828</ele></trkpt><trkpt lat="46.567340495530516" lon="8.530980434268713"><ele>2452.5499877929688</ele></trkpt><trkpt lat="46.56735049560666" lon="8.531000433955342"><ele>2452.259979248047</ele></trkpt><trkpt lat="46.567350495141" lon="8.53106043394655"><ele>2451.8799743652344</ele></trkpt><trkpt lat="46.567360495217144" lon="8.531110433861613"><ele>2451.8799743652344</ele></trkpt><trkpt lat="46.567360495217144" lon="8.531140434090048"><ele>2451.8099975585938</ele></trkpt><trkpt lat="46.56737049529329" lon="8.531180433928967"><ele>2451.9199829101562</ele></trkpt><trkpt lat="46.567360495217144" lon="8.531200434081256"><ele>2452.0599975585938</ele></trkpt><trkpt lat="46.567360495217144" lon="8.531210434157401"><ele>2452.1599731445312</ele></trkpt><trkpt lat="46.56735049560666" lon="8.531210434157401"><ele>2452.3799743652344</ele></trkpt><trkpt lat="46.56733049545437" lon="8.531220434233546"><ele>2452.1299743652344</ele></trkpt><trkpt lat="46.567320495378226" lon="8.531240433920175"><ele>2451.969970703125</ele></trkpt><trkpt lat="46.56729049514979" lon="8.531280433759093"><ele>2450.989990234375</ele></trkpt><trkpt lat="46.5672704949975" lon="8.531280433759093"><ele>2450.259979248047</ele></trkpt><trkpt lat="46.5672704949975" lon="8.531300433911383"><ele>2449.949981689453</ele></trkpt><trkpt lat="46.567260494921356" lon="8.531330433674157"><ele>2449.189971923828</ele></trkpt><trkpt lat="46.56727049453184" lon="8.53136043343693"><ele>2448.529998779297</ele></trkpt><trkpt lat="46.56727049453184" lon="8.531370433513075"><ele>2448.239990234375</ele></trkpt><trkpt lat="46.56725049437955" lon="8.53138043358922"><ele>2448.0599975585938</ele></trkpt><trkpt lat="46.56724049476907" lon="8.531390433199704"><ele>2448.029998779297</ele></trkpt><trkpt lat="46.56723049469292" lon="8.531430433504283"><ele>2448.0</ele></trkpt><trkpt lat="46.56722049461678" lon="8.531440433580428"><ele>2448.0399780273438</ele></trkpt><trkpt lat="46.56720049446449" lon="8.531440433114767"><ele>2447.6599731445312</ele></trkpt><trkpt lat="46.56719049438834" lon="8.531470433343202"><ele>2447.1399841308594</ele></trkpt><trkpt lat="46.5671804943122" lon="8.53151043318212"><ele>2446.5499877929688</ele></trkpt><trkpt lat="46.56719049438834" lon="8.531540432944894"><ele>2446.189971923828</ele></trkpt><trkpt lat="46.56719049392268" lon="8.531560433097184"><ele>2445.7999877929688</ele></trkpt><trkpt lat="46.567180493846536" lon="8.531580432783812"><ele>2444.8199768066406</ele></trkpt><trkpt lat="46.56717049377039" lon="8.531600432936102"><ele>2444.4099731445312</ele></trkpt><trkpt lat="46.5671504936181" lon="8.531610432546586"><ele>2442.7999877929688</ele></trkpt><trkpt lat="46.56713049346581" lon="8.53164043230936"><ele>2441.5799865722656</ele></trkpt><trkpt lat="46.567120493389666" lon="8.531670432072133"><ele>2441.0599975585938</ele></trkpt><trkpt lat="46.56711049284786" lon="8.531700431834906"><ele>2440.0399780273438</ele></trkpt><trkpt lat="46.567100492771715" lon="8.53177043190226"><ele>2439.529998779297</ele></trkpt><trkpt lat="46.567080493085086" lon="8.531850432045758"><ele>2439.47998046875</ele></trkpt><trkpt lat="46.5670604929328" lon="8.531860432121903"><ele>2439.2999877929688</ele></trkpt><trkpt lat="46.56705049285665" lon="8.531880431808531"><ele>2439.189971923828</ele></trkpt><trkpt lat="46.56703049270436" lon="8.531880431808531"><ele>2437.72998046875</ele></trkpt><trkpt lat="46.56701049255207" lon="8.531890431419015"><ele>2436.8499755859375</ele></trkpt><trkpt lat="46.56700049247593" lon="8.53190043149516"><ele>2436.6699829101562</ele></trkpt><trkpt lat="46.56699049239978" lon="8.53192043164745"><ele>2436.5</ele></trkpt><trkpt lat="46.56698049232364" lon="8.531950431410223"><ele>2436.3399963378906</ele></trkpt><trkpt lat="46.56697049224749" lon="8.532020431477576"><ele>2435.5799865722656</ele></trkpt><trkpt lat="46.56696049217135" lon="8.532040431164205"><ele>2435.1399841308594</ele></trkpt><trkpt lat="46.56696049217135" lon="8.532060431316495"><ele>2435.1199951171875</ele></trkpt><trkpt lat="46.566960491705686" lon="8.532080431003124"><ele>2434.5999755859375</ele></trkpt><trkpt lat="46.566960491705686" lon="8.532110430765897"><ele>2433.959991455078</ele></trkpt><trkpt lat="46.56695049162954" lon="8.532130430918187"><ele>2433.219970703125</ele></trkpt><trkpt lat="46.56693049147725" lon="8.532170430757105"><ele>2432.8899841308594</ele></trkpt><trkpt lat="46.56691049132496" lon="8.532170430757105"><ele>2432.6499938964844</ele></trkpt><trkpt lat="46.56688049156219" lon="8.53218043083325"><ele>2432.6699829101562</ele></trkpt><trkpt lat="46.56685049133375" lon="8.532190430909395"><ele>2432.6599731445312</ele></trkpt><trkpt lat="46.566830491647124" lon="8.53220043098554"><ele>2433.1799926757812</ele></trkpt><trkpt lat="46.566810491494834" lon="8.53222043113783"><ele>2433.6199951171875</ele></trkpt><trkpt lat="46.566790491808206" lon="8.532250430900604"><ele>2434.3799743652344</ele></trkpt><trkpt lat="46.56678049173206" lon="8.532280431129038"><ele>2434.019989013672</ele></trkpt><trkpt lat="46.56676049157977" lon="8.532320430967957"><ele>2432.969970703125</ele></trkpt><trkpt lat="46.566730491351336" lon="8.532380430493504"><ele>2431.939971923828</ele></trkpt><trkpt lat="46.56669049151242" lon="8.532400430645794"><ele>2432.1599731445312</ele></trkpt><trkpt lat="46.56665049120784" lon="8.53248043032363"><ele>2430.0999755859375</ele></trkpt><trkpt lat="46.56665049074218" lon="8.53250043047592"><ele>2429.5599975585938</ele></trkpt><trkpt lat="46.56666049081832" lon="8.532510430086404"><ele>2429.5599975585938</ele></trkpt><trkpt lat="46.56667049089447" lon="8.532520430162549"><ele>2429.3899841308594</ele></trkpt><trkpt lat="46.56668049050495" lon="8.532560430001467"><ele>2428.509979248047</ele></trkpt><trkpt lat="46.56668049050495" lon="8.532590429764241"><ele>2427.6399841308594</ele></trkpt><trkpt lat="46.56668049050495" lon="8.53261042991653"><ele>2427.259979248047</ele></trkpt><trkpt lat="46.56668049050495" lon="8.53263042960316"><ele>2427.009979248047</ele></trkpt><trkpt lat="46.56668049050495" lon="8.532640429679304"><ele>2426.699981689453</ele></trkpt><trkpt lat="46.56668049050495" lon="8.53265042975545"><ele>2426.6099853515625</ele></trkpt><trkpt lat="46.566670490428805" lon="8.53267042990774"><ele>2426.439971923828</ele></trkpt><trkpt lat="46.566660489887" lon="8.532710429746658"><ele>2425.6199951171875</ele></trkpt><trkpt lat="46.56662049004808" lon="8.532770429737866"><ele>2425.699981689453</ele></trkpt><trkpt lat="46.56659049028531" lon="8.53280042950064"><ele>2425.75</ele></trkpt><trkpt lat="46.56658049020916" lon="8.532810429576784"><ele>2425.8499755859375</ele></trkpt><trkpt lat="46.56657049013302" lon="8.53282042965293"><ele>2425.939971923828</ele></trkpt><trkpt lat="46.56655049044639" lon="8.532810429576784"><ele>2426.3099975585938</ele></trkpt><trkpt lat="46.56651049014181" lon="8.532770429737866"><ele>2427.029998779297</ele></trkpt><trkpt lat="46.566460490226746" lon="8.532680429983884"><ele>2427.3599853515625</ele></trkpt><trkpt lat="46.56641049031168" lon="8.53263043006882"><ele>2427.5899963378906</ele></trkpt><trkpt lat="46.56638049054891" lon="8.532600429840386"><ele>2427.4099731445312</ele></trkpt><trkpt lat="46.56636049039662" lon="8.532570430077612"><ele>2427.22998046875</ele></trkpt><trkpt lat="46.56634049024433" lon="8.532550429925323"><ele>2427.0799865722656</ele></trkpt><trkpt lat="46.56630049040541" lon="8.532520429696888"><ele>2427.0699768066406</ele></trkpt><trkpt lat="46.56628049025312" lon="8.532490429934114"><ele>2426.8399963378906</ele></trkpt><trkpt lat="46.56626049010083" lon="8.53246042970568"><ele>2426.8699951171875</ele></trkpt><trkpt lat="46.56623049033806" lon="8.532410429790616"><ele>2427.029998779297</ele></trkpt><trkpt lat="46.56621049018577" lon="8.532370429951698"><ele>2427.269989013672</ele></trkpt><trkpt lat="46.56617049034685" lon="8.532320430036634"><ele>2428.029998779297</ele></trkpt><trkpt lat="46.56610049074516" lon="8.532210430130363"><ele>2428.219970703125</ele></trkpt><trkpt lat="46.56598049076274" lon="8.532080430071801"><ele>2428.6599731445312</ele></trkpt><trkpt lat="46.565950490534306" lon="8.532060429919511"><ele>2428.5</ele></trkpt><trkpt lat="46.5658904905431" lon="8.532000429928303"><ele>2427.97998046875</ele></trkpt><trkpt lat="46.56588049046695" lon="8.531980429776013"><ele>2427.6499938964844</ele></trkpt><trkpt lat="46.56587049039081" lon="8.531940429937094"><ele>2427.3599853515625</ele></trkpt><trkpt lat="46.56585049023852" lon="8.53191042970866"><ele>2427.2999877929688</ele></trkpt><trkpt lat="46.56583049055189" lon="8.531900429632515"><ele>2427.3299865722656</ele></trkpt><trkpt lat="46.565800490323454" lon="8.531880429945886"><ele>2427.5899963378906</ele></trkpt><trkpt lat="46.565780490636826" lon="8.531870429869741"><ele>2428.1399841308594</ele></trkpt><trkpt lat="46.5657604909502" lon="8.531860430259258"><ele>2428.969970703125</ele></trkpt><trkpt lat="46.5657604909502" lon="8.531840430106968"><ele>2429.449981689453</ele></trkpt><trkpt lat="46.56575049087405" lon="8.531820430420339"><ele>2429.8799743652344</ele></trkpt><trkpt lat="46.56573049118742" lon="8.531790430191904"><ele>2430.7999877929688</ele></trkpt><trkpt lat="46.56572049111128" lon="8.53176043042913"><ele>2431.1199951171875</ele></trkpt><trkpt lat="46.56570049142465" lon="8.531720430590212"><ele>2431.529998779297</ele></trkpt><trkpt lat="46.565690491348505" lon="8.531700430437922"><ele>2431.8699951171875</ele></trkpt><trkpt lat="46.565690491348505" lon="8.531670430675149"><ele>2432.1499938964844</ele></trkpt><trkpt lat="46.56566049158573" lon="8.531580430921167"><ele>2432.8999938964844</ele></trkpt><trkpt lat="46.56564049143344" lon="8.531550430692732"><ele>2432.75</ele></trkpt><trkpt lat="46.5656304913573" lon="8.531520430464298"><ele>2432.279998779297</ele></trkpt><trkpt lat="46.56562049128115" lon="8.531500430777669"><ele>2431.8599853515625</ele></trkpt><trkpt lat="46.56560049112886" lon="8.531500430312008"><ele>2431.449981689453</ele></trkpt><trkpt lat="46.56556049128994" lon="8.531480430625379"><ele>2431.3299865722656</ele></trkpt><trkpt lat="46.565540491137654" lon="8.53146043047309"><ele>2431.439971923828</ele></trkpt><trkpt lat="46.565540491137654" lon="8.531450430396944"><ele>2431.47998046875</ele></trkpt><trkpt lat="46.565520490985364" lon="8.531430430244654"><ele>2431.1099853515625</ele></trkpt><trkpt lat="46.56551049090922" lon="8.531370430253446"><ele>2430.259979248047</ele></trkpt><trkpt lat="46.565500490833074" lon="8.531320430338383"><ele>2430.1299743652344</ele></trkpt><trkpt lat="46.565480491146445" lon="8.531310430262238"><ele>2430.1299743652344</ele></trkpt><trkpt lat="46.56545049091801" lon="8.53127043042332"><ele>2429.709991455078</ele></trkpt><trkpt lat="46.56543049076572" lon="8.531250429805368"><ele>2428.5499877929688</ele></trkpt><trkpt lat="46.56541049061343" lon="8.531240429729223"><ele>2427.959991455078</ele></trkpt><trkpt lat="46.56539049046114" lon="8.531240429729223"><ele>2427.459991455078</ele></trkpt><trkpt lat="46.56537049030885" lon="8.531220429576933"><ele>2427.199981689453</ele></trkpt><trkpt lat="46.56535049015656" lon="8.531180429738015"><ele>2426.7899780273438</ele></trkpt><trkpt lat="46.5653004902415" lon="8.531090429518372"><ele>2425.8199768066406</ele></trkpt><trkpt lat="46.56529049016535" lon="8.531040429603308"><ele>2425.209991455078</ele></trkpt><trkpt lat="46.56527049001306" lon="8.530980429146439"><ele>2425.0699768066406</ele></trkpt><trkpt lat="46.56525048986077" lon="8.530930429231375"><ele>2424.6699829101562</ele></trkpt><trkpt lat="46.56524048978463" lon="8.530890429392457"><ele>2424.8699951171875</ele></trkpt><trkpt lat="46.56524048978463" lon="8.530850429553539"><ele>2425.239990234375</ele></trkpt><trkpt lat="46.565230490174145" lon="8.53075042925775"><ele>2425.199981689453</ele></trkpt><trkpt lat="46.56524048978463" lon="8.530720429494977"><ele>2425.3499755859375</ele></trkpt><trkpt lat="46.56524048978463" lon="8.530660429503769"><ele>2424.719970703125</ele></trkpt><trkpt lat="46.56525048986077" lon="8.530640429351479"><ele>2424.4299926757812</ele></trkpt><trkpt lat="46.56526048947126" lon="8.530610429123044"><ele>2423.189971923828</ele></trkpt><trkpt lat="46.56526048947126" lon="8.530600429046899"><ele>2422.689971923828</ele></trkpt><trkpt lat="46.56525048939511" lon="8.530570428818464"><ele>2422.279998779297</ele></trkpt><trkpt lat="46.56524048931897" lon="8.530550428666174"><ele>2422.189971923828</ele></trkpt><trkpt lat="46.56523048924282" lon="8.530550428666174"><ele>2422.1599731445312</ele></trkpt><trkpt lat="46.56522048916668" lon="8.530490428674966"><ele>2421.509979248047</ele></trkpt><trkpt lat="46.56521048909053" lon="8.530460428446531"><ele>2421.0899963378906</ele></trkpt><trkpt lat="46.56518048932776" lon="8.530450428836048"><ele>2421.0499877929688</ele></trkpt><trkpt lat="46.56516048917547" lon="8.530430428683758"><ele>2420.8299865722656</ele></trkpt><trkpt lat="46.565150489099324" lon="8.530400428455323"><ele>2420.5999755859375</ele></trkpt><trkpt lat="46.56515048863366" lon="8.53033042838797"><ele>2419.719970703125</ele></trkpt><trkpt lat="46.56514048902318" lon="8.53031042823568"><ele>2419.459991455078</ele></trkpt><trkpt lat="46.56513048848137" lon="8.530260428320616"><ele>2418.209991455078</ele></trkpt><trkpt lat="46.56511048832908" lon="8.530220428016037"><ele>2417.8399963378906</ele></trkpt><trkpt lat="46.56511048832908" lon="8.530180428177118"><ele>2417.3299865722656</ele></trkpt><trkpt lat="46.56512048840523" lon="8.530160428024828"><ele>2416.719970703125</ele></trkpt><trkpt lat="46.56513048801571" lon="8.530150427948684"><ele>2416.25</ele></trkpt><trkpt lat="46.56513048801571" lon="8.530130427796394"><ele>2415.72998046875</ele></trkpt><trkpt lat="46.56511048786342" lon="8.530110427644104"><ele>2415.0399780273438</ele></trkpt><trkpt lat="46.56510048778728" lon="8.530080427415669"><ele>2414.8499755859375</ele></trkpt><trkpt lat="46.56509048771113" lon="8.530070427339524"><ele>2414.699981689453</ele></trkpt><trkpt lat="46.56509048771113" lon="8.530030427500606"><ele>2414.259979248047</ele></trkpt><trkpt lat="46.56503048771992" lon="8.529980427119881"><ele>2413.3299865722656</ele></trkpt><trkpt lat="46.56500048749149" lon="8.529950426891446"><ele>2412.219970703125</ele></trkpt><trkpt lat="46.564970487263054" lon="8.529930426739156"><ele>2411.489990234375</ele></trkpt><trkpt lat="46.56496048718691" lon="8.529890426900238"><ele>2410.8399963378906</ele></trkpt><trkpt lat="46.564950487110764" lon="8.529860426671803"><ele>2409.959991455078</ele></trkpt><trkpt lat="46.564930486958474" lon="8.529840426519513"><ele>2409.6299743652344</ele></trkpt><trkpt lat="46.56492048688233" lon="8.529830426443368"><ele>2409.1099853515625</ele></trkpt><trkpt lat="46.56490048673004" lon="8.529810426291078"><ele>2408.5</ele></trkpt><trkpt lat="46.56488048657775" lon="8.529830426443368"><ele>2407.779998779297</ele></trkpt><trkpt lat="46.564850486349314" lon="8.529840426053852"><ele>2406.3899841308594</ele></trkpt><trkpt lat="46.564830486197025" lon="8.529840426053852"><ele>2405.3699951171875</ele></trkpt><trkpt lat="46.564810486044735" lon="8.52984042558819"><ele>2404.8499755859375</ele></trkpt><trkpt lat="46.564790485892445" lon="8.52988042589277"><ele>2404.0999755859375</ele></trkpt><trkpt lat="46.564770485740155" lon="8.529880425427109"><ele>2403.6699829101562</ele></trkpt><trkpt lat="46.564750485587865" lon="8.529870425350964"><ele>2402.689971923828</ele></trkpt><trkpt lat="46.56474048551172" lon="8.52986042527482"><ele>2402.3799743652344</ele></trkpt><trkpt lat="46.564710485283285" lon="8.529880425427109"><ele>2401.72998046875</ele></trkpt><trkpt lat="46.564690485130996" lon="8.529880424961448"><ele>2401.1399841308594</ele></trkpt><trkpt lat="46.564670484978706" lon="8.529900425113738"><ele>2400.3699951171875</ele></trkpt><trkpt lat="46.56462048459798" lon="8.52995042456314"><ele>2398.6399841308594</ele></trkpt><trkpt lat="46.56462048459798" lon="8.52997042471543"><ele>2398.1799926757812</ele></trkpt><trkpt lat="46.564630484674126" lon="8.529990424402058"><ele>2397.7899780273438</ele></trkpt><trkpt lat="46.564630484208465" lon="8.530020424164832"><ele>2396.6099853515625</ele></trkpt><trkpt lat="46.564610484056175" lon="8.530040424317122"><ele>2395.689971923828</ele></trkpt><trkpt lat="46.56462048413232" lon="8.530050424393266"><ele>2395.519989013672</ele></trkpt><trkpt lat="46.56462048413232" lon="8.53006042400375"><ele>2395.509979248047</ele></trkpt><trkpt lat="46.56464048381895" lon="8.530070424079895"><ele>2395.0399780273438</ele></trkpt><trkpt lat="46.56464048381895" lon="8.53008042415604"><ele>2394.8799743652344</ele></trkpt><trkpt lat="46.56465048389509" lon="8.530110423918813"><ele>2394.2899780273438</ele></trkpt><trkpt lat="46.56465048389509" lon="8.530130424071103"><ele>2393.8999938964844</ele></trkpt><trkpt lat="46.56464048381895" lon="8.530150423757732"><ele>2393.3899841308594</ele></trkpt><trkpt lat="46.56464048335329" lon="8.53019042359665"><ele>2392.459991455078</ele></trkpt><trkpt lat="46.56463048327714" lon="8.53021042374894"><ele>2391.6299743652344</ele></trkpt><trkpt lat="46.56460048304871" lon="8.530260423198342"><ele>2390.469970703125</ele></trkpt><trkpt lat="46.56456048274413" lon="8.530330422800034"><ele>2388.5</ele></trkpt><trkpt lat="46.56453048205003" lon="8.530410422477871"><ele>2386.6799926757812</ele></trkpt><trkpt lat="46.56451048189774" lon="8.530430422630161"><ele>2385.6499938964844</ele></trkpt><trkpt lat="46.56451048189774" lon="8.530440422240645"><ele>2385.199981689453</ele></trkpt><trkpt lat="46.56449048174545" lon="8.53045042231679"><ele>2384.1499938964844</ele></trkpt><trkpt lat="46.56447048159316" lon="8.530480422079563"><ele>2383.029998779297</ele></trkpt><trkpt lat="46.56446048151702" lon="8.530460421927273"><ele>2381.989990234375</ele></trkpt><trkpt lat="46.564440480899066" lon="8.530460421461612"><ele>2380.72998046875</ele></trkpt><trkpt lat="46.564440480899066" lon="8.530440421774983"><ele>2380.3399963378906</ele></trkpt><trkpt lat="46.564420480746776" lon="8.530420421622694"><ele>2379.519989013672</ele></trkpt><trkpt lat="46.56441048067063" lon="8.530440421309322"><ele>2378.5599975585938</ele></trkpt><trkpt lat="46.56441048067063" lon="8.530470421072096"><ele>2378.0799865722656</ele></trkpt><trkpt lat="46.56441048067063" lon="8.53050042130053"><ele>2377.939971923828</ele></trkpt><trkpt lat="46.564400480594486" lon="8.530510420911014"><ele>2377.469970703125</ele></trkpt><trkpt lat="46.564400480128825" lon="8.530520420987159"><ele>2377.029998779297</ele></trkpt><trkpt lat="46.56439048051834" lon="8.530530421063304"><ele>2376.8299865722656</ele></trkpt><trkpt lat="46.56437048036605" lon="8.530520420987159"><ele>2376.019989013672</ele></trkpt><trkpt lat="46.564360480289906" lon="8.530520420987159"><ele>2375.6599731445312</ele></trkpt><trkpt lat="46.564340480137616" lon="8.530550420749933"><ele>2374.8299865722656</ele></trkpt><trkpt lat="46.56431047990918" lon="8.530540420673788"><ele>2373.8799743652344</ele></trkpt><trkpt lat="46.56429047929123" lon="8.530550420284271"><ele>2372.8999938964844</ele></trkpt><trkpt lat="46.56427047913894" lon="8.530580420047045"><ele>2371.9099731445312</ele></trkpt><trkpt lat="46.564260479062796" lon="8.53059042012319"><ele>2371.5599975585938</ele></trkpt><trkpt lat="46.564260479062796" lon="8.530620419885963"><ele>2371.0</ele></trkpt><trkpt lat="46.564240478910506" lon="8.530630419962108"><ele>2370.239990234375</ele></trkpt><trkpt lat="46.564240478910506" lon="8.530620419885963"><ele>2370.1199951171875</ele></trkpt><trkpt lat="46.564220478758216" lon="8.530630419962108"><ele>2369.75</ele></trkpt><trkpt lat="46.564200478605926" lon="8.530610419809818"><ele>2369.0599975585938</ele></trkpt><trkpt lat="46.56419047852978" lon="8.530610419344157"><ele>2368.6399841308594</ele></trkpt><trkpt lat="46.564180478453636" lon="8.530620419420302"><ele>2368.1299743652344</ele></trkpt><trkpt lat="46.564160478301346" lon="8.530610419344157"><ele>2367.489990234375</ele></trkpt><trkpt lat="46.5641504782252" lon="8.530620419420302"><ele>2366.8499755859375</ele></trkpt><trkpt lat="46.564140478149056" lon="8.53062041895464"><ele>2366.3599853515625</ele></trkpt><trkpt lat="46.56411047792062" lon="8.530580419115722"><ele>2365.3599853515625</ele></trkpt><trkpt lat="46.56408047769219" lon="8.530570418573916"><ele>2364.269989013672</ele></trkpt><trkpt lat="46.5640604775399" lon="8.530540418811142"><ele>2363.72998046875</ele></trkpt><trkpt lat="46.56403047777712" lon="8.530510418582708"><ele>2363.199981689453</ele></trkpt><trkpt lat="46.564010477624834" lon="8.530490418430418"><ele>2362.689971923828</ele></trkpt><trkpt lat="46.56400047754869" lon="8.530470418278128"><ele>2362.0899963378906</ele></trkpt><trkpt lat="46.56396047724411" lon="8.530480418354273"><ele>2360.989990234375</ele></trkpt><trkpt lat="46.56394047709182" lon="8.530490417964756"><ele>2360.3899841308594</ele></trkpt><trkpt lat="46.563910476863384" lon="8.530510418117046"><ele>2359.449981689453</ele></trkpt><trkpt lat="46.563890476711094" lon="8.530530417803675"><ele>2359.009979248047</ele></trkpt><trkpt lat="46.563870476558805" lon="8.53054041787982"><ele>2358.5</ele></trkpt><trkpt lat="46.563830476254225" lon="8.530550417490304"><ele>2357.4299926757812</ele></trkpt><trkpt lat="46.56382047617808" lon="8.530550417490304"><ele>2357.1299743652344</ele></trkpt><trkpt lat="46.563810476101935" lon="8.530540417414159"><ele>2356.3899841308594</ele></trkpt><trkpt lat="46.563790475949645" lon="8.530530417338014"><ele>2356.0</ele></trkpt><trkpt lat="46.563770475797355" lon="8.530520417261869"><ele>2355.3199768066406</ele></trkpt><trkpt lat="46.56376047572121" lon="8.530500417109579"><ele>2354.779998779297</ele></trkpt><trkpt lat="46.56374047556892" lon="8.530470416881144"><ele>2354.25</ele></trkpt><trkpt lat="46.56374047556892" lon="8.53040041681379"><ele>2353.209991455078</ele></trkpt><trkpt lat="46.563730475492775" lon="8.530380416661501"><ele>2352.8099975585938</ele></trkpt><trkpt lat="46.563710475340486" lon="8.530360416509211"><ele>2352.279998779297</ele></trkpt><trkpt lat="46.563690475188196" lon="8.530350416433066"><ele>2351.7899780273438</ele></trkpt><trkpt lat="46.563670475035906" lon="8.530340416356921"><ele>2350.97998046875</ele></trkpt><trkpt lat="46.563650474883616" lon="8.530320416204631"><ele>2350.489990234375</ele></trkpt><trkpt lat="46.5636104750447" lon="8.530320416204631"><ele>2349.8999938964844</ele></trkpt><trkpt lat="46.56359047489241" lon="8.530330416280776"><ele>2349.4199829101562</ele></trkpt><trkpt lat="46.56357047474012" lon="8.530400415882468"><ele>2348.3999938964844</ele></trkpt><trkpt lat="46.56356047466397" lon="8.530400415882468"><ele>2347.949981689453</ele></trkpt><trkpt lat="46.56354047451168" lon="8.530390415806323"><ele>2347.6099853515625</ele></trkpt><trkpt lat="46.56352047435939" lon="8.530330415815115"><ele>2347.189971923828</ele></trkpt><trkpt lat="46.5635004742071" lon="8.53032041573897"><ele>2346.959991455078</ele></trkpt><trkpt lat="46.56347047444433" lon="8.53034041589126"><ele>2346.6099853515625</ele></trkpt><trkpt lat="46.56341047398746" lon="8.530350415501744"><ele>2345.1699829101562</ele></trkpt><trkpt lat="46.56339047383517" lon="8.530350415501744"><ele>2344.8199768066406</ele></trkpt><trkpt lat="46.563380473759025" lon="8.530380415264517"><ele>2344.4099731445312</ele></trkpt><trkpt lat="46.56335047399625" lon="8.530410415492952"><ele>2344.219970703125</ele></trkpt><trkpt lat="46.56332047376782" lon="8.53047041548416"><ele>2344.0499877929688</ele></trkpt><trkpt lat="46.56331047369167" lon="8.530490415170789"><ele>2343.8199768066406</ele></trkpt><trkpt lat="46.56330047361553" lon="8.530490415170789"><ele>2343.529998779297</ele></trkpt><trkpt lat="46.56328047346324" lon="8.530470415018499"><ele>2343.1599731445312</ele></trkpt><trkpt lat="46.56326047331095" lon="8.530450414866209"><ele>2342.6699829101562</ele></trkpt><trkpt lat="46.56324047362432" lon="8.530450414866209"><ele>2342.3999938964844</ele></trkpt><trkpt lat="46.56322047347203" lon="8.530450414866209"><ele>2342.1699829101562</ele></trkpt><trkpt lat="46.563170473556966" lon="8.530440414790064"><ele>2342.3799743652344</ele></trkpt><trkpt lat="46.563150473404676" lon="8.53043041471392"><ele>2342.0799865722656</ele></trkpt><trkpt lat="46.56314047332853" lon="8.53041041502729"><ele>2341.8999938964844</ele></trkpt><trkpt lat="46.563110473100096" lon="8.530400414951146"><ele>2341.8299865722656</ele></trkpt><trkpt lat="46.56309047341347" lon="8.530400414951146"><ele>2342.0699768066406</ele></trkpt><trkpt lat="46.56308047333732" lon="8.53041041502729"><ele>2342.3599853515625</ele></trkpt><trkpt lat="46.56308047333732" lon="8.53043041517958"><ele>2342.5899963378906</ele></trkpt><trkpt lat="46.563040473498404" lon="8.530520414933562"><ele>2342.5399780273438</ele></trkpt><trkpt lat="46.56303047342226" lon="8.530520414933562"><ele>2341.9299926757812</ele></trkpt><trkpt lat="46.563020473346114" lon="8.530500414781272"><ele>2341.469970703125</ele></trkpt><trkpt lat="46.563000473193824" lon="8.530490414705127"><ele>2340.509979248047</ele></trkpt><trkpt lat="46.56297047296539" lon="8.530450414400548"><ele>2339.8099975585938</ele></trkpt><trkpt lat="46.562960472889245" lon="8.530420414637774"><ele>2339.25</ele></trkpt><trkpt lat="46.562940472736955" lon="8.53041041456163"><ele>2338.9299926757812</ele></trkpt><trkpt lat="46.562900472432375" lon="8.530390413943678"><ele>2337.3099975585938</ele></trkpt><trkpt lat="46.562880472280085" lon="8.530380413867533"><ele>2336.3499755859375</ele></trkpt><trkpt lat="46.562860472127795" lon="8.530390413943678"><ele>2335.5399780273438</ele></trkpt><trkpt lat="46.56281047174707" lon="8.530340413562953"><ele>2334.219970703125</ele></trkpt><trkpt lat="46.56279047159478" lon="8.530320413410664"><ele>2334.0699768066406</ele></trkpt><trkpt lat="46.562780471518636" lon="8.53029041364789"><ele>2333.769989013672</ele></trkpt><trkpt lat="46.56277047190815" lon="8.530260413419455"><ele>2333.8399963378906</ele></trkpt><trkpt lat="46.56276047183201" lon="8.53025041334331"><ele>2333.759979248047</ele></trkpt><trkpt lat="46.56274047167972" lon="8.530240413732827"><ele>2334.019989013672</ele></trkpt><trkpt lat="46.56273047160357" lon="8.530240413732827"><ele>2334.3299865722656</ele></trkpt><trkpt lat="46.562710471916944" lon="8.530180413741618"><ele>2334.199981689453</ele></trkpt><trkpt lat="46.5627004718408" lon="8.530160413589329"><ele>2334.1299743652344</ele></trkpt><trkpt lat="46.56268047168851" lon="8.530160413589329"><ele>2333.9199829101562</ele></trkpt><trkpt lat="46.562670471612364" lon="8.530160413589329"><ele>2333.8499755859375</ele></trkpt><trkpt lat="46.56266047153622" lon="8.530170413665473"><ele>2333.739990234375</ele></trkpt><trkpt lat="46.562650471460074" lon="8.530210413504392"><ele>2333.219970703125</ele></trkpt><trkpt lat="46.56264047138393" lon="8.530220413580537"><ele>2333.1399841308594</ele></trkpt><trkpt lat="46.562630471307784" lon="8.530220413114876"><ele>2332.779998779297</ele></trkpt><trkpt lat="46.562610471621156" lon="8.530200413428247"><ele>2332.4099731445312</ele></trkpt><trkpt lat="46.56260047154501" lon="8.530200412962586"><ele>2332.0799865722656</ele></trkpt><trkpt lat="46.56258047139272" lon="8.53021041303873"><ele>2331.759979248047</ele></trkpt><trkpt lat="46.562570471316576" lon="8.530220413114876"><ele>2331.5499877929688</ele></trkpt><trkpt lat="46.56256047124043" lon="8.53021041303873"><ele>2331.3199768066406</ele></trkpt><trkpt lat="46.562550471164286" lon="8.53017041273415"><ele>2330.8299865722656</ele></trkpt><trkpt lat="46.562530471011996" lon="8.530160412658006"><ele>2330.489990234375</ele></trkpt><trkpt lat="46.56252047093585" lon="8.530140412971377"><ele>2330.3499755859375</ele></trkpt><trkpt lat="46.56250047078356" lon="8.530130412895232"><ele>2329.769989013672</ele></trkpt><trkpt lat="46.56249047070742" lon="8.530110412742943"><ele>2329.2999877929688</ele></trkpt><trkpt lat="46.56248047063127" lon="8.530090412590653"><ele>2328.6199951171875</ele></trkpt><trkpt lat="46.56245047040284" lon="8.530070412438363"><ele>2327.959991455078</ele></trkpt><trkpt lat="46.56243047025055" lon="8.530030412133783"><ele>2327.439971923828</ele></trkpt><trkpt lat="46.56240047002211" lon="8.529990412294865"><ele>2326.529998779297</ele></trkpt><trkpt lat="46.562360470183194" lon="8.529990411829203"><ele>2325.1799926757812</ele></trkpt><trkpt lat="46.56231046933681" lon="8.529980411753058"><ele>2323.1099853515625</ele></trkpt><trkpt lat="46.562260469421744" lon="8.529970411211252"><ele>2321.9099731445312</ele></trkpt><trkpt lat="46.562220469117165" lon="8.529960411135107"><ele>2320.6399841308594</ele></trkpt><trkpt lat="46.562200468964875" lon="8.529950411058962"><ele>2320.1499938964844</ele></trkpt><trkpt lat="46.562180468812585" lon="8.529920410830528"><ele>2319.8199768066406</ele></trkpt><trkpt lat="46.56215046904981" lon="8.529920410830528"><ele>2319.439971923828</ele></trkpt><trkpt lat="46.56211046874523" lon="8.529930410906672"><ele>2318.5599975585938</ele></trkpt><trkpt lat="46.5620804685168" lon="8.529930410906672"><ele>2318.1199951171875</ele></trkpt><trkpt lat="46.56205046828836" lon="8.529920410830528"><ele>2317.75</ele></trkpt><trkpt lat="46.56202046852559" lon="8.529910410754383"><ele>2317.3599853515625</ele></trkpt><trkpt lat="46.562010468449444" lon="8.529910410754383"><ele>2317.0999755859375</ele></trkpt><trkpt lat="46.561990468297154" lon="8.529910410754383"><ele>2316.949981689453</ele></trkpt><trkpt lat="46.56196046806872" lon="8.529940410517156"><ele>2315.8499755859375</ele></trkpt><trkpt lat="46.56194046791643" lon="8.52995041012764"><ele>2315.2999877929688</ele></trkpt><trkpt lat="46.561930467840284" lon="8.52995041012764"><ele>2315.1399841308594</ele></trkpt><trkpt lat="46.56190046807751" lon="8.52997041027993"><ele>2314.8699951171875</ele></trkpt><trkpt lat="46.56188046792522" lon="8.529980409890413"><ele>2314.5799865722656</ele></trkpt><trkpt lat="46.561870467849076" lon="8.529980409890413"><ele>2314.509979248047</ele></trkpt><trkpt lat="46.561830467544496" lon="8.529980409890413"><ele>2313.8599853515625</ele></trkpt><trkpt lat="46.56180046778172" lon="8.529990409966558"><ele>2313.8799743652344</ele></trkpt><trkpt lat="46.56179046770558" lon="8.530010410118848"><ele>2313.759979248047</ele></trkpt><trkpt lat="46.56179046770558" lon="8.530030409805477"><ele>2313.449981689453</ele></trkpt><trkpt lat="46.56180046731606" lon="8.530090409796685"><ele>2311.6599731445312</ele></trkpt><trkpt lat="46.56180046731606" lon="8.530120409559458"><ele>2310.8599853515625</ele></trkpt><trkpt lat="46.5618004668504" lon="8.53019040916115"><ele>2308.5</ele></trkpt><trkpt lat="46.56182046653703" lon="8.530220408923924"><ele>2308.0899963378906</ele></trkpt><trkpt lat="46.56186046637595" lon="8.530260408762842"><ele>2306.509979248047</ele></trkpt><trkpt lat="46.561860465910286" lon="8.530290408525616"><ele>2305.739990234375</ele></trkpt><trkpt lat="46.56187046598643" lon="8.530310408212245"><ele>2304.8399963378906</ele></trkpt><trkpt lat="46.561900465749204" lon="8.530330408364534"><ele>2304.5799865722656</ele></trkpt><trkpt lat="46.561920465901494" lon="8.530350408516824"><ele>2304.0</ele></trkpt><trkpt lat="46.56193046551198" lon="8.530370408203453"><ele>2303.719970703125</ele></trkpt><trkpt lat="46.56192046543583" lon="8.530410408042371"><ele>2302.779998779297</ele></trkpt><trkpt lat="46.561930465046316" lon="8.530480407644063"><ele>2301.3999938964844</ele></trkpt><trkpt lat="46.561930465046316" lon="8.530490407720208"><ele>2301.209991455078</ele></trkpt><trkpt lat="46.56192046497017" lon="8.530500407796353"><ele>2300.989990234375</ele></trkpt><trkpt lat="46.56190046481788" lon="8.530520407482982"><ele>2300.3299865722656</ele></trkpt><trkpt lat="46.56188046513125" lon="8.530520407482982"><ele>2299.97998046875</ele></trkpt><trkpt lat="46.5618604645133" lon="8.530500407330692"><ele>2298.959991455078</ele></trkpt><trkpt lat="46.56185046490282" lon="8.530490407254547"><ele>2298.8899841308594</ele></trkpt><trkpt lat="46.56183046475053" lon="8.530480407178402"><ele>2298.3999938964844</ele></trkpt><trkpt lat="46.56182046467438" lon="8.530480407178402"><ele>2298.0599975585938</ele></trkpt><trkpt lat="46.56180046452209" lon="8.530430407263339"><ele>2297.8699951171875</ele></trkpt><trkpt lat="46.56177046429366" lon="8.530410407111049"><ele>2297.0699768066406</ele></trkpt><trkpt lat="46.561760464217514" lon="8.530400407034904"><ele>2296.6499938964844</ele></trkpt><trkpt lat="46.561740464065224" lon="8.530370406806469"><ele>2296.47998046875</ele></trkpt><trkpt lat="46.56173046398908" lon="8.530380406882614"><ele>2296.2999877929688</ele></trkpt><trkpt lat="46.56173046398908" lon="8.530420406721532"><ele>2295.769989013672</ele></trkpt><trkpt lat="46.56175046414137" lon="8.530460407026112"><ele>2295.459991455078</ele></trkpt><trkpt lat="46.561770463828" lon="8.530530406627804"><ele>2294.3199768066406</ele></trkpt><trkpt lat="46.56178046390414" lon="8.530570406466722"><ele>2293.6699829101562</ele></trkpt><trkpt lat="46.561790463514626" lon="8.530590406619012"><ele>2293.5899963378906</ele></trkpt><trkpt lat="46.56180046359077" lon="8.53063040645793"><ele>2292.8599853515625</ele></trkpt><trkpt lat="46.5618204632774" lon="8.53065040614456"><ele>2292.47998046875</ele></trkpt><trkpt lat="46.561830463353544" lon="8.530660406220704"><ele>2291.939971923828</ele></trkpt><trkpt lat="46.56184046342969" lon="8.530690405983478"><ele>2291.489990234375</ele></trkpt><trkpt lat="46.56185046304017" lon="8.530710406135768"><ele>2290.949981689453</ele></trkpt><trkpt lat="46.56185046304017" lon="8.530750405974686"><ele>2289.459991455078</ele></trkpt><trkpt lat="46.56185046257451" lon="8.53078040573746"><ele>2288.8199768066406</ele></trkpt><trkpt lat="46.56185046257451" lon="8.530820405576378"><ele>2288.0599975585938</ele></trkpt><trkpt lat="46.56185046257451" lon="8.530850405339152"><ele>2287.1499938964844</ele></trkpt><trkpt lat="46.56184046249837" lon="8.530880405101925"><ele>2286.5699768066406</ele></trkpt><trkpt lat="46.56182046234608" lon="8.53089040517807"><ele>2285.8299865722656</ele></trkpt><trkpt lat="46.56181046226993" lon="8.53091040533036"><ele>2285.5599975585938</ele></trkpt><trkpt lat="46.561820461880416" lon="8.530950405169278"><ele>2284.8499755859375</ele></trkpt><trkpt lat="46.56183046195656" lon="8.530960404779762"><ele>2284.3399963378906</ele></trkpt><trkpt lat="46.56185046164319" lon="8.530960404779762"><ele>2284.009979248047</ele></trkpt><trkpt lat="46.561860461719334" lon="8.53100040461868"><ele>2283.519989013672</ele></trkpt><trkpt lat="46.56188046140596" lon="8.531010404694825"><ele>2283.3099975585938</ele></trkpt><trkpt lat="46.56190046155825" lon="8.53102040477097"><ele>2283.199981689453</ele></trkpt><trkpt lat="46.56192046171054" lon="8.53102040477097"><ele>2282.8699951171875</ele></trkpt><trkpt lat="46.56194046139717" lon="8.53100040461868"><ele>2282.3299865722656</ele></trkpt><trkpt lat="46.561950461473316" lon="8.531010404694825"><ele>2281.6699829101562</ele></trkpt><trkpt lat="46.56198046123609" lon="8.531030404381454"><ele>2280.5699768066406</ele></trkpt><trkpt lat="46.56199046084657" lon="8.531050404068083"><ele>2280.1299743652344</ele></trkpt><trkpt lat="46.56198046077043" lon="8.531090403907001"><ele>2279.1799926757812</ele></trkpt><trkpt lat="46.56197046069428" lon="8.531090403907001"><ele>2278.739990234375</ele></trkpt><trkpt lat="46.56197046069428" lon="8.531100403983146"><ele>2278.279998779297</ele></trkpt><trkpt lat="46.56198046030477" lon="8.531120403669775"><ele>2277.779998779297</ele></trkpt><trkpt lat="46.56199046038091" lon="8.53113040374592"><ele>2277.3799743652344</ele></trkpt><trkpt lat="46.56199046038091" lon="8.531140403822064"><ele>2277.1299743652344</ele></trkpt><trkpt lat="46.56199046038091" lon="8.531160403508693"><ele>2276.6399841308594</ele></trkpt><trkpt lat="46.56199046038091" lon="8.531180403660983"><ele>2276.259979248047</ele></trkpt><trkpt lat="46.562000459991395" lon="8.531170403584838"><ele>2276.1799926757812</ele></trkpt><trkpt lat="46.562000459991395" lon="8.531180403660983"><ele>2275.939971923828</ele></trkpt><trkpt lat="46.562000459991395" lon="8.531220403499901"><ele>2274.9199829101562</ele></trkpt><trkpt lat="46.56201046006754" lon="8.53124040318653"><ele>2274.5</ele></trkpt><trkpt lat="46.562020459678024" lon="8.53124040318653"><ele>2274.0999755859375</ele></trkpt><trkpt lat="46.562040459830314" lon="8.53122040303424"><ele>2273.8399963378906</ele></trkpt><trkpt lat="46.56206045951694" lon="8.53122040303424"><ele>2273.5799865722656</ele></trkpt><trkpt lat="46.56209045974538" lon="8.531240402720869"><ele>2272.719970703125</ele></trkpt><trkpt lat="46.56210045935586" lon="8.531270402949303"><ele>2272.0399780273438</ele></trkpt><trkpt lat="46.56212045950815" lon="8.531300402712077"><ele>2271.769989013672</ele></trkpt><trkpt lat="46.56214045919478" lon="8.531320402864367"><ele>2271.3799743652344</ele></trkpt><trkpt lat="46.562150459270924" lon="8.53133040247485"><ele>2271.1299743652344</ele></trkpt><trkpt lat="46.56216045888141" lon="8.53135040262714"><ele>2270.4099731445312</ele></trkpt><trkpt lat="46.56215045880526" lon="8.531360402237624"><ele>2270.0499877929688</ele></trkpt><trkpt lat="46.56215045880526" lon="8.531370402313769"><ele>2269.6299743652344</ele></trkpt><trkpt lat="46.56217045895755" lon="8.531390402466059"><ele>2268.8499755859375</ele></trkpt><trkpt lat="46.56218045856804" lon="8.531410402152687"><ele>2268.1199951171875</ele></trkpt><trkpt lat="46.562200458254665" lon="8.53144040191546"><ele>2267.0</ele></trkpt><trkpt lat="46.562200458254665" lon="8.53146040206775"><ele>2266.4299926757812</ele></trkpt><trkpt lat="46.562220458406955" lon="8.53148040175438"><ele>2265.8599853515625</ele></trkpt><trkpt lat="46.562240458093584" lon="8.53148040175438"><ele>2265.1499938964844</ele></trkpt><trkpt lat="46.56225045816973" lon="8.53148040175438"><ele>2264.8599853515625</ele></trkpt><trkpt lat="46.56225045816973" lon="8.53148040175438"><ele>2264.6399841308594</ele></trkpt><trkpt lat="46.56225045770407" lon="8.531500401441008"><ele>2264.489990234375</ele></trkpt><trkpt lat="46.56224045762792" lon="8.531520401593298"><ele>2263.939971923828</ele></trkpt><trkpt lat="46.56223045755178" lon="8.531540401279926"><ele>2263.3299865722656</ele></trkpt><trkpt lat="46.56221045739949" lon="8.531550401356071"><ele>2262.509979248047</ele></trkpt><trkpt lat="46.5621904572472" lon="8.5315704010427"><ele>2261.5799865722656</ele></trkpt><trkpt lat="46.56216045701876" lon="8.5315704010427"><ele>2260.8599853515625</ele></trkpt><trkpt lat="46.56215045694262" lon="8.531590400729328"><ele>2260.3699951171875</ele></trkpt><trkpt lat="46.56214045686647" lon="8.531600400805473"><ele>2259.939971923828</ele></trkpt><trkpt lat="46.56215045694262" lon="8.531610400881618"><ele>2259.8099975585938</ele></trkpt><trkpt lat="46.56217045709491" lon="8.531620400492102"><ele>2259.3999938964844</ele></trkpt><trkpt lat="46.56220045685768" lon="8.531630400568247"><ele>2258.75</ele></trkpt><trkpt lat="46.562210456468165" lon="8.531640400644392"><ele>2258.3199768066406</ele></trkpt><trkpt lat="46.56222045654431" lon="8.531650400254875"><ele>2257.9199829101562</ele></trkpt><trkpt lat="46.56222045654431" lon="8.53166040033102"><ele>2257.529998779297</ele></trkpt><trkpt lat="46.562230456620455" lon="8.531680400017649"><ele>2257.0899963378906</ele></trkpt><trkpt lat="46.56222045654431" lon="8.531690400093794"><ele>2256.709991455078</ele></trkpt><trkpt lat="46.56222045607865" lon="8.531710400246084"><ele>2256.029998779297</ele></trkpt><trkpt lat="46.56223045615479" lon="8.531720399856567"><ele>2255.6599731445312</ele></trkpt><trkpt lat="46.56226045591757" lon="8.531720399856567"><ele>2255.259979248047</ele></trkpt><trkpt lat="46.56228045606986" lon="8.531730399932712"><ele>2255.0799865722656</ele></trkpt><trkpt lat="46.56229045568034" lon="8.531760399695486"><ele>2254.0499877929688</ele></trkpt><trkpt lat="46.56231045629829" lon="8.53179039992392"><ele>2255.259979248047</ele></trkpt><trkpt lat="46.562320455908775" lon="8.531830399762839"><ele>2254.5599975585938</ele></trkpt><trkpt lat="46.562320455908775" lon="8.531860399525613"><ele>2253.9099731445312</ele></trkpt><trkpt lat="46.562340455595404" lon="8.531880399677902"><ele>2253.1799926757812</ele></trkpt><trkpt lat="46.562340455595404" lon="8.531930399592966"><ele>2252.1299743652344</ele></trkpt><trkpt lat="46.56235045520589" lon="8.531970399431884"><ele>2251.5799865722656</ele></trkpt><trkpt lat="46.56236045528203" lon="8.531990399118513"><ele>2251.3099975585938</ele></trkpt><trkpt lat="46.56237045535818" lon="8.532000399194658"><ele>2251.1599731445312</ele></trkpt><trkpt lat="46.562390455044806" lon="8.532020399346948"><ele>2250.739990234375</ele></trkpt><trkpt lat="46.562410454731435" lon="8.532100399024785"><ele>2249.2899780273438</ele></trkpt><trkpt lat="46.56243045441806" lon="8.532170398626477"><ele>2247.6099853515625</ele></trkpt><trkpt lat="46.56242045434192" lon="8.53220039838925"><ele>2246.5999755859375</ele></trkpt><trkpt lat="46.56242045434192" lon="8.53222039854154"><ele>2245.949981689453</ele></trkpt><trkpt lat="46.56242045387626" lon="8.532260397914797"><ele>2244.72998046875</ele></trkpt><trkpt lat="46.5624304539524" lon="8.532280398067087"><ele>2244.199981689453</ele></trkpt><trkpt lat="46.562440453562886" lon="8.532320397906005"><ele>2243.5599975585938</ele></trkpt><trkpt lat="46.562440453562886" lon="8.532350397668779"><ele>2242.8599853515625</ele></trkpt><trkpt lat="46.562440453562886" lon="8.532390397507697"><ele>2242.009979248047</ele></trkpt><trkpt lat="46.562440453097224" lon="8.532410397659987"><ele>2241.269989013672</ele></trkpt><trkpt lat="46.562420452944934" lon="8.532450397498906"><ele>2240.3099975585938</ele></trkpt><trkpt lat="46.562420452944934" lon="8.532490397337824"><ele>2239.6399841308594</ele></trkpt><trkpt lat="46.56241045286879" lon="8.532510397024453"><ele>2239.0399780273438</ele></trkpt><trkpt lat="46.562400452792645" lon="8.532540397252887"><ele>2238.3599853515625</ele></trkpt><trkpt lat="46.56242045247927" lon="8.532620396930724"><ele>2237.689971923828</ele></trkpt><trkpt lat="46.56244045263156" lon="8.532650396693498"><ele>2237.449981689453</ele></trkpt><trkpt lat="46.56246045231819" lon="8.532660396769643"><ele>2237.3599853515625</ele></trkpt><trkpt lat="46.56248045247048" lon="8.532680396921933"><ele>2237.719970703125</ele></trkpt><trkpt lat="46.56248045247048" lon="8.532700397074223"><ele>2237.4199829101562</ele></trkpt><trkpt lat="46.562490452546626" lon="8.532720396760851"><ele>2237.0999755859375</ele></trkpt><trkpt lat="46.562510452233255" lon="8.532730396836996"><ele>2236.8699951171875</ele></trkpt><trkpt lat="46.562530452385545" lon="8.532750396523625"><ele>2236.5</ele></trkpt><trkpt lat="46.56254045246169" lon="8.53276039659977"><ele>2236.25</ele></trkpt><trkpt lat="46.56255045207217" lon="8.532790396828204"><ele>2235.969970703125</ele></trkpt><trkpt lat="46.56257045222446" lon="8.532810396514833"><ele>2235.9099731445312</ele></trkpt><trkpt lat="46.56259045237675" lon="8.532820396590978"><ele>2235.5899963378906</ele></trkpt><trkpt lat="46.56259045191109" lon="8.532840396743268"><ele>2235.3499755859375</ele></trkpt><trkpt lat="46.56260045198724" lon="8.532880396582186"><ele>2234.8799743652344</ele></trkpt><trkpt lat="46.56261045206338" lon="8.532920396421105"><ele>2234.3299865722656</ele></trkpt><trkpt lat="46.56261045206338" lon="8.53293039649725"><ele>2234.1399841308594</ele></trkpt><trkpt lat="46.56259045191109" lon="8.532930396031588"><ele>2233.759979248047</ele></trkpt><trkpt lat="46.5625704517588" lon="8.532940396107733"><ele>2233.3999938964844</ele></trkpt><trkpt lat="46.56256045168266" lon="8.532950396183878"><ele>2233.0499877929688</ele></trkpt><trkpt lat="46.56255045160651" lon="8.532960396260023"><ele>2232.6399841308594</ele></trkpt><trkpt lat="46.56253045145422" lon="8.532960395794362"><ele>2232.219970703125</ele></trkpt><trkpt lat="46.56252045137808" lon="8.532970395870507"><ele>2231.9199829101562</ele></trkpt><trkpt lat="46.56252045137808" lon="8.532990396022797"><ele>2231.5999755859375</ele></trkpt><trkpt lat="46.56253045145422" lon="8.53300039563328"><ele>2231.189971923828</ele></trkpt><trkpt lat="46.562540451064706" lon="8.533060395624489"><ele>2230.3799743652344</ele></trkpt><trkpt lat="46.562540451064706" lon="8.533110395539552"><ele>2229.489990234375</ele></trkpt><trkpt lat="46.56255045067519" lon="8.53315039537847"><ele>2229.009979248047</ele></trkpt><trkpt lat="46.562560450751334" lon="8.533160395454615"><ele>2228.759979248047</ele></trkpt><trkpt lat="46.562580450903624" lon="8.533200395293534"><ele>2228.3399963378906</ele></trkpt><trkpt lat="46.56259045051411" lon="8.533230395056307"><ele>2227.8999938964844</ele></trkpt><trkpt lat="46.5626104506664" lon="8.533240395132452"><ele>2227.709991455078</ele></trkpt><trkpt lat="46.562630450353026" lon="8.533250395208597"><ele>2227.3499755859375</ele></trkpt><trkpt lat="46.56268045026809" lon="8.533310395199805"><ele>2226.6299743652344</ele></trkpt><trkpt lat="46.562690450344235" lon="8.533340394962579"><ele>2226.459991455078</ele></trkpt><trkpt lat="46.562690450344235" lon="8.533370394725353"><ele>2226.019989013672</ele></trkpt><trkpt lat="46.56271045003086" lon="8.533400394953787"><ele>2225.8999938964844</ele></trkpt><trkpt lat="46.56273045018315" lon="8.533410395029932"><ele>2226.019989013672</ele></trkpt><trkpt lat="46.5627404502593" lon="8.53343039471656"><ele>2225.8499755859375</ele></trkpt><trkpt lat="46.5627404502593" lon="8.533460394944996"><ele>2225.489990234375</ele></trkpt><trkpt lat="46.5627404502593" lon="8.53349039470777"><ele>2224.8499755859375</ele></trkpt><trkpt lat="46.56275044986978" lon="8.533510394860059"><ele>2224.5</ele></trkpt><trkpt lat="46.56276044994593" lon="8.533510394860059"><ele>2224.3399963378906</ele></trkpt><trkpt lat="46.56277045002207" lon="8.533510394860059"><ele>2224.3799743652344</ele></trkpt><trkpt lat="46.56278045009822" lon="8.533520394470543"><ele>2224.509979248047</ele></trkpt><trkpt lat="46.56279045017436" lon="8.533540394622833"><ele>2224.3099975585938</ele></trkpt><trkpt lat="46.56281044986099" lon="8.533550394698977"><ele>2223.8499755859375</ele></trkpt><trkpt lat="46.562820449937135" lon="8.533570394385606"><ele>2223.779998779297</ele></trkpt><trkpt lat="46.56285044969991" lon="8.53360039461404"><ele>2223.3199768066406</ele></trkpt><trkpt lat="46.56286044977605" lon="8.533630394376814"><ele>2223.0</ele></trkpt><trkpt lat="46.5628704498522" lon="8.533650394529104"><ele>2222.719970703125</ele></trkpt><trkpt lat="46.56289044953883" lon="8.533710394520313"><ele>2222.529998779297</ele></trkpt><trkpt lat="46.56291044969112" lon="8.533750394359231"><ele>2222.6199951171875</ele></trkpt><trkpt lat="46.562930449377745" lon="8.533800394274294"><ele>2222.489990234375</ele></trkpt><trkpt lat="46.562950449530035" lon="8.53383039450273"><ele>2222.1699829101562</ele></trkpt><trkpt lat="46.562950449530035" lon="8.533850394189358"><ele>2221.9299926757812</ele></trkpt><trkpt lat="46.562950449530035" lon="8.533870394341648"><ele>2221.509979248047</ele></trkpt><trkpt lat="46.56296044914052" lon="8.533880393952131"><ele>2221.219970703125</ele></trkpt><trkpt lat="46.56298044929281" lon="8.533890394028276"><ele>2220.2999877929688</ele></trkpt><trkpt lat="46.56303044920787" lon="8.533930393867195"><ele>2219.449981689453</ele></trkpt><trkpt lat="46.563060448970646" lon="8.533960393629968"><ele>2219.3899841308594</ele></trkpt><trkpt lat="46.56309044873342" lon="8.533980393782258"><ele>2219.3099975585938</ele></trkpt><trkpt lat="46.563120448961854" lon="8.534030393697321"><ele>2219.0499877929688</ele></trkpt><trkpt lat="46.563140449114144" lon="8.534060393925756"><ele>2219.5499877929688</ele></trkpt><trkpt lat="46.56317044887692" lon="8.534100393764675"><ele>2219.739990234375</ele></trkpt><trkpt lat="46.56319044902921" lon="8.534150393679738"><ele>2219.2899780273438</ele></trkpt><trkpt lat="46.56319044902921" lon="8.534180393908173"><ele>2218.769989013672</ele></trkpt><trkpt lat="46.56320044863969" lon="8.534190393518656"><ele>2218.6599731445312</ele></trkpt><trkpt lat="46.56322044879198" lon="8.534220393747091"><ele>2218.5</ele></trkpt><trkpt lat="46.56324044894427" lon="8.534230393823236"><ele>2218.6399841308594</ele></trkpt><trkpt lat="46.5632604486309" lon="8.534250393509865"><ele>2218.3999938964844</ele></trkpt><trkpt lat="46.563270448707044" lon="8.5342803937383"><ele>2218.4199829101562</ele></trkpt><trkpt lat="46.563270448707044" lon="8.534310393501073"><ele>2217.989990234375</ele></trkpt><trkpt lat="46.56328044878319" lon="8.534330393653363"><ele>2217.8799743652344</ele></trkpt><trkpt lat="46.56330044846982" lon="8.534360393416137"><ele>2217.769989013672</ele></trkpt><trkpt lat="46.56333044869825" lon="8.534380393568426"><ele>2217.8199768066406</ele></trkpt><trkpt lat="46.5633404487744" lon="8.534400393720716"><ele>2217.75</ele></trkpt><trkpt lat="46.563360448461026" lon="8.534440393559635"><ele>2217.529998779297</ele></trkpt><trkpt lat="46.56337044853717" lon="8.53445039363578"><ele>2217.489990234375</ele></trkpt><trkpt lat="46.563380448613316" lon="8.534470393322408"><ele>2217.5</ele></trkpt><trkpt lat="46.563380448613316" lon="8.534520393237472"><ele>2217.029998779297</ele></trkpt><trkpt lat="46.56339044868946" lon="8.534550393465906"><ele>2217.239990234375</ele></trkpt><trkpt lat="46.5633904482238" lon="8.53458039322868"><ele>2216.6699829101562</ele></trkpt><trkpt lat="46.563400448299944" lon="8.534630393143743"><ele>2216.439971923828</ele></trkpt><trkpt lat="46.56341044837609" lon="8.534640393219888"><ele>2216.3299865722656</ele></trkpt><trkpt lat="46.56341044837609" lon="8.534670393448323"><ele>2215.8499755859375</ele></trkpt><trkpt lat="46.563420448452234" lon="8.534680393058807"><ele>2215.769989013672</ele></trkpt><trkpt lat="46.563420448452234" lon="8.534700393211097"><ele>2215.5799865722656</ele></trkpt><trkpt lat="46.56344044813886" lon="8.53473039297387"><ele>2215.489990234375</ele></trkpt><trkpt lat="46.56346044829115" lon="8.534760393202305"><ele>2215.8499755859375</ele></trkpt><trkpt lat="46.5634704483673" lon="8.534780393354595"><ele>2216.3299865722656</ele></trkpt><trkpt lat="46.56348044844344" lon="8.53481039358303"><ele>2216.4199829101562</ele></trkpt><trkpt lat="46.563510448206216" lon="8.534860393498093"><ele>2216.2899780273438</ele></trkpt><trkpt lat="46.563530448358506" lon="8.534880393184721"><ele>2215.759979248047</ele></trkpt><trkpt lat="46.56354044843465" lon="8.534890393260866"><ele>2215.739990234375</ele></trkpt><trkpt lat="46.563550448045135" lon="8.534910393413156"><ele>2215.719970703125</ele></trkpt><trkpt lat="46.56356044812128" lon="8.534950393252075"><ele>2215.6799926757812</ele></trkpt><trkpt lat="46.56358044827357" lon="8.534990393090993"><ele>2215.6399841308594</ele></trkpt><trkpt lat="46.56360044842586" lon="8.535040393471718"><ele>2215.8399963378906</ele></trkpt><trkpt lat="46.56362044857815" lon="8.535060393158346"><ele>2216.1699829101562</ele></trkpt><trkpt lat="46.56362044857815" lon="8.535090393386781"><ele>2216.1599731445312</ele></trkpt><trkpt lat="46.56363044818863" lon="8.535120393149555"><ele>2216.0599975585938</ele></trkpt><trkpt lat="46.56364044826478" lon="8.5351303932257"><ele>2215.8999938964844</ele></trkpt><trkpt lat="46.56365044834092" lon="8.535160393454134"><ele>2215.8599853515625</ele></trkpt><trkpt lat="46.56366044841707" lon="8.535210393369198"><ele>2215.959991455078</ele></trkpt><trkpt lat="46.56369044817984" lon="8.535250393208116"><ele>2216.199981689453</ele></trkpt><trkpt lat="46.563700448255986" lon="8.535290393047035"><ele>2215.719970703125</ele></trkpt><trkpt lat="46.563700448255986" lon="8.535310393199325"><ele>2215.2899780273438</ele></trkpt><trkpt lat="46.563700448255986" lon="8.535330393351614"><ele>2214.959991455078</ele></trkpt><trkpt lat="46.56369044817984" lon="8.535360393114388"><ele>2214.449981689453</ele></trkpt><trkpt lat="46.563700447790325" lon="8.535380392801017"><ele>2214.019989013672</ele></trkpt><trkpt lat="46.56371044786647" lon="8.535410393029451"><ele>2213.5999755859375</ele></trkpt><trkpt lat="46.563720447942615" lon="8.535420392639935"><ele>2213.3799743652344</ele></trkpt><trkpt lat="46.56372044747695" lon="8.535440392792225"><ele>2212.759979248047</ele></trkpt><trkpt lat="46.56371044740081" lon="8.535460392478853"><ele>2212.4099731445312</ele></trkpt><trkpt lat="46.56369044771418" lon="8.535450392402709"><ele>2211.8399963378906</ele></trkpt><trkpt lat="46.56367044756189" lon="8.535450392402709"><ele>2211.1199951171875</ele></trkpt><trkpt lat="46.563660447020084" lon="8.535500392317772"><ele>2210.0</ele></trkpt><trkpt lat="46.56365044694394" lon="8.535550392232835"><ele>2208.5999755859375</ele></trkpt><trkpt lat="46.56363044679165" lon="8.535580391995609"><ele>2207.5699768066406</ele></trkpt><trkpt lat="46.56362044624984" lon="8.535630391445011"><ele>2206.439971923828</ele></trkpt><trkpt lat="46.56360044609755" lon="8.535640391521156"><ele>2205.719970703125</ele></trkpt><trkpt lat="46.56359044602141" lon="8.53567039128393"><ele>2205.0499877929688</ele></trkpt><trkpt lat="46.56357044586912" lon="8.53569039143622"><ele>2204.0999755859375</ele></trkpt><trkpt lat="46.56356044579297" lon="8.535710391122848"><ele>2203.7999877929688</ele></trkpt><trkpt lat="46.56356044579297" lon="8.535730391275138"><ele>2203.489990234375</ele></trkpt><trkpt lat="46.56356044579297" lon="8.535750390961766"><ele>2203.22998046875</ele></trkpt><trkpt lat="46.56354044564068" lon="8.535760391037911"><ele>2203.0899963378906</ele></trkpt><trkpt lat="46.56351044587791" lon="8.535780391190201"><ele>2202.739990234375</ele></trkpt><trkpt lat="46.5635004453361" lon="8.53580039087683"><ele>2202.009979248047</ele></trkpt><trkpt lat="46.56349044525996" lon="8.535830390639603"><ele>2201.259979248047</ele></trkpt><trkpt lat="46.56349044525996" lon="8.535890390630811"><ele>2200.1399841308594</ele></trkpt><trkpt lat="46.563480445183814" lon="8.535920390393585"><ele>2199.47998046875</ele></trkpt><trkpt lat="46.56347044510767" lon="8.535950390156358"><ele>2198.6799926757812</ele></trkpt><trkpt lat="46.56345044448972" lon="8.535970390308648"><ele>2197.709991455078</ele></trkpt><trkpt lat="46.56344044441357" lon="8.536010390147567"><ele>2196.3899841308594</ele></trkpt><trkpt lat="46.56343044433743" lon="8.536010389681906"><ele>2195.989990234375</ele></trkpt><trkpt lat="46.56341044418514" lon="8.53600038960576"><ele>2195.189971923828</ele></trkpt><trkpt lat="46.5633804439567" lon="8.536010389681906"><ele>2193.8099975585938</ele></trkpt><trkpt lat="46.56336044380441" lon="8.53602038929239"><ele>2193.3299865722656</ele></trkpt><trkpt lat="46.56335044372827" lon="8.53602038929239"><ele>2192.8699951171875</ele></trkpt><trkpt lat="46.56333044357598" lon="8.536050389055163"><ele>2192.2999877929688</ele></trkpt><trkpt lat="46.56332044349983" lon="8.536080389283597"><ele>2191.469970703125</ele></trkpt><trkpt lat="46.56332044303417" lon="8.53615038888529"><ele>2190.22998046875</ele></trkpt><trkpt lat="46.56330044288188" lon="8.536190388724208"><ele>2189.1399841308594</ele></trkpt><trkpt lat="46.56328044272959" lon="8.536220388486981"><ele>2188.1199951171875</ele></trkpt><trkpt lat="46.56327044265345" lon="8.536240388639271"><ele>2187.5399780273438</ele></trkpt><trkpt lat="46.56327044265345" lon="8.536280388012528"><ele>2186.3799743652344</ele></trkpt><trkpt lat="46.56326044211164" lon="8.536300388164818"><ele>2185.72998046875</ele></trkpt><trkpt lat="46.563250442035496" lon="8.536310388240963"><ele>2185.4199829101562</ele></trkpt><trkpt lat="46.56324044195935" lon="8.536330387927592"><ele>2184.8499755859375</ele></trkpt><trkpt lat="46.56324044195935" lon="8.536350388079882"><ele>2184.3299865722656</ele></trkpt><trkpt lat="46.56324044195935" lon="8.536360387690365"><ele>2184.189971923828</ele></trkpt><trkpt lat="46.56326044211164" lon="8.536360387690365"><ele>2183.709991455078</ele></trkpt><trkpt lat="46.563270441722125" lon="8.536390387453139"><ele>2183.1399841308594</ele></trkpt><trkpt lat="46.563270441722125" lon="8.536470387596637"><ele>2181.8299865722656</ele></trkpt><trkpt lat="46.56327044125646" lon="8.536520387046039"><ele>2180.8999938964844</ele></trkpt><trkpt lat="46.56326044118032" lon="8.536560386884958"><ele>2179.8599853515625</ele></trkpt><trkpt lat="46.563250441104174" lon="8.536610386800021"><ele>2178.5899963378906</ele></trkpt><trkpt lat="46.56325044063851" lon="8.536640386562794"><ele>2177.959991455078</ele></trkpt><trkpt lat="46.56326044071466" lon="8.536660386715084"><ele>2177.6399841308594</ele></trkpt><trkpt lat="46.56325044063851" lon="8.53667038679123"><ele>2177.439971923828</ele></trkpt><trkpt lat="46.56325044063851" lon="8.53667038679123"><ele>2177.3999938964844</ele></trkpt><trkpt lat="46.56329044047743" lon="8.536730386782438"><ele>2177.5</ele></trkpt><trkpt lat="46.563320440705866" lon="8.536780386697501"><ele>2177.6399841308594</ele></trkpt><trkpt lat="46.56333044078201" lon="8.536810386925936"><ele>2177.699981689453</ele></trkpt><trkpt lat="46.56341044092551" lon="8.536960386671126"><ele>2178.0799865722656</ele></trkpt><trkpt lat="46.56345044076443" lon="8.537050386890769"><ele>2178.3199768066406</ele></trkpt><trkpt lat="46.56348044099286" lon="8.537110386881977"><ele>2178.3999938964844</ele></trkpt><trkpt lat="46.563550441060215" lon="8.537230386864394"><ele>2178.7999877929688</ele></trkpt><trkpt lat="46.56363044073805" lon="8.537340386770666"><ele>2178.97998046875</ele></trkpt><trkpt lat="46.5636404408142" lon="8.53735038684681"><ele>2179.0</ele></trkpt><trkpt lat="46.563700440805405" lon="8.537450387142599"><ele>2179.199981689453</ele></trkpt><trkpt lat="46.563720440957695" lon="8.537470386829227"><ele>2179.1499938964844</ele></trkpt><trkpt lat="46.56373044103384" lon="8.537480386905372"><ele>2179.0999755859375</ele></trkpt><trkpt lat="46.563740441109985" lon="8.537500387057662"><ele>2179.189971923828</ele></trkpt><trkpt lat="46.56375044118613" lon="8.53756038704887"><ele>2179.3999938964844</ele></trkpt><trkpt lat="46.563780440948904" lon="8.537670386955142"><ele>2179.6099853515625</ele></trkpt><trkpt lat="46.56379044102505" lon="8.537700387183577"><ele>2179.699981689453</ele></trkpt><trkpt lat="46.56381044117734" lon="8.537740387022495"><ele>2179.7999877929688</ele></trkpt><trkpt lat="46.56387044116855" lon="8.537830387242138"><ele>2179.779998779297</ele></trkpt><trkpt lat="46.56389044132084" lon="8.537860387004912"><ele>2179.7999877929688</ele></trkpt><trkpt lat="46.56390044139698" lon="8.537930387072265"><ele>2179.97998046875</ele></trkpt><trkpt lat="46.563910441007465" lon="8.537950387224555"><ele>2180.0</ele></trkpt><trkpt lat="46.5639404412359" lon="8.538100387435406"><ele>2180.0999755859375</ele></trkpt><trkpt lat="46.5639404412359" lon="8.53815038735047"><ele>2180.1599731445312</ele></trkpt><trkpt lat="46.5639404412359" lon="8.538190387189388"><ele>2180.219970703125</ele></trkpt><trkpt lat="46.563950441312045" lon="8.538270387332886"><ele>2180.2999877929688</ele></trkpt><trkpt lat="46.563950441312045" lon="8.53832038724795"><ele>2180.2999877929688</ele></trkpt><trkpt lat="46.56396044138819" lon="8.538360387086868"><ele>2180.3399963378906</ele></trkpt><trkpt lat="46.56398044107482" lon="8.538420387078077"><ele>2180.3999938964844</ele></trkpt><trkpt lat="46.56401044130325" lon="8.538520387373865"><ele>2180.3999938964844</ele></trkpt><trkpt lat="46.56405044114217" lon="8.538600387517363"><ele>2180.3099975585938</ele></trkpt><trkpt lat="46.56409044144675" lon="8.538740387186408"><ele>2180.2999877929688</ele></trkpt><trkpt lat="46.564120441209525" lon="8.538820387329906"><ele>2180.3099975585938</ele></trkpt><trkpt lat="46.564120441209525" lon="8.538830387406051"><ele>2180.2999877929688</ele></trkpt><trkpt lat="46.56413044128567" lon="8.53885038709268"><ele>2180.3299865722656</ele></trkpt><trkpt lat="46.56421044142917" lon="8.539010387379676"><ele>2180.5399780273438</ele></trkpt><trkpt lat="46.56426044134423" lon="8.539090387523174"><ele>2180.5999755859375</ele></trkpt><trkpt lat="46.56434044148773" lon="8.539210387505591"><ele>2180.699981689453</ele></trkpt><trkpt lat="46.56440044147894" lon="8.5392703874968"><ele>2180.7999877929688</ele></trkpt><trkpt lat="46.56451044138521" lon="8.539350387174636"><ele>2180.699981689453</ele></trkpt><trkpt lat="46.564650441519916" lon="8.539520387537777"><ele>2181.0999755859375</ele></trkpt><trkpt lat="46.5647404412739" lon="8.539650387596339"><ele>2181.2999877929688</ele></trkpt><trkpt lat="46.56476044142619" lon="8.539670387748629"><ele>2181.3699951171875</ele></trkpt><trkpt lat="46.56479044165462" lon="8.539710387587547"><ele>2181.5</ele></trkpt><trkpt lat="46.564840441569686" lon="8.53976038750261"><ele>2181.6699829101562</ele></trkpt><trkpt lat="46.56489044148475" lon="8.539810387417674"><ele>2181.5999755859375</ele></trkpt><trkpt lat="46.564900441560894" lon="8.539820387493819"><ele>2181.6399841308594</ele></trkpt><trkpt lat="46.56491044163704" lon="8.539840387646109"><ele>2181.5999755859375</ele></trkpt><trkpt lat="46.56494044139981" lon="8.539920387323946"><ele>2181.3999938964844</ele></trkpt><trkpt lat="46.56494044139981" lon="8.53993038740009"><ele>2181.519989013672</ele></trkpt><trkpt lat="46.56495044147596" lon="8.540020387619734"><ele>2182.0</ele></trkpt><trkpt lat="46.5649604415521" lon="8.540130387526006"><ele>2182.199981689453</ele></trkpt><trkpt lat="46.5649604415521" lon="8.540200387593359"><ele>2182.5</ele></trkpt><trkpt lat="46.56497044162825" lon="8.540320388041437"><ele>2182.8999938964844</ele></trkpt><trkpt lat="46.56497044162825" lon="8.540360387880355"><ele>2183.0</ele></trkpt><trkpt lat="46.56497044162825" lon="8.540400387719274"><ele>2183.0799865722656</ele></trkpt><trkpt lat="46.56497044162825" lon="8.540440388023853"><ele>2183.199981689453</ele></trkpt><trkpt lat="46.564960442017764" lon="8.540460387710482"><ele>2183.199981689453</ele></trkpt><trkpt lat="46.56495044194162" lon="8.540500388015062"><ele>2183.2999877929688</ele></trkpt><trkpt lat="46.564940441865474" lon="8.540570388082415"><ele>2183.3199768066406</ele></trkpt><trkpt lat="46.564940441865474" lon="8.540570388082415"><ele>2183.3199768066406</ele></trkpt><trkpt lat="46.56493044178933" lon="8.540610387921333"><ele>2183.3999938964844</ele></trkpt><trkpt lat="46.56493044178933" lon="8.540650387760252"><ele>2183.3999938964844</ele></trkpt><trkpt lat="46.56493044178933" lon="8.54071038775146"><ele>2183.2999877929688</ele></trkpt><trkpt lat="46.56495044194162" lon="8.540840387810022"><ele>2183.0</ele></trkpt><trkpt lat="46.564940441865474" lon="8.541000387631357"><ele>2182.7999877929688</ele></trkpt><trkpt lat="46.56493044178933" lon="8.541060387622565"><ele>2182.769989013672</ele></trkpt><trkpt lat="46.56493044178933" lon="8.541080387774855"><ele>2182.699981689453</ele></trkpt><trkpt lat="46.564920441713184" lon="8.541160387918353"><ele>2182.5999755859375</ele></trkpt><trkpt lat="46.564920441713184" lon="8.541220387909561"><ele>2182.3799743652344</ele></trkpt><trkpt lat="46.564920441713184" lon="8.541230387985706"><ele>2182.3499755859375</ele></trkpt><trkpt lat="46.56495044147596" lon="8.541350387502462"><ele>2182.0</ele></trkpt><trkpt lat="46.56497044162825" lon="8.541420387569815"><ele>2181.7999877929688</ele></trkpt><trkpt lat="46.56498044170439" lon="8.541440387722105"><ele>2181.6799926757812</ele></trkpt><trkpt lat="46.56498044170439" lon="8.541470387484878"><ele>2181.5999755859375</ele></trkpt><trkpt lat="46.564990441314876" lon="8.541520387865603"><ele>2181.5</ele></trkpt><trkpt lat="46.564990441314876" lon="8.541560387704521"><ele>2181.3999938964844</ele></trkpt><trkpt lat="46.56500044139102" lon="8.54164038784802"><ele>2181.269989013672</ele></trkpt><trkpt lat="46.56500044139102" lon="8.541720387525856"><ele>2181.0999755859375</ele></trkpt><trkpt lat="46.56500044139102" lon="8.541740387678146"><ele>2181.0499877929688</ele></trkpt><trkpt lat="46.56500044139102" lon="8.541760387364775"><ele>2181.0</ele></trkpt><trkpt lat="46.56500044139102" lon="8.54177038744092"><ele>2181.0</ele></trkpt><trkpt lat="46.56502044154331" lon="8.5418103877455"><ele>2180.8999938964844</ele></trkpt><trkpt lat="46.56504044122994" lon="8.541900387499481"><ele>2180.6199951171875</ele></trkpt><trkpt lat="46.56506044138223" lon="8.542020387481898"><ele>2180.2999877929688</ele></trkpt><trkpt lat="46.56510044122115" lon="8.542180387303233"><ele>2179.7899780273438</ele></trkpt><trkpt lat="46.56511044129729" lon="8.542240387294441"><ele>2179.3999938964844</ele></trkpt><trkpt lat="46.56513044098392" lon="8.542370387353003"><ele>2178.5999755859375</ele></trkpt><trkpt lat="46.56517044082284" lon="8.54260038677603"><ele>2177.1199951171875</ele></trkpt><trkpt lat="46.56518044043332" lon="8.542630387004465"><ele>2176.8999938964844</ele></trkpt><trkpt lat="46.56520044058561" lon="8.542680386919528"><ele>2176.489990234375</ele></trkpt><trkpt lat="46.56521044066176" lon="8.542700386606157"><ele>2176.3499755859375</ele></trkpt><trkpt lat="46.56523044034839" lon="8.542730386834592"><ele>2176.0</ele></trkpt><trkpt lat="46.56525044050068" lon="8.542740386910737"><ele>2175.8199768066406</ele></trkpt><trkpt lat="46.56534044025466" lon="8.54277038667351"><ele>2175.0</ele></trkpt><trkpt lat="46.5653504403308" lon="8.542780386749655"><ele>2174.9299926757812</ele></trkpt><trkpt lat="46.56538044009358" lon="8.542810386512429"><ele>2174.5599975585938</ele></trkpt><trkpt lat="46.56539044016972" lon="8.542820386588573"><ele>2174.5</ele></trkpt><trkpt lat="46.56540044024587" lon="8.542840386275202"><ele>2174.25</ele></trkpt><trkpt lat="46.565440440084785" lon="8.542930386494845"><ele>2173.6399841308594</ele></trkpt><trkpt lat="46.565460439771414" lon="8.543020386248827"><ele>2173.0999755859375</ele></trkpt><trkpt lat="46.56547043984756" lon="8.543050386477262"><ele>2172.939971923828</ele></trkpt><trkpt lat="46.56549043953419" lon="8.543150386307389"><ele>2172.2999877929688</ele></trkpt><trkpt lat="46.56551043968648" lon="8.543200386222452"><ele>2171.959991455078</ele></trkpt><trkpt lat="46.565530439373106" lon="8.543250386137515"><ele>2171.5999755859375</ele></trkpt><trkpt lat="46.56554043944925" lon="8.543320385739207"><ele>2171.209991455078</ele></trkpt><trkpt lat="46.565550439525396" lon="8.543350385967642"><ele>2171.0999755859375</ele></trkpt><trkpt lat="46.56556043960154" lon="8.543370386119932"><ele>2170.969970703125</ele></trkpt><trkpt lat="46.565590439364314" lon="8.543440385721624"><ele>2170.5</ele></trkpt><trkpt lat="46.565590439364314" lon="8.543470385950059"><ele>2170.3599853515625</ele></trkpt><trkpt lat="46.565590439364314" lon="8.543500385712832"><ele>2170.199981689453</ele></trkpt><trkpt lat="46.56560043944046" lon="8.54354038555175"><ele>2169.939971923828</ele></trkpt><trkpt lat="46.56561043905094" lon="8.543570385780185"><ele>2169.7999877929688</ele></trkpt><trkpt lat="46.56561043905094" lon="8.543610385619104"><ele>2169.5499877929688</ele></trkpt><trkpt lat="46.56561043905094" lon="8.543630385771394"><ele>2169.3999938964844</ele></trkpt><trkpt lat="46.56562043912709" lon="8.543670385610312"><ele>2169.199981689453</ele></trkpt><trkpt lat="46.56562043912709" lon="8.54371038544923"><ele>2168.8999938964844</ele></trkpt><trkpt lat="46.56562043912709" lon="8.543740385677665"><ele>2168.9199829101562</ele></trkpt><trkpt lat="46.56562043912709" lon="8.543770385440439"><ele>2169.0</ele></trkpt><trkpt lat="46.565640438813716" lon="8.543850385583937"><ele>2168.5699768066406</ele></trkpt><trkpt lat="46.565660438966006" lon="8.543950385414064"><ele>2168.0999755859375</ele></trkpt><trkpt lat="46.56571043888107" lon="8.544170385226607"><ele>2167.3399963378906</ele></trkpt><trkpt lat="46.56572043849155" lon="8.54422038514167"><ele>2167.2999877929688</ele></trkpt><trkpt lat="46.56575043871999" lon="8.54445038549602"><ele>2167.3999938964844</ele></trkpt><trkpt lat="46.56576043879613" lon="8.544590385165066"><ele>2167.2999877929688</ele></trkpt><trkpt lat="46.56574043864384" lon="8.54481038544327"><ele>2167.219970703125</ele></trkpt><trkpt lat="46.56572043849155" lon="8.544950385577977"><ele>2167.2999877929688</ele></trkpt><trkpt lat="46.56572043849155" lon="8.544990385416895"><ele>2167.3399963378906</ele></trkpt><trkpt lat="46.56571043888107" lon="8.545020385179669"><ele>2167.3999938964844</ele></trkpt><trkpt lat="46.56571043888107" lon="8.545140385162085"><ele>2167.2999877929688</ele></trkpt><trkpt lat="46.565700438804924" lon="8.545180385466665"><ele>2167.2999877929688</ele></trkpt><trkpt lat="46.56569043872878" lon="8.545210385229439"><ele>2167.199981689453</ele></trkpt><trkpt lat="46.56558043882251" lon="8.545340385288"><ele>2167.199981689453</ele></trkpt><trkpt lat="46.56556043867022" lon="8.545370385516435"><ele>2167.0999755859375</ele></trkpt><trkpt lat="46.56555043859407" lon="8.545390385203063"><ele>2167.0999755859375</ele></trkpt><trkpt lat="46.56555043859407" lon="8.545410385355353"><ele>2167.1099853515625</ele></trkpt><trkpt lat="46.56554043851793" lon="8.545470385346562"><ele>2167.199981689453</ele></trkpt><trkpt lat="46.56554043851793" lon="8.545640385244042"><ele>2167.519989013672</ele></trkpt><trkpt lat="46.56554043898359" lon="8.545800385531038"><ele>2168.0899963378906</ele></trkpt><trkpt lat="46.56554043898359" lon="8.545850385446101"><ele>2168.239990234375</ele></trkpt><trkpt lat="46.56554043898359" lon="8.545900385826826"><ele>2168.3999938964844</ele></trkpt><trkpt lat="46.56554043898359" lon="8.545990385580808"><ele>2168.699981689453</ele></trkpt><trkpt lat="46.56554043898359" lon="8.546080385800451"><ele>2168.8999938964844</ele></trkpt><trkpt lat="46.56554043898359" lon="8.546090385876596"><ele>2168.8999938964844</ele></trkpt><trkpt lat="46.565490439068526" lon="8.546340385917574"><ele>2169.219970703125</ele></trkpt><trkpt lat="46.565490439068526" lon="8.546350385993719"><ele>2169.219970703125</ele></trkpt><trkpt lat="46.56548043899238" lon="8.546560385730118"><ele>2169.1099853515625</ele></trkpt><trkpt lat="46.56548043899238" lon="8.54665038594976"><ele>2169.0</ele></trkpt><trkpt lat="46.56550043867901" lon="8.546960385516286"><ele>2168.189971923828</ele></trkpt><trkpt lat="46.565510438755155" lon="8.54718038532883"><ele>2167.5</ele></trkpt><trkpt lat="46.565510438755155" lon="8.547250385396183"><ele>2167.2999877929688</ele></trkpt><trkpt lat="46.565510438755155" lon="8.547270385548472"><ele>2167.239990234375</ele></trkpt><trkpt lat="46.56550043867901" lon="8.547300385311246"><ele>2167.199981689453</ele></trkpt><trkpt lat="46.56550043867901" lon="8.547320385463536"><ele>2167.0699768066406</ele></trkpt><trkpt lat="46.56550043867901" lon="8.547360385302454"><ele>2167.0</ele></trkpt><trkpt lat="46.565490438602865" lon="8.547400385607034"><ele>2166.8799743652344</ele></trkpt><trkpt lat="46.56546043837443" lon="8.54750038543716"><ele>2166.519989013672</ele></trkpt><trkpt lat="46.5654404386878" lon="8.547570385504514"><ele>2166.199981689453</ele></trkpt><trkpt lat="46.56542043853551" lon="8.547640385106206"><ele>2165.8699951171875</ele></trkpt><trkpt lat="46.56542043853551" lon="8.54765038518235"><ele>2165.7999877929688</ele></trkpt><trkpt lat="46.56542043853551" lon="8.54769038502127"><ele>2165.699981689453</ele></trkpt><trkpt lat="46.56542043806985" lon="8.547800384927541"><ele>2165.199981689453</ele></trkpt><trkpt lat="46.565430438145995" lon="8.547900385223329"><ele>2165.0999755859375</ele></trkpt><trkpt lat="46.56544043822214" lon="8.547970385290682"><ele>2165.0</ele></trkpt><trkpt lat="46.56548043806106" lon="8.548110384959728"><ele>2164.7999877929688</ele></trkpt><trkpt lat="46.56550043821335" lon="8.54818038502708"><ele>2164.699981689453</ele></trkpt><trkpt lat="46.56551043828949" lon="8.548280385322869"><ele>2164.689971923828</ele></trkpt><trkpt lat="46.56555043812841" lon="8.548460385296494"><ele>2164.7999877929688</ele></trkpt><trkpt lat="46.5655704382807" lon="8.54856038512662"><ele>2164.699981689453</ele></trkpt><trkpt lat="46.565620438195765" lon="8.548720384947956"><ele>2164.699981689453</ele></trkpt><trkpt lat="46.565640438348055" lon="8.548780384939164"><ele>2164.709991455078</ele></trkpt><trkpt lat="46.56569043826312" lon="8.549020384903997"><ele>2164.5999755859375</ele></trkpt><trkpt lat="46.56570043833926" lon="8.549070385284722"><ele>2164.6399841308594</ele></trkpt><trkpt lat="46.56570043833926" lon="8.549100385047495"><ele>2164.5999755859375</ele></trkpt><trkpt lat="46.56571043794975" lon="8.549140384886414"><ele>2164.529998779297</ele></trkpt><trkpt lat="46.56571043794975" lon="8.549150384962559"><ele>2164.5</ele></trkpt><trkpt lat="46.56571043794975" lon="8.549190385267138"><ele>2164.3399963378906</ele></trkpt><trkpt lat="46.5657004378736" lon="8.54926038486883"><ele>2163.8999938964844</ele></trkpt><trkpt lat="46.56569043779746" lon="8.54930038517341"><ele>2163.6499938964844</ele></trkpt><trkpt lat="46.56568043772131" lon="8.549340385012329"><ele>2163.3999938964844</ele></trkpt><trkpt lat="46.56568043772131" lon="8.549390384927392"><ele>2163.0999755859375</ele></trkpt><trkpt lat="46.56569043779746" lon="8.54943038476631"><ele>2162.7999877929688</ele></trkpt><trkpt lat="46.5657004378736" lon="8.549440384842455"><ele>2162.699981689453</ele></trkpt><trkpt lat="46.56571043794975" lon="8.549470384605229"><ele>2162.509979248047</ele></trkpt><trkpt lat="46.56572043756023" lon="8.549520384520292"><ele>2162.2999877929688</ele></trkpt><trkpt lat="46.56574043771252" lon="8.549590384587646"><ele>2161.719970703125</ele></trkpt><trkpt lat="46.56578043755144" lon="8.549690384417772"><ele>2161.0</ele></trkpt><trkpt lat="46.56578043755144" lon="8.549710384570062"><ele>2160.8599853515625</ele></trkpt><trkpt lat="46.56582043739036" lon="8.549810384400189"><ele>2160.0999755859375</ele></trkpt><trkpt lat="46.56583043700084" lon="8.549840384162962"><ele>2159.8699951171875</ele></trkpt><trkpt lat="46.565880436915904" lon="8.550010384060442"><ele>2158.699981689453</ele></trkpt><trkpt lat="46.565900437068194" lon="8.550060383975506"><ele>2158.25</ele></trkpt><trkpt lat="46.56591043667868" lon="8.550100383814424"><ele>2157.7999877929688</ele></trkpt><trkpt lat="46.56591043621302" lon="8.550360383465886"><ele>2154.7999877929688</ele></trkpt><trkpt lat="46.56590043613687" lon="8.550380383618176"><ele>2154.5999755859375</ele></trkpt><trkpt lat="46.56589043606073" lon="8.55041038338095"><ele>2154.199981689453</ele></trkpt><trkpt lat="46.56587043590844" lon="8.550470383372158"><ele>2153.5</ele></trkpt><trkpt lat="46.56585043575615" lon="8.550550383049995"><ele>2152.3999938964844</ele></trkpt><trkpt lat="46.56583043560386" lon="8.550610383041203"><ele>2151.769989013672</ele></trkpt><trkpt lat="46.56582043552771" lon="8.550640382803977"><ele>2151.2999877929688</ele></trkpt><trkpt lat="46.56580043537542" lon="8.550740382634103"><ele>2150.1499938964844</ele></trkpt><trkpt lat="46.56576043507084" lon="8.550890382379293"><ele>2148.2999877929688</ele></trkpt><trkpt lat="46.56573043484241" lon="8.550950382370502"><ele>2147.459991455078</ele></trkpt><trkpt lat="46.56571043469012" lon="8.551020381972194"><ele>2146.5999755859375</ele></trkpt><trkpt lat="46.56570043461397" lon="8.551060381811112"><ele>2146.029998779297</ele></trkpt><trkpt lat="46.56569043453783" lon="8.551110381726176"><ele>2145.469970703125</ele></trkpt><trkpt lat="46.56564043369144" lon="8.551360381301492"><ele>2142.2999877929688</ele></trkpt><trkpt lat="46.56564043369144" lon="8.551360381301492"><ele>2142.3999938964844</ele></trkpt><trkpt lat="46.5656304336153" lon="8.551410381216556"><ele>2141.769989013672</ele></trkpt><trkpt lat="46.5656304336153" lon="8.551410381216556"><ele>2141.739990234375</ele></trkpt><trkpt lat="46.56561043346301" lon="8.551470381207764"><ele>2141.0799865722656</ele></trkpt><trkpt lat="46.56559043331072" lon="8.551500380970538"><ele>2140.8999938964844</ele></trkpt><trkpt lat="46.565560433547944" lon="8.551510381046683"><ele>2140.6399841308594</ele></trkpt><trkpt lat="46.565540433395654" lon="8.551520381122828"><ele>2140.5</ele></trkpt><trkpt lat="46.5654704333283" lon="8.551550380885601"><ele>2139.8999938964844</ele></trkpt><trkpt lat="46.56540043326095" lon="8.551570381037891"><ele>2139.2999877929688</ele></trkpt><trkpt lat="46.5653904331848" lon="8.551570381037891"><ele>2139.199981689453</ele></trkpt><trkpt lat="46.56536043295637" lon="8.55157038057223"><ele>2139.0</ele></trkpt><trkpt lat="46.56536043295637" lon="8.55157038057223"><ele>2138.8999938964844</ele></trkpt><trkpt lat="46.56530043296516" lon="8.551530380733311"><ele>2138.3999938964844</ele></trkpt><trkpt lat="46.56528043281287" lon="8.551520380657166"><ele>2138.1799926757812</ele></trkpt><trkpt lat="46.56526043266058" lon="8.551520380657166"><ele>2138.0</ele></trkpt><trkpt lat="46.565210432745516" lon="8.551480380352587"><ele>2137.5</ele></trkpt><trkpt lat="46.56503043230623" lon="8.55132038006559"><ele>2134.7999877929688</ele></trkpt><trkpt lat="46.56491043185815" lon="8.551210379693657"><ele>2133.2999877929688</ele></trkpt><trkpt lat="46.56489043170586" lon="8.551190379541367"><ele>2133.1399841308594</ele></trkpt><trkpt lat="46.5648404317908" lon="8.551130379550159"><ele>2132.2999877929688</ele></trkpt><trkpt lat="46.56480043148622" lon="8.551080379635096"><ele>2131.439971923828</ele></trkpt><trkpt lat="46.564790431410074" lon="8.55107037955895"><ele>2131.199981689453</ele></trkpt><trkpt lat="46.564790431410074" lon="8.55105037940666"><ele>2131.029998779297</ele></trkpt><trkpt lat="46.56476043118164" lon="8.5509203793481"><ele>2129.8799743652344</ele></trkpt><trkpt lat="46.564750431105494" lon="8.55088037904352"><ele>2129.6399841308594</ele></trkpt><trkpt lat="46.564750431105494" lon="8.55088037904352"><ele>2129.6299743652344</ele></trkpt><trkpt lat="46.564730430953205" lon="8.550870378967375"><ele>2129.3999938964844</ele></trkpt><trkpt lat="46.564730430953205" lon="8.55086037889123"><ele>2129.3899841308594</ele></trkpt><trkpt lat="46.56472043087706" lon="8.55086037889123"><ele>2129.2999877929688</ele></trkpt><trkpt lat="46.564710431266576" lon="8.550870378967375"><ele>2129.2999877929688</ele></trkpt><trkpt lat="46.56470043119043" lon="8.55088037904352"><ele>2129.0999755859375</ele></trkpt><trkpt lat="46.56470043119043" lon="8.550890379119664"><ele>2129.0</ele></trkpt><trkpt lat="46.564690431114286" lon="8.55090037919581"><ele>2128.9299926757812</ele></trkpt><trkpt lat="46.564690431114286" lon="8.550920378882438"><ele>2128.8199768066406</ele></trkpt><trkpt lat="46.564690431114286" lon="8.550920378882438"><ele>2128.7999877929688</ele></trkpt><trkpt lat="46.564710430800915" lon="8.550980378873646"><ele>2128.219970703125</ele></trkpt><trkpt lat="46.56472043087706" lon="8.55103037878871"><ele>2127.7999877929688</ele></trkpt><trkpt lat="46.564730430953205" lon="8.551050378941"><ele>2127.5499877929688</ele></trkpt><trkpt lat="46.56474043056369" lon="8.551080378703773"><ele>2127.3999938964844</ele></trkpt><trkpt lat="46.56474043056369" lon="8.551100378856063"><ele>2127.22998046875</ele></trkpt><trkpt lat="46.56474043056369" lon="8.551120378542691"><ele>2127.0</ele></trkpt><trkpt lat="46.56475043063983" lon="8.551220378372818"><ele>2126.2999877929688</ele></trkpt><trkpt lat="46.56476043025032" lon="8.551290378440171"><ele>2125.6599731445312</ele></trkpt><trkpt lat="46.56477043032646" lon="8.551360378507525"><ele>2125.1399841308594</ele></trkpt><trkpt lat="46.56479043001309" lon="8.55150037817657"><ele>2124.0999755859375</ele></trkpt><trkpt lat="46.56481043016538" lon="8.551550378091633"><ele>2123.529998779297</ele></trkpt><trkpt lat="46.564950429368764" lon="8.551810377743095"><ele>2121.199981689453</ele></trkpt><trkpt lat="46.56502042943612" lon="8.552010377403349"><ele>2119.75</ele></trkpt><trkpt lat="46.56505042919889" lon="8.552110377233475"><ele>2119.0</ele></trkpt><trkpt lat="46.565080428961664" lon="8.552160377148539"><ele>2118.7899780273438</ele></trkpt><trkpt lat="46.56512042880058" lon="8.552230377215892"><ele>2118.3099975585938</ele></trkpt><trkpt lat="46.5651604286395" lon="8.552310376893729"><ele>2117.699981689453</ele></trkpt><trkpt lat="46.565170428715646" lon="8.552340377122164"><ele>2117.4099731445312</ele></trkpt><trkpt lat="46.56518042879179" lon="8.552350377198309"><ele>2117.2999877929688</ele></trkpt><trkpt lat="46.56518042879179" lon="8.552370376884937"><ele>2117.259979248047</ele></trkpt><trkpt lat="46.56518042879179" lon="8.552390377037227"><ele>2117.199981689453</ele></trkpt><trkpt lat="46.5651604286395" lon="8.5524203768"><ele>2117.0999755859375</ele></trkpt><trkpt lat="46.565150428563356" lon="8.5524203768"><ele>2117.029998779297</ele></trkpt><trkpt lat="46.56514042848721" lon="8.552430376876146"><ele>2117.0</ele></trkpt><trkpt lat="46.56513042841107" lon="8.5524203768"><ele>2116.8399963378906</ele></trkpt><trkpt lat="46.56510042864829" lon="8.552400377113372"><ele>2116.5</ele></trkpt><trkpt lat="46.565080428496" lon="8.552390377037227"><ele>2116.279998779297</ele></trkpt><trkpt lat="46.565080428496" lon="8.552390377037227"><ele>2116.279998779297</ele></trkpt><trkpt lat="46.565020428504795" lon="8.552330376580358"><ele>2115.519989013672</ele></trkpt><trkpt lat="46.565000428352505" lon="8.552310376893729"><ele>2115.199981689453</ele></trkpt><trkpt lat="46.564960428047925" lon="8.55225037643686"><ele>2114.4199829101562</ele></trkpt><trkpt lat="46.56488042790443" lon="8.552140376064926"><ele>2112.8999938964844</ele></trkpt><trkpt lat="46.56478042760864" lon="8.55200037593022"><ele>2111.0399780273438</ele></trkpt><trkpt lat="46.56476042745635" lon="8.551970375701785"><ele>2110.5</ele></trkpt><trkpt lat="46.564610426779836" lon="8.551710375119"><ele>2107.5899963378906</ele></trkpt><trkpt lat="46.564610426779836" lon="8.551700375508517"><ele>2107.469970703125</ele></trkpt><trkpt lat="46.564610426779836" lon="8.551700375508517"><ele>2107.5</ele></trkpt><trkpt lat="46.56460042670369" lon="8.551700375508517"><ele>2107.3799743652344</ele></trkpt><trkpt lat="46.56455042632297" lon="8.551610375288874"><ele>2106.2999877929688</ele></trkpt><trkpt lat="46.564460426103324" lon="8.551420374773443"><ele>2103.7999877929688</ele></trkpt><trkpt lat="46.56427042512223" lon="8.551010373979807"><ele>2099.22998046875</ele></trkpt><trkpt lat="46.564240424893796" lon="8.550920373760164"><ele>2098.2999877929688</ele></trkpt><trkpt lat="46.56422042474151" lon="8.550900373607874"><ele>2098.0999755859375</ele></trkpt><trkpt lat="46.56421042466536" lon="8.550890373531729"><ele>2097.97998046875</ele></trkpt><trkpt lat="46.56417042482644" lon="8.55087037337944"><ele>2097.519989013672</ele></trkpt><trkpt lat="46.5641604247503" lon="8.55087037337944"><ele>2097.5</ele></trkpt><trkpt lat="46.56415042467415" lon="8.550890373531729"><ele>2097.259979248047</ele></trkpt><trkpt lat="46.56413042452186" lon="8.550910373684019"><ele>2097.0899963378906</ele></trkpt><trkpt lat="46.56413042452186" lon="8.550920373294502"><ele>2097.0</ele></trkpt><trkpt lat="46.56413042452186" lon="8.550940373446792"><ele>2096.8799743652344</ele></trkpt><trkpt lat="46.56413042452186" lon="8.551000373438"><ele>2096.459991455078</ele></trkpt><trkpt lat="46.56413042452186" lon="8.551010373514146"><ele>2096.3999938964844</ele></trkpt><trkpt lat="46.56414042459801" lon="8.551050373353064"><ele>2096.0799865722656</ele></trkpt><trkpt lat="46.56415042420849" lon="8.551120373420417"><ele>2095.5999755859375</ele></trkpt><trkpt lat="46.56417042389512" lon="8.551330372691154"><ele>2093.7999877929688</ele></trkpt><trkpt lat="46.564180423505604" lon="8.551540372427553"><ele>2091.699981689453</ele></trkpt><trkpt lat="46.564180423505604" lon="8.551610372494906"><ele>2091.0</ele></trkpt><trkpt lat="46.56417042342946" lon="8.551620372571051"><ele>2090.97998046875</ele></trkpt><trkpt lat="46.56417042342946" lon="8.551620372571051"><ele>2090.959991455078</ele></trkpt><trkpt lat="46.56415042327717" lon="8.551690372172743"><ele>2090.5699768066406</ele></trkpt><trkpt lat="46.56415042327717" lon="8.551690372172743"><ele>2090.5</ele></trkpt><trkpt lat="46.56413042312488" lon="8.551700372248888"><ele>2090.2999877929688</ele></trkpt><trkpt lat="46.56409042328596" lon="8.551700372248888"><ele>2090.0</ele></trkpt><trkpt lat="46.56405042298138" lon="8.551690372172743"><ele>2089.5999755859375</ele></trkpt><trkpt lat="46.56397042283788" lon="8.551650371868163"><ele>2088.1099853515625</ele></trkpt><trkpt lat="46.56396042276174" lon="8.551650371868163"><ele>2087.939971923828</ele></trkpt><trkpt lat="46.563910422846675" lon="8.551630371715873"><ele>2087.3999938964844</ele></trkpt><trkpt lat="46.563890422694385" lon="8.551610371563584"><ele>2086.7999877929688</ele></trkpt><trkpt lat="46.563850422389805" lon="8.551570371724665"><ele>2086.2999877929688</ele></trkpt><trkpt lat="46.56371042178944" lon="8.551300371065736"><ele>2082.739990234375</ele></trkpt><trkpt lat="46.56370042171329" lon="8.55129037098959"><ele>2082.5999755859375</ele></trkpt><trkpt lat="46.56365042179823" lon="8.551230370998383"><ele>2081.8999938964844</ele></trkpt><trkpt lat="46.563580421730876" lon="8.55116037093103"><ele>2081.5</ele></trkpt><trkpt lat="46.56357042165473" lon="8.551150370854884"><ele>2081.469970703125</ele></trkpt><trkpt lat="46.56353042135015" lon="8.55114037077874"><ele>2081.3999938964844</ele></trkpt><trkpt lat="46.56352042173967" lon="8.55114037077874"><ele>2081.269989013672</ele></trkpt><trkpt lat="46.56351042166352" lon="8.551130370702595"><ele>2081.0999755859375</ele></trkpt><trkpt lat="46.56347042135894" lon="8.55114037077874"><ele>2080.7999877929688</ele></trkpt><trkpt lat="46.56342042144388" lon="8.551170370541513"><ele>2080.2999877929688</ele></trkpt><trkpt lat="46.56340042129159" lon="8.551190370693803"><ele>2079.9199829101562</ele></trkpt><trkpt lat="46.56334042083472" lon="8.551260370295495"><ele>2078.8999938964844</ele></trkpt><trkpt lat="46.56331042107195" lon="8.55127037037164"><ele>2078.5999755859375</ele></trkpt><trkpt lat="46.56328042084351" lon="8.551280369982123"><ele>2078.2999877929688</ele></trkpt><trkpt lat="46.56325042108074" lon="8.551280369982123"><ele>2078.0</ele></trkpt><trkpt lat="46.56323042092845" lon="8.551290370058268"><ele>2077.9299926757812</ele></trkpt><trkpt lat="46.5632204208523" lon="8.551290370058268"><ele>2077.7999877929688</ele></trkpt><trkpt lat="46.5630804207176" lon="8.551280369982123"><ele>2077.8999938964844</ele></trkpt><trkpt lat="46.56304042087868" lon="8.551270369905978"><ele>2077.9199829101562</ele></trkpt><trkpt lat="46.56304042087868" lon="8.551260370295495"><ele>2077.8999938964844</ele></trkpt><trkpt lat="46.563010420650244" lon="8.551260370295495"><ele>2078.0999755859375</ele></trkpt><trkpt lat="46.562990420963615" lon="8.55127037037164"><ele>2078.1799926757812</ele></trkpt><trkpt lat="46.562970420811325" lon="8.551280369982123"><ele>2078.199981689453</ele></trkpt><trkpt lat="46.562820421066135" lon="8.551410370040685"><ele>2078.1299743652344</ele></trkpt><trkpt lat="46.56266042077914" lon="8.551540370099247"><ele>2078.0599975585938</ele></trkpt><trkpt lat="46.56252042064443" lon="8.551660370081663"><ele>2078.0699768066406</ele></trkpt><trkpt lat="46.56237042089924" lon="8.551760370377451"><ele>2078.3999938964844</ele></trkpt><trkpt lat="46.562330421060324" lon="8.551790370140225"><ele>2078.4199829101562</ele></trkpt><trkpt lat="46.562270420603454" lon="8.551840370055288"><ele>2077.3999938964844</ele></trkpt><trkpt lat="46.5622804206796" lon="8.551870370283723"><ele>2077.699981689453</ele></trkpt><trkpt lat="46.56230042083189" lon="8.551930370274931"><ele>2078.0</ele></trkpt><trkpt lat="46.56232042051852" lon="8.552050369791687"><ele>2077.0</ele></trkpt><trkpt lat="46.562330420129" lon="8.552160369697958"><ele>2075.5</ele></trkpt><trkpt lat="46.56235042028129" lon="8.552240369841456"><ele>2074.8199768066406</ele></trkpt><trkpt lat="46.562360419891775" lon="8.552280369680375"><ele>2074.3999938964844</ele></trkpt><trkpt lat="46.562400420196354" lon="8.552360369358212"><ele>2073.8999938964844</ele></trkpt><trkpt lat="46.56240041973069" lon="8.552410369273275"><ele>2073.199981689453</ele></trkpt><trkpt lat="46.56239041965455" lon="8.552490369416773"><ele>2072.5</ele></trkpt><trkpt lat="46.56239041965455" lon="8.552510369103402"><ele>2072.4199829101562</ele></trkpt><trkpt lat="46.5623804195784" lon="8.552560369018465"><ele>2072.2999877929688</ele></trkpt><trkpt lat="46.56237041950226" lon="8.5525903692469"><ele>2072.0</ele></trkpt><trkpt lat="46.56237041950226" lon="8.552630369085819"><ele>2071.5999755859375</ele></trkpt><trkpt lat="46.56235041934997" lon="8.552660368848592"><ele>2071.259979248047</ele></trkpt><trkpt lat="46.56233041919768" lon="8.552710368763655"><ele>2070.5999755859375</ele></trkpt><trkpt lat="46.56233041919768" lon="8.552750369068235"><ele>2070.2899780273438</ele></trkpt><trkpt lat="46.56234041927382" lon="8.552790368907154"><ele>2069.8999938964844</ele></trkpt><trkpt lat="46.56234041927382" lon="8.552820368669927"><ele>2069.459991455078</ele></trkpt><trkpt lat="46.56234041927382" lon="8.552830368746072"><ele>2069.5</ele></trkpt><trkpt lat="46.56234041927382" lon="8.552830368746072"><ele>2069.3599853515625</ele></trkpt><trkpt lat="46.56235041888431" lon="8.552840368822217"><ele>2069.199981689453</ele></trkpt><trkpt lat="46.56236041896045" lon="8.552880368661135"><ele>2068.5</ele></trkpt><trkpt lat="46.562370418570936" lon="8.552920368500054"><ele>2067.779998779297</ele></trkpt><trkpt lat="46.562370418570936" lon="8.552950368262827"><ele>2067.2999877929688</ele></trkpt><trkpt lat="46.562410418409854" lon="8.55304036801681"><ele>2065.5</ele></trkpt><trkpt lat="46.56241041794419" lon="8.553080367855728"><ele>2064.3399963378906</ele></trkpt><trkpt lat="46.56241041794419" lon="8.553130367770791"><ele>2063.0999755859375</ele></trkpt><trkpt lat="46.56241041794419" lon="8.553160367533565"><ele>2062.7999877929688</ele></trkpt><trkpt lat="46.56242041755468" lon="8.553160367533565"><ele>2062.6399841308594</ele></trkpt><trkpt lat="46.56243041763082" lon="8.55317036760971"><ele>2062.3999938964844</ele></trkpt><trkpt lat="46.562460417393595" lon="8.553240367211401"><ele>2061.199981689453</ele></trkpt><trkpt lat="46.56247041746974" lon="8.553260367363691"><ele>2060.8999938964844</ele></trkpt><trkpt lat="46.56247041746974" lon="8.553370367269963"><ele>2060.699981689453</ele></trkpt><trkpt lat="46.56247041746974" lon="8.553440367337316"><ele>2060.5</ele></trkpt><trkpt lat="46.56249041715637" lon="8.553500367328525"><ele>2060.3999938964844</ele></trkpt><trkpt lat="46.56250041723251" lon="8.553530367091298"><ele>2060.3199768066406</ele></trkpt><trkpt lat="46.56251041730866" lon="8.553580367006361"><ele>2059.8099975585938</ele></trkpt><trkpt lat="46.56253041699529" lon="8.553630366921425"><ele>2059.2999877929688</ele></trkpt><trkpt lat="46.56255041714758" lon="8.553720366675407"><ele>2058.5999755859375</ele></trkpt><trkpt lat="46.56256041675806" lon="8.553750366903841"><ele>2058.5999755859375</ele></trkpt><trkpt lat="46.56260041706264" lon="8.55379036674276"><ele>2058.0999755859375</ele></trkpt><trkpt lat="46.56260041706264" lon="8.553800366818905"><ele>2057.8799743652344</ele></trkpt><trkpt lat="46.562630416825414" lon="8.553860366810113"><ele>2057.469970703125</ele></trkpt><trkpt lat="46.56264041690156" lon="8.553900366649032"><ele>2057.199981689453</ele></trkpt><trkpt lat="46.56264041690156" lon="8.553930366877466"><ele>2057.22998046875</ele></trkpt><trkpt lat="46.56264041690156" lon="8.55394036648795"><ele>2057.2999877929688</ele></trkpt><trkpt lat="46.56265041651204" lon="8.554020366631448"><ele>2057.1199951171875</ele></trkpt><trkpt lat="46.56265041651204" lon="8.554060366470367"><ele>2057.0999755859375</ele></trkpt><trkpt lat="46.56265041651204" lon="8.554090366698802"><ele>2056.709991455078</ele></trkpt><trkpt lat="46.5626404164359" lon="8.554160366300493"><ele>2055.699981689453</ele></trkpt><trkpt lat="46.56265041651204" lon="8.554350366350263"><ele>2055.239990234375</ele></trkpt><trkpt lat="46.562660416122526" lon="8.55445036618039"><ele>2054.9099731445312</ele></trkpt><trkpt lat="46.562680416274816" lon="8.554570366162807"><ele>2054.689971923828</ele></trkpt><trkpt lat="46.56271041603759" lon="8.554740366060287"><ele>2054.5</ele></trkpt><trkpt lat="46.562720416113734" lon="8.554820366203785"><ele>2054.3999938964844</ele></trkpt><trkpt lat="46.562720416113734" lon="8.554820366203785"><ele>2054.3499755859375</ele></trkpt><trkpt lat="46.562700416427106" lon="8.554860366042703"><ele>2054.699981689453</ele></trkpt><trkpt lat="46.56269041635096" lon="8.554880366194993"><ele>2054.699981689453</ele></trkpt><trkpt lat="46.562660416122526" lon="8.554900366347283"><ele>2055.0399780273438</ele></trkpt><trkpt lat="46.56262041628361" lon="8.554930366575718"><ele>2055.219970703125</ele></trkpt><trkpt lat="46.562570416368544" lon="8.554970366414636"><ele>2055.2999877929688</ele></trkpt><trkpt lat="46.5625604162924" lon="8.554990366566926"><ele>2055.1199951171875</ele></trkpt><trkpt lat="46.56254041614011" lon="8.55498036602512"><ele>2054.5599975585938</ele></trkpt><trkpt lat="46.562530416063964" lon="8.55498036602512"><ele>2054.239990234375</ele></trkpt><trkpt lat="46.56252041598782" lon="8.55498036602512"><ele>2054.0999755859375</ele></trkpt><trkpt lat="46.56252041598782" lon="8.554990366101265"><ele>2054.1099853515625</ele></trkpt><trkpt lat="46.56252041598782" lon="8.5550203663297"><ele>2053.7999877929688</ele></trkpt><trkpt lat="46.56254041567445" lon="8.555100366007537"><ele>2053.0799865722656</ele></trkpt><trkpt lat="46.56255041575059" lon="8.55513036577031"><ele>2052.8199768066406</ele></trkpt><trkpt lat="46.56255041575059" lon="8.55513036577031"><ele>2052.709991455078</ele></trkpt><trkpt lat="46.56255041575059" lon="8.555190365761518"><ele>2051.719970703125</ele></trkpt><trkpt lat="46.56255041575059" lon="8.555210365913808"><ele>2051.3999938964844</ele></trkpt><trkpt lat="46.56254041567445" lon="8.555210365913808"><ele>2051.2899780273438</ele></trkpt><trkpt lat="46.56253041513264" lon="8.555230365600437"><ele>2050.1199951171875</ele></trkpt><trkpt lat="46.5625204150565" lon="8.555250365287066"><ele>2049.2999877929688</ele></trkpt><trkpt lat="46.5625204150565" lon="8.555270365439355"><ele>2048.7999877929688</ele></trkpt><trkpt lat="46.56250041490421" lon="8.555310365278274"><ele>2048.0699768066406</ele></trkpt><trkpt lat="46.56250041490421" lon="8.555310365278274"><ele>2048.0999755859375</ele></trkpt><trkpt lat="46.56251041498035" lon="8.555330364964902"><ele>2047.7999877929688</ele></trkpt><trkpt lat="46.56251041498035" lon="8.555350365117192"><ele>2047.6999816894531</ele></trkpt><trkpt lat="46.56251041451469" lon="8.55537036480382"><ele>2047.1799926757812</ele></trkpt><trkpt lat="46.562500414438546" lon="8.55539036495611"><ele>2046.7999877929688</ele></trkpt><trkpt lat="46.56248041475192" lon="8.55543036479503"><ele>2046.3999938964844</ele></trkpt><trkpt lat="46.56243041437119" lon="8.555450364947319"><ele>2045.8999938964844</ele></trkpt><trkpt lat="46.56243041437119" lon="8.5555403647013"><ele>2046.1999816894531</ele></trkpt><trkpt lat="46.56243041437119" lon="8.555700364988297"><ele>2046.5999755859375</ele></trkpt><trkpt lat="46.56244041444734" lon="8.55575036490336"><ele>2046.6599731445312</ele></trkpt><trkpt lat="46.56244041444734" lon="8.555800364818424"><ele>2046.6999816894531</ele></trkpt><trkpt lat="46.562410414684564" lon="8.555990364868194"><ele>2047.3999938964844</ele></trkpt><trkpt lat="46.56234041508287" lon="8.556250365450978"><ele>2049.5</ele></trkpt><trkpt lat="46.56229041516781" lon="8.55638036550954"><ele>2049.8199768066406</ele></trkpt><trkpt lat="46.562280415091664" lon="8.556390365585685"><ele>2049.8999938964844</ele></trkpt><trkpt lat="46.562280415091664" lon="8.556390365585685"><ele>2049.9199829101562</ele></trkpt><trkpt lat="46.56227041548118" lon="8.556390365585685"><ele>2050.0399780273438</ele></trkpt><trkpt lat="46.562260415405035" lon="8.556390365585685"><ele>2050.0599975585938</ele></trkpt><trkpt lat="46.562240415252745" lon="8.55640036566183"><ele>2050.3099975585938</ele></trkpt><trkpt lat="46.5622304151766" lon="8.556410365737975"><ele>2050.5</ele></trkpt><trkpt lat="46.56219041533768" lon="8.556450365576893"><ele>2050.8999938964844</ele></trkpt><trkpt lat="46.56218041526154" lon="8.556460365653038"><ele>2051.0</ele></trkpt><trkpt lat="46.56218041526154" lon="8.556470365729183"><ele>2051.029998779297</ele></trkpt><trkpt lat="46.562130415812135" lon="8.556570366024971"><ele>2051.8999938964844</ele></trkpt><trkpt lat="46.562110415659845" lon="8.55663036601618"><ele>2052.3999938964844</ele></trkpt><trkpt lat="46.562110415659845" lon="8.55665036616847"><ele>2052.529998779297</ele></trkpt><trkpt lat="46.5621004155837" lon="8.556700366083533"><ele>2052.8999938964844</ele></trkpt><trkpt lat="46.56210041604936" lon="8.556730365846306"><ele>2053.0799865722656</ele></trkpt><trkpt lat="46.56210041604936" lon="8.55676036607474"><ele>2053.2999877929688</ele></trkpt><trkpt lat="46.562110416125506" lon="8.556830366142094"><ele>2053.779998779297</ele></trkpt><trkpt lat="46.56212041620165" lon="8.556900366209447"><ele>2054.269989013672</ele></trkpt><trkpt lat="46.56212041620165" lon="8.556910366285592"><ele>2054.3499755859375</ele></trkpt><trkpt lat="46.562130416277796" lon="8.55695036612451"><ele>2054.5999755859375</ele></trkpt><trkpt lat="46.562130416277796" lon="8.556980366352946"><ele>2054.8499755859375</ele></trkpt><trkpt lat="46.56234041694552" lon="8.557580367196351"><ele>2059.5999755859375</ele></trkpt><trkpt lat="46.5626304182224" lon="8.558450368233025"><ele>2066.0399780273438</ele></trkpt><trkpt lat="46.5626304182224" lon="8.558450368233025"><ele>2066.0599975585938</ele></trkpt><trkpt lat="46.56275041913614" lon="8.558810369111598"><ele>2068.5999755859375</ele></trkpt><trkpt lat="46.56278041936457" lon="8.558940369170159"><ele>2069.709991455078</ele></trkpt><trkpt lat="46.562790418975055" lon="8.558960369322449"><ele>2069.8599853515625</ele></trkpt><trkpt lat="46.562790418975055" lon="8.558970368932933"><ele>2069.8999938964844</ele></trkpt><trkpt lat="46.56279041944072" lon="8.558980369009078"><ele>2070.0799865722656</ele></trkpt><trkpt lat="46.56279041944072" lon="8.559000369161367"><ele>2070.209991455078</ele></trkpt><trkpt lat="46.56280041951686" lon="8.559060369152576"><ele>2070.72998046875</ele></trkpt><trkpt lat="46.562810419593006" lon="8.559100369457155"><ele>2071.0</ele></trkpt><trkpt lat="46.562810419593006" lon="8.559130369219929"><ele>2071.219970703125</ele></trkpt><trkpt lat="46.562810419593006" lon="8.559160369448364"><ele>2071.5</ele></trkpt><trkpt lat="46.562810419593006" lon="8.559190369676799"><ele>2071.75</ele></trkpt><trkpt lat="46.562810419593006" lon="8.559210369363427"><ele>2071.8599853515625</ele></trkpt><trkpt lat="46.56280041951686" lon="8.559220369439572"><ele>2071.949981689453</ele></trkpt><trkpt lat="46.56280041951686" lon="8.559250369668007"><ele>2072.209991455078</ele></trkpt><trkpt lat="46.56279041990638" lon="8.55932036973536"><ele>2072.6299743652344</ele></trkpt><trkpt lat="46.56279041990638" lon="8.559330369811505"><ele>2072.699981689453</ele></trkpt><trkpt lat="46.56277041975409" lon="8.559400369878858"><ele>2073.199981689453</ele></trkpt><trkpt lat="46.56275042006746" lon="8.559450369793922"><ele>2073.699981689453</ele></trkpt><trkpt lat="46.56271042022854" lon="8.55951036978513"><ele>2074.3999938964844</ele></trkpt><trkpt lat="46.56267042038962" lon="8.559580369852483"><ele>2075.0</ele></trkpt><trkpt lat="46.56265042023733" lon="8.559590369928628"><ele>2075.219970703125</ele></trkpt><trkpt lat="46.562610420398414" lon="8.559630370233208"><ele>2075.699981689453</ele></trkpt><trkpt lat="46.56258042063564" lon="8.559660370461643"><ele>2076.1699829101562</ele></trkpt><trkpt lat="46.56256042048335" lon="8.559670370072126"><ele>2076.3999938964844</ele></trkpt><trkpt lat="46.56250042049214" lon="8.559690370224416"><ele>2077.0</ele></trkpt><trkpt lat="46.562440420966595" lon="8.559700370300561"><ele>2077.699981689453</ele></trkpt><trkpt lat="46.562400420662016" lon="8.559700370766222"><ele>2078.199981689453</ele></trkpt><trkpt lat="46.56237042089924" lon="8.559700370766222"><ele>2078.3499755859375</ele></trkpt><trkpt lat="46.56234042113647" lon="8.559690370690078"><ele>2078.689971923828</ele></trkpt><trkpt lat="46.562250420916826" lon="8.559670371003449"><ele>2079.529998779297</ele></trkpt><trkpt lat="46.5621504210867" lon="8.559640370775014"><ele>2080.4299926757812</ele></trkpt><trkpt lat="46.5620204214938" lon="8.559600371401757"><ele>2081.5999755859375</ele></trkpt><trkpt lat="46.56196042150259" lon="8.559580371249467"><ele>2082.1299743652344</ele></trkpt><trkpt lat="46.561950421426445" lon="8.559580371249467"><ele>2082.259979248047</ele></trkpt><trkpt lat="46.56191042158753" lon="8.559560371562839"><ele>2082.5999755859375</ele></trkpt><trkpt lat="46.56191042158753" lon="8.559560371562839"><ele>2082.6299743652344</ele></trkpt><trkpt lat="46.56175042176619" lon="8.55952037172392"><ele>2084.0599975585938</ele></trkpt><trkpt lat="46.56166042201221" lon="8.559490371961147"><ele>2084.8999938964844</ele></trkpt><trkpt lat="46.56164042232558" lon="8.559480371885002"><ele>2085.029998779297</ele></trkpt><trkpt lat="46.56145042227581" lon="8.559400372207165"><ele>2086.769989013672</ele></trkpt><trkpt lat="46.56138042267412" lon="8.55937037197873"><ele>2087.3999938964844</ele></trkpt><trkpt lat="46.56138042267412" lon="8.55937037197873"><ele>2087.3999938964844</ele></trkpt><trkpt lat="46.561330422759056" lon="8.559330372139812"><ele>2087.8799743652344</ele></trkpt><trkpt lat="46.56129042292014" lon="8.559300372377038"><ele>2088.199981689453</ele></trkpt><trkpt lat="46.56129042292014" lon="8.559310372453183"><ele>2088.25</ele></trkpt><trkpt lat="46.56127042276785" lon="8.559370372444391"><ele>2088.5999755859375</ele></trkpt><trkpt lat="46.56127042276785" lon="8.559400372207165"><ele>2088.8299865722656</ele></trkpt><trkpt lat="46.56127042276785" lon="8.559420372359455"><ele>2089.0799865722656</ele></trkpt><trkpt lat="46.56127042323351" lon="8.55945037258789"><ele>2089.5999755859375</ele></trkpt><trkpt lat="46.561280423309654" lon="8.559460372664034"><ele>2089.719970703125</ele></trkpt><trkpt lat="46.56129042292014" lon="8.55947037274018"><ele>2089.8999938964844</ele></trkpt><trkpt lat="46.5612904233858" lon="8.559480372816324"><ele>2090.209991455078</ele></trkpt><trkpt lat="46.5612904233858" lon="8.559520372655243"><ele>2091.2999877929688</ele></trkpt><trkpt lat="46.5612904233858" lon="8.559520372655243"><ele>2091.2999877929688</ele></trkpt><trkpt lat="46.561280423309654" lon="8.559530373197049"><ele>2091.8399963378906</ele></trkpt><trkpt lat="46.56127042369917" lon="8.559540372807533"><ele>2092.0999755859375</ele></trkpt><trkpt lat="46.561260423623025" lon="8.559550372883677"><ele>2092.5399780273438</ele></trkpt><trkpt lat="46.561260423623025" lon="8.559560372959822"><ele>2092.72998046875</ele></trkpt><trkpt lat="46.56125042354688" lon="8.559560372959822"><ele>2092.699981689453</ele></trkpt><trkpt lat="46.56121042370796" lon="8.559570373035967"><ele>2093.239990234375</ele></trkpt><trkpt lat="46.56121042370796" lon="8.559570373035967"><ele>2093.2899780273438</ele></trkpt><trkpt lat="46.56121042370796" lon="8.559570373035967"><ele>2093.2999877929688</ele></trkpt><trkpt lat="46.561170423869044" lon="8.559570373501629"><ele>2093.6799926757812</ele></trkpt><trkpt lat="46.561150423716754" lon="8.559570373501629"><ele>2093.8999938964844</ele></trkpt><trkpt lat="46.561110423877835" lon="8.559550373349339"><ele>2094.3799743652344</ele></trkpt><trkpt lat="46.56108042411506" lon="8.559520373586565"><ele>2094.7999877929688</ele></trkpt><trkpt lat="46.56102042412385" lon="8.559480373747647"><ele>2096.0</ele></trkpt><trkpt lat="46.561000424437225" lon="8.559470373671502"><ele>2096.2999877929688</ele></trkpt><trkpt lat="46.56099042436108" lon="8.559410373680294"><ele>2096.699981689453</ele></trkpt><trkpt lat="46.560960424598306" lon="8.559370373841375"><ele>2096.9099731445312</ele></trkpt><trkpt lat="46.56095042452216" lon="8.559370373841375"><ele>2096.959991455078</ele></trkpt><trkpt lat="46.56093042436987" lon="8.559350373689085"><ele>2097.0</ele></trkpt><trkpt lat="46.56092042475939" lon="8.559330374002457"><ele>2097.0999755859375</ele></trkpt><trkpt lat="46.5609004246071" lon="8.559320373926312"><ele>2097.469970703125</ele></trkpt><trkpt lat="46.5609004246071" lon="8.559320373926312"><ele>2097.5</ele></trkpt><trkpt lat="46.56089042453095" lon="8.559320373926312"><ele>2097.72998046875</ele></trkpt><trkpt lat="46.56088042492047" lon="8.559330374002457"><ele>2098.2999877929688</ele></trkpt><trkpt lat="46.560870424844325" lon="8.559330374002457"><ele>2098.3899841308594</ele></trkpt><trkpt lat="46.56086042476818" lon="8.559340374078602"><ele>2098.519989013672</ele></trkpt><trkpt lat="46.560850424692035" lon="8.559350374154747"><ele>2098.7999877929688</ele></trkpt><trkpt lat="46.560850424692035" lon="8.559350374154747"><ele>2099.0</ele></trkpt><trkpt lat="46.56084042508155" lon="8.559350374154747"><ele>2099.189971923828</ele></trkpt><trkpt lat="46.560830425005406" lon="8.559380374383181"><ele>2099.5</ele></trkpt><trkpt lat="46.56082042492926" lon="8.55940037406981"><ele>2099.5</ele></trkpt><trkpt lat="46.5607704250142" lon="8.5594203742221"><ele>2099.5</ele></trkpt><trkpt lat="46.560740425251424" lon="8.559450374450535"><ele>2100.3299865722656</ele></trkpt><trkpt lat="46.560720425099134" lon="8.559470374602824"><ele>2100.5999755859375</ele></trkpt><trkpt lat="46.56071042502299" lon="8.55948037467897"><ele>2100.5699768066406</ele></trkpt><trkpt lat="46.56071042502299" lon="8.559500374365598"><ele>2100.5999755859375</ele></trkpt><trkpt lat="46.560700425412506" lon="8.559510374441743"><ele>2100.5999755859375</ele></trkpt><trkpt lat="46.56069042533636" lon="8.559540374670178"><ele>2100.6099853515625</ele></trkpt><trkpt lat="46.56065042503178" lon="8.55965037457645"><ele>2100.72998046875</ele></trkpt><trkpt lat="46.5606404254213" lon="8.55967037472874"><ele>2100.699981689453</ele></trkpt><trkpt lat="46.56062042526901" lon="8.559710374567658"><ele>2100.7999877929688</ele></trkpt><trkpt lat="46.56062042526901" lon="8.559710374567658"><ele>2100.7899780273438</ele></trkpt><trkpt lat="46.56061042519286" lon="8.559720374643803"><ele>2100.7999877929688</ele></trkpt><trkpt lat="46.56058042543009" lon="8.559730374719948"><ele>2100.8999938964844</ele></trkpt><trkpt lat="46.560530425515026" lon="8.559740374796093"><ele>2101.0999755859375</ele></trkpt><trkpt lat="46.560510425362736" lon="8.559760374482721"><ele>2101.269989013672</ele></trkpt><trkpt lat="46.56044042529538" lon="8.559790374711156"><ele>2102.199981689453</ele></trkpt><trkpt lat="46.5604304256849" lon="8.559790374711156"><ele>2102.449981689453</ele></trkpt><trkpt lat="46.56030042562634" lon="8.559790374711156"><ele>2102.8999938964844</ele></trkpt><trkpt lat="46.560270425863564" lon="8.5598003747873"><ele>2103.0</ele></trkpt><trkpt lat="46.560250425711274" lon="8.559830375015736"><ele>2103.199981689453</ele></trkpt><trkpt lat="46.56024042563513" lon="8.55986037524417"><ele>2103.5599975585938</ele></trkpt><trkpt lat="46.560230426024646" lon="8.559890375006944"><ele>2103.8999938964844</ele></trkpt><trkpt lat="46.560230426024646" lon="8.559940374922007"><ele>2104.1699829101562</ele></trkpt><trkpt lat="46.560230426024646" lon="8.559950374998152"><ele>2104.199981689453</ele></trkpt><trkpt lat="46.560250426176935" lon="8.559980375226587"><ele>2104.5</ele></trkpt><trkpt lat="46.56026042578742" lon="8.560000375378877"><ele>2104.6099853515625</ele></trkpt><trkpt lat="46.56028042593971" lon="8.560010375455022"><ele>2104.699981689453</ele></trkpt><trkpt lat="46.560290426015854" lon="8.56003037514165"><ele>2104.8099975585938</ele></trkpt><trkpt lat="46.560300426092" lon="8.560040375217795"><ele>2104.8999938964844</ele></trkpt><trkpt lat="46.560330426320434" lon="8.560160375200212"><ele>2105.5999755859375</ele></trkpt><trkpt lat="46.560330426320434" lon="8.560210375580937"><ele>2105.8499755859375</ele></trkpt><trkpt lat="46.56034042639658" lon="8.560260375496"><ele>2106.199981689453</ele></trkpt><trkpt lat="46.560330426320434" lon="8.560290375724435"><ele>2106.2999877929688</ele></trkpt><trkpt lat="46.560310426168144" lon="8.560330375563353"><ele>2106.3999938964844</ele></trkpt><trkpt lat="46.560290426481515" lon="8.560350375715643"><ele>2106.3399963378906</ele></trkpt><trkpt lat="46.560270426329225" lon="8.560360375326127"><ele>2106.2999877929688</ele></trkpt><trkpt lat="46.560250426176935" lon="8.560420375317335"><ele>2106.3599853515625</ele></trkpt><trkpt lat="46.56024042610079" lon="8.56045037554577"><ele>2106.1499938964844</ele></trkpt><trkpt lat="46.56023042649031" lon="8.56047037569806"><ele>2106.0</ele></trkpt><trkpt lat="46.560230426024646" lon="8.560480375308543"><ele>2105.8299865722656</ele></trkpt><trkpt lat="46.560230426024646" lon="8.560530375223607"><ele>2105.3999938964844</ele></trkpt><trkpt lat="46.5602204259485" lon="8.56058037513867"><ele>2104.8999938964844</ele></trkpt><trkpt lat="46.560210425872356" lon="8.56062037544325"><ele>2104.8999938964844</ele></trkpt><trkpt lat="46.56016042595729" lon="8.560690375510603"><ele>2105.199981689453</ele></trkpt><trkpt lat="46.560140426270664" lon="8.560710375197232"><ele>2105.3999938964844</ele></trkpt><trkpt lat="46.5600904263556" lon="8.560730375349522"><ele>2105.699981689453</ele></trkpt><trkpt lat="46.560060426127166" lon="8.560750375501812"><ele>2106.2999877929688</ele></trkpt><trkpt lat="46.56004042644054" lon="8.560760375577956"><ele>2106.5699768066406</ele></trkpt><trkpt lat="46.56003042636439" lon="8.560760375577956"><ele>2106.8999938964844</ele></trkpt><trkpt lat="46.56002042628825" lon="8.560790375806391"><ele>2107.0</ele></trkpt><trkpt lat="46.56001042667776" lon="8.560820375569165"><ele>2107.3399963378906</ele></trkpt><trkpt lat="46.56000042660162" lon="8.560910375788808"><ele>2108.0</ele></trkpt><trkpt lat="46.56000042660162" lon="8.560930375941098"><ele>2108.1099853515625</ele></trkpt><trkpt lat="46.559990426525474" lon="8.560970375780016"><ele>2108.0999755859375</ele></trkpt><trkpt lat="46.559950426686555" lon="8.56102037569508"><ele>2107.8999938964844</ele></trkpt><trkpt lat="46.559950426686555" lon="8.561050375923514"><ele>2107.8999938964844</ele></trkpt><trkpt lat="46.55994042661041" lon="8.561050375923514"><ele>2107.9199829101562</ele></trkpt><trkpt lat="46.559930426534265" lon="8.561070376075804"><ele>2108.0999755859375</ele></trkpt><trkpt lat="46.55991042684764" lon="8.561080375686288"><ele>2108.1499938964844</ele></trkpt><trkpt lat="46.5598804266192" lon="8.561100375838578"><ele>2108.3999938964844</ele></trkpt><trkpt lat="46.55986042646691" lon="8.561090375762433"><ele>2108.1799926757812</ele></trkpt><trkpt lat="46.55983042670414" lon="8.561070375610143"><ele>2107.8999938964844</ele></trkpt><trkpt lat="46.55981042655185" lon="8.561080375686288"><ele>2108.0799865722656</ele></trkpt><trkpt lat="46.55979042686522" lon="8.561080375686288"><ele>2108.199981689453</ele></trkpt><trkpt lat="46.55977042671293" lon="8.561100375838578"><ele>2108.5</ele></trkpt><trkpt lat="46.5597504270263" lon="8.561110375914723"><ele>2108.7899780273438</ele></trkpt><trkpt lat="46.5597504270263" lon="8.561110375914723"><ele>2108.7999877929688</ele></trkpt><trkpt lat="46.55973042687401" lon="8.56102037569508"><ele>2108.3999938964844</ele></trkpt><trkpt lat="46.55969042656943" lon="8.560820375569165"><ele>2107.699981689453</ele></trkpt><trkpt lat="46.55967042641714" lon="8.560780375730246"><ele>2107.5</ele></trkpt><trkpt lat="46.559650426730514" lon="8.560760375577956"><ele>2107.4099731445312</ele></trkpt><trkpt lat="46.559630426578224" lon="8.560730375815183"><ele>2107.259979248047</ele></trkpt><trkpt lat="46.55962042650208" lon="8.560720375739038"><ele>2107.199981689453</ele></trkpt><trkpt lat="46.55958042666316" lon="8.560690375510603"><ele>2107.009979248047</ele></trkpt><trkpt lat="46.55958042666316" lon="8.560690375510603"><ele>2107.0</ele></trkpt><trkpt lat="46.55948042636737" lon="8.560960375703871"><ele>2107.529998779297</ele></trkpt><trkpt lat="46.559400426689535" lon="8.56119037559256"><ele>2107.759979248047</ele></trkpt><trkpt lat="46.5593704264611" lon="8.561280375812203"><ele>2107.7999877929688</ele></trkpt><trkpt lat="46.55935042677447" lon="8.561350375879556"><ele>2107.739990234375</ele></trkpt><trkpt lat="46.55926042655483" lon="8.56159037584439"><ele>2107.5</ele></trkpt><trkpt lat="46.559250426478684" lon="8.561630375683308"><ele>2107.47998046875</ele></trkpt><trkpt lat="46.559250426478684" lon="8.561660375911742"><ele>2107.3799743652344</ele></trkpt><trkpt lat="46.55922042625025" lon="8.56176037574187"><ele>2107.199981689453</ele></trkpt><trkpt lat="46.55910042626783" lon="8.562090375460684"><ele>2106.1599731445312</ele></trkpt><trkpt lat="46.55906042596325" lon="8.562210375443101"><ele>2105.8199768066406</ele></trkpt><trkpt lat="46.55888042552397" lon="8.562720375135541"><ele>2103.699981689453</ele></trkpt><trkpt lat="46.55860042478889" lon="8.563550374470651"><ele>2099.199981689453</ele></trkpt><trkpt lat="46.55815042415634" lon="8.564830373506993"><ele>2094.8399963378906</ele></trkpt><trkpt lat="46.55807042354718" lon="8.565080373547971"><ele>2093.989990234375</ele></trkpt><trkpt lat="46.55807042401284" lon="8.565080373547971"><ele>2094.0</ele></trkpt><trkpt lat="46.5579804237932" lon="8.565360373351723"><ele>2093.5999755859375</ele></trkpt><trkpt lat="46.55788042349741" lon="8.565640373621136"><ele>2093.279998779297</ele></trkpt><trkpt lat="46.55786042381078" lon="8.56571037368849"><ele>2093.199981689453</ele></trkpt><trkpt lat="46.5578204235062" lon="8.565790373366326"><ele>2093.1099853515625</ele></trkpt><trkpt lat="46.55779042374343" lon="8.565870373509824"><ele>2093.029998779297</ele></trkpt><trkpt lat="46.55777042359114" lon="8.565930373501033"><ele>2092.9099731445312</ele></trkpt><trkpt lat="46.557700423523784" lon="8.566080373246223"><ele>2092.689971923828</ele></trkpt><trkpt lat="46.557660423684865" lon="8.566160373389721"><ele>2092.6099853515625</ele></trkpt><trkpt lat="46.557620423380286" lon="8.566240373533219"><ele>2092.5</ele></trkpt><trkpt lat="46.55759042361751" lon="8.566280373372138"><ele>2092.449981689453</ele></trkpt><trkpt lat="46.55754042323679" lon="8.566380373202264"><ele>2092.3799743652344</ele></trkpt><trkpt lat="46.55748042324558" lon="8.566470373421907"><ele>2092.2999877929688</ele></trkpt><trkpt lat="46.557470423635095" lon="8.566490373574197"><ele>2092.279998779297</ele></trkpt><trkpt lat="46.55744042340666" lon="8.566530373413116"><ele>2092.239990234375</ele></trkpt><trkpt lat="46.557430423330516" lon="8.56654037348926"><ele>2092.199981689453</ele></trkpt><trkpt lat="46.55736042326316" lon="8.566640373319387"><ele>2092.1399841308594</ele></trkpt><trkpt lat="46.557340423576534" lon="8.566670373547822"><ele>2092.1599731445312</ele></trkpt><trkpt lat="46.55729042319581" lon="8.566740373149514"><ele>2092.0999755859375</ele></trkpt><trkpt lat="46.55720042344183" lon="8.566840373445302"><ele>2091.9099731445312</ele></trkpt><trkpt lat="46.55717042321339" lon="8.566870373208076"><ele>2091.8999938964844</ele></trkpt><trkpt lat="46.55708042345941" lon="8.566960373427719"><ele>2091.759979248047</ele></trkpt><trkpt lat="46.55695042340085" lon="8.56709037348628"><ele>2091.5999755859375</ele></trkpt><trkpt lat="46.556940423324704" lon="8.567100373096764"><ele>2091.5999755859375</ele></trkpt><trkpt lat="46.55685042310506" lon="8.567180373240262"><ele>2091.529998779297</ele></trkpt><trkpt lat="46.55679042311385" lon="8.567230373155326"><ele>2091.5</ele></trkpt><trkpt lat="46.55679042311385" lon="8.567230373155326"><ele>2091.47998046875</ele></trkpt><trkpt lat="46.5567204230465" lon="8.567280373070389"><ele>2091.4299926757812</ele></trkpt><trkpt lat="46.55670042335987" lon="8.567290373146534"><ele>2091.3999938964844</ele></trkpt><trkpt lat="46.55668042320758" lon="8.567300373222679"><ele>2091.3999938964844</ele></trkpt><trkpt lat="46.55663042329252" lon="8.567330373451114"><ele>2091.3999938964844</ele></trkpt><trkpt lat="46.55660042306408" lon="8.567340373061597"><ele>2091.3099975585938</ele></trkpt><trkpt lat="46.55657042330131" lon="8.567350373137742"><ele>2091.25</ele></trkpt><trkpt lat="46.55653042299673" lon="8.567360373213887"><ele>2091.209991455078</ele></trkpt><trkpt lat="46.556520423386246" lon="8.567370373290032"><ele>2091.199981689453</ele></trkpt><trkpt lat="46.556480423081666" lon="8.567380373366177"><ele>2091.1799926757812</ele></trkpt><trkpt lat="46.556480423081666" lon="8.567380373366177"><ele>2091.199981689453</ele></trkpt><trkpt lat="46.556480423081666" lon="8.56758037302643"><ele>2091.009979248047</ele></trkpt><trkpt lat="46.556480423081666" lon="8.567610373254865"><ele>2091.0</ele></trkpt></trkseg></trk></gpx>