<?xml version="1.0" encoding="utf-8"?><gpx version="1.1" creator="MySchweizMobil - https://map.schweizmobil.ch/" xmlns:xsi="http://www.w3.org/2001/XMLSchema-instance" xmlns="http://www.topografix.com/GPX/1/1" xsi:schemaLocation="http://www.topografix.com/GPX/1/1 http://www.topografix.com/GPX/1/1/gpx.xsd"><metadata><name>260727_monte_tamaro</name><bounds minlat="46.040820301510394" minlon="8.835000288207084" maxlat="46.11688029859215" maxlon="8.893290285021067" /></metadata><trk><name>260727_monte_tamaro</name><trkseg><trkpt lat="46.040820301510394" lon="8.835000288207084"><ele>1559.1399841308594</ele></trkpt><trkpt lat="46.04083030158654" lon="8.835030287969857"><ele>1559.4099731445312</ele></trkpt><trkpt lat="46.04085030173883" lon="8.835080288350582"><ele>1559.239990234375</ele></trkpt><trkpt lat="46.04098030179739" lon="8.835440288297832"><ele>1559.25</ele></trkpt><trkpt lat="46.04098030179739" lon="8.835430288221687"><ele>1559.3699951171875</ele></trkpt><trkpt lat="46.040990301407874" lon="8.835440288297832"><ele>1559.3499755859375</ele></trkpt><trkpt lat="46.04101030156016" lon="8.835470288060606"><ele>1559.0799865722656</ele></trkpt><trkpt lat="46.04103030171245" lon="8.835540288127959"><ele>1558.9399719238281</ele></trkpt><trkpt lat="46.04106030147523" lon="8.835680287797004"><ele>1557.5099792480469</ele></trkpt><trkpt lat="46.041120301000774" lon="8.835750287864357"><ele>1557.1299743652344</ele></trkpt><trkpt lat="46.041160301305354" lon="8.835790287703276"><ele>1556.8999938964844</ele></trkpt><trkpt lat="46.04117030091584" lon="8.83580028777942"><ele>1556.6799926757812</ele></trkpt><trkpt lat="46.041210300754756" lon="8.83582028746605"><ele>1555.5999755859375</ele></trkpt><trkpt lat="46.0412203008309" lon="8.83582028746605"><ele>1555.5199890136719</ele></trkpt><trkpt lat="46.041210300754756" lon="8.83580028731376"><ele>1555.0999755859375</ele></trkpt><trkpt lat="46.041210300754756" lon="8.835770287550986"><ele>1554.7999877929688</ele></trkpt><trkpt lat="46.041210300289094" lon="8.835690286941826"><ele>1553.3999938964844</ele></trkpt><trkpt lat="46.041150300297886" lon="8.835460287053138"><ele>1551.75</ele></trkpt><trkpt lat="46.041150300297886" lon="8.835460287053138"><ele>1551.6999816894531</ele></trkpt><trkpt lat="46.04116030037403" lon="8.835460286587477"><ele>1551.5499877929688</ele></trkpt><trkpt lat="46.0412602997385" lon="8.835530286189169"><ele>1549.0</ele></trkpt><trkpt lat="46.041410299018025" lon="8.835640285629779"><ele>1545.0899963378906</ele></trkpt><trkpt lat="46.04149029869586" lon="8.835700285155326"><ele>1543.0999755859375</ele></trkpt><trkpt lat="46.041520298458636" lon="8.835720285307616"><ele>1542.1899719238281</ele></trkpt><trkpt lat="46.041650297585875" lon="8.835790284443647"><ele>1538.3999938964844</ele></trkpt><trkpt lat="46.04171029711142" lon="8.835830283816904"><ele>1535.9399719238281</ele></trkpt><trkpt lat="46.04173029726371" lon="8.835840283893049"><ele>1535.5</ele></trkpt><trkpt lat="46.04175029695034" lon="8.835860284045339"><ele>1535.0999755859375</ele></trkpt><trkpt lat="46.041800296865404" lon="8.83591028349474"><ele>1533.3999938964844</ele></trkpt><trkpt lat="46.041870296467096" lon="8.835960282944143"><ele>1531.0</ele></trkpt><trkpt lat="46.04194029606879" lon="8.835980282630771"><ele>1529.0999755859375</ele></trkpt><trkpt lat="46.04199029551819" lon="8.836030282545835"><ele>1527.5599975585938</ele></trkpt><trkpt lat="46.04201029567048" lon="8.836050282232463"><ele>1526.8999938964844</ele></trkpt><trkpt lat="46.042130294721574" lon="8.836120281834155"><ele>1523.0</ele></trkpt><trkpt lat="46.04234029352665" lon="8.836250280495733"><ele>1516.5</ele></trkpt><trkpt lat="46.04243029281497" lon="8.836320280097425"><ele>1513.0599975585938</ele></trkpt><trkpt lat="46.0428002900444" lon="8.836600277107209"><ele>1497.9199829101562</ele></trkpt><trkpt lat="46.042840289883316" lon="8.836630276869982"><ele>1496.6999816894531</ele></trkpt><trkpt lat="46.04285028995946" lon="8.836640276946127"><ele>1495.9199829101562</ele></trkpt><trkpt lat="46.042930289171636" lon="8.836680276319385"><ele>1493.0999755859375</ele></trkpt><trkpt lat="46.042950288858265" lon="8.83669027639553"><ele>1492.0899963378906</ele></trkpt><trkpt lat="46.042970289010555" lon="8.836690275929868"><ele>1491.0</ele></trkpt><trkpt lat="46.04302028845996" lon="8.836710275616497"><ele>1489.6499938964844</ele></trkpt><trkpt lat="46.0430302885361" lon="8.836710275616497"><ele>1489.5</ele></trkpt><trkpt lat="46.04309028806165" lon="8.83676027553156"><ele>1488.0</ele></trkpt><trkpt lat="46.04314028797671" lon="8.836830275133252"><ele>1487.1999816894531</ele></trkpt><trkpt lat="46.0432902877219" lon="8.837030274793506"><ele>1484.4599914550781</ele></trkpt><trkpt lat="46.04337028739974" lon="8.837140274699777"><ele>1483.0</ele></trkpt><trkpt lat="46.04341028723866" lon="8.83717027446255"><ele>1482.7799987792969</ele></trkpt><trkpt lat="46.043450287077576" lon="8.837200274690986"><ele>1482.5999755859375</ele></trkpt><trkpt lat="46.0435502869077" lon="8.837290274444968"><ele>1482.0</ele></trkpt><trkpt lat="46.0435502869077" lon="8.837290274444968"><ele>1482.0</ele></trkpt><trkpt lat="46.04359028721228" lon="8.837320274207741"><ele>1481.8399963378906</ele></trkpt><trkpt lat="46.043620286975056" lon="8.837340274360031"><ele>1481.7999877929688</ele></trkpt><trkpt lat="46.043620286975056" lon="8.837350274436176"><ele>1481.8099975585938</ele></trkpt><trkpt lat="46.043640287127346" lon="8.837350274436176"><ele>1482.0499877929688</ele></trkpt><trkpt lat="46.043660287279636" lon="8.837370274588466"><ele>1482.3299865722656</ele></trkpt><trkpt lat="46.043660287279636" lon="8.837370274588466"><ele>1482.3999938964844</ele></trkpt><trkpt lat="46.04369028704241" lon="8.837410274427384"><ele>1482.6599731445312</ele></trkpt><trkpt lat="46.0437102871947" lon="8.837450274731964"><ele>1482.8999938964844</ele></trkpt><trkpt lat="46.04373028734699" lon="8.837500274647027"><ele>1483.1699829101562</ele></trkpt><trkpt lat="46.04380028741434" lon="8.83759027486667"><ele>1483.3999938964844</ele></trkpt><trkpt lat="46.04381028749049" lon="8.837610274553299"><ele>1483.469970703125</ele></trkpt><trkpt lat="46.04383028764278" lon="8.837660274934024"><ele>1483.5999755859375</ele></trkpt><trkpt lat="46.04392028739676" lon="8.837790274992585"><ele>1484.2899780273438</ele></trkpt><trkpt lat="46.043950287625194" lon="8.837830274831504"><ele>1484.5</ele></trkpt><trkpt lat="46.044040287379175" lon="8.837960274890065"><ele>1484.5</ele></trkpt><trkpt lat="46.04418028797954" lon="8.838090274948627"><ele>1485.6999816894531</ele></trkpt><trkpt lat="46.04421028820798" lon="8.838160275481641"><ele>1486.8999938964844</ele></trkpt><trkpt lat="46.04422028828412" lon="8.838190275244415"><ele>1487.0399780273438</ele></trkpt><trkpt lat="46.04423028836027" lon="8.838260275311768"><ele>1487.3999938964844</ele></trkpt><trkpt lat="46.04426028812304" lon="8.838320275302976"><ele>1487.6499938964844</ele></trkpt><trkpt lat="46.04428028827533" lon="8.838340275455266"><ele>1487.7999877929688</ele></trkpt><trkpt lat="46.044310288038105" lon="8.83839027537033"><ele>1487.5299987792969</ele></trkpt><trkpt lat="46.04434028826654" lon="8.838450275361538"><ele>1487.1999816894531</ele></trkpt><trkpt lat="46.0443902881816" lon="8.838490275666118"><ele>1487.5199890136719</ele></trkpt><trkpt lat="46.04442028841004" lon="8.838530275505036"><ele>1487.6999816894531</ele></trkpt><trkpt lat="46.044480288401246" lon="8.83862027572468"><ele>1489.0999755859375</ele></trkpt><trkpt lat="46.04453028878197" lon="8.838740275707096"><ele>1489.9499816894531</ele></trkpt><trkpt lat="46.04457028908655" lon="8.838830275926739"><ele>1491.2999877929688</ele></trkpt><trkpt lat="46.04461028892547" lon="8.838880276307464"><ele>1492.2999877929688</ele></trkpt><trkpt lat="46.04463028907776" lon="8.838900276459754"><ele>1492.7899780273438</ele></trkpt><trkpt lat="46.044660289306194" lon="8.838930276688188"><ele>1493.7999877929688</ele></trkpt><trkpt lat="46.04473028983921" lon="8.83906027674675"><ele>1495.3999938964844</ele></trkpt><trkpt lat="46.04474028991535" lon="8.839090276975185"><ele>1495.6999816894531</ele></trkpt><trkpt lat="46.04477029014379" lon="8.839170277118683"><ele>1496.6999816894531</ele></trkpt><trkpt lat="46.04480028990656" lon="8.839190277270973"><ele>1497.0</ele></trkpt><trkpt lat="46.044830290134996" lon="8.839210277423263"><ele>1497.5</ele></trkpt><trkpt lat="46.04484029021114" lon="8.839220277499408"><ele>1497.8099975585938</ele></trkpt><trkpt lat="46.044850290287286" lon="8.839240277186036"><ele>1498.2999877929688</ele></trkpt><trkpt lat="46.04490029066801" lon="8.839250277727842"><ele>1499.7999877929688</ele></trkpt><trkpt lat="46.04494029050693" lon="8.839320277795196"><ele>1500.5999755859375</ele></trkpt><trkpt lat="46.04498029081151" lon="8.839340277947485"><ele>1501.1599731445312</ele></trkpt><trkpt lat="46.044990290887654" lon="8.839340277947485"><ele>1501.3999938964844</ele></trkpt><trkpt lat="46.04502029111609" lon="8.839380278252065"><ele>1501.9199829101562</ele></trkpt><trkpt lat="46.04507029103115" lon="8.839440278243273"><ele>1502.6999816894531</ele></trkpt><trkpt lat="46.0450802911073" lon="8.839460278395563"><ele>1502.9299926757812</ele></trkpt><trkpt lat="46.04509029118344" lon="8.839500278234482"><ele>1503.1999816894531</ele></trkpt><trkpt lat="46.04509029118344" lon="8.839510278310627"><ele>1503.6999816894531</ele></trkpt><trkpt lat="46.04512029141188" lon="8.839530278462917"><ele>1504.0499877929688</ele></trkpt><trkpt lat="46.04514029156417" lon="8.839540278539062"><ele>1504.3999938964844</ele></trkpt><trkpt lat="46.045180291868746" lon="8.839610278606415"><ele>1506.0</ele></trkpt><trkpt lat="46.04519029147923" lon="8.83966027898714"><ele>1506.0</ele></trkpt><trkpt lat="46.04521029163152" lon="8.839680278673768"><ele>1506.0699768066406</ele></trkpt><trkpt lat="46.045240291859955" lon="8.839720278978348"><ele>1506.1999816894531</ele></trkpt><trkpt lat="46.0452502919361" lon="8.839780278969556"><ele>1506.5999755859375</ele></trkpt><trkpt lat="46.045260292012244" lon="8.839820279274136"><ele>1507.4299926757812</ele></trkpt><trkpt lat="46.045260292012244" lon="8.83985027903691"><ele>1508.0</ele></trkpt><trkpt lat="46.04527029208839" lon="8.8398702791892"><ele>1508.3299865722656</ele></trkpt><trkpt lat="46.045280292164534" lon="8.839890279341489"><ele>1509.2999877929688</ele></trkpt><trkpt lat="46.045280292630196" lon="8.839970279484987"><ele>1510.4199829101562</ele></trkpt><trkpt lat="46.045280292630196" lon="8.839980279561132"><ele>1510.5</ele></trkpt><trkpt lat="46.04534029355273" lon="8.840110280551016"><ele>1514.6999816894531</ele></trkpt><trkpt lat="46.04539029393345" lon="8.840150280855596"><ele>1516.7999877929688</ele></trkpt><trkpt lat="46.045400294009596" lon="8.840190280694515"><ele>1517.5999755859375</ele></trkpt><trkpt lat="46.04541029408574" lon="8.840210280846804"><ele>1518.2999877929688</ele></trkpt><trkpt lat="46.045440294314176" lon="8.840250281151384"><ele>1518.6999816894531</ele></trkpt><trkpt lat="46.045460294466466" lon="8.840290281455964"><ele>1519.7699890136719</ele></trkpt><trkpt lat="46.045460294466466" lon="8.840300281532109"><ele>1519.8999938964844</ele></trkpt><trkpt lat="46.04547029454261" lon="8.840350281447172"><ele>1521.1999816894531</ele></trkpt><trkpt lat="46.045480294618756" lon="8.840360281523317"><ele>1521.3299865722656</ele></trkpt><trkpt lat="46.04551029484719" lon="8.840400281827897"><ele>1522.1999816894531</ele></trkpt><trkpt lat="46.04555029515177" lon="8.840450282208622"><ele>1523.5</ele></trkpt><trkpt lat="46.04557029530406" lon="8.84047028189525"><ele>1524.1999816894531</ele></trkpt><trkpt lat="46.04559029499069" lon="8.840480281971395"><ele>1524.6299743652344</ele></trkpt><trkpt lat="46.04565029544756" lon="8.840510282665491"><ele>1526.0999755859375</ele></trkpt><trkpt lat="46.04565029544756" lon="8.840510282665491"><ele>1526.239990234375</ele></trkpt><trkpt lat="46.045750295743346" lon="8.840510282665491"><ele>1528.3999938964844</ele></trkpt><trkpt lat="46.045830296352506" lon="8.840520283207297"><ele>1530.0399780273438</ele></trkpt><trkpt lat="46.04586029658094" lon="8.840530283283442"><ele>1530.7999877929688</ele></trkpt><trkpt lat="46.045930296648294" lon="8.84063028357923"><ele>1531.6999816894531</ele></trkpt><trkpt lat="46.0459902966395" lon="8.840760283637792"><ele>1532.6999816894531</ele></trkpt><trkpt lat="46.04601029679179" lon="8.840810283552855"><ele>1533.3199768066406</ele></trkpt><trkpt lat="46.04606029717252" lon="8.84086028393358"><ele>1534.7999877929688</ele></trkpt><trkpt lat="46.04608029732481" lon="8.840920283924788"><ele>1535.2999877929688</ele></trkpt><trkpt lat="46.046100297477096" lon="8.840970284305513"><ele>1536.3099975585938</ele></trkpt><trkpt lat="46.046120297629386" lon="8.841000284533948"><ele>1536.8999938964844</ele></trkpt><trkpt lat="46.046120297629386" lon="8.841010284610093"><ele>1537.0499877929688</ele></trkpt><trkpt lat="46.04615029785782" lon="8.841100284829736"><ele>1539.5</ele></trkpt><trkpt lat="46.04617029801011" lon="8.841190285049379"><ele>1540.5999755859375</ele></trkpt><trkpt lat="46.046180298086256" lon="8.841210285201669"><ele>1540.989990234375</ele></trkpt><trkpt lat="46.0461902981624" lon="8.841220285277814"><ele>1541.1999816894531</ele></trkpt><trkpt lat="46.04620029870421" lon="8.841290285345167"><ele>1542.0199890136719</ele></trkpt><trkpt lat="46.04621029878035" lon="8.841310285497457"><ele>1542.5999755859375</ele></trkpt><trkpt lat="46.0462202988565" lon="8.841340285725892"><ele>1543.0599975585938</ele></trkpt><trkpt lat="46.04627029923722" lon="8.841500286012888"><ele>1545.9399719238281</ele></trkpt><trkpt lat="46.046280299313366" lon="8.841530286241323"><ele>1546.5</ele></trkpt><trkpt lat="46.04629029938951" lon="8.841540286317468"><ele>1547.0599975585938</ele></trkpt><trkpt lat="46.046320299617946" lon="8.841590286698192"><ele>1548.6599731445312</ele></trkpt><trkpt lat="46.04633029969409" lon="8.841600286774337"><ele>1549.0999755859375</ele></trkpt><trkpt lat="46.046340299770236" lon="8.841640286613256"><ele>1549.7999877929688</ele></trkpt><trkpt lat="46.04635029984638" lon="8.84167028684169"><ele>1550.0199890136719</ele></trkpt><trkpt lat="46.046360299922526" lon="8.841700286604464"><ele>1550.1999816894531</ele></trkpt><trkpt lat="46.04639030061662" lon="8.841760287061334"><ele>1552.1999816894531</ele></trkpt><trkpt lat="46.04642030084506" lon="8.841820287518203"><ele>1553.3999938964844</ele></trkpt><trkpt lat="46.04651030153036" lon="8.841980288270861"><ele>1558.0999755859375</ele></trkpt><trkpt lat="46.04653030168265" lon="8.84204028826207"><ele>1559.0499877929688</ele></trkpt><trkpt lat="46.046540301758796" lon="8.842070288490504"><ele>1559.3999938964844</ele></trkpt><trkpt lat="46.046540301758796" lon="8.842110288795084"><ele>1560.3199768066406</ele></trkpt><trkpt lat="46.04657030291855" lon="8.842340289615095"><ele>1565.0999755859375</ele></trkpt><trkpt lat="46.046550303231925" lon="8.842520290054381"><ele>1567.8999938964844</ele></trkpt><trkpt lat="46.04656030377373" lon="8.842650290578604"><ele>1570.0</ele></trkpt><trkpt lat="46.04656030423939" lon="8.84277029056102"><ele>1571.8999938964844</ele></trkpt><trkpt lat="46.04656030423939" lon="8.842860290780663"><ele>1573.1999816894531</ele></trkpt><trkpt lat="46.04658030439168" lon="8.842900291085243"><ele>1573.7999877929688</ele></trkpt><trkpt lat="46.046710304915905" lon="8.843020291533321"><ele>1577.0</ele></trkpt><trkpt lat="46.04680030560121" lon="8.843110292218626"><ele>1579.5</ele></trkpt><trkpt lat="46.046830305829644" lon="8.843150292523205"><ele>1580.7999877929688</ele></trkpt><trkpt lat="46.04684030590579" lon="8.843150292523205"><ele>1581.1699829101562</ele></trkpt><trkpt lat="46.046850305981934" lon="8.843150292523205"><ele>1581.2999877929688</ele></trkpt><trkpt lat="46.04686030605808" lon="8.843120292760432"><ele>1581.8999938964844</ele></trkpt><trkpt lat="46.046850305981934" lon="8.843100292608142"><ele>1582.3399963378906</ele></trkpt><trkpt lat="46.04684030637145" lon="8.84303029300645"><ele>1583.5</ele></trkpt><trkpt lat="46.04682030668482" lon="8.842890292871743"><ele>1584.5999755859375</ele></trkpt><trkpt lat="46.04684030683711" lon="8.842850293032825"><ele>1585.3299865722656</ele></trkpt><trkpt lat="46.04684030683711" lon="8.842850293032825"><ele>1585.3599853515625</ele></trkpt><trkpt lat="46.0468603069894" lon="8.842760293278843"><ele>1586.8999938964844</ele></trkpt><trkpt lat="46.046910307370126" lon="8.842650293838233"><ele>1588.1999816894531</ele></trkpt><trkpt lat="46.04696030775085" lon="8.84258029377088"><ele>1589.7999877929688</ele></trkpt><trkpt lat="46.046970307826996" lon="8.842560294084251"><ele>1590.5</ele></trkpt><trkpt lat="46.04698030790314" lon="8.842520294245332"><ele>1591.0999755859375</ele></trkpt><trkpt lat="46.04698030790314" lon="8.84245029417798"><ele>1592.0</ele></trkpt><trkpt lat="46.04698030790314" lon="8.842440294567496"><ele>1592.0</ele></trkpt><trkpt lat="46.04700030805543" lon="8.842400294262916"><ele>1592.5399780273438</ele></trkpt><trkpt lat="46.047030308283865" lon="8.842330294661224"><ele>1593.5</ele></trkpt><trkpt lat="46.0470603085123" lon="8.84228029474616"><ele>1595.1999816894531</ele></trkpt><trkpt lat="46.047070308588445" lon="8.842280295211822"><ele>1595.6999816894531</ele></trkpt><trkpt lat="46.04708030866459" lon="8.842300295364112"><ele>1596.7999877929688</ele></trkpt><trkpt lat="46.04710030881688" lon="8.84234029520303"><ele>1597.6899719238281</ele></trkpt><trkpt lat="46.047130309045315" lon="8.84238029550761"><ele>1598.5999755859375</ele></trkpt><trkpt lat="46.047150309197605" lon="8.842460295651108"><ele>1599.0</ele></trkpt><trkpt lat="46.04720030957833" lon="8.842680295929313"><ele>1600.8599853515625</ele></trkpt><trkpt lat="46.047210309654474" lon="8.842680295929313"><ele>1600.8999938964844</ele></trkpt><trkpt lat="46.047210309654474" lon="8.842700296081603"><ele>1600.8599853515625</ele></trkpt><trkpt lat="46.047190309967846" lon="8.842940296046436"><ele>1602.2999877929688</ele></trkpt><trkpt lat="46.04720031004399" lon="8.84299029642716"><ele>1602.2999877929688</ele></trkpt><trkpt lat="46.04720031004399" lon="8.843020296189934"><ele>1602.2999877929688</ele></trkpt><trkpt lat="46.047210309654474" lon="8.843060296028852"><ele>1602.1999816894531</ele></trkpt><trkpt lat="46.04722030973062" lon="8.843080296181142"><ele>1602.219970703125</ele></trkpt><trkpt lat="46.04724030988291" lon="8.84316029632464"><ele>1602.2999877929688</ele></trkpt><trkpt lat="46.04729030979797" lon="8.843260296154767"><ele>1602.6999816894531</ele></trkpt><trkpt lat="46.04731030995026" lon="8.843300296459347"><ele>1602.8999938964844</ele></trkpt><trkpt lat="46.0473403101787" lon="8.8433702965267"><ele>1603.469970703125</ele></trkpt><trkpt lat="46.04736031033099" lon="8.843410296365619"><ele>1603.8999938964844</ele></trkpt><trkpt lat="46.04741031024605" lon="8.843500296585262"><ele>1604.5</ele></trkpt><trkpt lat="46.04751031054184" lon="8.843680297024548"><ele>1606.5599975585938</ele></trkpt><trkpt lat="46.04753031069413" lon="8.843720297329128"><ele>1607.0999755859375</ele></trkpt><trkpt lat="46.04766031168401" lon="8.843960298225284"><ele>1612.6999816894531</ele></trkpt><trkpt lat="46.04769031191245" lon="8.844010298140347"><ele>1612.9599914550781</ele></trkpt><trkpt lat="46.04771031206474" lon="8.844050297979265"><ele>1613.1999816894531</ele></trkpt><trkpt lat="46.04778031213209" lon="8.844180298503488"><ele>1614.1099853515625</ele></trkpt><trkpt lat="46.04789031250402" lon="8.844390298705548"><ele>1615.0999755859375</ele></trkpt><trkpt lat="46.04793031234294" lon="8.84450029861182"><ele>1615.0999755859375</ele></trkpt><trkpt lat="46.04793031234294" lon="8.84450029861182"><ele>1615.1499938964844</ele></trkpt><trkpt lat="46.048020312096924" lon="8.844640298746526"><ele>1615.0999755859375</ele></trkpt><trkpt lat="46.04816031223163" lon="8.844920298550278"><ele>1615.0899963378906</ele></trkpt><trkpt lat="46.04818031238392" lon="8.844950298778713"><ele>1615.0999755859375</ele></trkpt><trkpt lat="46.04821031214669" lon="8.845000298693776"><ele>1615.1499938964844</ele></trkpt><trkpt lat="46.04826031252742" lon="8.845060298684984"><ele>1615.0999755859375</ele></trkpt><trkpt lat="46.04833031259477" lon="8.845180298667401"><ele>1616.0</ele></trkpt><trkpt lat="46.04835031274706" lon="8.84522029897198"><ele>1616.1799926757812</ele></trkpt><trkpt lat="46.048380312509835" lon="8.845270298887044"><ele>1616.5</ele></trkpt><trkpt lat="46.04839031258598" lon="8.845310298725963"><ele>1616.489990234375</ele></trkpt><trkpt lat="46.048400312662125" lon="8.845320298802108"><ele>1616.5</ele></trkpt><trkpt lat="46.04860031232238" lon="8.845640298910439"><ele>1616.0999755859375</ele></trkpt><trkpt lat="46.04863031255081" lon="8.845720299053937"><ele>1616.8999938964844</ele></trkpt><trkpt lat="46.04871031269431" lon="8.845910299103707"><ele>1617.6999816894531</ele></trkpt><trkpt lat="46.048720312770456" lon="8.845950299408287"><ele>1618.1699829101562</ele></trkpt><trkpt lat="46.0487303128466" lon="8.84598029917106"><ele>1618.3999938964844</ele></trkpt><trkpt lat="46.0487303128466" lon="8.845990299247205"><ele>1618.5299987792969</ele></trkpt><trkpt lat="46.0487303128466" lon="8.84600029932335"><ele>1618.6999816894531</ele></trkpt><trkpt lat="46.04875031299889" lon="8.84602029947564"><ele>1618.8399963378906</ele></trkpt><trkpt lat="46.048760313075036" lon="8.846040299162269"><ele>1619.0</ele></trkpt><trkpt lat="46.048780313227326" lon="8.846120299305767"><ele>1619.4099731445312</ele></trkpt><trkpt lat="46.048780313227326" lon="8.846130299381912"><ele>1619.5</ele></trkpt><trkpt lat="46.048820313066244" lon="8.84621029952541"><ele>1619.5</ele></trkpt><trkpt lat="46.048860313370824" lon="8.846340299583972"><ele>1620.3999938964844</ele></trkpt><trkpt lat="46.04891031328589" lon="8.846450299490243"><ele>1620.6999816894531</ele></trkpt><trkpt lat="46.04894031351432" lon="8.846510299481452"><ele>1620.8999938964844</ele></trkpt><trkpt lat="46.04894031351432" lon="8.846540299709886"><ele>1620.989990234375</ele></trkpt><trkpt lat="46.04895031359047" lon="8.846560299862176"><ele>1621.0999755859375</ele></trkpt><trkpt lat="46.048970313277096" lon="8.84661029977724"><ele>1621.239990234375</ele></trkpt><trkpt lat="46.048990313429385" lon="8.846670299768448"><ele>1621.3999938964844</ele></trkpt><trkpt lat="46.049030313733965" lon="8.846760299988091"><ele>1621.2999877929688</ele></trkpt><trkpt lat="46.0491103134118" lon="8.846930299885571"><ele>1621.1999816894531</ele></trkpt><trkpt lat="46.04917031340301" lon="8.847020299639553"><ele>1620.7999877929688</ele></trkpt><trkpt lat="46.049200313165784" lon="8.847090299706906"><ele>1620.1999816894531</ele></trkpt><trkpt lat="46.04926031315699" lon="8.847170299384743"><ele>1619.3999938964844</ele></trkpt><trkpt lat="46.0493203131482" lon="8.847270299680531"><ele>1619.3999938964844</ele></trkpt><trkpt lat="46.049330313224345" lon="8.847300299443305"><ele>1619.3299865722656</ele></trkpt><trkpt lat="46.049330313224345" lon="8.847340299282223"><ele>1619.2999877929688</ele></trkpt><trkpt lat="46.049350312910974" lon="8.847350299358368"><ele>1619.0699768066406</ele></trkpt><trkpt lat="46.04940031282604" lon="8.847410299349576"><ele>1618.6499938964844</ele></trkpt><trkpt lat="46.049480312969536" lon="8.84748029941693"><ele>1618.1899719238281</ele></trkpt><trkpt lat="46.049480312969536" lon="8.84748029941693"><ele>1618.0999755859375</ele></trkpt><trkpt lat="46.049540312960744" lon="8.847500299103558"><ele>1618.219970703125</ele></trkpt><trkpt lat="46.04972031246871" lon="8.84757029870525"><ele>1616.4499816894531</ele></trkpt><trkpt lat="46.04973031254485" lon="8.847570299170911"><ele>1616.5</ele></trkpt><trkpt lat="46.04973031254485" lon="8.847560299094766"><ele>1616.2999877929688</ele></trkpt><trkpt lat="46.049740312621" lon="8.847550299018621"><ele>1616.0</ele></trkpt><trkpt lat="46.04977031238377" lon="8.847530298866332"><ele>1615.5</ele></trkpt><trkpt lat="46.049800312146544" lon="8.847520298790187"><ele>1615.0</ele></trkpt><trkpt lat="46.04983031237498" lon="8.847520298790187"><ele>1614.7999877929688</ele></trkpt><trkpt lat="46.04992031212896" lon="8.847560298629105"><ele>1614.1999816894531</ele></trkpt><trkpt lat="46.0500003118068" lon="8.84768029814586"><ele>1612.6999816894531</ele></trkpt><trkpt lat="46.05002031195909" lon="8.847690298222005"><ele>1612.2899780273438</ele></trkpt><trkpt lat="46.05003031203523" lon="8.847690298222005"><ele>1612.1999816894531</ele></trkpt><trkpt lat="46.05005031172186" lon="8.84768029814586"><ele>1612.2099914550781</ele></trkpt><trkpt lat="46.050060311798006" lon="8.84768029814586"><ele>1612.1999816894531</ele></trkpt><trkpt lat="46.05012031132355" lon="8.847690297756344"><ele>1610.5999755859375</ele></trkpt><trkpt lat="46.050210311543196" lon="8.847800297662616"><ele>1609.6999816894531</ele></trkpt><trkpt lat="46.05024031130597" lon="8.84785029757768"><ele>1609.5</ele></trkpt><trkpt lat="46.05027031106874" lon="8.847860297653824"><ele>1608.8799743652344</ele></trkpt><trkpt lat="46.05027031106874" lon="8.847870297729969"><ele>1608.6899719238281</ele></trkpt><trkpt lat="46.05030031129718" lon="8.847880297340453"><ele>1608.2999877929688</ele></trkpt><trkpt lat="46.05039031105116" lon="8.847950297407806"><ele>1607.2999877929688</ele></trkpt><trkpt lat="46.05041031073779" lon="8.847970297094434"><ele>1607.2999877929688</ele></trkpt><trkpt lat="46.05046031065285" lon="8.847970297094434"><ele>1605.5999755859375</ele></trkpt><trkpt lat="46.050490310415626" lon="8.848010296933353"><ele>1605.1999816894531</ele></trkpt><trkpt lat="46.050530310254544" lon="8.848030297085643"><ele>1604.8999938964844</ele></trkpt><trkpt lat="46.050550310406834" lon="8.848030297085643"><ele>1604.72998046875</ele></trkpt><trkpt lat="46.05056031048298" lon="8.848040296696126"><ele>1604.5999755859375</ele></trkpt><trkpt lat="46.05059031024575" lon="8.84811029676348"><ele>1603.6999816894531</ele></trkpt><trkpt lat="46.050620310008526" lon="8.848120296839625"><ele>1603.5999755859375</ele></trkpt><trkpt lat="46.050640310160816" lon="8.848120296839625"><ele>1603.5999755859375</ele></trkpt><trkpt lat="46.050660310313106" lon="8.84811029676348"><ele>1603.6999816894531</ele></trkpt><trkpt lat="46.05067031038925" lon="8.84811029676348"><ele>1603.6999816894531</ele></trkpt><trkpt lat="46.050700310152024" lon="8.848140296991915"><ele>1604.2999877929688</ele></trkpt><trkpt lat="46.05081031052396" lon="8.848250296898186"><ele>1606.0</ele></trkpt><trkpt lat="46.05088031105697" lon="8.848410297650844"><ele>1609.0</ele></trkpt><trkpt lat="46.05089031113312" lon="8.848440297413617"><ele>1609.0</ele></trkpt><trkpt lat="46.05090031120926" lon="8.848440297413617"><ele>1609.0</ele></trkpt><trkpt lat="46.05092031136155" lon="8.848440297413617"><ele>1609.0</ele></trkpt><trkpt lat="46.050930311437696" lon="8.848430297803134"><ele>1608.9199829101562</ele></trkpt><trkpt lat="46.05098031135276" lon="8.848430297337472"><ele>1608.5</ele></trkpt><trkpt lat="46.05100031103939" lon="8.848430297337472"><ele>1608.3999938964844</ele></trkpt><trkpt lat="46.05103031080216" lon="8.848440297413617"><ele>1607.6999816894531</ele></trkpt><trkpt lat="46.05105031095445" lon="8.84847029717639"><ele>1607.2999877929688</ele></trkpt><trkpt lat="46.05107031064108" lon="8.84849029732868"><ele>1606.3999938964844</ele></trkpt><trkpt lat="46.051100310403854" lon="8.84849029686302"><ele>1605.6699829101562</ele></trkpt><trkpt lat="46.05111031048" lon="8.84849029686302"><ele>1605.2999877929688</ele></trkpt><trkpt lat="46.05113031063229" lon="8.84851029701531"><ele>1605.0699768066406</ele></trkpt><trkpt lat="46.05118031054735" lon="8.848560296930373"><ele>1604.5</ele></trkpt><trkpt lat="46.05120031023398" lon="8.848590296693146"><ele>1604.2999877929688</ele></trkpt><trkpt lat="46.05122031038627" lon="8.848610296379775"><ele>1603.1999816894531</ele></trkpt><trkpt lat="46.051230309996754" lon="8.848610296379775"><ele>1602.7999877929688</ele></trkpt><trkpt lat="46.05128030991182" lon="8.848590296227485"><ele>1602.0</ele></trkpt><trkpt lat="46.051320309750736" lon="8.848590296227485"><ele>1601.4499816894531</ele></trkpt><trkpt lat="46.051340309903026" lon="8.848590296227485"><ele>1601.1999816894531</ele></trkpt><trkpt lat="46.051380309741944" lon="8.84860029630363"><ele>1601.0</ele></trkpt><trkpt lat="46.05142030958086" lon="8.848640296142548"><ele>1601.0999755859375</ele></trkpt><trkpt lat="46.05146030988544" lon="8.848660296294838"><ele>1601.1999816894531</ele></trkpt><trkpt lat="46.051490309648216" lon="8.848670296370983"><ele>1601.1999816894531</ele></trkpt><trkpt lat="46.05152030987665" lon="8.848680296447128"><ele>1601.1799926757812</ele></trkpt><trkpt lat="46.05154031002894" lon="8.848690296523273"><ele>1601.5999755859375</ele></trkpt><trkpt lat="46.051550310105085" lon="8.848670296370983"><ele>1601.7999877929688</ele></trkpt><trkpt lat="46.051570309791714" lon="8.848650296218693"><ele>1602.0</ele></trkpt><trkpt lat="46.051570309791714" lon="8.848650296218693"><ele>1602.0799865722656</ele></trkpt><trkpt lat="46.05160031002015" lon="8.84864029660821"><ele>1602.5699768066406</ele></trkpt><trkpt lat="46.05164031032473" lon="8.84864029660821"><ele>1602.8999938964844</ele></trkpt><trkpt lat="46.05165031040087" lon="8.8486602967605"><ele>1603.8899841308594</ele></trkpt><trkpt lat="46.05165031040087" lon="8.8486602967605"><ele>1603.9299926757812</ele></trkpt><trkpt lat="46.05171031039208" lon="8.848750296514481"><ele>1603.9199829101562</ele></trkpt><trkpt lat="46.051740310154855" lon="8.848810296971351"><ele>1604.0</ele></trkpt><trkpt lat="46.051760310307145" lon="8.848820297047496"><ele>1604.3899841308594</ele></trkpt><trkpt lat="46.05177031038329" lon="8.84883029665798"><ele>1604.6999816894531</ele></trkpt><trkpt lat="46.05179031053558" lon="8.848860296886414"><ele>1605.1899719238281</ele></trkpt><trkpt lat="46.05181031068787" lon="8.84887029696256"><ele>1605.5</ele></trkpt><trkpt lat="46.05184031045064" lon="8.848930296953768"><ele>1605.5999755859375</ele></trkpt><trkpt lat="46.05186031060293" lon="8.848960297182202"><ele>1605.8999938964844</ele></trkpt><trkpt lat="46.05186031060293" lon="8.849010297097266"><ele>1605.5999755859375</ele></trkpt><trkpt lat="46.05187031067908" lon="8.84904029686004"><ele>1605.3999938964844</ele></trkpt><trkpt lat="46.05187031067908" lon="8.849060297012329"><ele>1605.3999938964844</ele></trkpt><trkpt lat="46.05187031067908" lon="8.849070297088474"><ele>1605.3999938964844</ele></trkpt><trkpt lat="46.05186031060293" lon="8.849150296766311"><ele>1604.6999816894531</ele></trkpt><trkpt lat="46.05186031013727" lon="8.849180296994746"><ele>1604.0999755859375</ele></trkpt><trkpt lat="46.05187031021342" lon="8.849220296833664"><ele>1603.3599853515625</ele></trkpt><trkpt lat="46.05187031021342" lon="8.849250296596438"><ele>1602.5999755859375</ele></trkpt><trkpt lat="46.051890309900045" lon="8.849300296511501"><ele>1602.4099731445312</ele></trkpt><trkpt lat="46.051890309900045" lon="8.849300296511501"><ele>1602.4099731445312</ele></trkpt><trkpt lat="46.05192031012848" lon="8.84934029635042"><ele>1602.6999816894531</ele></trkpt><trkpt lat="46.051930310204625" lon="8.849390296731144"><ele>1603.5999755859375</ele></trkpt><trkpt lat="46.051950309891254" lon="8.849480296485126"><ele>1602.5999755859375</ele></trkpt><trkpt lat="46.05200030980632" lon="8.849560296628624"><ele>1602.2999877929688</ele></trkpt><trkpt lat="46.05200030980632" lon="8.849580296315253"><ele>1601.9399719238281</ele></trkpt><trkpt lat="46.05199030973017" lon="8.849630296230316"><ele>1601.1199951171875</ele></trkpt><trkpt lat="46.05199030973017" lon="8.849740296136588"><ele>1600.3999938964844</ele></trkpt><trkpt lat="46.05203030956909" lon="8.84985029604286"><ele>1600.5</ele></trkpt><trkpt lat="46.052110308781266" lon="8.850020295474678"><ele>1596.7999877929688</ele></trkpt><trkpt lat="46.052110308781266" lon="8.850080295000225"><ele>1595.1799926757812</ele></trkpt><trkpt lat="46.05212030885741" lon="8.850080295000225"><ele>1595.0999755859375</ele></trkpt><trkpt lat="46.052130308467895" lon="8.850120294839144"><ele>1593.1999816894531</ele></trkpt><trkpt lat="46.05215030815452" lon="8.850170294754207"><ele>1592.5299987792969</ele></trkpt><trkpt lat="46.05217030784115" lon="8.850210294593126"><ele>1591.6399841308594</ele></trkpt><trkpt lat="46.052200307603925" lon="8.850270294118673"><ele>1589.9299926757812</ele></trkpt><trkpt lat="46.05221030768007" lon="8.850280294194818"><ele>1589.6999816894531</ele></trkpt><trkpt lat="46.0522303073667" lon="8.850320294033736"><ele>1589.1999816894531</ele></trkpt><trkpt lat="46.052240307442844" lon="8.850320294033736"><ele>1588.2699890136719</ele></trkpt><trkpt lat="46.052240307442844" lon="8.850320294033736"><ele>1588.0299987792969</ele></trkpt><trkpt lat="46.05226030712947" lon="8.850270293653011"><ele>1586.3999938964844</ele></trkpt><trkpt lat="46.05226030666381" lon="8.850220293272287"><ele>1583.7999877929688</ele></trkpt><trkpt lat="46.05226030666381" lon="8.850220293272287"><ele>1583.7699890136719</ele></trkpt><trkpt lat="46.052270306274295" lon="8.850220293272287"><ele>1583.5999755859375</ele></trkpt><trkpt lat="46.05228030635044" lon="8.850220293272287"><ele>1583.0899963378906</ele></trkpt><trkpt lat="46.05228030635044" lon="8.85023029288277"><ele>1583.0</ele></trkpt><trkpt lat="46.052290306426585" lon="8.850260293111205"><ele>1583.0</ele></trkpt><trkpt lat="46.05230030603707" lon="8.850320292636752"><ele>1581.0999755859375</ele></trkpt><trkpt lat="46.05230030603707" lon="8.850320292636752"><ele>1581.0999755859375</ele></trkpt><trkpt lat="46.05231030611321" lon="8.850330292712897"><ele>1580.7999877929688</ele></trkpt><trkpt lat="46.0523203057237" lon="8.850320292636752"><ele>1579.7799987792969</ele></trkpt><trkpt lat="46.0523203057237" lon="8.850320292636752"><ele>1579.6299743652344</ele></trkpt><trkpt lat="46.0523203057237" lon="8.850310292560607"><ele>1579.5499877929688</ele></trkpt><trkpt lat="46.05233030579984" lon="8.850300292484462"><ele>1579.3199768066406</ele></trkpt><trkpt lat="46.05233030579984" lon="8.850290292408317"><ele>1579.0699768066406</ele></trkpt><trkpt lat="46.05233030533418" lon="8.850240292027593"><ele>1578.0999755859375</ele></trkpt><trkpt lat="46.052340305410326" lon="8.850230291951448"><ele>1577.7999877929688</ele></trkpt><trkpt lat="46.052340305410326" lon="8.850230291951448"><ele>1577.8099975585938</ele></trkpt><trkpt lat="46.05239030532539" lon="8.85032029170543"><ele>1576.1999816894531</ele></trkpt><trkpt lat="46.05243030516431" lon="8.850380291696638"><ele>1575.9099731445312</ele></trkpt><trkpt lat="46.05244030524045" lon="8.850390291772783"><ele>1575.8999938964844</ele></trkpt><trkpt lat="46.05246030539274" lon="8.850630291737616"><ele>1576.5999755859375</ele></trkpt><trkpt lat="46.05248030507937" lon="8.850650291889906"><ele>1576.3999938964844</ele></trkpt><trkpt lat="46.052490304689854" lon="8.850650291424245"><ele>1575.1399841308594</ele></trkpt><trkpt lat="46.052500304766" lon="8.850650291424245"><ele>1574.3099975585938</ele></trkpt><trkpt lat="46.052510304842144" lon="8.850650291424245"><ele>1574.0199890136719</ele></trkpt><trkpt lat="46.05251030437648" lon="8.850690291263163"><ele>1572.8999938964844</ele></trkpt><trkpt lat="46.05253030452877" lon="8.850740291178226"><ele>1572.8299865722656</ele></trkpt><trkpt lat="46.05254030460492" lon="8.850780291017145"><ele>1572.7999877929688</ele></trkpt><trkpt lat="46.05255030468106" lon="8.85081029124558"><ele>1572.8999938964844</ele></trkpt><trkpt lat="46.052580304443836" lon="8.850880291312933"><ele>1573.1999816894531</ele></trkpt><trkpt lat="46.052620304748416" lon="8.850910291541368"><ele>1573.8999938964844</ele></trkpt><trkpt lat="46.05263030482456" lon="8.850920291617513"><ele>1573.8199768066406</ele></trkpt><trkpt lat="46.05263030482456" lon="8.850920291617513"><ele>1573.7999877929688</ele></trkpt><trkpt lat="46.0526303043589" lon="8.850960291456431"><ele>1573.0999755859375</ele></trkpt><trkpt lat="46.05265030451119" lon="8.851010291371495"><ele>1572.5999755859375</ele></trkpt><trkpt lat="46.052660304587334" lon="8.851020290981978"><ele>1572.4199829101562</ele></trkpt><trkpt lat="46.05269030435011" lon="8.851040291134268"><ele>1571.6999816894531</ele></trkpt><trkpt lat="46.05271030403674" lon="8.851050290744752"><ele>1569.7999877929688</ele></trkpt><trkpt lat="46.05271030403674" lon="8.851060290820897"><ele>1569.5399780273438</ele></trkpt><trkpt lat="46.05272030364722" lon="8.851120290346444"><ele>1568.1999816894531</ele></trkpt><trkpt lat="46.052730303723365" lon="8.851140290498734"><ele>1567.8899841308594</ele></trkpt><trkpt lat="46.052730303723365" lon="8.851150290109217"><ele>1567.6999816894531</ele></trkpt><trkpt lat="46.0528103034012" lon="8.851290290243924"><ele>1567.7999877929688</ele></trkpt><trkpt lat="46.05282030394301" lon="8.851330290548503"><ele>1568.9199829101562</ele></trkpt><trkpt lat="46.05282030394301" lon="8.851350290700793"><ele>1569.6999816894531</ele></trkpt><trkpt lat="46.05284030362964" lon="8.851400290615857"><ele>1568.6199951171875</ele></trkpt><trkpt lat="46.05285030370578" lon="8.851420290302485"><ele>1568.5999755859375</ele></trkpt><trkpt lat="46.05284030362964" lon="8.851440290454775"><ele>1568.1099853515625</ele></trkpt><trkpt lat="46.05283030355349" lon="8.85145029053092"><ele>1567.75</ele></trkpt><trkpt lat="46.05283030355349" lon="8.851470290217549"><ele>1567.1199951171875</ele></trkpt><trkpt lat="46.05283030355349" lon="8.851470290217549"><ele>1567.2999877929688</ele></trkpt><trkpt lat="46.05283030308783" lon="8.851480289828032"><ele>1565.5999755859375</ele></trkpt><trkpt lat="46.052840303163975" lon="8.851510290056467"><ele>1565.0999755859375</ele></trkpt><trkpt lat="46.05287030292675" lon="8.851580289658159"><ele>1564.0999755859375</ele></trkpt><trkpt lat="46.05289030261338" lon="8.851630289573222"><ele>1563.5999755859375</ele></trkpt><trkpt lat="46.05291030276567" lon="8.851750289555639"><ele>1563.489990234375</ele></trkpt><trkpt lat="46.05291030276567" lon="8.851780289784074"><ele>1563.3999938964844</ele></trkpt><trkpt lat="46.05294030252844" lon="8.851830289699137"><ele>1563.2799987792969</ele></trkpt><trkpt lat="46.052970302756876" lon="8.8518802896142"><ele>1563.0999755859375</ele></trkpt><trkpt lat="46.052990302443504" lon="8.851920289453119"><ele>1562.6399841308594</ele></trkpt><trkpt lat="46.052990302443504" lon="8.851940289605409"><ele>1562.5</ele></trkpt><trkpt lat="46.053010302595794" lon="8.851970289368182"><ele>1562.4599914550781</ele></trkpt><trkpt lat="46.05304030235857" lon="8.852020289283246"><ele>1562.3999938964844</ele></trkpt><trkpt lat="46.05305030243471" lon="8.852040289435536"><ele>1561.8099975585938</ele></trkpt><trkpt lat="46.05306030251086" lon="8.85207028919831"><ele>1561.2899780273438</ele></trkpt><trkpt lat="46.05307030212134" lon="8.852080289274454"><ele>1560.8999938964844</ele></trkpt><trkpt lat="46.05309030180797" lon="8.852110289037228"><ele>1559.8499755859375</ele></trkpt><trkpt lat="46.05309030180797" lon="8.852120289113373"><ele>1559.6099853515625</ele></trkpt><trkpt lat="46.053100301884115" lon="8.852140288800001"><ele>1559.3999938964844</ele></trkpt><trkpt lat="46.053100301884115" lon="8.852190288715065"><ele>1558.9399719238281</ele></trkpt><trkpt lat="46.053100301884115" lon="8.85220028879121"><ele>1558.7999877929688</ele></trkpt><trkpt lat="46.0531103014946" lon="8.852210288401693"><ele>1557.3999938964844</ele></trkpt><trkpt lat="46.05312030157074" lon="8.852210288401693"><ele>1557.1899719238281</ele></trkpt><trkpt lat="46.05314030125737" lon="8.852220288477838"><ele>1556.5999755859375</ele></trkpt><trkpt lat="46.05315030133352" lon="8.852230288088322"><ele>1555.8299865722656</ele></trkpt><trkpt lat="46.05318030109629" lon="8.85231028823182"><ele>1555.1199951171875</ele></trkpt><trkpt lat="46.05320030124858" lon="8.852360288146883"><ele>1555.0299987792969</ele></trkpt><trkpt lat="46.053230301011354" lon="8.852400287985802"><ele>1554.8999938964844</ele></trkpt><trkpt lat="46.053250301163644" lon="8.852450287900865"><ele>1554.8999938964844</ele></trkpt><trkpt lat="46.05327030131593" lon="8.85250028828159"><ele>1555.0</ele></trkpt><trkpt lat="46.05333030130714" lon="8.852570288348943"><ele>1555.8999938964844</ele></trkpt><trkpt lat="46.05335030145943" lon="8.852590288501233"><ele>1555.989990234375</ele></trkpt><trkpt lat="46.05336030153558" lon="8.852610288187861"><ele>1556.0</ele></trkpt><trkpt lat="46.05337030114606" lon="8.852660288102925"><ele>1556.0199890136719</ele></trkpt><trkpt lat="46.05337030114606" lon="8.852660288102925"><ele>1556.0</ele></trkpt><trkpt lat="46.05337030114606" lon="8.85267028817907"><ele>1556.0</ele></trkpt><trkpt lat="46.053380301222205" lon="8.85271028848365"><ele>1555.9199829101562</ele></trkpt><trkpt lat="46.05339030129835" lon="8.852780288085341"><ele>1555.6999816894531</ele></trkpt><trkpt lat="46.05339030129835" lon="8.85286028822884"><ele>1555.3099975585938</ele></trkpt><trkpt lat="46.05339030129835" lon="8.852890287991613"><ele>1555.2999877929688</ele></trkpt><trkpt lat="46.053400301374495" lon="8.852910288143903"><ele>1555.25</ele></trkpt><trkpt lat="46.05341030098498" lon="8.852930288296193"><ele>1555.1599731445312</ele></trkpt><trkpt lat="46.053420301061124" lon="8.852970288135111"><ele>1554.8999938964844</ele></trkpt><trkpt lat="46.053530300967395" lon="8.853100287728012"><ele>1553.8999938964844</ele></trkpt><trkpt lat="46.053550300654024" lon="8.85316028771922"><ele>1553.1999816894531</ele></trkpt><trkpt lat="46.053570300806314" lon="8.853200287558138"><ele>1552.5599975585938</ele></trkpt><trkpt lat="46.0535803004168" lon="8.853220287710428"><ele>1552.2599792480469</ele></trkpt><trkpt lat="46.053640300408006" lon="8.853300287388265"><ele>1551.5999755859375</ele></trkpt><trkpt lat="46.053680300246924" lon="8.853370287455618"><ele>1551.2999877929688</ele></trkpt><trkpt lat="46.053700300399214" lon="8.853410287294537"><ele>1551.3399963378906</ele></trkpt><trkpt lat="46.05374030023813" lon="8.853460287675261"><ele>1551.3999938964844</ele></trkpt><trkpt lat="46.05375030031428" lon="8.85348028736189"><ele>1551.6699829101562</ele></trkpt><trkpt lat="46.05377030046657" lon="8.853510287590325"><ele>1552.0</ele></trkpt><trkpt lat="46.05379030061886" lon="8.85352028766647"><ele>1552.2599792480469</ele></trkpt><trkpt lat="46.05382030084729" lon="8.85354028781876"><ele>1552.5999755859375</ele></trkpt><trkpt lat="46.05384030099958" lon="8.853580287657678"><ele>1553.2599792480469</ele></trkpt><trkpt lat="46.05385030107573" lon="8.853610287886113"><ele>1553.7099914550781</ele></trkpt><trkpt lat="46.053870300762355" lon="8.853660287801176"><ele>1553.8999938964844</ele></trkpt><trkpt lat="46.053890300914645" lon="8.853660287801176"><ele>1553.6699829101562</ele></trkpt><trkpt lat="46.053930300753564" lon="8.853660287801176"><ele>1552.7999877929688</ele></trkpt><trkpt lat="46.05403030011803" lon="8.853720287326723"><ele>1549.7899780273438</ele></trkpt><trkpt lat="46.05407029995695" lon="8.853740287013352"><ele>1549.0999755859375</ele></trkpt><trkpt lat="46.05412029987201" lon="8.853750286623836"><ele>1547.5999755859375</ele></trkpt><trkpt lat="46.054130299482495" lon="8.85376028669998"><ele>1547.3199768066406</ele></trkpt><trkpt lat="46.05417029932141" lon="8.85378028685227"><ele>1546.5</ele></trkpt><trkpt lat="46.054220299236476" lon="8.853810286615044"><ele>1545.4599914550781</ele></trkpt><trkpt lat="46.054260299075395" lon="8.853830286301672"><ele>1544.6999816894531</ele></trkpt><trkpt lat="46.054300299379975" lon="8.853850286453962"><ele>1544.4299926757812</ele></trkpt><trkpt lat="46.0543202990666" lon="8.853860286064446"><ele>1544.2999877929688</ele></trkpt><trkpt lat="46.0543202990666" lon="8.853880286216736"><ele>1543.9499816894531</ele></trkpt><trkpt lat="46.05434029921889" lon="8.85391028597951"><ele>1543.6399841308594</ele></trkpt><trkpt lat="46.05434029875323" lon="8.8539302861318"><ele>1543.3999938964844</ele></trkpt><trkpt lat="46.05435029882938" lon="8.853940286207944"><ele>1543.3699951171875</ele></trkpt><trkpt lat="46.054390299133956" lon="8.853990286123008"><ele>1543.1999816894531</ele></trkpt><trkpt lat="46.05442029889673" lon="8.85406028619036"><ele>1543.5999755859375</ele></trkpt><trkpt lat="46.054450299125165" lon="8.85408028587699"><ele>1543.3699951171875</ele></trkpt><trkpt lat="46.05446029873565" lon="8.85408028587699"><ele>1543.1999816894531</ele></trkpt><trkpt lat="46.05454029887915" lon="8.854180285707116"><ele>1542.0999755859375</ele></trkpt><trkpt lat="46.05455029848963" lon="8.854200285859406"><ele>1541.8399963378906</ele></trkpt><trkpt lat="46.054560298565775" lon="8.85423028562218"><ele>1541.5999755859375</ele></trkpt><trkpt lat="46.05462029855698" lon="8.854310285765678"><ele>1541.219970703125</ele></trkpt><trkpt lat="46.05464029870927" lon="8.854330285452306"><ele>1541.0</ele></trkpt><trkpt lat="46.054710298310965" lon="8.854440285358578"><ele>1540.3699951171875</ele></trkpt><trkpt lat="46.054750298615545" lon="8.854520285502076"><ele>1540.2899780273438</ele></trkpt><trkpt lat="46.05478029837832" lon="8.854560285806656"><ele>1540.6999816894531</ele></trkpt><trkpt lat="46.05485029844567" lon="8.854670285712928"><ele>1541.6699829101562</ele></trkpt><trkpt lat="46.05486029852182" lon="8.854680285789073"><ele>1541.8099975585938</ele></trkpt><trkpt lat="46.05486029852182" lon="8.854680285789073"><ele>1541.8199768066406</ele></trkpt><trkpt lat="46.054940299130976" lon="8.854760286398232"><ele>1543.8999938964844</ele></trkpt><trkpt lat="46.054960299283266" lon="8.85478028608486"><ele>1544.2599792480469</ele></trkpt><trkpt lat="46.05497029935941" lon="8.85478028608486"><ele>1544.3999938964844</ele></trkpt><trkpt lat="46.05500029865652" lon="8.854820285923779"><ele>1542.0</ele></trkpt><trkpt lat="46.05502029880881" lon="8.854880285914987"><ele>1541.47998046875</ele></trkpt><trkpt lat="46.0550302984193" lon="8.85491028567776"><ele>1541.0999755859375</ele></trkpt><trkpt lat="46.05506029864773" lon="8.85495028551668"><ele>1540.9299926757812</ele></trkpt><trkpt lat="46.055090298410505" lon="8.854990285821259"><ele>1540.6999816894531</ele></trkpt><trkpt lat="46.055110298562795" lon="8.855040285736322"><ele>1540.7999877929688</ele></trkpt><trkpt lat="46.05515029840171" lon="8.85514028556645"><ele>1540.8999938964844</ele></trkpt><trkpt lat="46.05520029878244" lon="8.855260286014527"><ele>1541.5999755859375</ele></trkpt><trkpt lat="46.05523029854521" lon="8.85531028592959"><ele>1542.0</ele></trkpt><trkpt lat="46.05523029901087" lon="8.85533028608188"><ele>1542.6499938964844</ele></trkpt><trkpt lat="46.05523029901087" lon="8.85535028623417"><ele>1543.0</ele></trkpt><trkpt lat="46.05524029908702" lon="8.85535028623417"><ele>1542.9099731445312</ele></trkpt><trkpt lat="46.0552502986975" lon="8.855360285844654"><ele>1543.0</ele></trkpt><trkpt lat="46.05529029900208" lon="8.85537028638646"><ele>1543.5</ele></trkpt><trkpt lat="46.05531029915437" lon="8.855390286073089"><ele>1543.5</ele></trkpt><trkpt lat="46.055330298841" lon="8.855400286149234"><ele>1543.4399719238281</ele></trkpt><trkpt lat="46.055330298841" lon="8.855400286149234"><ele>1543.4399719238281</ele></trkpt><trkpt lat="46.055360299069434" lon="8.855400286149234"><ele>1543.3999938964844</ele></trkpt><trkpt lat="46.05542029906064" lon="8.855390286073089"><ele>1543.4099731445312</ele></trkpt><trkpt lat="46.05546029889956" lon="8.855390286073089"><ele>1543.1999816894531</ele></trkpt><trkpt lat="46.055510298814625" lon="8.855380285996944"><ele>1542.1999816894531</ele></trkpt><trkpt lat="46.0555402985774" lon="8.855380285996944"><ele>1542.0</ele></trkpt><trkpt lat="46.055600298568606" lon="8.855370285920799"><ele>1541.6699829101562</ele></trkpt><trkpt lat="46.05565029848367" lon="8.855370285920799"><ele>1541.3999938964844</ele></trkpt><trkpt lat="46.055660298559815" lon="8.855370285920799"><ele>1541.1099853515625</ele></trkpt><trkpt lat="46.05570029839873" lon="8.855370285920799"><ele>1541.0</ele></trkpt><trkpt lat="46.05571029847488" lon="8.855370285920799"><ele>1541.2999877929688</ele></trkpt><trkpt lat="46.05573029862717" lon="8.855380285996944"><ele>1541.6999816894531</ele></trkpt><trkpt lat="46.05577029893175" lon="8.855410285759717"><ele>1542.4599914550781</ele></trkpt><trkpt lat="46.05578029900789" lon="8.855420285835862"><ele>1542.6999816894531</ele></trkpt><trkpt lat="46.055810298770666" lon="8.855420285835862"><ele>1542.7999877929688</ele></trkpt><trkpt lat="46.05586029915139" lon="8.855470286216587"><ele>1543.6999816894531</ele></trkpt><trkpt lat="46.055930299218744" lon="8.855490286368877"><ele>1544.0</ele></trkpt><trkpt lat="46.05596029898152" lon="8.855490286368877"><ele>1544.2899780273438</ele></trkpt><trkpt lat="46.05596029898152" lon="8.855490286368877"><ele>1544.3999938964844</ele></trkpt><trkpt lat="46.0560002992861" lon="8.855480286292732"><ele>1544.8999938964844</ele></trkpt><trkpt lat="46.05602029943839" lon="8.855500286445022"><ele>1545.1999816894531</ele></trkpt><trkpt lat="46.05604029959068" lon="8.855520286597311"><ele>1545.6999816894531</ele></trkpt><trkpt lat="46.05607029935345" lon="8.855530286673456"><ele>1545.3999938964844</ele></trkpt><trkpt lat="46.056100299581885" lon="8.85554028628394"><ele>1545.2999877929688</ele></trkpt><trkpt lat="46.05611029919237" lon="8.855530286673456"><ele>1545.3199768066406</ele></trkpt><trkpt lat="46.056160299573094" lon="8.855510286521167"><ele>1545.3999938964844</ele></trkpt><trkpt lat="46.05619029933587" lon="8.855500286445022"><ele>1545.3499755859375</ele></trkpt><trkpt lat="46.05621029948816" lon="8.855490286368877"><ele>1545.2999877929688</ele></trkpt><trkpt lat="46.056250299327075" lon="8.855490286368877"><ele>1545.72998046875</ele></trkpt><trkpt lat="46.05632029939443" lon="8.855490286834538"><ele>1546.5999755859375</ele></trkpt><trkpt lat="46.0563802998513" lon="8.855480286758393"><ele>1546.7099914550781</ele></trkpt><trkpt lat="46.05642029969022" lon="8.855470286682248"><ele>1547.3999938964844</ele></trkpt><trkpt lat="46.05653030006215" lon="8.85547028714791"><ele>1549.7999877929688</ele></trkpt><trkpt lat="46.056540300138295" lon="8.85547028761357"><ele>1550.2599792480469</ele></trkpt><trkpt lat="46.05661030067131" lon="8.855480287689716"><ele>1551.7999877929688</ele></trkpt><trkpt lat="46.0566303008236" lon="8.85547028761357"><ele>1552.0</ele></trkpt><trkpt lat="46.05666030058637" lon="8.855450287926942"><ele>1552.3699951171875</ele></trkpt><trkpt lat="46.05666030058637" lon="8.855440287850797"><ele>1552.4399719238281</ele></trkpt><trkpt lat="46.05673030111939" lon="8.855380287859589"><ele>1553.5999755859375</ele></trkpt><trkpt lat="46.05675030127168" lon="8.855370288249105"><ele>1554.0999755859375</ele></trkpt><trkpt lat="46.05682030180469" lon="8.855350288562477"><ele>1557.0599975585938</ele></trkpt><trkpt lat="46.056890302337706" lon="8.855320289265364"><ele>1560.3999938964844</ele></trkpt><trkpt lat="46.056910302489996" lon="8.85531028918922"><ele>1560.5999755859375</ele></trkpt><trkpt lat="46.05694030225277" lon="8.855280289426446"><ele>1560.3399963378906</ele></trkpt><trkpt lat="46.05694030225277" lon="8.855270289350301"><ele>1560.1999816894531</ele></trkpt><trkpt lat="46.05699030216783" lon="8.855180289130658"><ele>1559.5299987792969</ele></trkpt><trkpt lat="46.05701030185446" lon="8.855160288978368"><ele>1559.5</ele></trkpt><trkpt lat="46.05711030215025" lon="8.85508028883487"><ele>1559.6199951171875</ele></trkpt><trkpt lat="46.05716030206531" lon="8.855070289224386"><ele>1560.1999816894531</ele></trkpt><trkpt lat="46.057250302284956" lon="8.855070289224386"><ele>1560.0999755859375</ele></trkpt><trkpt lat="46.05738030234352" lon="8.855070289224386"><ele>1560.3499755859375</ele></trkpt><trkpt lat="46.05741030257195" lon="8.855070289224386"><ele>1561.0999755859375</ele></trkpt><trkpt lat="46.0574203026481" lon="8.855080289766192"><ele>1562.5999755859375</ele></trkpt><trkpt lat="46.05743030272424" lon="8.855080289766192"><ele>1562.8599853515625</ele></trkpt><trkpt lat="46.05744030280039" lon="8.855080289766192"><ele>1563.0999755859375</ele></trkpt><trkpt lat="46.05746030295268" lon="8.855050290003419"><ele>1563.7999877929688</ele></trkpt><trkpt lat="46.05747030302882" lon="8.855050290003419"><ele>1563.7799987792969</ele></trkpt><trkpt lat="46.05749030271545" lon="8.855040289927274"><ele>1563.7999877929688</ele></trkpt><trkpt lat="46.05751030286774" lon="8.855060289613903"><ele>1563.5999755859375</ele></trkpt><trkpt lat="46.05753030302003" lon="8.855080289766192"><ele>1564.0999755859375</ele></trkpt><trkpt lat="46.057560302782804" lon="8.855150289833546"><ele>1564.0999755859375</ele></trkpt><trkpt lat="46.057560302782804" lon="8.85516028990969"><ele>1564.2099914550781</ele></trkpt><trkpt lat="46.05757030285895" lon="8.855200289748609"><ele>1564.2999877929688</ele></trkpt><trkpt lat="46.05760030308738" lon="8.855230289977044"><ele>1563.8899841308594</ele></trkpt><trkpt lat="46.05763030285016" lon="8.855270289815962"><ele>1563.5</ele></trkpt><trkpt lat="46.05765030300245" lon="8.85533028980717"><ele>1563.7999877929688</ele></trkpt><trkpt lat="46.05766030307859" lon="8.85537029011175"><ele>1564.1899719238281</ele></trkpt><trkpt lat="46.05769030330703" lon="8.855430290102959"><ele>1564.7999877929688</ele></trkpt><trkpt lat="46.05769030330703" lon="8.855440290179104"><ele>1564.8199768066406</ele></trkpt><trkpt lat="46.05774030322209" lon="8.855490290094167"><ele>1564.7999877929688</ele></trkpt><trkpt lat="46.0578003032133" lon="8.855530289933085"><ele>1564.5099792480469</ele></trkpt><trkpt lat="46.05782030289993" lon="8.855550289619714"><ele>1563.8999938964844</ele></trkpt><trkpt lat="46.0578803033568" lon="8.855620290152729"><ele>1565.0999755859375</ele></trkpt><trkpt lat="46.05793030327186" lon="8.855630290228873"><ele>1565.3999938964844</ele></trkpt><trkpt lat="46.05802030302584" lon="8.855700289830565"><ele>1564.8899841308594</ele></trkpt><trkpt lat="46.05805030325428" lon="8.855720289982855"><ele>1565.0</ele></trkpt><trkpt lat="46.05816030316055" lon="8.855850290041417"><ele>1564.5999755859375</ele></trkpt><trkpt lat="46.05822030315176" lon="8.855930290184915"><ele>1564.5999755859375</ele></trkpt><trkpt lat="46.05829030321911" lon="8.856060290243477"><ele>1565.6999816894531</ele></trkpt><trkpt lat="46.05840030359104" lon="8.856310290284455"><ele>1567.4399719238281</ele></trkpt><trkpt lat="46.05842030374333" lon="8.856370290741324"><ele>1567.5999755859375</ele></trkpt><trkpt lat="46.05846030358225" lon="8.856390290427953"><ele>1568.0599975585938</ele></trkpt><trkpt lat="46.05850030388683" lon="8.856410290580243"><ele>1568.5</ele></trkpt><trkpt lat="46.05868030432612" lon="8.856460290960968"><ele>1570.6999816894531</ele></trkpt><trkpt lat="46.058700304012746" lon="8.856450290884823"><ele>1570.4499816894531</ele></trkpt><trkpt lat="46.05873030424118" lon="8.856440290808678"><ele>1570.0</ele></trkpt><trkpt lat="46.0587703040801" lon="8.856440290808678"><ele>1569.5</ele></trkpt><trkpt lat="46.05879030376673" lon="8.856430290732533"><ele>1569.0999755859375</ele></trkpt><trkpt lat="46.05881030391902" lon="8.856430290732533"><ele>1569.0199890136719</ele></trkpt><trkpt lat="46.05886030383408" lon="8.856430290732533"><ele>1568.6999816894531</ele></trkpt><trkpt lat="46.05895030358806" lon="8.856420290656388"><ele>1568.1999816894531</ele></trkpt><trkpt lat="46.05897030374035" lon="8.856430290732533"><ele>1567.6799926757812</ele></trkpt><trkpt lat="46.0589803038165" lon="8.856440290343016"><ele>1567.5</ele></trkpt><trkpt lat="46.059020303655416" lon="8.856430290266871"><ele>1567.1899719238281</ele></trkpt><trkpt lat="46.059080303646624" lon="8.856430290266871"><ele>1566.5</ele></trkpt><trkpt lat="46.05909030325711" lon="8.856440290343016"><ele>1565.969970703125</ele></trkpt><trkpt lat="46.0591103034094" lon="8.856450290419161"><ele>1565.5999755859375</ele></trkpt><trkpt lat="46.059170302934945" lon="8.8564502899535"><ele>1564.8799743652344</ele></trkpt><trkpt lat="46.059210303239524" lon="8.856440289877355"><ele>1564.5</ele></trkpt><trkpt lat="46.05929030291736" lon="8.856460289563984"><ele>1562.6999816894531</ele></trkpt><trkpt lat="46.05935030244291" lon="8.856470289640129"><ele>1561.6999816894531</ele></trkpt><trkpt lat="46.05939030228183" lon="8.856470289174467"><ele>1561.0</ele></trkpt><trkpt lat="46.05953030241653" lon="8.856460289098322"><ele>1559.7999877929688</ele></trkpt><trkpt lat="46.05955030210316" lon="8.856470289174467"><ele>1559.719970703125</ele></trkpt><trkpt lat="46.05957030225545" lon="8.856480289250612"><ele>1559.5999755859375</ele></trkpt><trkpt lat="46.059620302170515" lon="8.856510289013386"><ele>1559.5899963378906</ele></trkpt><trkpt lat="46.05975030222908" lon="8.856570289004594"><ele>1559.5</ele></trkpt><trkpt lat="46.05988030182198" lon="8.85667028883472"><ele>1558.5</ele></trkpt><trkpt lat="46.06002030195668" lon="8.856750288978219"><ele>1558.5799865722656</ele></trkpt><trkpt lat="46.06007030187175" lon="8.856770289130509"><ele>1558.5799865722656</ele></trkpt><trkpt lat="46.06011030217633" lon="8.856800288893282"><ele>1558.5699768066406</ele></trkpt><trkpt lat="46.06024030223489" lon="8.856870288960636"><ele>1558.6999816894531</ele></trkpt><trkpt lat="46.06033030245453" lon="8.85690028918907"><ele>1560.0</ele></trkpt><trkpt lat="46.060380302369595" lon="8.856940289027989"><ele>1560.1999816894531</ele></trkpt><trkpt lat="46.06039030244574" lon="8.856950289104134"><ele>1560.219970703125</ele></trkpt><trkpt lat="46.0604403023608" lon="8.857010289095342"><ele>1560.6199951171875</ele></trkpt><trkpt lat="46.06045030243695" lon="8.857020289171487"><ele>1560.6999816894531</ele></trkpt><trkpt lat="46.06050030281767" lon="8.857060289476067"><ele>1562.1999816894531</ele></trkpt><trkpt lat="46.060530302580446" lon="8.857070289552212"><ele>1562.8099975585938</ele></trkpt><trkpt lat="46.060550302732736" lon="8.857070290017873"><ele>1563.2999877929688</ele></trkpt><trkpt lat="46.06058030296117" lon="8.857070290017873"><ele>1563.8099975585938</ele></trkpt><trkpt lat="46.060590303037316" lon="8.857070290017873"><ele>1564.0999755859375</ele></trkpt><trkpt lat="46.060800303239375" lon="8.85721029015258"><ele>1564.1999816894531</ele></trkpt><trkpt lat="46.06081030284986" lon="8.85721029015258"><ele>1564.1999816894531</ele></trkpt><trkpt lat="46.060820302926004" lon="8.857240289915353"><ele>1563.3399963378906</ele></trkpt><trkpt lat="46.06083030300215" lon="8.857260289601982"><ele>1562.7999877929688</ele></trkpt><trkpt lat="46.06091030314565" lon="8.857260290067643"><ele>1563.8999938964844</ele></trkpt><trkpt lat="46.06107030296698" lon="8.85736028989777"><ele>1563.7999877929688</ele></trkpt><trkpt lat="46.061120302882046" lon="8.85740029020235"><ele>1564.1199951171875</ele></trkpt><trkpt lat="46.06138030346483" lon="8.857600290328264"><ele>1565.5999755859375</ele></trkpt><trkpt lat="46.061410303693265" lon="8.85761029040441"><ele>1566.5</ele></trkpt><trkpt lat="46.06151030398905" lon="8.857680290471762"><ele>1568.0999755859375</ele></trkpt><trkpt lat="46.06157030398026" lon="8.857680290937424"><ele>1569.489990234375</ele></trkpt><trkpt lat="46.061620303895324" lon="8.857710290700197"><ele>1567.8999938964844</ele></trkpt><trkpt lat="46.06167030334473" lon="8.857800290454179"><ele>1566.2999877929688</ele></trkpt><trkpt lat="46.06174030341208" lon="8.857840290293097"><ele>1565.7999877929688</ele></trkpt><trkpt lat="46.061750303488225" lon="8.857850290369242"><ele>1565.6999816894531</ele></trkpt><trkpt lat="46.06179030332714" lon="8.85789029020816"><ele>1565.5</ele></trkpt><trkpt lat="46.06185030331835" lon="8.857970289885998"><ele>1564.1799926757812</ele></trkpt><trkpt lat="46.061880303081125" lon="8.858010289724916"><ele>1563.7999877929688</ele></trkpt><trkpt lat="46.06194030307233" lon="8.858040289953351"><ele>1563.5</ele></trkpt><trkpt lat="46.06202030275017" lon="8.858130289707333"><ele>1563.5499877929688</ele></trkpt><trkpt lat="46.062030302826315" lon="8.858130289707333"><ele>1563.5999755859375</ele></trkpt><trkpt lat="46.062050302978605" lon="8.858170290011913"><ele>1563.5</ele></trkpt><trkpt lat="46.06212030304596" lon="8.858280289918184"><ele>1564.1999816894531</ele></trkpt><trkpt lat="46.0621303031221" lon="8.85829028999433"><ele>1564.4399719238281</ele></trkpt><trkpt lat="46.06219030311331" lon="8.858360290061682"><ele>1565.3999938964844</ele></trkpt><trkpt lat="46.062300303485245" lon="8.858530290424824"><ele>1567.0</ele></trkpt><trkpt lat="46.062360303942114" lon="8.858570290729403"><ele>1567.7999877929688</ele></trkpt><trkpt lat="46.06240030378103" lon="8.858600290957838"><ele>1568.3599853515625</ele></trkpt><trkpt lat="46.06246030377224" lon="8.858670291025192"><ele>1568.5</ele></trkpt><trkpt lat="46.06248030392453" lon="8.85871029086411"><ele>1568.8999938964844</ele></trkpt><trkpt lat="46.062490304000676" lon="8.858740291092545"><ele>1568.8299865722656</ele></trkpt><trkpt lat="46.06250030407682" lon="8.858760290779173"><ele>1568.7999877929688</ele></trkpt><trkpt lat="46.06258030422032" lon="8.858930291142315"><ele>1570.5999755859375</ele></trkpt><trkpt lat="46.062610304448754" lon="8.859020291361958"><ele>1571.2599792480469</ele></trkpt><trkpt lat="46.06268030451611" lon="8.859180291648954"><ele>1571.7999877929688</ele></trkpt><trkpt lat="46.06271030474454" lon="8.859240291640162"><ele>1572.4199829101562</ele></trkpt><trkpt lat="46.06275030504912" lon="8.859310291707516"><ele>1573.6999816894531</ele></trkpt><trkpt lat="46.062760305125266" lon="8.85934029193595"><ele>1574.1099853515625</ele></trkpt><trkpt lat="46.06277030520141" lon="8.85934029193595"><ele>1574.1999816894531</ele></trkpt><trkpt lat="46.062800304964185" lon="8.859350292012095"><ele>1574.5</ele></trkpt><trkpt lat="46.062840305268764" lon="8.859410292003304"><ele>1575.5</ele></trkpt><trkpt lat="46.06285030534491" lon="8.859420292079449"><ele>1575.4599914550781</ele></trkpt><trkpt lat="46.06289030518383" lon="8.859500292222947"><ele>1575.239990234375</ele></trkpt><trkpt lat="46.06290030525997" lon="8.85953029198572"><ele>1575.239990234375</ele></trkpt><trkpt lat="46.062930305022746" lon="8.859620292205364"><ele>1574.969970703125</ele></trkpt><trkpt lat="46.06294030509889" lon="8.859680292196572"><ele>1575.2999877929688</ele></trkpt><trkpt lat="46.0629503056407" lon="8.859720292501152"><ele>1577.0</ele></trkpt><trkpt lat="46.06294030509889" lon="8.859800292178988"><ele>1575.5</ele></trkpt><trkpt lat="46.06296030525118" lon="8.859900292009115"><ele>1574.3699951171875</ele></trkpt><trkpt lat="46.06296030478552" lon="8.859930291771889"><ele>1574.0</ele></trkpt><trkpt lat="46.062970304861665" lon="8.859930291771889"><ele>1573.9599914550781</ele></trkpt><trkpt lat="46.06298030493781" lon="8.859940291848034"><ele>1573.7999877929688</ele></trkpt><trkpt lat="46.062990305013955" lon="8.859970291610807"><ele>1573.3799743652344</ele></trkpt><trkpt lat="46.062990305013955" lon="8.859970291610807"><ele>1573.2099914550781</ele></trkpt><trkpt lat="46.06299030454829" lon="8.859990291763097"><ele>1572.7999877929688</ele></trkpt><trkpt lat="46.06300030462444" lon="8.86004029167816"><ele>1572.0999755859375</ele></trkpt><trkpt lat="46.06300030462444" lon="8.860060291364789"><ele>1571.8999938964844</ele></trkpt><trkpt lat="46.06300030462444" lon="8.860070291440934"><ele>1571.6999816894531</ele></trkpt><trkpt lat="46.06304030446336" lon="8.860120291355997"><ele>1570.3999938964844</ele></trkpt><trkpt lat="46.063060304149985" lon="8.8601702908054"><ele>1569.2899780273438</ele></trkpt><trkpt lat="46.06307030376047" lon="8.86019029095769"><ele>1568.6999816894531</ele></trkpt><trkpt lat="46.06307030376047" lon="8.86019029095769"><ele>1568.6899719238281</ele></trkpt><trkpt lat="46.063080303836614" lon="8.860260291025043"><ele>1568.219970703125</ele></trkpt><trkpt lat="46.06309030391276" lon="8.860280290711671"><ele>1568.1999816894531</ele></trkpt><trkpt lat="46.063080303836614" lon="8.860330291092396"><ele>1568.8999938964844</ele></trkpt><trkpt lat="46.063060304149985" lon="8.860370290931314"><ele>1569.1999816894531</ele></trkpt><trkpt lat="46.06305030407384" lon="8.860410291235894"><ele>1570.0</ele></trkpt><trkpt lat="46.06305030407384" lon="8.860470291227102"><ele>1569.6999816894531</ele></trkpt><trkpt lat="46.06305030407384" lon="8.86049029091373"><ele>1569.5999755859375</ele></trkpt><trkpt lat="46.063080303836614" lon="8.860560290981084"><ele>1568.8999938964844</ele></trkpt><trkpt lat="46.06312030367553" lon="8.86066029081121"><ele>1567.1999816894531</ele></trkpt><trkpt lat="46.063210303429514" lon="8.860790290404111"><ele>1566.8999938964844</ele></trkpt><trkpt lat="46.06324030365795" lon="8.860860290471464"><ele>1567.0099792480469</ele></trkpt><trkpt lat="46.06326030381024" lon="8.8608902906999"><ele>1566.8999938964844</ele></trkpt><trkpt lat="46.06330030364916" lon="8.860980290453881"><ele>1566.5999755859375</ele></trkpt><trkpt lat="46.063340303488076" lon="8.861050290521234"><ele>1567.0</ele></trkpt><trkpt lat="46.06341030402109" lon="8.861180290579796"><ele>1567.6999816894531</ele></trkpt><trkpt lat="46.063440303783864" lon="8.86123029096052"><ele>1567.7999877929688</ele></trkpt><trkpt lat="46.06345030386001" lon="8.861300290562212"><ele>1567.5999755859375</ele></trkpt><trkpt lat="46.063460303936154" lon="8.861350290477276"><ele>1567.2999877929688</ele></trkpt><trkpt lat="46.06347030354664" lon="8.861440290696919"><ele>1566.8999938964844</ele></trkpt><trkpt lat="46.06347030354664" lon="8.861480290535837"><ele>1566.2999877929688</ele></trkpt><trkpt lat="46.0634403033182" lon="8.8615302904509"><ele>1564.7999877929688</ele></trkpt><trkpt lat="46.06343030324206" lon="8.86157029028982"><ele>1564.1999816894531</ele></trkpt><trkpt lat="46.06341030308977" lon="8.861610290128738"><ele>1563.7999877929688</ele></trkpt><trkpt lat="46.06341030308977" lon="8.861640289891511"><ele>1563.8699951171875</ele></trkpt><trkpt lat="46.06341030308977" lon="8.86170029034838"><ele>1564.0699768066406</ele></trkpt><trkpt lat="46.06341030308977" lon="8.8617402901873"><ele>1564.1999816894531</ele></trkpt><trkpt lat="46.0634403033182" lon="8.861840290483087"><ele>1565.3999938964844</ele></trkpt><trkpt lat="46.06346030347049" lon="8.861880290322006"><ele>1565.719970703125</ele></trkpt><trkpt lat="46.06350030330941" lon="8.86193029070273"><ele>1566.1999816894531</ele></trkpt><trkpt lat="46.06354030361399" lon="8.861980290617794"><ele>1566.1999816894531</ele></trkpt><trkpt lat="46.063610303681344" lon="8.862040290609002"><ele>1566.1999816894531</ele></trkpt><trkpt lat="46.06362030329183" lon="8.86206029029563"><ele>1565.8699951171875</ele></trkpt><trkpt lat="46.06364030344412" lon="8.862090290524065"><ele>1565.5999755859375</ele></trkpt><trkpt lat="46.063700303435326" lon="8.862120290286839"><ele>1565.0999755859375</ele></trkpt><trkpt lat="46.063720303121954" lon="8.862140290439129"><ele>1564.8999938964844</ele></trkpt><trkpt lat="46.06375030335039" lon="8.862160290125757"><ele>1564.6999816894531</ele></trkpt><trkpt lat="46.06377030303702" lon="8.862180290278047"><ele>1564.47998046875</ele></trkpt><trkpt lat="46.06378030311316" lon="8.862200289964676"><ele>1564.1999816894531</ele></trkpt><trkpt lat="46.06379030318931" lon="8.862200289964676"><ele>1564.22998046875</ele></trkpt><trkpt lat="46.063850303180516" lon="8.86223029019311"><ele>1563.1999816894531</ele></trkpt><trkpt lat="46.06389030255377" lon="8.862260289955884"><ele>1562.1999816894531</ele></trkpt><trkpt lat="46.063940302468836" lon="8.862290289718658"><ele>1560.6999816894531</ele></trkpt><trkpt lat="46.064000302460045" lon="8.862320289481431"><ele>1560.5999755859375</ele></trkpt><trkpt lat="46.06404030229896" lon="8.862330289557576"><ele>1560.3999938964844</ele></trkpt><trkpt lat="46.06408030260354" lon="8.862330289557576"><ele>1560.1999816894531</ele></trkpt><trkpt lat="46.06416030228138" lon="8.862310289405286"><ele>1560.5599975585938</ele></trkpt><trkpt lat="46.064230302814394" lon="8.862290289718658"><ele>1561.2999877929688</ele></trkpt><trkpt lat="46.06425030250102" lon="8.862290289718658"><ele>1561.2799987792969</ele></trkpt><trkpt lat="46.06425030250102" lon="8.862290289718658"><ele>1561.2799987792969</ele></trkpt><trkpt lat="46.06431030249223" lon="8.862310289405286"><ele>1561.0999755859375</ele></trkpt><trkpt lat="46.06433030264452" lon="8.862320289481431"><ele>1561.0099792480469</ele></trkpt><trkpt lat="46.06435030233115" lon="8.862330289557576"><ele>1560.8999938964844</ele></trkpt><trkpt lat="46.064360302407295" lon="8.862330289557576"><ele>1560.9199829101562</ele></trkpt><trkpt lat="46.06439030263573" lon="8.862330289557576"><ele>1560.8999938964844</ele></trkpt><trkpt lat="46.0644203023985" lon="8.862320289481431"><ele>1560.8799743652344</ele></trkpt><trkpt lat="46.06446030270308" lon="8.862310289405286"><ele>1560.7999877929688</ele></trkpt><trkpt lat="46.06448030238971" lon="8.862320289481431"><ele>1560.5</ele></trkpt><trkpt lat="46.064490302465856" lon="8.862330289557576"><ele>1560.1899719238281</ele></trkpt><trkpt lat="46.06454030191526" lon="8.862390289083123"><ele>1558.6999816894531</ele></trkpt><trkpt lat="46.0646303021349" lon="8.862410289235413"><ele>1558.6999816894531</ele></trkpt><trkpt lat="46.06472030188888" lon="8.862420289311558"><ele>1558.4599914550781</ele></trkpt><trkpt lat="46.06472030188888" lon="8.862420289311558"><ele>1558.4299926757812</ele></trkpt><trkpt lat="46.06472030188888" lon="8.862420289311558"><ele>1558.4099731445312</ele></trkpt><trkpt lat="46.06477030180395" lon="8.86247028876096"><ele>1557.2999877929688</ele></trkpt><trkpt lat="46.06478030188009" lon="8.862480288837105"><ele>1557.1999816894531</ele></trkpt><trkpt lat="46.06480030203238" lon="8.86249028891325"><ele>1557.1799926757812</ele></trkpt><trkpt lat="46.064850301947445" lon="8.86251028906554"><ele>1557.1999816894531</ele></trkpt><trkpt lat="46.06495030177757" lon="8.862580289132893"><ele>1557.7999877929688</ele></trkpt><trkpt lat="46.065040301997215" lon="8.862660289276391"><ele>1558.1999816894531</ele></trkpt><trkpt lat="46.06511030206457" lon="8.862730289343745"><ele>1559.1599731445312</ele></trkpt><trkpt lat="46.06513030221686" lon="8.862750289496034"><ele>1559.3999938964844</ele></trkpt><trkpt lat="46.06515030236915" lon="8.86276028957218"><ele>1560.0499877929688</ele></trkpt><trkpt lat="46.06518030259758" lon="8.86278028972447"><ele>1561.0999755859375</ele></trkpt><trkpt lat="46.06523030297831" lon="8.862790289800614"><ele>1562.1999816894531</ele></trkpt><trkpt lat="46.06526030274108" lon="8.862810289952904"><ele>1562.5099792480469</ele></trkpt><trkpt lat="46.065290302969515" lon="8.862820290029049"><ele>1562.7999877929688</ele></trkpt><trkpt lat="46.065330303274095" lon="8.862850290257484"><ele>1563.6599731445312</ele></trkpt><trkpt lat="46.06534030288458" lon="8.862850290257484"><ele>1563.719970703125</ele></trkpt><trkpt lat="46.06540030334145" lon="8.862850290257484"><ele>1564.0</ele></trkpt><trkpt lat="46.06547030294314" lon="8.862870290409774"><ele>1564.0</ele></trkpt><trkpt lat="46.065500303171575" lon="8.862900290172547"><ele>1563.6999816894531</ele></trkpt><trkpt lat="46.06554030301049" lon="8.862900290172547"><ele>1563.2999877929688</ele></trkpt><trkpt lat="46.06556030316278" lon="8.862900290172547"><ele>1563.2799987792969</ele></trkpt><trkpt lat="46.06557030323893" lon="8.862890290096402"><ele>1563.1999816894531</ele></trkpt><trkpt lat="46.06562030315399" lon="8.862890290096402"><ele>1563.2999877929688</ele></trkpt><trkpt lat="46.06563030323014" lon="8.862890290096402"><ele>1563.3199768066406</ele></trkpt><trkpt lat="46.065670303069055" lon="8.862870289944112"><ele>1563.1999816894531</ele></trkpt><trkpt lat="46.06575030321255" lon="8.862870289944112"><ele>1563.1999816894531</ele></trkpt><trkpt lat="46.06578030297533" lon="8.862840289715677"><ele>1562.6999816894531</ele></trkpt><trkpt lat="46.06595030287281" lon="8.86278028972447"><ele>1561.5999755859375</ele></trkpt><trkpt lat="46.06598030263558" lon="8.86276028957218"><ele>1561.1299743652344</ele></trkpt><trkpt lat="46.066010302398354" lon="8.862750289496034"><ele>1560.6999816894531</ele></trkpt><trkpt lat="46.06608030246571" lon="8.862680289428681"><ele>1559.8999938964844</ele></trkpt><trkpt lat="46.066140301991254" lon="8.862610289361328"><ele>1558.8399963378906</ele></trkpt><trkpt lat="46.06622030213475" lon="8.86251028906554"><ele>1558.2999877929688</ele></trkpt><trkpt lat="46.06626030197367" lon="8.862460289150476"><ele>1557.6099853515625</ele></trkpt><trkpt lat="46.06628030212596" lon="8.862440288998187"><ele>1557.25</ele></trkpt><trkpt lat="46.066310301888734" lon="8.862390289083123"><ele>1556.7999877929688</ele></trkpt><trkpt lat="46.06637030187994" lon="8.862340288702399"><ele>1556.1999816894531</ele></trkpt><trkpt lat="46.06643030140549" lon="8.862270288635045"><ele>1555.7999877929688</ele></trkpt><trkpt lat="46.06647030171007" lon="8.862230288796127"><ele>1555.2999877929688</ele></trkpt><trkpt lat="46.06658030115068" lon="8.862130288500339"><ele>1554.2999877929688</ele></trkpt><trkpt lat="46.066610301379114" lon="8.862080288585275"><ele>1553.989990234375</ele></trkpt><trkpt lat="46.06664030114189" lon="8.86203028820455"><ele>1553.6999816894531</ele></trkpt><trkpt lat="46.066760301124305" lon="8.861850288230926"><ele>1552.8999938964844</ele></trkpt><trkpt lat="46.06679030088708" lon="8.861790288239717"><ele>1552.9399719238281</ele></trkpt><trkpt lat="46.06686030095443" lon="8.861660288181156"><ele>1552.5999755859375</ele></trkpt><trkpt lat="46.06692030094564" lon="8.861530288122594"><ele>1552.5</ele></trkpt><trkpt lat="46.06694030109793" lon="8.861480288207531"><ele>1552.3999938964844</ele></trkpt><trkpt lat="46.06698030093685" lon="8.861400288064033"><ele>1552.2899780273438</ele></trkpt><trkpt lat="46.067020300775766" lon="8.86131028784439"><ele>1551.6999816894531</ele></trkpt><trkpt lat="46.067040300928056" lon="8.861260287929326"><ele>1551.7999877929688</ele></trkpt><trkpt lat="46.06707030115649" lon="8.861180287785828"><ele>1551.9499816894531</ele></trkpt><trkpt lat="46.06707030115649" lon="8.861170288175344"><ele>1552.0</ele></trkpt><trkpt lat="46.06711030099541" lon="8.861110287718475"><ele>1551.5</ele></trkpt><trkpt lat="46.06713030068204" lon="8.861050287727267"><ele>1551.239990234375</ele></trkpt><trkpt lat="46.06714030075818" lon="8.861020287964493"><ele>1551.2999877929688</ele></trkpt><trkpt lat="46.06715030083433" lon="8.861010287888348"><ele>1551.0499877929688</ele></trkpt><trkpt lat="46.06716030091047" lon="8.860990287736058"><ele>1550.7999877929688</ele></trkpt><trkpt lat="46.0671803005971" lon="8.86095028789714"><ele>1550.9099731445312</ele></trkpt><trkpt lat="46.06720030074939" lon="8.860860287677497"><ele>1550.8999938964844</ele></trkpt><trkpt lat="46.06722030043602" lon="8.860840287525207"><ele>1550.5</ele></trkpt><trkpt lat="46.067250300664455" lon="8.860790287610143"><ele>1550.5</ele></trkpt><trkpt lat="46.06732030073181" lon="8.860650287475437"><ele>1550.0399780273438</ele></trkpt><trkpt lat="46.067470300477" lon="8.860420287586749"><ele>1549.3199768066406</ele></trkpt><trkpt lat="46.06758030038327" lon="8.860270287375897"><ele>1549.0</ele></trkpt><trkpt lat="46.067720300517976" lon="8.860090287402272"><ele>1548.6999816894531</ele></trkpt><trkpt lat="46.067870300263166" lon="8.859860287513584"><ele>1548.6999816894531</ele></trkpt><trkpt lat="46.067930300254375" lon="8.85981028759852"><ele>1549.0999755859375</ele></trkpt><trkpt lat="46.067950300406665" lon="8.85979028744623"><ele>1549.3099975585938</ele></trkpt><trkpt lat="46.06802030047402" lon="8.859750287607312"><ele>1550.0</ele></trkpt><trkpt lat="46.06805030070245" lon="8.859740287531167"><ele>1550.4199829101562</ele></trkpt><trkpt lat="46.06809030100703" lon="8.859720287844539"><ele>1551.0</ele></trkpt><trkpt lat="46.068160301074386" lon="8.85966028785333"><ele>1551.3999938964844</ele></trkpt><trkpt lat="46.068200300913304" lon="8.859640288166702"><ele>1552.3299865722656</ele></trkpt><trkpt lat="46.068200300913304" lon="8.859640288166702"><ele>1552.3999938964844</ele></trkpt><trkpt lat="46.068240301217884" lon="8.859590288251638"><ele>1552.6499938964844</ele></trkpt><trkpt lat="46.06825030129403" lon="8.859580288175493"><ele>1552.75</ele></trkpt><trkpt lat="46.06830030120909" lon="8.859560288023204"><ele>1553.1999816894531</ele></trkpt><trkpt lat="46.06832030136138" lon="8.859540288336575"><ele>1553.3099975585938</ele></trkpt><trkpt lat="46.06834030104801" lon="8.859520288184285"><ele>1553.3999938964844</ele></trkpt><trkpt lat="46.068370301276445" lon="8.859500288031995"><ele>1553.6099853515625</ele></trkpt><trkpt lat="46.068430301267654" lon="8.859450288116932"><ele>1554.0999755859375</ele></trkpt><trkpt lat="46.06853030156344" lon="8.859340288676322"><ele>1555.0</ele></trkpt><trkpt lat="46.068660302087665" lon="8.859210289083421"><ele>1557.5999755859375</ele></trkpt><trkpt lat="46.06873030215502" lon="8.859110288787633"><ele>1558.1999816894531</ele></trkpt><trkpt lat="46.0687703024596" lon="8.859060289338231"><ele>1559.3399963378906</ele></trkpt><trkpt lat="46.06879030261189" lon="8.859030289109796"><ele>1560.0</ele></trkpt><trkpt lat="46.06884030252695" lon="8.859010289423168"><ele>1560.5099792480469</ele></trkpt><trkpt lat="46.06888030283153" lon="8.858980289660394"><ele>1561.0</ele></trkpt><trkpt lat="46.06896030297503" lon="8.858920289669186"><ele>1561.8999938964844</ele></trkpt><trkpt lat="46.0689903027378" lon="8.858910289593041"><ele>1562.2099914550781</ele></trkpt><trkpt lat="46.069080302957445" lon="8.858870289754122"><ele>1563.0999755859375</ele></trkpt><trkpt lat="46.06915030349046" lon="8.85880029015243"><ele>1565.0</ele></trkpt><trkpt lat="46.06928030401468" lon="8.858700290787965"><ele>1567.1999816894531</ele></trkpt><trkpt lat="46.06940030446276" lon="8.858660290949047"><ele>1569.0999755859375</ele></trkpt><trkpt lat="46.06948030460626" lon="8.858630291186273"><ele>1569.9599914550781</ele></trkpt><trkpt lat="46.06948030460626" lon="8.858620291110128"><ele>1570.0</ele></trkpt><trkpt lat="46.06949030421674" lon="8.858620291110128"><ele>1569.8799743652344</ele></trkpt><trkpt lat="46.069600304123014" lon="8.858570291195065"><ele>1569.1999816894531</ele></trkpt><trkpt lat="46.069600304123014" lon="8.858570290729403"><ele>1569.0799865722656</ele></trkpt><trkpt lat="46.06969030434266" lon="8.85856029111892"><ele>1569.3999938964844</ele></trkpt><trkpt lat="46.069790304638445" lon="8.858520291280001"><ele>1570.3999938964844</ele></trkpt><trkpt lat="46.069870304781944" lon="8.85843029152602"><ele>1571.6999816894531</ele></trkpt><trkpt lat="46.06991030508652" lon="8.858390291687101"><ele>1572.3999938964844</ele></trkpt><trkpt lat="46.07001030538231" lon="8.858340291772038"><ele>1574.0</ele></trkpt><trkpt lat="46.070120305754244" lon="8.85832029208541"><ele>1576.1999816894531</ele></trkpt><trkpt lat="46.07013030583039" lon="8.858310292009264"><ele>1576.1999816894531</ele></trkpt><trkpt lat="46.07021030597389" lon="8.858240292873234"><ele>1579.0999755859375</ele></trkpt><trkpt lat="46.07032030681148" lon="8.858190293423831"><ele>1581.8899841308594</ele></trkpt><trkpt lat="46.07033030688763" lon="8.858180293347687"><ele>1582.2999877929688</ele></trkpt><trkpt lat="46.070550308097154" lon="8.858040294609964"><ele>1588.6999816894531</ele></trkpt><trkpt lat="46.0706403083168" lon="8.857920294627547"><ele>1590.1999816894531</ele></trkpt><trkpt lat="46.07073030853644" lon="8.85784029494971"><ele>1591.3999938964844</ele></trkpt><trkpt lat="46.07077030884102" lon="8.857820295263082"><ele>1592.0899963378906</ele></trkpt><trkpt lat="46.07083030883223" lon="8.857780295424163"><ele>1593.0</ele></trkpt><trkpt lat="46.070970309432596" lon="8.857620295602828"><ele>1595.8999938964844</ele></trkpt><trkpt lat="46.07106030965224" lon="8.857550296001136"><ele>1597.1299743652344</ele></trkpt><trkpt lat="46.071070309728384" lon="8.857540295924991"><ele>1597.3999938964844</ele></trkpt><trkpt lat="46.071090309880674" lon="8.857550296001136"><ele>1597.4199829101562</ele></trkpt><trkpt lat="46.07110030949116" lon="8.857550296001136"><ele>1597.4199829101562</ele></trkpt><trkpt lat="46.07118031010032" lon="8.857540296390653"><ele>1600.5</ele></trkpt><trkpt lat="46.07124031055719" lon="8.857530296780169"><ele>1602.0599975585938</ele></trkpt><trkpt lat="46.07137031108141" lon="8.857480297330767"><ele>1605.7999877929688</ele></trkpt><trkpt lat="46.071420311462134" lon="8.857450297567993"><ele>1606.5</ele></trkpt><trkpt lat="46.07145031169057" lon="8.85742029780522"><ele>1607.1999816894531</ele></trkpt><trkpt lat="46.07152031175792" lon="8.857400298118591"><ele>1609.5999755859375</ele></trkpt><trkpt lat="46.07155031198636" lon="8.857380298431963"><ele>1610.5399780273438</ele></trkpt><trkpt lat="46.07159031229094" lon="8.85735029866919"><ele>1612.0</ele></trkpt><trkpt lat="46.07166031282395" lon="8.857320298906416"><ele>1614.0</ele></trkpt><trkpt lat="46.071730313356966" lon="8.857260299380869"><ele>1616.3999938964844</ele></trkpt><trkpt lat="46.071790313348174" lon="8.857270299922675"><ele>1618.0899963378906</ele></trkpt><trkpt lat="46.071810313500464" lon="8.857270299922675"><ele>1618.7599792480469</ele></trkpt><trkpt lat="46.071810313500464" lon="8.85728029999882"><ele>1618.8999938964844</ele></trkpt><trkpt lat="46.07188031403348" lon="8.85728029999882"><ele>1620.7699890136719</ele></trkpt><trkpt lat="46.07188031403348" lon="8.85728029999882"><ele>1620.7999877929688</ele></trkpt><trkpt lat="46.07192031433806" lon="8.857250300236046"><ele>1621.7999877929688</ele></trkpt><trkpt lat="46.07198031432927" lon="8.857230300549418"><ele>1623.1799926757812</ele></trkpt><trkpt lat="46.07199031440541" lon="8.857220300473273"><ele>1623.4499816894531</ele></trkpt><trkpt lat="46.072060314938426" lon="8.857200301252306"><ele>1625.5999755859375</ele></trkpt><trkpt lat="46.072100315243006" lon="8.857200301252306"><ele>1626.8999938964844</ele></trkpt><trkpt lat="46.072160315699875" lon="8.857190301641822"><ele>1629.0</ele></trkpt><trkpt lat="46.072260316461325" lon="8.85716030234471"><ele>1632.0999755859375</ele></trkpt><trkpt lat="46.07233031652868" lon="8.857120302505791"><ele>1633.8999938964844</ele></trkpt><trkpt lat="46.07239031698555" lon="8.857120302971452"><ele>1635.8999938964844</ele></trkpt><trkpt lat="46.07241031713784" lon="8.857120302971452"><ele>1636.8699951171875</ele></trkpt><trkpt lat="46.072570318356156" lon="8.857090304140002"><ele>1643.7999877929688</ele></trkpt><trkpt lat="46.07266031904146" lon="8.857110304757953"><ele>1645.8899841308594</ele></trkpt><trkpt lat="46.072670319117606" lon="8.857120304834098"><ele>1646.0999755859375</ele></trkpt><trkpt lat="46.072690318804234" lon="8.857110304757953"><ele>1646.47998046875</ele></trkpt><trkpt lat="46.07272031903267" lon="8.857090305071324"><ele>1646.8999938964844</ele></trkpt><trkpt lat="46.07274031918496" lon="8.857090305071324"><ele>1647.4299926757812</ele></trkpt><trkpt lat="46.07276031933725" lon="8.857090305071324"><ele>1647.6999816894531</ele></trkpt><trkpt lat="46.07284031994641" lon="8.857030305545777"><ele>1650.8999938964844</ele></trkpt><trkpt lat="46.07288032025099" lon="8.857000305783004"><ele>1652.2999877929688</ele></trkpt><trkpt lat="46.07292032008991" lon="8.856980306096375"><ele>1653.2999877929688</ele></trkpt><trkpt lat="46.07295032031834" lon="8.856950306333601"><ele>1654.0499877929688</ele></trkpt><trkpt lat="46.072980320546776" lon="8.856920306105167"><ele>1654.9399719238281</ele></trkpt><trkpt lat="46.07299032062292" lon="8.856920306570828"><ele>1655.1699829101562</ele></trkpt><trkpt lat="46.07305032107979" lon="8.856890306808054"><ele>1657.2999877929688</ele></trkpt><trkpt lat="46.073060321155936" lon="8.856870306655765"><ele>1657.8999938964844</ele></trkpt><trkpt lat="46.07307032123208" lon="8.856860307045281"><ele>1659.5999755859375</ele></trkpt><trkpt lat="46.073100321460515" lon="8.856850307434797"><ele>1659.9599914550781</ele></trkpt><trkpt lat="46.07311032153666" lon="8.856840307358652"><ele>1660.2999877929688</ele></trkpt><trkpt lat="46.07313032168895" lon="8.856840307358652"><ele>1660.72998046875</ele></trkpt><trkpt lat="46.07315032184124" lon="8.856840307358652"><ele>1661.1999816894531</ele></trkpt><trkpt lat="46.07335032289848" lon="8.856760308612138"><ele>1667.2999877929688</ele></trkpt><trkpt lat="46.07345032365993" lon="8.856700309086591"><ele>1671.0</ele></trkpt><trkpt lat="46.07350032404065" lon="8.856620309408754"><ele>1673.0</ele></trkpt><trkpt lat="46.073530324269086" lon="8.856600309722126"><ele>1674.0799865722656</ele></trkpt><trkpt lat="46.073550324421376" lon="8.856570309959352"><ele>1675.2999877929688</ele></trkpt><trkpt lat="46.07370032509789" lon="8.856480310671031"><ele>1679.8999938964844</ele></trkpt><trkpt lat="46.07376032555476" lon="8.856420311145484"><ele>1681.7999877929688</ele></trkpt><trkpt lat="46.07384032616392" lon="8.856400311458856"><ele>1683.8999938964844</ele></trkpt><trkpt lat="46.073920326307416" lon="8.856390311848372"><ele>1685.6999816894531</ele></trkpt><trkpt lat="46.07401032652706" lon="8.856380312237889"><ele>1686.75</ele></trkpt><trkpt lat="46.07401032652706" lon="8.856370312161744"><ele>1687.0499877929688</ele></trkpt><trkpt lat="46.074060326907784" lon="8.856350312475115"><ele>1688.8999938964844</ele></trkpt><trkpt lat="46.07414032751694" lon="8.856340312864631"><ele>1692.0999755859375</ele></trkpt><trkpt lat="46.0742203281261" lon="8.856360313482583"><ele>1694.0999755859375</ele></trkpt><trkpt lat="46.0743003282696" lon="8.856360313482583"><ele>1696.0499877929688</ele></trkpt><trkpt lat="46.074430329259485" lon="8.856360314413905"><ele>1699.8699951171875</ele></trkpt><trkpt lat="46.07451032940298" lon="8.856360314879566"><ele>1702.3999938964844</ele></trkpt><trkpt lat="46.07456032978371" lon="8.856380315031856"><ele>1703.3799743652344</ele></trkpt><trkpt lat="46.074620329774916" lon="8.856390315108001"><ele>1704.5</ele></trkpt><trkpt lat="46.07473033061251" lon="8.856420315802097"><ele>1708.0399780273438</ele></trkpt><trkpt lat="46.0747503307648" lon="8.856420315802097"><ele>1708.5999755859375</ele></trkpt><trkpt lat="46.07487033121288" lon="8.856420316267759"><ele>1711.1999816894531</ele></trkpt><trkpt lat="46.0749203315936" lon="8.85644031688571"><ele>1712.7599792480469</ele></trkpt><trkpt lat="46.07497033197433" lon="8.856450316961855"><ele>1714.3999938964844</ele></trkpt><trkpt lat="46.07502033235505" lon="8.856450317427516"><ele>1716.0899963378906</ele></trkpt><trkpt lat="46.07502033235505" lon="8.856450317427516"><ele>1716.1299743652344</ele></trkpt><trkpt lat="46.075090332422405" lon="8.856460317503661"><ele>1717.0999755859375</ele></trkpt><trkpt lat="46.075170332565904" lon="8.856470317579806"><ele>1718.1999816894531</ele></trkpt><trkpt lat="46.07529033301398" lon="8.856460318434983"><ele>1721.3999938964844</ele></trkpt><trkpt lat="46.07531033316627" lon="8.856470318511128"><ele>1722.1999816894531</ele></trkpt><trkpt lat="46.07533033331856" lon="8.856470318511128"><ele>1722.3799743652344</ele></trkpt><trkpt lat="46.075340333394706" lon="8.856470318511128"><ele>1722.5</ele></trkpt><trkpt lat="46.07537033362314" lon="8.856460318434983"><ele>1723.3999938964844</ele></trkpt><trkpt lat="46.07545033376664" lon="8.856480319052935"><ele>1725.3999938964844</ele></trkpt><trkpt lat="46.07549033407122" lon="8.856480319052935"><ele>1726.0</ele></trkpt><trkpt lat="46.075500334147364" lon="8.856480319052935"><ele>1726.3299865722656</ele></trkpt><trkpt lat="46.075520334299654" lon="8.85649031912908"><ele>1726.8999938964844</ele></trkpt><trkpt lat="46.075520334299654" lon="8.85649031912908"><ele>1726.8499755859375</ele></trkpt><trkpt lat="46.07558033429086" lon="8.856480319518596"><ele>1728.0399780273438</ele></trkpt><trkpt lat="46.0756103345193" lon="8.856470319442451"><ele>1728.8999938964844</ele></trkpt><trkpt lat="46.07564033474773" lon="8.856460319831967"><ele>1729.4199829101562</ele></trkpt><trkpt lat="46.07568033505231" lon="8.856460319831967"><ele>1730.0</ele></trkpt><trkpt lat="46.075750335119665" lon="8.856460319831967"><ele>1731.0</ele></trkpt><trkpt lat="46.075770335271955" lon="8.856470320373774"><ele>1731.8299865722656</ele></trkpt><trkpt lat="46.07585033541545" lon="8.856490320526063"><ele>1733.719970703125</ele></trkpt><trkpt lat="46.0758603354916" lon="8.856490320526063"><ele>1733.97998046875</ele></trkpt><trkpt lat="46.07595033571124" lon="8.85650032106787"><ele>1735.6999816894531</ele></trkpt><trkpt lat="46.07599033601582" lon="8.856490320991725"><ele>1736.4399719238281</ele></trkpt><trkpt lat="46.076040336396545" lon="8.85648032091558"><ele>1737.1999816894531</ele></trkpt><trkpt lat="46.07605033600703" lon="8.85648032091558"><ele>1737.2599792480469</ele></trkpt><trkpt lat="46.076060336083174" lon="8.85648032091558"><ele>1737.2999877929688</ele></trkpt><trkpt lat="46.076080336235464" lon="8.856490321457386"><ele>1738.2999877929688</ele></trkpt><trkpt lat="46.07612033654004" lon="8.85652032122016"><ele>1738.5999755859375</ele></trkpt><trkpt lat="46.07613033661619" lon="8.85652032122016"><ele>1738.6999816894531</ele></trkpt><trkpt lat="46.07616033684462" lon="8.856530321296304"><ele>1739.2999877929688</ele></trkpt><trkpt lat="46.0761903366074" lon="8.856550321448594"><ele>1739.3399963378906</ele></trkpt><trkpt lat="46.07622033683583" lon="8.85658032167703"><ele>1739.3999938964844</ele></trkpt><trkpt lat="46.07626033667475" lon="8.856590321753174"><ele>1739.7099914550781</ele></trkpt><trkpt lat="46.07632033666596" lon="8.856620321515948"><ele>1740.1999816894531</ele></trkpt><trkpt lat="46.07643033703789" lon="8.856700322125107"><ele>1741.5999755859375</ele></trkpt><trkpt lat="46.07651033718139" lon="8.856720322277397"><ele>1742.2999877929688</ele></trkpt><trkpt lat="46.07653033733368" lon="8.856740321964025"><ele>1742.5399780273438</ele></trkpt><trkpt lat="46.07663033762947" lon="8.85681032249704"><ele>1744.0</ele></trkpt><trkpt lat="46.076900337822735" lon="8.8570203226991"><ele>1746.3999938964844</ele></trkpt><trkpt lat="46.07695033820346" lon="8.857050322927535"><ele>1746.9399719238281</ele></trkpt><trkpt lat="46.07703033834696" lon="8.857110322918743"><ele>1747.7999877929688</ele></trkpt><trkpt lat="46.07718033855781" lon="8.85725032351911"><ele>1750.0199890136719</ele></trkpt><trkpt lat="46.07722033886239" lon="8.85729032382369"><ele>1751.0399780273438</ele></trkpt><trkpt lat="46.07730033947155" lon="8.85735032428056"><ele>1753.5</ele></trkpt><trkpt lat="46.07738033961505" lon="8.857390324119478"><ele>1754.6999816894531</ele></trkpt><trkpt lat="46.07742033991963" lon="8.857450324576348"><ele>1755.3999938964844</ele></trkpt><trkpt lat="46.077500340063125" lon="8.857510324567556"><ele>1756.219970703125</ele></trkpt><trkpt lat="46.07752033974975" lon="8.857530324719846"><ele>1756.3999938964844</ele></trkpt><trkpt lat="46.07754033990204" lon="8.857530324719846"><ele>1756.6399841308594</ele></trkpt><trkpt lat="46.07756034005433" lon="8.857530324719846"><ele>1756.7999877929688</ele></trkpt><trkpt lat="46.07759033981711" lon="8.857550324872136"><ele>1757.0299987792969</ele></trkpt><trkpt lat="46.0776103399694" lon="8.85758032463491"><ele>1757.239990234375</ele></trkpt><trkpt lat="46.07764034019783" lon="8.857610324863344"><ele>1757.5</ele></trkpt><trkpt lat="46.07778034033254" lon="8.857680324930698"><ele>1759.2999877929688</ele></trkpt><trkpt lat="46.07781034056097" lon="8.857710325159132"><ele>1759.75</ele></trkpt><trkpt lat="46.07783034071326" lon="8.857730325311422"><ele>1760.1999816894531</ele></trkpt><trkpt lat="46.0778603409417" lon="8.857740325387567"><ele>1760.969970703125</ele></trkpt><trkpt lat="46.07787034101784" lon="8.857740325387567"><ele>1761.1999816894531</ele></trkpt><trkpt lat="46.07789034117013" lon="8.857770325616002"><ele>1762.0399780273438</ele></trkpt><trkpt lat="46.07794034155086" lon="8.857820325996727"><ele>1763.8999938964844</ele></trkpt><trkpt lat="46.07799034146592" lon="8.857880326453596"><ele>1765.3999938964844</ele></trkpt><trkpt lat="46.07805034192279" lon="8.857920326758176"><ele>1767.6899719238281</ele></trkpt><trkpt lat="46.078080342151225" lon="8.857940326910466"><ele>1768.0999755859375</ele></trkpt><trkpt lat="46.078100342303514" lon="8.85799032682553"><ele>1768.5</ele></trkpt><trkpt lat="46.07811034237966" lon="8.858020327053964"><ele>1768.7999877929688</ele></trkpt><trkpt lat="46.078120342455804" lon="8.858050326816738"><ele>1769.0</ele></trkpt><trkpt lat="46.07817034237087" lon="8.858090327121317"><ele>1770.0</ele></trkpt><trkpt lat="46.0782003425993" lon="8.858100327197462"><ele>1770.9499816894531</ele></trkpt><trkpt lat="46.07821034267545" lon="8.858110327273607"><ele>1771.5</ele></trkpt><trkpt lat="46.07825034298003" lon="8.858150327578187"><ele>1771.7999877929688</ele></trkpt><trkpt lat="46.0783603428863" lon="8.858230327721685"><ele>1772.5</ele></trkpt><trkpt lat="46.078370342962444" lon="8.858240327332169"><ele>1772.5099792480469</ele></trkpt><trkpt lat="46.07838034303859" lon="8.858250327408314"><ele>1772.5</ele></trkpt><trkpt lat="46.07840034319088" lon="8.858260327484459"><ele>1772.5999755859375</ele></trkpt><trkpt lat="46.07843034295365" lon="8.858290327712893"><ele>1772.3799743652344</ele></trkpt><trkpt lat="46.07845034310594" lon="8.858300327323377"><ele>1772.1999816894531</ele></trkpt><trkpt lat="46.07851034309715" lon="8.858320327475667"><ele>1772.1799926757812</ele></trkpt><trkpt lat="46.078560343012214" lon="8.858340327627957"><ele>1771.8999938964844</ele></trkpt><trkpt lat="46.07862034300342" lon="8.858380327466875"><ele>1771.7099914550781</ele></trkpt><trkpt lat="46.078690342605114" lon="8.858420327305794"><ele>1771.6499938964844</ele></trkpt><trkpt lat="46.07870034268126" lon="8.858420327305794"><ele>1771.5999755859375</ele></trkpt><trkpt lat="46.078750343061984" lon="8.858480327297002"><ele>1771.7999877929688</ele></trkpt><trkpt lat="46.0787903429009" lon="8.858520327601582"><ele>1771.6999816894531</ele></trkpt><trkpt lat="46.078820342663676" lon="8.8585603274405"><ele>1771.3999938964844</ele></trkpt><trkpt lat="46.078880342654884" lon="8.858620327431709"><ele>1771.0</ele></trkpt><trkpt lat="46.07896034279838" lon="8.858670327346772"><ele>1771.0099792480469</ele></trkpt><trkpt lat="46.07896034279838" lon="8.858680327422917"><ele>1771.0099792480469</ele></trkpt><trkpt lat="46.07897034287453" lon="8.858690327499062"><ele>1770.989990234375</ele></trkpt><trkpt lat="46.07902034278959" lon="8.858740327414125"><ele>1770.6999816894531</ele></trkpt><trkpt lat="46.07908034231514" lon="8.858770327176899"><ele>1770.0</ele></trkpt><trkpt lat="46.07912034261972" lon="8.858810327015817"><ele>1769.5</ele></trkpt><trkpt lat="46.07915034238249" lon="8.85884032677859"><ele>1769.2999877929688</ele></trkpt><trkpt lat="46.079200342297554" lon="8.858920326922089"><ele>1769.0</ele></trkpt><trkpt lat="46.07924034213647" lon="8.858930326998234"><ele>1768.8999938964844</ele></trkpt><trkpt lat="46.07924034213647" lon="8.858930326998234"><ele>1768.8999938964844</ele></trkpt><trkpt lat="46.07926034228876" lon="8.858930326998234"><ele>1768.8999938964844</ele></trkpt><trkpt lat="46.07930034259334" lon="8.858960327226669"><ele>1769.2999877929688</ele></trkpt><trkpt lat="46.07938034273684" lon="8.859000327065587"><ele>1770.1999816894531</ele></trkpt><trkpt lat="46.07944034272805" lon="8.859050327446312"><ele>1770.8999938964844</ele></trkpt><trkpt lat="46.07949034264311" lon="8.859060327522457"><ele>1771.2999877929688</ele></trkpt><trkpt lat="46.07957034278661" lon="8.859150327276438"><ele>1771.5599975585938</ele></trkpt><trkpt lat="46.079580342862755" lon="8.859160327352583"><ele>1771.5999755859375</ele></trkpt><trkpt lat="46.07961034262553" lon="8.859170327428728"><ele>1771.6999816894531</ele></trkpt><trkpt lat="46.0796703430824" lon="8.859190327581018"><ele>1772.6999816894531</ele></trkpt><trkpt lat="46.0796703430824" lon="8.859190327581018"><ele>1772.739990234375</ele></trkpt><trkpt lat="46.07971034338698" lon="8.859210327733308"><ele>1773.5999755859375</ele></trkpt><trkpt lat="46.07972034346312" lon="8.859230327885598"><ele>1774.1299743652344</ele></trkpt><trkpt lat="46.07974034314975" lon="8.859240327961743"><ele>1774.5</ele></trkpt><trkpt lat="46.07977034384385" lon="8.859290328342468"><ele>1775.7099914550781</ele></trkpt><trkpt lat="46.07981034414843" lon="8.85936032840982"><ele>1777.6999816894531</ele></trkpt><trkpt lat="46.079850343987346" lon="8.8594003287144"><ele>1778.5999755859375</ele></trkpt><trkpt lat="46.079910344444215" lon="8.85942032886669"><ele>1779.7799987792969</ele></trkpt><trkpt lat="46.07994034467265" lon="8.859450329095125"><ele>1780.5999755859375</ele></trkpt><trkpt lat="46.079950344748795" lon="8.85946032917127"><ele>1780.8299865722656</ele></trkpt><trkpt lat="46.08000034512952" lon="8.859530329238623"><ele>1782.5</ele></trkpt><trkpt lat="46.08009034534916" lon="8.859600329771638"><ele>1785.5999755859375</ele></trkpt><trkpt lat="46.08010034542531" lon="8.859610329847783"><ele>1785.7799987792969</ele></trkpt><trkpt lat="46.08023034594953" lon="8.859830330591649"><ele>1788.2999877929688</ele></trkpt><trkpt lat="46.08033034671098" lon="8.859910331200808"><ele>1791.2999877929688</ele></trkpt><trkpt lat="46.080340346787125" lon="8.859910331200808"><ele>1791.6499938964844</ele></trkpt><trkpt lat="46.080360346939415" lon="8.859900331124663"><ele>1792.0</ele></trkpt><trkpt lat="46.08038034662604" lon="8.859910331200808"><ele>1792.6799926757812</ele></trkpt><trkpt lat="46.08040034677833" lon="8.859920331276953"><ele>1792.8999938964844</ele></trkpt><trkpt lat="46.08043034700677" lon="8.859940331429243"><ele>1794.0</ele></trkpt><trkpt lat="46.08048034738749" lon="8.860000331886113"><ele>1795.1999816894531</ele></trkpt><trkpt lat="46.08054034784436" lon="8.860060331877321"><ele>1797.2999877929688</ele></trkpt><trkpt lat="46.080590347759426" lon="8.860110332258046"><ele>1798.489990234375</ele></trkpt><trkpt lat="46.08062034798786" lon="8.86014033248648"><ele>1799.0399780273438</ele></trkpt><trkpt lat="46.08072034828365" lon="8.860230332706124"><ele>1800.6499938964844</ele></trkpt><trkpt lat="46.08075034851208" lon="8.860260332934558"><ele>1801.2699890136719</ele></trkpt><trkpt lat="46.08080034889281" lon="8.860300333239138"><ele>1802.2999877929688</ele></trkpt><trkpt lat="46.080860348884016" lon="8.860370333306491"><ele>1804.0</ele></trkpt><trkpt lat="46.08093034941703" lon="8.860460333991796"><ele>1806.7699890136719</ele></trkpt><trkpt lat="46.08095034956932" lon="8.86049033422023"><ele>1808.0</ele></trkpt><trkpt lat="46.080980349797755" lon="8.860500334296376"><ele>1808.7999877929688</ele></trkpt><trkpt lat="46.08101035002619" lon="8.860500334296376"><ele>1809.6199951171875</ele></trkpt><trkpt lat="46.08103035017848" lon="8.860500334296376"><ele>1810.5999755859375</ele></trkpt><trkpt lat="46.08103035017848" lon="8.860500334296376"><ele>1810.5599975585938</ele></trkpt><trkpt lat="46.081040350254625" lon="8.860520334448665"><ele>1811.1099853515625</ele></trkpt><trkpt lat="46.08107035048306" lon="8.860580334905535"><ele>1812.5399780273438</ele></trkpt><trkpt lat="46.08107035048306" lon="8.860580334905535"><ele>1812.3999938964844</ele></trkpt><trkpt lat="46.081100350711495" lon="8.860570335295051"><ele>1814.0</ele></trkpt><trkpt lat="46.081120350863785" lon="8.860590335447341"><ele>1814.5999755859375</ele></trkpt><trkpt lat="46.081140351481736" lon="8.860590335447341"><ele>1816.0999755859375</ele></trkpt><trkpt lat="46.081160351634026" lon="8.86065033590421"><ele>1817.6999816894531</ele></trkpt><trkpt lat="46.08117035171017" lon="8.8606703360565"><ele>1818.3199768066406</ele></trkpt><trkpt lat="46.081180351786315" lon="8.86069033620879"><ele>1819.0</ele></trkpt><trkpt lat="46.08121035201475" lon="8.860670336522162"><ele>1821.0999755859375</ele></trkpt><trkpt lat="46.081220352090895" lon="8.860680336598307"><ele>1821.0399780273438</ele></trkpt><trkpt lat="46.081240352708846" lon="8.86073033651337"><ele>1822.6999816894531</ele></trkpt><trkpt lat="46.081280353013426" lon="8.860730336979032"><ele>1824.7999877929688</ele></trkpt><trkpt lat="46.081300353165716" lon="8.860750337131321"><ele>1825.7599792480469</ele></trkpt><trkpt lat="46.08133035339415" lon="8.860790337435901"><ele>1827.1399841308594</ele></trkpt><trkpt lat="46.081340353470296" lon="8.860810337588191"><ele>1827.5</ele></trkpt><trkpt lat="46.08137035369873" lon="8.860780337825418"><ele>1829.1999816894531</ele></trkpt><trkpt lat="46.081420354079455" lon="8.860760338138789"><ele>1830.719970703125</ele></trkpt><trkpt lat="46.081440354231745" lon="8.860760338138789"><ele>1831.1999816894531</ele></trkpt><trkpt lat="46.08150035422295" lon="8.86076033860445"><ele>1832.6999816894531</ele></trkpt><trkpt lat="46.08161035506055" lon="8.860810339450836"><ele>1836.6999816894531</ele></trkpt><trkpt lat="46.081620355602354" lon="8.860850339289755"><ele>1837.7999877929688</ele></trkpt><trkpt lat="46.08165035583079" lon="8.860870339442044"><ele>1839.1999816894531</ele></trkpt><trkpt lat="46.08166035590693" lon="8.860910339746624"><ele>1839.8999938964844</ele></trkpt><trkpt lat="46.08167035598308" lon="8.86092033982277"><ele>1841.0</ele></trkpt><trkpt lat="46.08168035605922" lon="8.860930339898914"><ele>1841.1999816894531</ele></trkpt><trkpt lat="46.08170035621151" lon="8.860930340364575"><ele>1841.75</ele></trkpt><trkpt lat="46.08171035628766" lon="8.860930340364575"><ele>1842.0</ele></trkpt><trkpt lat="46.08178035682067" lon="8.861040340736508"><ele>1844.8999938964844</ele></trkpt><trkpt lat="46.08188035711646" lon="8.86121034109965"><ele>1846.5</ele></trkpt><trkpt lat="46.081910356879234" lon="8.861250340938568"><ele>1846.5</ele></trkpt><trkpt lat="46.08192035695538" lon="8.861290341243148"><ele>1846.6299743652344</ele></trkpt><trkpt lat="46.081930357031524" lon="8.861310340929776"><ele>1846.6999816894531</ele></trkpt><trkpt lat="46.081930357031524" lon="8.861350341234356"><ele>1847.3999938964844</ele></trkpt><trkpt lat="46.08192035742104" lon="8.86140034114942"><ele>1848.0</ele></trkpt><trkpt lat="46.08192035742104" lon="8.86142034130171"><ele>1848.1199951171875</ele></trkpt><trkpt lat="46.08192035742104" lon="8.861460341140628"><ele>1848.3999938964844</ele></trkpt><trkpt lat="46.08194035757333" lon="8.861510341521353"><ele>1848.9099731445312</ele></trkpt><trkpt lat="46.08194035757333" lon="8.861530341673642"><ele>1849.0999755859375</ele></trkpt><trkpt lat="46.08196035772562" lon="8.861560341436416"><ele>1849.5799865722656</ele></trkpt><trkpt lat="46.081990357954055" lon="8.86161034181714"><ele>1850.3799743652344</ele></trkpt><trkpt lat="46.082010358106345" lon="8.861640342045575"><ele>1850.8999938964844</ele></trkpt><trkpt lat="46.08203035779297" lon="8.86165034212172"><ele>1851.489990234375</ele></trkpt><trkpt lat="46.08206035802141" lon="8.861670341808349"><ele>1852.0999755859375</ele></trkpt><trkpt lat="46.08213035855442" lon="8.861760342493653"><ele>1853.8899841308594</ele></trkpt><trkpt lat="46.08219035901129" lon="8.861840342637151"><ele>1855.6999816894531</ele></trkpt><trkpt lat="46.08223035885021" lon="8.861890343017876"><ele>1856.3199768066406</ele></trkpt><trkpt lat="46.08223035885021" lon="8.861890343017876"><ele>1856.3899841308594</ele></trkpt><trkpt lat="46.0822503590025" lon="8.86194034293294"><ele>1857.0</ele></trkpt><trkpt lat="46.08227035915479" lon="8.861970343161374"><ele>1857.4499816894531</ele></trkpt><trkpt lat="46.082300359383225" lon="8.862010343000293"><ele>1858.0999755859375</ele></trkpt><trkpt lat="46.082340359687805" lon="8.862090343143791"><ele>1859.0999755859375</ele></trkpt><trkpt lat="46.082340359687805" lon="8.862120343372226"><ele>1859.489990234375</ele></trkpt><trkpt lat="46.082340359687805" lon="8.86215034360066"><ele>1859.7999877929688</ele></trkpt><trkpt lat="46.082360359840095" lon="8.862180343829095"><ele>1860.8299865722656</ele></trkpt><trkpt lat="46.08237035991624" lon="8.862200343515724"><ele>1861.5</ele></trkpt><trkpt lat="46.08239036006853" lon="8.862240343820304"><ele>1861.739990234375</ele></trkpt><trkpt lat="46.082400360144675" lon="8.862300343811512"><ele>1862.0999755859375</ele></trkpt><trkpt lat="46.08241036022082" lon="8.862320343963802"><ele>1862.8999938964844</ele></trkpt><trkpt lat="46.082420360296965" lon="8.862370344344527"><ele>1863.8999938964844</ele></trkpt><trkpt lat="46.082460360601544" lon="8.86248034471646"><ele>1865.6299743652344</ele></trkpt><trkpt lat="46.08247036067769" lon="8.862540344707668"><ele>1866.4499816894531</ele></trkpt><trkpt lat="46.08247036067769" lon="8.862550344783813"><ele>1866.5099792480469</ele></trkpt><trkpt lat="46.082480360753834" lon="8.862570344936103"><ele>1866.7999877929688</ele></trkpt><trkpt lat="46.082500360906124" lon="8.862600344698876"><ele>1867.3099975585938</ele></trkpt><trkpt lat="46.08251036098227" lon="8.862620344851166"><ele>1867.5999755859375</ele></trkpt><trkpt lat="46.082540361210704" lon="8.862620344851166"><ele>1868.7099914550781</ele></trkpt><trkpt lat="46.082540361210704" lon="8.862620344851166"><ele>1868.5999755859375</ele></trkpt><trkpt lat="46.08255036128685" lon="8.862640345003456"><ele>1869.3099975585938</ele></trkpt><trkpt lat="46.082560361362994" lon="8.862660345155746"><ele>1869.8999938964844</ele></trkpt><trkpt lat="46.082580361515284" lon="8.86271034553647"><ele>1870.6999816894531</ele></trkpt><trkpt lat="46.08262036181986" lon="8.862750345375389"><ele>1871.6599731445312</ele></trkpt><trkpt lat="46.08266036212444" lon="8.862780345603824"><ele>1872.7999877929688</ele></trkpt><trkpt lat="46.08271036250517" lon="8.862830345984548"><ele>1874.5999755859375</ele></trkpt><trkpt lat="46.08271036250517" lon="8.862840346060693"><ele>1874.7599792480469</ele></trkpt><trkpt lat="46.08271036250517" lon="8.862870346289128"><ele>1875.2999877929688</ele></trkpt><trkpt lat="46.08277036296204" lon="8.862940346356481"><ele>1876.5</ele></trkpt><trkpt lat="46.082850363105536" lon="8.863030347041786"><ele>1878.4499816894531</ele></trkpt><trkpt lat="46.082870363257825" lon="8.86304034711793"><ele>1879.0999755859375</ele></trkpt><trkpt lat="46.08292036363855" lon="8.863210347481072"><ele>1881.1499938964844</ele></trkpt><trkpt lat="46.08294036379084" lon="8.863240347243845"><ele>1881.7999877929688</ele></trkpt><trkpt lat="46.08296036394313" lon="8.86327034747228"><ele>1882.5999755859375</ele></trkpt><trkpt lat="46.0830203644" lon="8.863320347853005"><ele>1884.3199768066406</ele></trkpt><trkpt lat="46.0830203644" lon="8.863320347853005"><ele>1884.5</ele></trkpt><trkpt lat="46.0830203644" lon="8.863320347853005"><ele>1884.5099792480469</ele></trkpt><trkpt lat="46.08304036455229" lon="8.86339034838602"><ele>1885.7699890136719</ele></trkpt><trkpt lat="46.08304036455229" lon="8.863410348072648"><ele>1886.0</ele></trkpt><trkpt lat="46.08304036455229" lon="8.863420348148793"><ele>1886.2799987792969</ele></trkpt><trkpt lat="46.083050364628434" lon="8.863420348148793"><ele>1886.3999938964844</ele></trkpt><trkpt lat="46.083070364780724" lon="8.863420348614454"><ele>1888.239990234375</ele></trkpt><trkpt lat="46.08308036485687" lon="8.8634303486906"><ele>1888.5299987792969</ele></trkpt><trkpt lat="46.08308036532253" lon="8.863490348681808"><ele>1889.6999816894531</ele></trkpt><trkpt lat="46.08308036532253" lon="8.863490349147469"><ele>1890.4199829101562</ele></trkpt><trkpt lat="46.083090365398675" lon="8.863490349147469"><ele>1890.8099975585938</ele></trkpt><trkpt lat="46.083130365703255" lon="8.863490349147469"><ele>1892.1199951171875</ele></trkpt><trkpt lat="46.0831403657794" lon="8.863490349147469"><ele>1892.3599853515625</ele></trkpt><trkpt lat="46.083150365855545" lon="8.863510349299759"><ele>1893.0</ele></trkpt><trkpt lat="46.083170366007835" lon="8.863530349452049"><ele>1893.2999877929688</ele></trkpt><trkpt lat="46.08320036577061" lon="8.863550349604338"><ele>1893.489990234375</ele></trkpt><trkpt lat="46.08321036584675" lon="8.863560349680483"><ele>1893.5</ele></trkpt><trkpt lat="46.08325036568567" lon="8.863600349519402"><ele>1893.0999755859375</ele></trkpt><trkpt lat="46.08326036576182" lon="8.863610349595547"><ele>1893.4199829101562</ele></trkpt><trkpt lat="46.08329036599025" lon="8.863640349823982"><ele>1893.8999938964844</ele></trkpt><trkpt lat="46.08333036629483" lon="8.863660349976271"><ele>1895.0</ele></trkpt><trkpt lat="46.083340366370976" lon="8.863690349739045"><ele>1895.5</ele></trkpt><trkpt lat="46.08335036644712" lon="8.86372034996748"><ele>1896.2699890136719</ele></trkpt><trkpt lat="46.08335036644712" lon="8.86376035027206"><ele>1897.0999755859375</ele></trkpt><trkpt lat="46.08337036706507" lon="8.86378035042435"><ele>1898.0</ele></trkpt><trkpt lat="46.08338036714122" lon="8.86378035042435"><ele>1898.8099975585938</ele></trkpt><trkpt lat="46.08340036729351" lon="8.86376035073772"><ele>1900.1599731445312</ele></trkpt><trkpt lat="46.08340036729351" lon="8.86376035073772"><ele>1900.2899780273438</ele></trkpt><trkpt lat="46.08341036736965" lon="8.86376035073772"><ele>1900.2999877929688</ele></trkpt><trkpt lat="46.08341036736965" lon="8.863770350813866"><ele>1900.9399719238281</ele></trkpt><trkpt lat="46.08343036752194" lon="8.863810351118445"><ele>1902.7999877929688</ele></trkpt><trkpt lat="46.08345036767423" lon="8.86382035119459"><ele>1903.5999755859375</ele></trkpt><trkpt lat="46.08345036813989" lon="8.863830351270735"><ele>1903.8799743652344</ele></trkpt><trkpt lat="46.08346036821604" lon="8.863850351423025"><ele>1904.3999938964844</ele></trkpt><trkpt lat="46.08344036852941" lon="8.863890351727605"><ele>1905.7999877929688</ele></trkpt><trkpt lat="46.08344036852941" lon="8.86394035210833"><ele>1906.7999877929688</ele></trkpt><trkpt lat="46.083450368605554" lon="8.863960351794958"><ele>1906.9499816894531</ele></trkpt><trkpt lat="46.0834603686817" lon="8.863990352023393"><ele>1907.2999877929688</ele></trkpt><trkpt lat="46.0834603686817" lon="8.864010352175683"><ele>1907.4399719238281</ele></trkpt><trkpt lat="46.083470368757844" lon="8.864030352327973"><ele>1907.5999755859375</ele></trkpt><trkpt lat="46.083450368605554" lon="8.864070352166891"><ele>1907.0399780273438</ele></trkpt><trkpt lat="46.083450368605554" lon="8.864080351777375"><ele>1906.7999877929688</ele></trkpt><trkpt lat="46.08348036836833" lon="8.864130351692438"><ele>1906.2999877929688</ele></trkpt><trkpt lat="46.08349036844447" lon="8.864140351768583"><ele>1906.5299987792969</ele></trkpt><trkpt lat="46.08350036852062" lon="8.864150351844728"><ele>1906.5999755859375</ele></trkpt><trkpt lat="46.08350036852062" lon="8.864160351920873"><ele>1906.6299743652344</ele></trkpt><trkpt lat="46.08350036852062" lon="8.86424035159871"><ele>1905.7999877929688</ele></trkpt><trkpt lat="46.083520368207246" lon="8.864300351589918"><ele>1905.7999877929688</ele></trkpt><trkpt lat="46.083560368511826" lon="8.864410351961851"><ele>1905.8999938964844</ele></trkpt><trkpt lat="46.083560368511826" lon="8.864410351961851"><ele>1905.8699951171875</ele></trkpt><trkpt lat="46.083580368198454" lon="8.864400351885706"><ele>1905.3099975585938</ele></trkpt><trkpt lat="46.08360036788508" lon="8.864400351420045"><ele>1904.6999816894531</ele></trkpt><trkpt lat="46.08362036803737" lon="8.864400351420045"><ele>1904.1999816894531</ele></trkpt><trkpt lat="46.083690367639065" lon="8.864420351572335"><ele>1903.2999877929688</ele></trkpt><trkpt lat="46.08377036778256" lon="8.864450351335108"><ele>1901.7999877929688</ele></trkpt><trkpt lat="46.083820367231965" lon="8.864470351021737"><ele>1900.0999755859375</ele></trkpt><trkpt lat="46.08385036699474" lon="8.864490350708365"><ele>1899.2999877929688</ele></trkpt><trkpt lat="46.0839003669098" lon="8.864530350547284"><ele>1899.1499938964844</ele></trkpt><trkpt lat="46.08392036706209" lon="8.864540350623429"><ele>1898.3099975585938</ele></trkpt><trkpt lat="46.08396036643535" lon="8.864550350233912"><ele>1896.1999816894531</ele></trkpt><trkpt lat="46.08401036635041" lon="8.864550349768251"><ele>1894.469970703125</ele></trkpt><trkpt lat="46.08403036603704" lon="8.864530349615961"><ele>1893.5699768066406</ele></trkpt><trkpt lat="46.084040366113186" lon="8.864520349539816"><ele>1892.8999938964844</ele></trkpt><trkpt lat="46.084130365401506" lon="8.864500348921865"><ele>1890.0999755859375</ele></trkpt><trkpt lat="46.084170365240425" lon="8.86445034854114"><ele>1888.5</ele></trkpt><trkpt lat="46.084280364215374" lon="8.86445034807548"><ele>1884.3999938964844</ele></trkpt><trkpt lat="46.08431036397815" lon="8.864470347762108"><ele>1882.8999938964844</ele></trkpt><trkpt lat="46.08440036373213" lon="8.864470347296447"><ele>1880.3799743652344</ele></trkpt><trkpt lat="46.08442036341876" lon="8.864470347296447"><ele>1879.5999755859375</ele></trkpt><trkpt lat="46.084460363257676" lon="8.86448034690693"><ele>1879.0999755859375</ele></trkpt><trkpt lat="46.08449036302045" lon="8.864470346830785"><ele>1878.0</ele></trkpt><trkpt lat="46.08451036317274" lon="8.86448034690693"><ele>1877.3499755859375</ele></trkpt><trkpt lat="46.08457036269829" lon="8.864510346669704"><ele>1875.8999938964844</ele></trkpt><trkpt lat="46.08460036246106" lon="8.864510346204042"><ele>1875.2799987792969</ele></trkpt><trkpt lat="46.08466036245227" lon="8.864510346204042"><ele>1873.6799926757812</ele></trkpt><trkpt lat="46.08475036174059" lon="8.864520345814526"><ele>1871.4399719238281</ele></trkpt><trkpt lat="46.084780361969024" lon="8.864520345348865"><ele>1870.8999938964844</ele></trkpt><trkpt lat="46.084830361418426" lon="8.86449034512043"><ele>1869.1999816894531</ele></trkpt><trkpt lat="46.08493036078289" lon="8.864490344654769"><ele>1865.9199829101562</ele></trkpt><trkpt lat="46.084940360859036" lon="8.864490344654769"><ele>1865.2999877929688</ele></trkpt><trkpt lat="46.08497036062181" lon="8.864510344341397"><ele>1865.1999816894531</ele></trkpt><trkpt lat="46.08501036046073" lon="8.864510344341397"><ele>1864.1999816894531</ele></trkpt><trkpt lat="46.08508036052808" lon="8.86456034425646"><ele>1863.5</ele></trkpt><trkpt lat="46.085120360367" lon="8.86458034394309"><ele>1862.5</ele></trkpt><trkpt lat="46.085150360129774" lon="8.86460034409538"><ele>1861.7899780273438</ele></trkpt><trkpt lat="46.0851703598164" lon="8.864620343782008"><ele>1861.2999877929688</ele></trkpt><trkpt lat="46.08518035989255" lon="8.864630343858153"><ele>1861.0</ele></trkpt><trkpt lat="46.085240359418094" lon="8.864630343392491"><ele>1859.6299743652344</ele></trkpt><trkpt lat="46.08527035964653" lon="8.864630343392491"><ele>1859.0</ele></trkpt><trkpt lat="46.08528035925701" lon="8.864640343468636"><ele>1858.75</ele></trkpt><trkpt lat="46.08529035933316" lon="8.864660343155265"><ele>1858.3999938964844</ele></trkpt><trkpt lat="46.085330359172076" lon="8.86467034323141"><ele>1857.6999816894531</ele></trkpt><trkpt lat="46.085390359163284" lon="8.864740342833102"><ele>1855.8099975585938</ele></trkpt><trkpt lat="46.085390359163284" lon="8.864740342833102"><ele>1855.7999877929688</ele></trkpt><trkpt lat="46.08541035884991" lon="8.864790342748165"><ele>1854.5899963378906</ele></trkpt><trkpt lat="46.085460358299315" lon="8.864920342341065"><ele>1851.6999816894531</ele></trkpt><trkpt lat="46.0854703579098" lon="8.864920341875404"><ele>1851.1399841308594</ele></trkpt><trkpt lat="46.085550357587636" lon="8.864910341333598"><ele>1847.5</ele></trkpt><trkpt lat="46.085570357274264" lon="8.864920341409743"><ele>1846.6699829101562</ele></trkpt><trkpt lat="46.085640356875956" lon="8.86494034063071"><ele>1844.2899780273438</ele></trkpt><trkpt lat="46.08565035648644" lon="8.86494034063071"><ele>1843.8999938964844</ele></trkpt><trkpt lat="46.08567035663873" lon="8.864950340706855"><ele>1843.5299987792969</ele></trkpt><trkpt lat="46.08572035655379" lon="8.864990340545774"><ele>1842.5</ele></trkpt><trkpt lat="46.085770356003195" lon="8.865020340308547"><ele>1840.5299987792969</ele></trkpt><trkpt lat="46.085770356003195" lon="8.865020340308547"><ele>1840.3999938964844</ele></trkpt><trkpt lat="46.08580035576597" lon="8.865020339842886"><ele>1839.3399963378906</ele></trkpt><trkpt lat="46.08581035584211" lon="8.865020339842886"><ele>1839.0999755859375</ele></trkpt><trkpt lat="46.08585035568103" lon="8.865040339529514"><ele>1837.5999755859375</ele></trkpt><trkpt lat="46.08589035505429" lon="8.865050339139998"><ele>1836.2699890136719</ele></trkpt><trkpt lat="46.08591035520658" lon="8.865050339139998"><ele>1835.7999877929688</ele></trkpt><trkpt lat="46.08593035489321" lon="8.865050339139998"><ele>1834.97998046875</ele></trkpt><trkpt lat="46.085970354732126" lon="8.865040339063853"><ele>1833.7999877929688</ele></trkpt><trkpt lat="46.0860803546384" lon="8.865040338598192"><ele>1832.5099792480469</ele></trkpt><trkpt lat="46.08611035440117" lon="8.865040338598192"><ele>1832.3999938964844</ele></trkpt><trkpt lat="46.086220354773104" lon="8.865030338522047"><ele>1832.5</ele></trkpt><trkpt lat="46.086290354374796" lon="8.865020338445902"><ele>1832.1699829101562</ele></trkpt><trkpt lat="46.086310354527086" lon="8.865010338835418"><ele>1832.0999755859375</ele></trkpt><trkpt lat="46.08638035459444" lon="8.864980338606983"><ele>1831.6099853515625</ele></trkpt><trkpt lat="46.086440354119986" lon="8.864950338378549"><ele>1831.3999938964844</ele></trkpt><trkpt lat="46.08649035450071" lon="8.86491033853963"><ele>1831.5</ele></trkpt><trkpt lat="46.086540354415774" lon="8.864900338463485"><ele>1831.7999877929688</ele></trkpt><trkpt lat="46.08667035494" lon="8.86476033879444"><ele>1833.239990234375</ele></trkpt><trkpt lat="46.08668035455048" lon="8.864750338718295"><ele>1833.3299865722656</ele></trkpt><trkpt lat="46.08672035485506" lon="8.864680338650942"><ele>1833.1999816894531</ele></trkpt><trkpt lat="46.086770354770124" lon="8.864620338659734"><ele>1833.6999816894531</ele></trkpt><trkpt lat="46.086790354922414" lon="8.864600338973105"><ele>1834.0699768066406</ele></trkpt><trkpt lat="46.086810355074704" lon="8.864580338820815"><ele>1834.3999938964844</ele></trkpt><trkpt lat="46.086830355226994" lon="8.864580339286476"><ele>1834.8599853515625</ele></trkpt><trkpt lat="46.08686035498977" lon="8.864570339210331"><ele>1835.2999877929688</ele></trkpt><trkpt lat="46.08687035506591" lon="8.864550339058042"><ele>1835.4099731445312</ele></trkpt><trkpt lat="46.08688035514206" lon="8.864550339058042"><ele>1835.4399719238281</ele></trkpt><trkpt lat="46.08690035529435" lon="8.864550339058042"><ele>1835.6099853515625</ele></trkpt><trkpt lat="46.086920354980975" lon="8.864550339058042"><ele>1835.7999877929688</ele></trkpt><trkpt lat="46.0869703553617" lon="8.864540338981897"><ele>1835.5299987792969</ele></trkpt><trkpt lat="46.08699035504833" lon="8.864540338981897"><ele>1835.5</ele></trkpt><trkpt lat="46.08704035496339" lon="8.864510339219123"><ele>1835.0999755859375</ele></trkpt><trkpt lat="46.08705035503954" lon="8.864510339219123"><ele>1835.0199890136719</ele></trkpt><trkpt lat="46.087110355030745" lon="8.864510339219123"><ele>1834.5</ele></trkpt><trkpt lat="46.087150354869664" lon="8.864500339142978"><ele>1834.0</ele></trkpt><trkpt lat="46.08720035478473" lon="8.864460338838398"><ele>1832.5999755859375</ele></trkpt><trkpt lat="46.087240354623646" lon="8.864450338762254"><ele>1831.7999877929688</ele></trkpt><trkpt lat="46.087280354462564" lon="8.864480338525027"><ele>1830.7999877929688</ele></trkpt><trkpt lat="46.08729035407305" lon="8.864480338525027"><ele>1830.6399841308594</ele></trkpt><trkpt lat="46.087350354064256" lon="8.8645103382878"><ele>1829.6999816894531</ele></trkpt><trkpt lat="46.08738035382703" lon="8.864550338126719"><ele>1828.47998046875</ele></trkpt><trkpt lat="46.0874103535898" lon="8.864560337737203"><ele>1827.4199829101562</ele></trkpt><trkpt lat="46.08743035327643" lon="8.864570337813348"><ele>1826.5999755859375</ele></trkpt><trkpt lat="46.08752035303041" lon="8.864590337034315"><ele>1824.2099914550781</ele></trkpt><trkpt lat="46.08758035255596" lon="8.86460033711046"><ele>1822.5999755859375</ele></trkpt><trkpt lat="46.08762035239488" lon="8.864590336568654"><ele>1821.3999938964844</ele></trkpt><trkpt lat="46.08765035215765" lon="8.864600336644799"><ele>1820.739990234375</ele></trkpt><trkpt lat="46.08768035238609" lon="8.864620336331427"><ele>1819.8999938964844</ele></trkpt><trkpt lat="46.08778035175055" lon="8.86463033594191"><ele>1817.0</ele></trkpt><trkpt lat="46.0878403512761" lon="8.864640335552394"><ele>1814.8599853515625</ele></trkpt><trkpt lat="46.08786035096273" lon="8.864640335552394"><ele>1814.1999816894531</ele></trkpt><trkpt lat="46.087960350792855" lon="8.864630335010588"><ele>1811.0999755859375</ele></trkpt><trkpt lat="46.087960350792855" lon="8.864630335010588"><ele>1811.1499938964844</ele></trkpt><trkpt lat="46.08800035016611" lon="8.864650334697217"><ele>1810.1999816894531</ele></trkpt><trkpt lat="46.088160349056125" lon="8.864670333452523"><ele>1803.8999938964844</ele></trkpt><trkpt lat="46.08822034904733" lon="8.864680333528668"><ele>1803.0999755859375</ele></trkpt><trkpt lat="46.08835034817457" lon="8.864700332283974"><ele>1798.1999816894531</ele></trkpt><trkpt lat="46.08843034738675" lon="8.864700331818312"><ele>1794.7999877929688</ele></trkpt><trkpt lat="46.08845034753904" lon="8.864690331742167"><ele>1794.0899963378906</ele></trkpt><trkpt lat="46.088470347225666" lon="8.864680331666023"><ele>1793.1999816894531</ele></trkpt><trkpt lat="46.088510347064584" lon="8.864680331200361"><ele>1791.8999938964844</ele></trkpt><trkpt lat="46.08855034643784" lon="8.864650330971926"><ele>1790.2999877929688</ele></trkpt><trkpt lat="46.08858034666628" lon="8.864640330895782"><ele>1789.3999938964844</ele></trkpt><trkpt lat="46.088600346352905" lon="8.864640330895782"><ele>1788.7599792480469</ele></trkpt><trkpt lat="46.08866034587845" lon="8.86462033027783"><ele>1786.9599914550781</ele></trkpt><trkpt lat="46.088690345641226" lon="8.864610330201685"><ele>1786.0</ele></trkpt><trkpt lat="46.08876034570858" lon="8.86458032997325"><ele>1784.4099731445312</ele></trkpt><trkpt lat="46.08890034491196" lon="8.864520329516381"><ele>1780.8999938964844</ele></trkpt><trkpt lat="46.088930344674736" lon="8.864500329364091"><ele>1780.0299987792969</ele></trkpt><trkpt lat="46.088950344827026" lon="8.864480329211801"><ele>1779.3999938964844</ele></trkpt><trkpt lat="46.088990344665945" lon="8.86448032874614"><ele>1778.5999755859375</ele></trkpt><trkpt lat="46.08900034427643" lon="8.86448032874614"><ele>1778.3299865722656</ele></trkpt><trkpt lat="46.08904034411535" lon="8.864430328365415"><ele>1776.1999816894531</ele></trkpt><trkpt lat="46.089060343801975" lon="8.864450328517705"><ele>1775.3999938964844</ele></trkpt><trkpt lat="46.089080343488604" lon="8.864430328365415"><ele>1774.5999755859375</ele></trkpt><trkpt lat="46.08909034356475" lon="8.864430328365415"><ele>1774.6699829101562</ele></trkpt><trkpt lat="46.08911034371704" lon="8.86440032813698"><ele>1773.6999816894531</ele></trkpt><trkpt lat="46.08914034347981" lon="8.864410327747464"><ele>1772.989990234375</ele></trkpt><trkpt lat="46.08915034355596" lon="8.864410327747464"><ele>1772.6999816894531</ele></trkpt><trkpt lat="46.08915034355596" lon="8.864410327747464"><ele>1772.7599792480469</ele></trkpt><trkpt lat="46.089210343081504" lon="8.864350327756256"><ele>1771.0</ele></trkpt><trkpt lat="46.08926034299657" lon="8.864340327680111"><ele>1770.1999816894531</ele></trkpt><trkpt lat="46.089360342826694" lon="8.864300327375531"><ele>1768.7699890136719</ele></trkpt><trkpt lat="46.08938034251332" lon="8.864290327299386"><ele>1768.5999755859375</ele></trkpt><trkpt lat="46.08944034250453" lon="8.864290326833725"><ele>1767.6699829101562</ele></trkpt><trkpt lat="46.08951034210622" lon="8.864290326833725"><ele>1767.0999755859375</ele></trkpt><trkpt lat="46.089600342325866" lon="8.86428032675758"><ele>1766.5999755859375</ele></trkpt><trkpt lat="46.089640342164785" lon="8.86426032660529"><ele>1766.219970703125</ele></trkpt><trkpt lat="46.089660342317075" lon="8.864240326918662"><ele>1766.0</ele></trkpt><trkpt lat="46.08969034207985" lon="8.864240326918662"><ele>1765.9499816894531</ele></trkpt><trkpt lat="46.08973034191877" lon="8.864240326453"><ele>1765.9099731445312</ele></trkpt><trkpt lat="46.089790341909975" lon="8.864230326842517"><ele>1765.7999877929688</ele></trkpt><trkpt lat="46.08995034219697" lon="8.864240326918662"><ele>1766.2999877929688</ele></trkpt><trkpt lat="46.09004034195095" lon="8.864230326842517"><ele>1766.1999816894531</ele></trkpt><trkpt lat="46.09010034194216" lon="8.864200326614082"><ele>1766.0</ele></trkpt><trkpt lat="46.090170342009515" lon="8.864220326766372"><ele>1765.6999816894531</ele></trkpt><trkpt lat="46.09022034192458" lon="8.864210326690227"><ele>1765.1599731445312</ele></trkpt><trkpt lat="46.09024034207687" lon="8.864210326690227"><ele>1765.0</ele></trkpt><trkpt lat="46.09025034168735" lon="8.864190326537937"><ele>1764.75</ele></trkpt><trkpt lat="46.090280341915786" lon="8.864170326385647"><ele>1764.1999816894531</ele></trkpt><trkpt lat="46.09035034151748" lon="8.864160326309502"><ele>1763.2599792480469</ele></trkpt><trkpt lat="46.09036034159362" lon="8.864160326309502"><ele>1763.1499938964844</ele></trkpt><trkpt lat="46.09036034159362" lon="8.864160326309502"><ele>1763.1999816894531</ele></trkpt><trkpt lat="46.09042034158483" lon="8.864160326309502"><ele>1763.1999816894531</ele></trkpt><trkpt lat="46.09044034173712" lon="8.864170326385647"><ele>1763.3999938964844</ele></trkpt><trkpt lat="46.09046034188941" lon="8.864170326385647"><ele>1763.5999755859375</ele></trkpt><trkpt lat="46.09050034172833" lon="8.864210326690227"><ele>1764.6999816894531</ele></trkpt><trkpt lat="46.09054034203291" lon="8.864230326842517"><ele>1765.5</ele></trkpt><trkpt lat="46.09065034240484" lon="8.864240326918662"><ele>1767.5</ele></trkpt><trkpt lat="46.09075034270063" lon="8.864250327460468"><ele>1769.0999755859375</ele></trkpt><trkpt lat="46.09096034336835" lon="8.86421032808721"><ele>1773.5</ele></trkpt><trkpt lat="46.09098034352064" lon="8.864200328011066"><ele>1773.969970703125</ele></trkpt><trkpt lat="46.0910603441298" lon="8.864180328324437"><ele>1775.7999877929688</ele></trkpt><trkpt lat="46.0911403442733" lon="8.864170328713953"><ele>1777.5999755859375</ele></trkpt><trkpt lat="46.09129034494981" lon="8.86418032925576"><ele>1780.3999938964844</ele></trkpt><trkpt lat="46.0913103451021" lon="8.864190329331905"><ele>1780.6099853515625</ele></trkpt><trkpt lat="46.09141034493223" lon="8.864210329484195"><ele>1781.7999877929688</ele></trkpt><trkpt lat="46.09150034515187" lon="8.864250329788774"><ele>1783.0</ele></trkpt><trkpt lat="46.091550345532596" lon="8.864290330093354"><ele>1783.5299987792969</ele></trkpt><trkpt lat="46.09162034559995" lon="8.864330329932272"><ele>1784.0999755859375</ele></trkpt><trkpt lat="46.09166034543887" lon="8.864360330160707"><ele>1784.5399780273438</ele></trkpt><trkpt lat="46.09172034589574" lon="8.86441033007577"><ele>1785.1999816894531</ele></trkpt><trkpt lat="46.091840345878154" lon="8.86447033053264"><ele>1786.5999755859375</ele></trkpt><trkpt lat="46.09197034640238" lon="8.864540330599993"><ele>1788.1999816894531</ele></trkpt><trkpt lat="46.092030346393585" lon="8.864560330752283"><ele>1789.0</ele></trkpt><trkpt lat="46.092070346698165" lon="8.864570330828428"><ele>1789.239990234375</ele></trkpt><trkpt lat="46.09234034642577" lon="8.864610330667347"><ele>1788.2999877929688</ele></trkpt><trkpt lat="46.09242034610361" lon="8.86464033043012"><ele>1787.1999816894531</ele></trkpt><trkpt lat="46.09248034609482" lon="8.864680330269039"><ele>1786.0999755859375</ele></trkpt><trkpt lat="46.09253034554422" lon="8.864680330269039"><ele>1784.8999938964844</ele></trkpt><trkpt lat="46.092590345069766" lon="8.864710329566151"><ele>1782.1499938964844</ele></trkpt><trkpt lat="46.09262034483254" lon="8.864720329176635"><ele>1780.5</ele></trkpt><trkpt lat="46.09266034467146" lon="8.86475032940507"><ele>1779.6199951171875</ele></trkpt><trkpt lat="46.0926703447476" lon="8.864760329015553"><ele>1779.3099975585938</ele></trkpt><trkpt lat="46.09273034427315" lon="8.864850328769535"><ele>1777.1999816894531</ele></trkpt><trkpt lat="46.09276034403592" lon="8.864880328532308"><ele>1776.4199829101562</ele></trkpt><trkpt lat="46.09278034418821" lon="8.864910328295082"><ele>1775.7999877929688</ele></trkpt><trkpt lat="46.09288034401834" lon="8.86497032828629"><ele>1774.6999816894531</ele></trkpt><trkpt lat="46.09294034400955" lon="8.864980328362435"><ele>1774.3499755859375</ele></trkpt><trkpt lat="46.09297034377232" lon="8.86499032843858"><ele>1774.1999816894531</ele></trkpt><trkpt lat="46.093080343678594" lon="8.865030328277498"><ele>1773.4199829101562</ele></trkpt><trkpt lat="46.09312034351751" lon="8.865050327964127"><ele>1773.1999816894531</ele></trkpt><trkpt lat="46.093210343271494" lon="8.865110327955335"><ele>1772.7999877929688</ele></trkpt><trkpt lat="46.093230343423784" lon="8.86512032803148"><ele>1772.8099975585938</ele></trkpt><trkpt lat="46.09333034371957" lon="8.865210328251123"><ele>1773.1999816894531</ele></trkpt><trkpt lat="46.093380343634635" lon="8.865260328166187"><ele>1772.5999755859375</ele></trkpt><trkpt lat="46.093420343473554" lon="8.86529032792896"><ele>1772.0599975585938</ele></trkpt><trkpt lat="46.09360034344718" lon="8.865420327987522"><ele>1771.7699890136719</ele></trkpt><trkpt lat="46.09365034336224" lon="8.86546032782644"><ele>1771.2999877929688</ele></trkpt><trkpt lat="46.09373034304008" lon="8.865510327741504"><ele>1770.1999816894531</ele></trkpt><trkpt lat="46.09384034248069" lon="8.86557032680139"><ele>1767.0</ele></trkpt><trkpt lat="46.09388034231961" lon="8.86559032695368"><ele>1766.3299865722656</ele></trkpt><trkpt lat="46.0939003424719" lon="8.865610326640308"><ele>1766.0999755859375</ele></trkpt><trkpt lat="46.09400034183636" lon="8.865650326479226"><ele>1764.2999877929688</ele></trkpt><trkpt lat="46.094070341438055" lon="8.865680326242"><ele>1762.9599914550781</ele></trkpt><trkpt lat="46.09416034119204" lon="8.865710326004773"><ele>1761.3999938964844</ele></trkpt><trkpt lat="46.094220341183245" lon="8.865720326080918"><ele>1761.1099853515625</ele></trkpt><trkpt lat="46.09428034117445" lon="8.865730325691402"><ele>1760.7999877929688</ele></trkpt><trkpt lat="46.0943703413941" lon="8.865770325995982"><ele>1760.5599975585938</ele></trkpt><trkpt lat="46.094500340987" lon="8.865820325445384"><ele>1759.2999877929688</ele></trkpt><trkpt lat="46.094560340512544" lon="8.865850325208157"><ele>1757.6099853515625</ele></trkpt><trkpt lat="46.0946303405799" lon="8.865870324894786"><ele>1756.0999755859375</ele></trkpt><trkpt lat="46.094730340410024" lon="8.865910324733704"><ele>1755.0999755859375</ele></trkpt><trkpt lat="46.09487034007907" lon="8.865980324801058"><ele>1754.2999877929688</ele></trkpt><trkpt lat="46.09489034023136" lon="8.865980324801058"><ele>1754.2999877929688</ele></trkpt><trkpt lat="46.094970339909196" lon="8.866000324487686"><ele>1754.1999816894531</ele></trkpt><trkpt lat="46.09506033966318" lon="8.866080324631184"><ele>1752.8999938964844</ele></trkpt><trkpt lat="46.095180339645594" lon="8.866150324232876"><ele>1751.7899780273438</ele></trkpt><trkpt lat="46.0952403396368" lon="8.866190324071795"><ele>1751.0</ele></trkpt><trkpt lat="46.09530033916235" lon="8.866210323758423"><ele>1750.1399841308594</ele></trkpt><trkpt lat="46.0953703392297" lon="8.866230323910713"><ele>1749.1999816894531</ele></trkpt><trkpt lat="46.09546033851802" lon="8.866230323445052"><ele>1747.2599792480469</ele></trkpt><trkpt lat="46.09548033867031" lon="8.866230323445052"><ele>1747.0199890136719</ele></trkpt><trkpt lat="46.09552033850923" lon="8.866190323140472"><ele>1745.5999755859375</ele></trkpt><trkpt lat="46.09553033858538" lon="8.866200323216617"><ele>1745.3499755859375</ele></trkpt><trkpt lat="46.095590338110924" lon="8.866220322903246"><ele>1743.6999816894531</ele></trkpt><trkpt lat="46.09563033794984" lon="8.866290322504938"><ele>1742.8999938964844</ele></trkpt><trkpt lat="46.095660337712616" lon="8.866310322191566"><ele>1741.3999938964844</ele></trkpt><trkpt lat="46.09572033723816" lon="8.86634032195434"><ele>1739.8899841308594</ele></trkpt><trkpt lat="46.09573033731431" lon="8.86634032195434"><ele>1739.469970703125</ele></trkpt><trkpt lat="46.095790336839855" lon="8.866360321640968"><ele>1738.3999938964844</ele></trkpt><trkpt lat="46.09585033683106" lon="8.866420321632177"><ele>1736.7999877929688</ele></trkpt><trkpt lat="46.095900336746126" lon="8.86645032139495"><ele>1735.5999755859375</ele></trkpt><trkpt lat="46.09596033627167" lon="8.866490321233869"><ele>1734.5299987792969</ele></trkpt><trkpt lat="46.09603033633903" lon="8.866520320996642"><ele>1733.7999877929688</ele></trkpt><trkpt lat="46.09613033616915" lon="8.866600320674479"><ele>1732.8999938964844</ele></trkpt><trkpt lat="46.096220335923135" lon="8.866660320665687"><ele>1732.5999755859375</ele></trkpt><trkpt lat="46.096240336075425" lon="8.866690320894122"><ele>1732.47998046875</ele></trkpt><trkpt lat="46.096260335762054" lon="8.866700320970267"><ele>1732.3799743652344</ele></trkpt><trkpt lat="46.096280335914344" lon="8.866720320656896"><ele>1732.2999877929688</ele></trkpt><trkpt lat="46.09633033582941" lon="8.866780320648104"><ele>1731.3999938964844</ele></trkpt><trkpt lat="46.096390335820615" lon="8.866840320639312"><ele>1730.7999877929688</ele></trkpt><trkpt lat="46.09646033542231" lon="8.86686032032594"><ele>1730.5</ele></trkpt><trkpt lat="46.09651033533737" lon="8.866910320241004"><ele>1730.1999816894531</ele></trkpt><trkpt lat="46.09659033501521" lon="8.866960320156068"><ele>1727.8999938964844</ele></trkpt><trkpt lat="46.0966603346169" lon="8.866970319766551"><ele>1725.5999755859375</ele></trkpt><trkpt lat="46.09670033445582" lon="8.867000319529325"><ele>1724.7999877929688</ele></trkpt><trkpt lat="46.09671033453196" lon="8.867000319529325"><ele>1724.6399841308594</ele></trkpt><trkpt lat="46.09673033421859" lon="8.86699031945318"><ele>1724.2999877929688</ele></trkpt><trkpt lat="46.096760333981365" lon="8.867000319063663"><ele>1723.0999755859375</ele></trkpt><trkpt lat="46.09682033397257" lon="8.867000319063663"><ele>1722.6999816894531</ele></trkpt><trkpt lat="46.09682033397257" lon="8.867010319139808"><ele>1722.6599731445312</ele></trkpt><trkpt lat="46.09685033420101" lon="8.867020319215953"><ele>1722.5999755859375</ele></trkpt><trkpt lat="46.09692033426836" lon="8.867060319054872"><ele>1722.5</ele></trkpt><trkpt lat="46.09715033415705" lon="8.867210319265723"><ele>1722.7999877929688</ele></trkpt><trkpt lat="46.097160334233195" lon="8.867210319265723"><ele>1722.7799987792969</ele></trkpt><trkpt lat="46.09723033430055" lon="8.867260319180787"><ele>1724.0</ele></trkpt><trkpt lat="46.09727033460513" lon="8.867290319409221"><ele>1724.6299743652344</ele></trkpt><trkpt lat="46.09729033475742" lon="8.867300319485366"><ele>1724.8999938964844</ele></trkpt><trkpt lat="46.097350334748626" lon="8.867340319789946"><ele>1726.0</ele></trkpt><trkpt lat="46.09738033497706" lon="8.867380319628865"><ele>1726.5999755859375</ele></trkpt><trkpt lat="46.097410334739834" lon="8.86739031970501"><ele>1726.6199951171875</ele></trkpt><trkpt lat="46.097410334739834" lon="8.86739031970501"><ele>1726.6199951171875</ele></trkpt><trkpt lat="46.097430334892124" lon="8.86739031970501"><ele>1726.8499755859375</ele></trkpt><trkpt lat="46.097450335044414" lon="8.867380320094526"><ele>1727.2999877929688</ele></trkpt><trkpt lat="46.09756033541635" lon="8.867400320246816"><ele>1729.1999816894531</ele></trkpt><trkpt lat="46.09757033549249" lon="8.867400320246816"><ele>1729.469970703125</ele></trkpt><trkpt lat="46.09758033556864" lon="8.867400320246816"><ele>1729.6999816894531</ele></trkpt><trkpt lat="46.09761033533141" lon="8.86743032047525"><ele>1730.0999755859375</ele></trkpt><trkpt lat="46.09765033563599" lon="8.86745032062754"><ele>1730.2999877929688</ele></trkpt><trkpt lat="46.09765033563599" lon="8.86745032062754"><ele>1730.2999877929688</ele></trkpt><trkpt lat="46.09769033547491" lon="8.86745032062754"><ele>1730.5</ele></trkpt><trkpt lat="46.09778033616021" lon="8.867480320855975"><ele>1732.6999816894531</ele></trkpt><trkpt lat="46.09782033599913" lon="8.867480320855975"><ele>1733.5</ele></trkpt><trkpt lat="46.097870336379856" lon="8.867520321160555"><ele>1734.0999755859375</ele></trkpt><trkpt lat="46.09790033614263" lon="8.867520321160555"><ele>1734.3299865722656</ele></trkpt><trkpt lat="46.09792033629492" lon="8.867520321160555"><ele>1734.5</ele></trkpt><trkpt lat="46.0979603365995" lon="8.8675303212367"><ele>1734.9599914550781</ele></trkpt><trkpt lat="46.09799033636227" lon="8.867540321312845"><ele>1734.9299926757812</ele></trkpt><trkpt lat="46.09802033659071" lon="8.86755032138899"><ele>1734.3999938964844</ele></trkpt><trkpt lat="46.098080336116254" lon="8.867590321227908"><ele>1734.1999816894531</ele></trkpt><trkpt lat="46.09815033618361" lon="8.867620320990682"><ele>1733.0999755859375</ele></trkpt><trkpt lat="46.09816033625975" lon="8.86764032067731"><ele>1732.7599792480469</ele></trkpt><trkpt lat="46.098170335870236" lon="8.8676603208296"><ele>1732.3999938964844</ele></trkpt><trkpt lat="46.09818033594638" lon="8.8676603208296"><ele>1732.2799987792969</ele></trkpt><trkpt lat="46.09820033609867" lon="8.8676603208296"><ele>1732.0</ele></trkpt><trkpt lat="46.098230335861444" lon="8.867650320753455"><ele>1731.8799743652344</ele></trkpt><trkpt lat="46.09824033593759" lon="8.867650320753455"><ele>1731.8999938964844</ele></trkpt><trkpt lat="46.09829033585265" lon="8.8676603208296"><ele>1731.8999938964844</ele></trkpt><trkpt lat="46.09837033599615" lon="8.867670320905745"><ele>1731.5999755859375</ele></trkpt><trkpt lat="46.09847033582628" lon="8.8676603208296"><ele>1731.989990234375</ele></trkpt><trkpt lat="46.09854033589363" lon="8.8676603208296"><ele>1732.6999816894531</ele></trkpt><trkpt lat="46.098590336274356" lon="8.8676603208296"><ele>1733.5</ele></trkpt><trkpt lat="46.098590336274356" lon="8.8676603208296"><ele>1733.5</ele></trkpt><trkpt lat="46.098650336265564" lon="8.867660321295261"><ele>1734.5399780273438</ele></trkpt><trkpt lat="46.098710336722434" lon="8.867660321295261"><ele>1735.0999755859375</ele></trkpt><trkpt lat="46.09875033656135" lon="8.867660321295261"><ele>1735.469970703125</ele></trkpt><trkpt lat="46.098840336780995" lon="8.867650321684778"><ele>1736.0899963378906</ele></trkpt><trkpt lat="46.09885033685714" lon="8.867650321684778"><ele>1736.6999816894531</ele></trkpt><trkpt lat="46.09887033700943" lon="8.867650321684778"><ele>1736.9199829101562</ele></trkpt><trkpt lat="46.09895033715293" lon="8.867650322150439"><ele>1738.5299987792969</ele></trkpt><trkpt lat="46.09896033722907" lon="8.867650322150439"><ele>1738.6399841308594</ele></trkpt><trkpt lat="46.09904033737257" lon="8.86763032199815"><ele>1739.8999938964844</ele></trkpt><trkpt lat="46.099170337896794" lon="8.867630322929472"><ele>1742.8999938964844</ele></trkpt><trkpt lat="46.099230338353664" lon="8.867650323081762"><ele>1744.3999938964844</ele></trkpt><trkpt lat="46.09925033850595" lon="8.867650323081762"><ele>1745.3899841308594</ele></trkpt><trkpt lat="46.0992603385821" lon="8.867650323081762"><ele>1746.0</ele></trkpt><trkpt lat="46.09936033934355" lon="8.86762032378465"><ele>1749.2599792480469</ele></trkpt><trkpt lat="46.09941033972427" lon="8.86760032409802"><ele>1751.3999938964844</ele></trkpt><trkpt lat="46.09943033987656" lon="8.867600324563682"><ele>1752.2999877929688</ele></trkpt><trkpt lat="46.09954034071416" lon="8.867700325325131"><ele>1756.1999816894531</ele></trkpt><trkpt lat="46.099600340705365" lon="8.867770325392485"><ele>1757.1999816894531</ele></trkpt><trkpt lat="46.099600340705365" lon="8.86778032546863"><ele>1757.0999755859375</ele></trkpt><trkpt lat="46.099620341323316" lon="8.867660325951874"><ele>1759.7999877929688</ele></trkpt><trkpt lat="46.09969034185633" lon="8.867510326206684"><ele>1762.989990234375</ele></trkpt><trkpt lat="46.09969034185633" lon="8.867510326206684"><ele>1762.8999938964844</ele></trkpt><trkpt lat="46.099720342084765" lon="8.867560326587409"><ele>1764.5999755859375</ele></trkpt><trkpt lat="46.099760342389345" lon="8.867600326891989"><ele>1766.0999755859375</ele></trkpt><trkpt lat="46.099820342846215" lon="8.867650327272713"><ele>1768.1999816894531</ele></trkpt><trkpt lat="46.09983034292236" lon="8.867670327425003"><ele>1768.219970703125</ele></trkpt><trkpt lat="46.09985034307465" lon="8.867710327263921"><ele>1768.219970703125</ele></trkpt><trkpt lat="46.09985034307465" lon="8.867660327348858"><ele>1769.0999755859375</ele></trkpt><trkpt lat="46.09985034307465" lon="8.867590327747166"><ele>1770.0</ele></trkpt><trkpt lat="46.099880343768746" lon="8.86747032823041"><ele>1772.6999816894531</ele></trkpt><trkpt lat="46.099900343921036" lon="8.867440328467637"><ele>1773.5499877929688</ele></trkpt><trkpt lat="46.099940344225615" lon="8.86753032868728"><ele>1775.3999938964844</ele></trkpt><trkpt lat="46.09995034430176" lon="8.867540328763425"><ele>1775.6499938964844</ele></trkpt><trkpt lat="46.09997034445405" lon="8.867560328915715"><ele>1776.2999877929688</ele></trkpt><trkpt lat="46.10002034436911" lon="8.867630328983068"><ele>1777.1999816894531</ele></trkpt><trkpt lat="46.100020344834775" lon="8.867540329229087"><ele>1779.0</ele></trkpt><trkpt lat="46.10003034537658" lon="8.86748032970354"><ele>1780.3999938964844</ele></trkpt><trkpt lat="46.100060345605016" lon="8.867370329797268"><ele>1782.5999755859375</ele></trkpt><trkpt lat="46.100080345757306" lon="8.86733032995835"><ele>1783.3999938964844</ele></trkpt><trkpt lat="46.10009034583345" lon="8.867300330195576"><ele>1784.2699890136719</ele></trkpt><trkpt lat="46.100100345909595" lon="8.867300330195576"><ele>1784.1999816894531</ele></trkpt><trkpt lat="46.100120346061885" lon="8.86737033026293"><ele>1785.2999877929688</ele></trkpt><trkpt lat="46.10015034629032" lon="8.867430330719799"><ele>1786.0</ele></trkpt><trkpt lat="46.100180346518755" lon="8.867460330482572"><ele>1786.9499816894531</ele></trkpt><trkpt lat="46.100180346518755" lon="8.867470330558717"><ele>1787.0799865722656</ele></trkpt><trkpt lat="46.1001903465949" lon="8.867470330558717"><ele>1787.1599731445312</ele></trkpt><trkpt lat="46.10023034643382" lon="8.867490330711007"><ele>1788.0999755859375</ele></trkpt><trkpt lat="46.10023034643382" lon="8.867490330711007"><ele>1788.0699768066406</ele></trkpt><trkpt lat="46.10023034689948" lon="8.867470331024379"><ele>1788.489990234375</ele></trkpt><trkpt lat="46.10023034736514" lon="8.867330331355333"><ele>1791.0299987792969</ele></trkpt><trkpt lat="46.10023034736514" lon="8.86730033159256"><ele>1791.5999755859375</ele></trkpt><trkpt lat="46.10025034751743" lon="8.867250331677496"><ele>1792.4599914550781</ele></trkpt><trkpt lat="46.10027034766972" lon="8.86717033199966"><ele>1794.0099792480469</ele></trkpt><trkpt lat="46.100280347745866" lon="8.86715033184737"><ele>1794.5999755859375</ele></trkpt><trkpt lat="46.100280347745866" lon="8.86715033184737"><ele>1794.47998046875</ele></trkpt><trkpt lat="46.100300347898155" lon="8.86717033199966"><ele>1795.6399841308594</ele></trkpt><trkpt lat="46.10037034843117" lon="8.867290332447737"><ele>1798.0</ele></trkpt><trkpt lat="46.100400348659605" lon="8.867320332676172"><ele>1799.0999755859375</ele></trkpt><trkpt lat="46.10045034950599" lon="8.867190333548933"><ele>1802.3999938964844</ele></trkpt><trkpt lat="46.10049034981057" lon="8.86716033378616"><ele>1804.0</ele></trkpt><trkpt lat="46.10051034996286" lon="8.867150333710015"><ele>1804.9599914550781</ele></trkpt><trkpt lat="46.10055035026744" lon="8.867130334023386"><ele>1806.3999938964844</ele></trkpt><trkpt lat="46.10057035041973" lon="8.867080334573984"><ele>1807.5799865722656</ele></trkpt><trkpt lat="46.100600350648165" lon="8.86703033465892"><ele>1809.0</ele></trkpt><trkpt lat="46.100620350800455" lon="8.867020334582776"><ele>1809.75</ele></trkpt><trkpt lat="46.1006303508766" lon="8.867010334972292"><ele>1810.0999755859375</ele></trkpt><trkpt lat="46.10068035079166" lon="8.86703033465892"><ele>1810.2999877929688</ele></trkpt><trkpt lat="46.10072035109624" lon="8.86705033481121"><ele>1810.969970703125</ele></trkpt><trkpt lat="46.10080035123974" lon="8.867100335191935"><ele>1812.5</ele></trkpt><trkpt lat="46.100850351620466" lon="8.867110335733742"><ele>1814.2999877929688</ele></trkpt><trkpt lat="46.1008803518489" lon="8.867100335657597"><ele>1815.1099853515625</ele></trkpt><trkpt lat="46.100910352077335" lon="8.867090336047113"><ele>1816.1299743652344</ele></trkpt><trkpt lat="46.10092035215348" lon="8.867090336047113"><ele>1816.0999755859375</ele></trkpt><trkpt lat="46.10097035206854" lon="8.867100336123258"><ele>1817.6699829101562</ele></trkpt><trkpt lat="46.10097035206854" lon="8.867100336123258"><ele>1817.7099914550781</ele></trkpt><trkpt lat="46.10099035222083" lon="8.867090336512774"><ele>1818.7099914550781</ele></trkpt><trkpt lat="46.10104035260156" lon="8.86706033675"><ele>1820.6999816894531</ele></trkpt><trkpt lat="46.10110035305843" lon="8.86708033690229"><ele>1822.3999938964844</ele></trkpt><trkpt lat="46.10115035343915" lon="8.867040337529033"><ele>1824.7999877929688</ele></trkpt><trkpt lat="46.10118035366759" lon="8.86701033776626"><ele>1825.6999816894531</ele></trkpt><trkpt lat="46.10121035389602" lon="8.866980338003486"><ele>1827.0999755859375</ele></trkpt><trkpt lat="46.10126035427675" lon="8.866970338393003"><ele>1829.2899780273438</ele></trkpt><trkpt lat="46.101280354429036" lon="8.866970338393003"><ele>1830.2999877929688</ele></trkpt><trkpt lat="46.101380355190486" lon="8.866970339324325"><ele>1833.8999938964844</ele></trkpt><trkpt lat="46.10140035580844" lon="8.866930339485407"><ele>1835.1999816894531</ele></trkpt><trkpt lat="46.101460355799645" lon="8.866940339561552"><ele>1837.3999938964844</ele></trkpt><trkpt lat="46.10153035679832" lon="8.866870340425521"><ele>1842.5</ele></trkpt><trkpt lat="46.10159035772085" lon="8.866880341432989"><ele>1846.3999938964844</ele></trkpt><trkpt lat="46.10162035794929" lon="8.866880341432989"><ele>1847.5999755859375</ele></trkpt><trkpt lat="46.10165035817772" lon="8.866870341822505"><ele>1849.3999938964844</ele></trkpt><trkpt lat="46.101680358406156" lon="8.866850342135876"><ele>1851.219970703125</ele></trkpt><trkpt lat="46.10168035887182" lon="8.866850342135876"><ele>1851.2699890136719</ele></trkpt><trkpt lat="46.10169035894796" lon="8.866830342449248"><ele>1852.1999816894531</ele></trkpt><trkpt lat="46.10170035902411" lon="8.866830342449248"><ele>1852.489990234375</ele></trkpt><trkpt lat="46.10183036001399" lon="8.866840343456715"><ele>1857.8999938964844</ele></trkpt><trkpt lat="46.10195036139339" lon="8.86680034454912"><ele>1865.1999816894531</ele></trkpt><trkpt lat="46.10196036146954" lon="8.866790344938636"><ele>1865.7699890136719</ele></trkpt><trkpt lat="46.10199036169797" lon="8.866760345175862"><ele>1867.7999877929688</ele></trkpt><trkpt lat="46.1020403620787" lon="8.866760345641524"><ele>1869.1599731445312</ele></trkpt><trkpt lat="46.102080362383276" lon="8.866750345565379"><ele>1870.4099731445312</ele></trkpt><trkpt lat="46.102080362383276" lon="8.866750345565379"><ele>1870.0999755859375</ele></trkpt><trkpt lat="46.10206036269665" lon="8.866700346115977"><ele>1873.2999877929688</ele></trkpt><trkpt lat="46.10202036285773" lon="8.866660346277058"><ele>1874.5999755859375</ele></trkpt><trkpt lat="46.10202036332339" lon="8.86664034659043"><ele>1875.7699890136719</ele></trkpt><trkpt lat="46.1020803633146" lon="8.866650346666574"><ele>1876.7799987792969</ele></trkpt><trkpt lat="46.1020803633146" lon="8.866650346666574"><ele>1876.5999755859375</ele></trkpt><trkpt lat="46.10205036401749" lon="8.866590347141027"><ele>1878.469970703125</ele></trkpt><trkpt lat="46.10204036394134" lon="8.866570346988738"><ele>1879.0</ele></trkpt><trkpt lat="46.102090364322066" lon="8.866520347539335"><ele>1881.5599975585938</ele></trkpt><trkpt lat="46.102130364626646" lon="8.866480348166078"><ele>1883.5</ele></trkpt><trkpt lat="46.102170364931226" lon="8.866500348318368"><ele>1884.9299926757812</ele></trkpt><trkpt lat="46.10218036547303" lon="8.866450348403305"><ele>1886.1499938964844</ele></trkpt><trkpt lat="46.102230365388095" lon="8.866490348707885"><ele>1887.5499877929688</ele></trkpt><trkpt lat="46.10222036577761" lon="8.866380349267274"><ele>1889.3399963378906</ele></trkpt><trkpt lat="46.10226036608219" lon="8.866400349419564"><ele>1890.9199829101562</ele></trkpt><trkpt lat="46.102270366158336" lon="8.866400349419564"><ele>1890.8999938964844</ele></trkpt><trkpt lat="46.102270366158336" lon="8.866410349495709"><ele>1891.0899963378906</ele></trkpt><trkpt lat="46.10228036623448" lon="8.866440349258482"><ele>1891.5</ele></trkpt><trkpt lat="46.102290366310626" lon="8.866430349647999"><ele>1891.719970703125</ele></trkpt><trkpt lat="46.10231036692858" lon="8.866360350046307"><ele>1894.1999816894531</ele></trkpt><trkpt lat="46.10233036708087" lon="8.866320350207388"><ele>1895.47998046875</ele></trkpt><trkpt lat="46.10234036715701" lon="8.866290350444615"><ele>1896.3999938964844</ele></trkpt><trkpt lat="46.1023603673093" lon="8.866220350377262"><ele>1897.8999938964844</ele></trkpt><trkpt lat="46.10238036792725" lon="8.866280350834131"><ele>1899.0999755859375</ele></trkpt><trkpt lat="46.10241036815569" lon="8.866320351138711"><ele>1900.3299865722656</ele></trkpt><trkpt lat="46.10242036823183" lon="8.866340351291"><ele>1900.6799926757812</ele></trkpt><trkpt lat="46.10246036807075" lon="8.86638035112992"><ele>1901.7999877929688</ele></trkpt><trkpt lat="46.102470368146896" lon="8.866370351519436"><ele>1901.75</ele></trkpt><trkpt lat="46.102470368146896" lon="8.86636035144329"><ele>1902.0799865722656</ele></trkpt><trkpt lat="46.10247036861256" lon="8.866330351680517"><ele>1903.2899780273438</ele></trkpt><trkpt lat="46.10247036861256" lon="8.866320351604372"><ele>1903.0999755859375</ele></trkpt><trkpt lat="46.10250036884099" lon="8.866310351993889"><ele>1904.8999938964844</ele></trkpt><trkpt lat="46.10256036929786" lon="8.866350352298468"><ele>1906.1999816894531</ele></trkpt><trkpt lat="46.10255036968738" lon="8.866270352620631"><ele>1908.5999755859375</ele></trkpt><trkpt lat="46.10259036999196" lon="8.866290352772921"><ele>1910.0</ele></trkpt><trkpt lat="46.10258036991581" lon="8.866260353010148"><ele>1910.7599792480469</ele></trkpt><trkpt lat="46.10258036991581" lon="8.866240352857858"><ele>1911.4299926757812</ele></trkpt><trkpt lat="46.10264037037268" lon="8.866260353475809"><ele>1913.5999755859375</ele></trkpt><trkpt lat="46.10274037113413" lon="8.866270354017615"><ele>1917.2999877929688</ele></trkpt><trkpt lat="46.102850371506065" lon="8.866280354559422"><ele>1919.7999877929688</ele></trkpt><trkpt lat="46.102930372115225" lon="8.866300354711711"><ele>1921.1999816894531</ele></trkpt><trkpt lat="46.102930372115225" lon="8.866300354711711"><ele>1921.1499938964844</ele></trkpt><trkpt lat="46.102970372419804" lon="8.866260355338454"><ele>1923.0999755859375</ele></trkpt><trkpt lat="46.10302037280053" lon="8.866220355499536"><ele>1926.0</ele></trkpt><trkpt lat="46.103110373951495" lon="8.866190356668085"><ele>1930.5999755859375</ele></trkpt><trkpt lat="46.10320037417114" lon="8.866190357133746"><ele>1933.0</ele></trkpt><trkpt lat="46.1032503740862" lon="8.866210356820375"><ele>1933.2999877929688</ele></trkpt><trkpt lat="46.103280374314636" lon="8.866210357286036"><ele>1934.2799987792969</ele></trkpt><trkpt lat="46.103320374619216" lon="8.866200357209891"><ele>1935.6999816894531</ele></trkpt><trkpt lat="46.103320374619216" lon="8.866200357209891"><ele>1935.6199951171875</ele></trkpt><trkpt lat="46.10335037484765" lon="8.866180357523263"><ele>1937.0999755859375</ele></trkpt><trkpt lat="46.103380375076085" lon="8.866210357751697"><ele>1938.5999755859375</ele></trkpt><trkpt lat="46.10347037622705" lon="8.866140358615667"><ele>1943.3999938964844</ele></trkpt><trkpt lat="46.103500376455486" lon="8.866150358691812"><ele>1943.8899841308594</ele></trkpt><trkpt lat="46.103600376751274" lon="8.866170359309763"><ele>1945.7699890136719</ele></trkpt><trkpt lat="46.1036203764379" lon="8.866170359309763"><ele>1946.0099792480469</ele></trkpt><trkpt lat="46.10363037697971" lon="8.866150359623134"><ele>1947.2999877929688</ele></trkpt><trkpt lat="46.10358037753031" lon="8.866070359945297"><ele>1949.9499816894531</ele></trkpt><trkpt lat="46.10358037753031" lon="8.866070359945297"><ele>1949.9599914550781</ele></trkpt><trkpt lat="46.10367037821561" lon="8.86603036057204"><ele>1953.8999938964844</ele></trkpt><trkpt lat="46.1036903783679" lon="8.866030361037701"><ele>1954.6599731445312</ele></trkpt><trkpt lat="46.10371037852019" lon="8.866030361037701"><ele>1955.5999755859375</ele></trkpt><trkpt lat="46.10373037867248" lon="8.866040361113846"><ele>1956.1499938964844</ele></trkpt><trkpt lat="46.103760378900915" lon="8.866040361113846"><ele>1956.8299865722656</ele></trkpt><trkpt lat="46.103760378900915" lon="8.866040361113846"><ele>1957.219970703125</ele></trkpt><trkpt lat="46.103780379053205" lon="8.866040361579508"><ele>1957.6499938964844</ele></trkpt><trkpt lat="46.103800378739834" lon="8.866040361579508"><ele>1958.0</ele></trkpt><trkpt lat="46.10383037896827" lon="8.866020361427218"><ele>1959.2999877929688</ele></trkpt><trkpt lat="46.10383037896827" lon="8.866020361427218"><ele>1959.3199768066406</ele></trkpt><trkpt lat="46.10383037896827" lon="8.866020361427218"><ele>1959.3299865722656</ele></trkpt><trkpt lat="46.103840379044414" lon="8.866040361579508"><ele>1959.5999755859375</ele></trkpt><trkpt lat="46.1038603791967" lon="8.866090361494571"><ele>1958.6999816894531</ele></trkpt><trkpt lat="46.10390037856996" lon="8.866170361172408"><ele>1956.4299926757812</ele></trkpt><trkpt lat="46.103910378646106" lon="8.866190360859036"><ele>1955.8699951171875</ele></trkpt><trkpt lat="46.103950378485024" lon="8.866250360850245"><ele>1954.5999755859375</ele></trkpt><trkpt lat="46.103950378485024" lon="8.866250360850245"><ele>1954.5299987792969</ele></trkpt><trkpt lat="46.10396037809551" lon="8.866290360689163"><ele>1953.8999938964844</ele></trkpt><trkpt lat="46.10395037801936" lon="8.866300360765308"><ele>1953.719970703125</ele></trkpt><trkpt lat="46.10395037801936" lon="8.866310360841453"><ele>1953.5999755859375</ele></trkpt><trkpt lat="46.10395037801936" lon="8.866310360841453"><ele>1953.5699768066406</ele></trkpt><trkpt lat="46.10397037770599" lon="8.86635036021471"><ele>1952.3999938964844</ele></trkpt><trkpt lat="46.10397037770599" lon="8.866400360129774"><ele>1951.0799865722656</ele></trkpt><trkpt lat="46.103980377782136" lon="8.866400360129774"><ele>1951.0999755859375</ele></trkpt><trkpt lat="46.10403037723154" lon="8.866490359883755"><ele>1948.6599731445312</ele></trkpt><trkpt lat="46.10404037730768" lon="8.866510359570384"><ele>1948.3999938964844</ele></trkpt><trkpt lat="46.10405037691817" lon="8.866560359485447"><ele>1946.7999877929688</ele></trkpt><trkpt lat="46.10408037621528" lon="8.86665035923943"><ele>1944.7999877929688</ele></trkpt><trkpt lat="46.10414037620649" lon="8.86678035883233"><ele>1942.6999816894531</ele></trkpt><trkpt lat="46.10415037581697" lon="8.866800358518958"><ele>1942.2599792480469</ele></trkpt><trkpt lat="46.10415037581697" lon="8.866820358671248"><ele>1941.6999816894531</ele></trkpt><trkpt lat="46.104160375893116" lon="8.866840358357877"><ele>1941.2599792480469</ele></trkpt><trkpt lat="46.10419037565589" lon="8.86687035812065"><ele>1940.5</ele></trkpt><trkpt lat="46.104180375579745" lon="8.86691035842523"><ele>1939.8599853515625</ele></trkpt><trkpt lat="46.104180375579745" lon="8.866910357959569"><ele>1939.7799987792969</ele></trkpt><trkpt lat="46.104180375579745" lon="8.866940358188003"><ele>1939.2999877929688</ele></trkpt><trkpt lat="46.10419037519023" lon="8.86698035756126"><ele>1937.0</ele></trkpt><trkpt lat="46.104220374953" lon="8.867020357400179"><ele>1936.5</ele></trkpt><trkpt lat="46.104230374563485" lon="8.867040357552469"><ele>1936.0</ele></trkpt><trkpt lat="46.104230374563485" lon="8.867040357552469"><ele>1936.0</ele></trkpt><trkpt lat="46.104230374563485" lon="8.867080357391387"><ele>1934.0999755859375</ele></trkpt><trkpt lat="46.10422037402168" lon="8.86709035700187"><ele>1933.0999755859375</ele></trkpt><trkpt lat="46.10424037417397" lon="8.867120356764644"><ele>1932.7999877929688</ele></trkpt><trkpt lat="46.10424037370831" lon="8.867160356603563"><ele>1931.469970703125</ele></trkpt><trkpt lat="46.10425037378445" lon="8.867180356290191"><ele>1930.4099731445312</ele></trkpt><trkpt lat="46.104260373394936" lon="8.867200356442481"><ele>1929.6799926757812</ele></trkpt><trkpt lat="46.104280373547226" lon="8.8672403562814"><ele>1928.9399719238281</ele></trkpt><trkpt lat="46.10425037331879" lon="8.867240355815738"><ele>1927.2999877929688</ele></trkpt><trkpt lat="46.10425037331879" lon="8.867240355815738"><ele>1927.3999938964844</ele></trkpt><trkpt lat="46.104260372929275" lon="8.867260355968028"><ele>1926.9399719238281</ele></trkpt><trkpt lat="46.104260372929275" lon="8.867290355730802"><ele>1926.3999938964844</ele></trkpt><trkpt lat="46.10427037253976" lon="8.86733035556972"><ele>1925.0199890136719</ele></trkpt><trkpt lat="46.104280372615904" lon="8.867340355645865"><ele>1924.6499938964844</ele></trkpt><trkpt lat="46.10430037230253" lon="8.867390355095267"><ele>1923.3999938964844</ele></trkpt><trkpt lat="46.10431037237868" lon="8.867430354934186"><ele>1922.2899780273438</ele></trkpt><trkpt lat="46.104310371913016" lon="8.86746035469696"><ele>1921.0999755859375</ele></trkpt><trkpt lat="46.10436037136242" lon="8.867560354527086"><ele>1918.6999816894531</ele></trkpt><trkpt lat="46.10437037143856" lon="8.867620354052633"><ele>1917.3999938964844</ele></trkpt><trkpt lat="46.10436037089676" lon="8.867650353815407"><ele>1915.6999816894531</ele></trkpt><trkpt lat="46.10437037050724" lon="8.867690353654325"><ele>1914.0999755859375</ele></trkpt><trkpt lat="46.104360370431095" lon="8.867700353264809"><ele>1913.469970703125</ele></trkpt><trkpt lat="46.104360370431095" lon="8.867710353340954"><ele>1913.3799743652344</ele></trkpt><trkpt lat="46.104380370117724" lon="8.867730353493243"><ele>1912.469970703125</ele></trkpt><trkpt lat="46.104380370117724" lon="8.867740353103727"><ele>1912.0999755859375</ele></trkpt><trkpt lat="46.10439036972821" lon="8.867810352705419"><ele>1909.2999877929688</ele></trkpt><trkpt lat="46.10440036933869" lon="8.867860352620482"><ele>1907.8699951171875</ele></trkpt><trkpt lat="46.104410369414836" lon="8.867860352620482"><ele>1908.0999755859375</ele></trkpt><trkpt lat="46.104390369262546" lon="8.867860352154821"><ele>1906.8999938964844</ele></trkpt><trkpt lat="46.10436036903411" lon="8.867850352078676"><ele>1906.0</ele></trkpt><trkpt lat="46.10435036895797" lon="8.867860352154821"><ele>1905.3999938964844</ele></trkpt><trkpt lat="46.10435036895797" lon="8.867870351765305"><ele>1904.9599914550781</ele></trkpt><trkpt lat="46.10435036895797" lon="8.867870351765305"><ele>1904.5999755859375</ele></trkpt><trkpt lat="46.104370368644595" lon="8.867910351604223"><ele>1903.8999938964844</ele></trkpt><trkpt lat="46.10436036856845" lon="8.867940351366997"><ele>1902.5</ele></trkpt><trkpt lat="46.104370368178934" lon="8.868000351358205"><ele>1901.72998046875</ele></trkpt><trkpt lat="46.104390368331224" lon="8.868060351349413"><ele>1901.0999755859375</ele></trkpt><trkpt lat="46.10439036786556" lon="8.868090350646526"><ele>1898.6399841308594</ele></trkpt><trkpt lat="46.1043903673999" lon="8.868110350798815"><ele>1897.8999938964844</ele></trkpt><trkpt lat="46.1043903673999" lon="8.868130350485444"><ele>1897.72998046875</ele></trkpt><trkpt lat="46.104420367628336" lon="8.868210350628942"><ele>1897.1999816894531</ele></trkpt><trkpt lat="46.104420367162675" lon="8.868340350221843"><ele>1896.1799926757812</ele></trkpt><trkpt lat="46.104420367162675" lon="8.868350350297987"><ele>1896.1999816894531</ele></trkpt><trkpt lat="46.10443036723882" lon="8.868370350450277"><ele>1896.6299743652344</ele></trkpt><trkpt lat="46.104440367314965" lon="8.868390350602567"><ele>1896.8999938964844</ele></trkpt><trkpt lat="46.104440367314965" lon="8.868420350831002"><ele>1897.5099792480469</ele></trkpt><trkpt lat="46.104440367780626" lon="8.868450350593776"><ele>1897.7999877929688</ele></trkpt><trkpt lat="46.104460367467254" lon="8.86846035066992"><ele>1898.5999755859375</ele></trkpt><trkpt lat="46.104480368085206" lon="8.86848035082221"><ele>1899.5999755859375</ele></trkpt><trkpt lat="46.104480368085206" lon="8.868490350898355"><ele>1899.5899963378906</ele></trkpt><trkpt lat="46.10449036769569" lon="8.868510351050645"><ele>1899.5999755859375</ele></trkpt><trkpt lat="46.104480367619544" lon="8.868570351041853"><ele>1899.0699768066406</ele></trkpt><trkpt lat="46.104480367619544" lon="8.868580351117998"><ele>1898.969970703125</ele></trkpt><trkpt lat="46.104480367619544" lon="8.868600350804627"><ele>1898.5899963378906</ele></trkpt><trkpt lat="46.10449036769569" lon="8.86865035071969"><ele>1897.8999938964844</ele></trkpt><trkpt lat="46.104530367068946" lon="8.86878035031259"><ele>1895.6999816894531</ele></trkpt><trkpt lat="46.104530367068946" lon="8.868820350151509"><ele>1894.7799987792969</ele></trkpt><trkpt lat="46.104530367068946" lon="8.868840350303799"><ele>1894.3999938964844</ele></trkpt><trkpt lat="46.10454036667943" lon="8.868880350142717"><ele>1893.9199829101562</ele></trkpt><trkpt lat="46.10454036667943" lon="8.868890350218862"><ele>1893.8999938964844</ele></trkpt><trkpt lat="46.104550366755575" lon="8.868980349972844"><ele>1893.3799743652344</ele></trkpt><trkpt lat="46.104550366755575" lon="8.869030349887908"><ele>1892.6999816894531</ele></trkpt><trkpt lat="46.1045703664422" lon="8.8691003494896"><ele>1891.5999755859375</ele></trkpt><trkpt lat="46.1045703664422" lon="8.86912034964189"><ele>1890.8799743652344</ele></trkpt><trkpt lat="46.10457036597654" lon="8.869190349243581"><ele>1889.489990234375</ele></trkpt><trkpt lat="46.10457036597654" lon="8.86921034893021"><ele>1889.0999755859375</ele></trkpt><trkpt lat="46.104580365587026" lon="8.8692303490825"><ele>1888.2899780273438</ele></trkpt><trkpt lat="46.10459036566317" lon="8.869240349158645"><ele>1887.7999877929688</ele></trkpt><trkpt lat="46.104600365739316" lon="8.869280348997563"><ele>1887.1999816894531</ele></trkpt><trkpt lat="46.10459036566317" lon="8.869300348684192"><ele>1886.739990234375</ele></trkpt><trkpt lat="46.104580365121365" lon="8.869330348446965"><ele>1886.1999816894531</ele></trkpt><trkpt lat="46.10459036519751" lon="8.869370348751545"><ele>1885.5999755859375</ele></trkpt><trkpt lat="46.104580365121365" lon="8.869440348353237"><ele>1884.3999938964844</ele></trkpt><trkpt lat="46.1045803646557" lon="8.869480348192155"><ele>1883.4199829101562</ele></trkpt><trkpt lat="46.10459036473185" lon="8.869520348031074"><ele>1882.0999755859375</ele></trkpt><trkpt lat="46.10460036387667" lon="8.869640347082168"><ele>1878.3999938964844</ele></trkpt><trkpt lat="46.10460036341101" lon="8.869690346997231"><ele>1876.6399841308594</ele></trkpt><trkpt lat="46.10460036341101" lon="8.86973034683615"><ele>1875.2999877929688</ele></trkpt><trkpt lat="46.10461036302149" lon="8.869790346361697"><ele>1873.5</ele></trkpt><trkpt lat="46.1045903628692" lon="8.869810346048325"><ele>1872.0</ele></trkpt><trkpt lat="46.1045803623274" lon="8.869830345734954"><ele>1871.1999816894531</ele></trkpt><trkpt lat="46.10459036240354" lon="8.869880345650017"><ele>1870.22998046875</ele></trkpt><trkpt lat="46.10461036209017" lon="8.869940345641226"><ele>1869.0</ele></trkpt><trkpt lat="46.104600362014025" lon="8.86995034525171"><ele>1868.4499816894531</ele></trkpt><trkpt lat="46.10459036193788" lon="8.869980345480144"><ele>1867.5999755859375</ele></trkpt><trkpt lat="46.10459036193788" lon="8.869980345480144"><ele>1867.5899963378906</ele></trkpt><trkpt lat="46.104600361548364" lon="8.870030345395207"><ele>1866.7999877929688</ele></trkpt><trkpt lat="46.10459036100656" lon="8.870160344522446"><ele>1862.7999877929688</ele></trkpt><trkpt lat="46.10460036061704" lon="8.870240344200283"><ele>1860.2999877929688</ele></trkpt><trkpt lat="46.104610360227525" lon="8.870270343963057"><ele>1859.5999755859375</ele></trkpt><trkpt lat="46.1046103592962" lon="8.87045034300536"><ele>1855.0</ele></trkpt><trkpt lat="46.10463035944849" lon="8.870470343157649"><ele>1854.1999816894531</ele></trkpt><trkpt lat="46.104640359058976" lon="8.87045034300536"><ele>1854.0399780273438</ele></trkpt><trkpt lat="46.104660359211266" lon="8.870440342929214"><ele>1853.8999938964844</ele></trkpt><trkpt lat="46.104660359211266" lon="8.87045034300536"><ele>1853.8899841308594</ele></trkpt><trkpt lat="46.10466035827994" lon="8.870580342132598"><ele>1849.3999938964844</ele></trkpt><trkpt lat="46.10468035843223" lon="8.870600341819227"><ele>1849.1399841308594</ele></trkpt><trkpt lat="46.104750358033925" lon="8.87061034142971"><ele>1846.6999816894531</ele></trkpt><trkpt lat="46.10476035764441" lon="8.870630341582"><ele>1846.5</ele></trkpt><trkpt lat="46.10474035795778" lon="8.870660341344774"><ele>1846.1999816894531</ele></trkpt><trkpt lat="46.104690357577056" lon="8.870690341107547"><ele>1845.0099792480469</ele></trkpt><trkpt lat="46.10468035750091" lon="8.870700341183692"><ele>1844.7999877929688</ele></trkpt><trkpt lat="46.104630357120186" lon="8.87074034102261"><ele>1843.3999938964844</ele></trkpt><trkpt lat="46.104590356815606" lon="8.870800340548158"><ele>1841.6999816894531</ele></trkpt><trkpt lat="46.10457035666332" lon="8.870850340463221"><ele>1841.1499938964844</ele></trkpt><trkpt lat="46.10454035643488" lon="8.870950340293348"><ele>1840.1899719238281</ele></trkpt><trkpt lat="46.10454035643488" lon="8.870960340369493"><ele>1840.0999755859375</ele></trkpt><trkpt lat="46.10454035643488" lon="8.870970340445638"><ele>1839.9599914550781</ele></trkpt><trkpt lat="46.10454035643488" lon="8.871050340123475"><ele>1839.3999938964844</ele></trkpt><trkpt lat="46.1045003561303" lon="8.871110340114683"><ele>1838.7899780273438</ele></trkpt><trkpt lat="46.10448035644367" lon="8.871150339953601"><ele>1838.3999938964844</ele></trkpt><trkpt lat="46.10448035644367" lon="8.871190340258181"><ele>1838.2899780273438</ele></trkpt><trkpt lat="46.10448035644367" lon="8.871270339936018"><ele>1838.1199951171875</ele></trkpt><trkpt lat="46.10448035644367" lon="8.871280340012163"><ele>1838.0999755859375</ele></trkpt><trkpt lat="46.10447035636753" lon="8.871340340003371"><ele>1838.1199951171875</ele></trkpt><trkpt lat="46.10447035636753" lon="8.871350340079516"><ele>1838.1499938964844</ele></trkpt><trkpt lat="46.10445035621524" lon="8.871390339918435"><ele>1838.47998046875</ele></trkpt><trkpt lat="46.10445035621524" lon="8.871390340384096"><ele>1838.5999755859375</ele></trkpt><trkpt lat="46.10445035621524" lon="8.87142034014687"><ele>1839.0999755859375</ele></trkpt><trkpt lat="46.10446035629138" lon="8.87146034045145"><ele>1839.5</ele></trkpt><trkpt lat="46.10448035644367" lon="8.871490340214223"><ele>1839.5999755859375</ele></trkpt><trkpt lat="46.10451035667211" lon="8.871510340366513"><ele>1839.5799865722656</ele></trkpt><trkpt lat="46.10455035651103" lon="8.871540340129286"><ele>1839.5</ele></trkpt><trkpt lat="46.10460035642609" lon="8.871620340272784"><ele>1838.7999877929688</ele></trkpt><trkpt lat="46.10464035626501" lon="8.871680340263993"><ele>1838.5999755859375</ele></trkpt><trkpt lat="46.10465035634115" lon="8.871750339865685"><ele>1838.0999755859375</ele></trkpt><trkpt lat="46.10467035602778" lon="8.871790340170264"><ele>1837.6299743652344</ele></trkpt><trkpt lat="46.10467035602778" lon="8.871800339780748"><ele>1837.5</ele></trkpt><trkpt lat="46.104740356095135" lon="8.87193033983931"><ele>1837.0999755859375</ele></trkpt><trkpt lat="46.10477035585791" lon="8.871980339754373"><ele>1836.2999877929688</ele></trkpt><trkpt lat="46.10477035585791" lon="8.872000339906663"><ele>1836.1699829101562</ele></trkpt><trkpt lat="46.104780355934054" lon="8.872020339593291"><ele>1835.9499816894531</ele></trkpt><trkpt lat="46.104780355934054" lon="8.872050339821726"><ele>1835.8299865722656</ele></trkpt><trkpt lat="46.10477035585791" lon="8.872170339804143"><ele>1835.6999816894531</ele></trkpt><trkpt lat="46.104760355781764" lon="8.872220339719206"><ele>1835.72998046875</ele></trkpt><trkpt lat="46.104760355781764" lon="8.872260339558125"><ele>1835.7999877929688</ele></trkpt><trkpt lat="46.104760356247425" lon="8.872340340167284"><ele>1837.2099914550781</ele></trkpt><trkpt lat="46.104760356247425" lon="8.872360339853913"><ele>1837.5699768066406</ele></trkpt><trkpt lat="46.10477035632357" lon="8.872380340006202"><ele>1837.8199768066406</ele></trkpt><trkpt lat="46.104780356399715" lon="8.872410340234637"><ele>1838.3999938964844</ele></trkpt><trkpt lat="46.10481035662815" lon="8.872590340673923"><ele>1839.9099731445312</ele></trkpt><trkpt lat="46.104820356704295" lon="8.87267034035176"><ele>1840.5999755859375</ele></trkpt><trkpt lat="46.10483035678044" lon="8.87269034050405"><ele>1840.8999938964844</ele></trkpt><trkpt lat="46.10485035693273" lon="8.872720340732485"><ele>1841.3999938964844</ele></trkpt><trkpt lat="46.104860357008874" lon="8.872790340799838"><ele>1841.6299743652344</ele></trkpt><trkpt lat="46.10487035708502" lon="8.872810340952128"><ele>1841.6999816894531</ele></trkpt><trkpt lat="46.10487035708502" lon="8.872870340943336"><ele>1841.97998046875</ele></trkpt><trkpt lat="46.10487035708502" lon="8.8729203408584"><ele>1842.1899719238281</ele></trkpt><trkpt lat="46.104880357161164" lon="8.872970340773463"><ele>1842.2999877929688</ele></trkpt><trkpt lat="46.1049103573896" lon="8.873030341230333"><ele>1843.9499816894531</ele></trkpt><trkpt lat="46.104980357922614" lon="8.87315034167841"><ele>1846.0999755859375</ele></trkpt><trkpt lat="46.104980357922614" lon="8.873180341441184"><ele>1846.5199890136719</ele></trkpt><trkpt lat="46.10501035815105" lon="8.873290341813117"><ele>1848.4099731445312</ele></trkpt><trkpt lat="46.10505035845563" lon="8.873430342413485"><ele>1850.3999938964844</ele></trkpt><trkpt lat="46.10508035868406" lon="8.873490342404693"><ele>1850.8999938964844</ele></trkpt><trkpt lat="46.10509035876021" lon="8.873500342480838"><ele>1851.0699768066406</ele></trkpt><trkpt lat="46.10510035883635" lon="8.873550342395902"><ele>1851.5</ele></trkpt><trkpt lat="46.10510035883635" lon="8.873580342624336"><ele>1851.7999877929688</ele></trkpt><trkpt lat="46.10509035876021" lon="8.873620342463255"><ele>1851.9499816894531</ele></trkpt><trkpt lat="46.105080359149724" lon="8.873710342682898"><ele>1852.5999755859375</ele></trkpt><trkpt lat="46.105080359149724" lon="8.873770342674106"><ele>1853.0999755859375</ele></trkpt><trkpt lat="46.105080359149724" lon="8.873800342902541"><ele>1853.3999938964844</ele></trkpt><trkpt lat="46.10509035922587" lon="8.873840343207121"><ele>1853.72998046875</ele></trkpt><trkpt lat="46.10511035937816" lon="8.873890343122184"><ele>1854.0999755859375</ele></trkpt><trkpt lat="46.105120359454304" lon="8.873960343189538"><ele>1854.6999816894531</ele></trkpt><trkpt lat="46.10513035953045" lon="8.874100343324244"><ele>1856.0999755859375</ele></trkpt><trkpt lat="46.105140359606594" lon="8.874170343391597"><ele>1856.4499816894531</ele></trkpt><trkpt lat="46.10515035968274" lon="8.874180343467742"><ele>1856.47998046875</ele></trkpt><trkpt lat="46.105180359911174" lon="8.874230343382806"><ele>1856.97998046875</ele></trkpt><trkpt lat="46.10524035990238" lon="8.874270343687385"><ele>1858.0</ele></trkpt><trkpt lat="46.10526036005467" lon="8.874330344144255"><ele>1858.6999816894531</ele></trkpt><trkpt lat="46.10527036013082" lon="8.874430343974382"><ele>1859.47998046875</ele></trkpt><trkpt lat="46.10527036013082" lon="8.874430343974382"><ele>1859.5</ele></trkpt><trkpt lat="46.10528036020696" lon="8.874450344126672"><ele>1859.6799926757812</ele></trkpt><trkpt lat="46.10529036028311" lon="8.874470344278961"><ele>1859.7999877929688</ele></trkpt><trkpt lat="46.10529036028311" lon="8.87451034411788"><ele>1860.5999755859375</ele></trkpt><trkpt lat="46.10528036067262" lon="8.874600344337523"><ele>1861.7999877929688</ele></trkpt><trkpt lat="46.10528036067262" lon="8.874650344718248"><ele>1862.5799865722656</ele></trkpt><trkpt lat="46.10530036082491" lon="8.874700344633311"><ele>1863.3999938964844</ele></trkpt><trkpt lat="46.105340361595154" lon="8.874770345166326"><ele>1865.5299987792969</ele></trkpt><trkpt lat="46.1053503616713" lon="8.87478034524247"><ele>1865.5999755859375</ele></trkpt><trkpt lat="46.1053503616713" lon="8.874790345318615"><ele>1865.5599975585938</ele></trkpt><trkpt lat="46.10536036128178" lon="8.874850345309824"><ele>1865.5999755859375</ele></trkpt><trkpt lat="46.105360361747444" lon="8.874880345538259"><ele>1866.7899780273438</ele></trkpt><trkpt lat="46.105360362213105" lon="8.874920345842838"><ele>1868.3999938964844</ele></trkpt><trkpt lat="46.10535036213696" lon="8.874970345757902"><ele>1868.9499816894531</ele></trkpt><trkpt lat="46.10535036213696" lon="8.874990345910192"><ele>1869.0999755859375</ele></trkpt><trkpt lat="46.105360362213105" lon="8.875000345986336"><ele>1869.3399963378906</ele></trkpt><trkpt lat="46.10537036228925" lon="8.87503034574911"><ele>1869.5999755859375</ele></trkpt><trkpt lat="46.10539036244154" lon="8.87507034605369"><ele>1871.0999755859375</ele></trkpt><trkpt lat="46.10545036243275" lon="8.87511034635827"><ele>1871.8999938964844</ele></trkpt><trkpt lat="46.10546036250889" lon="8.87513034651056"><ele>1872.0999755859375</ele></trkpt><trkpt lat="46.10548036266118" lon="8.875160346273333"><ele>1872.3999938964844</ele></trkpt><trkpt lat="46.10548036266118" lon="8.875160346273333"><ele>1872.3999938964844</ele></trkpt><trkpt lat="46.10549036273733" lon="8.875180346425623"><ele>1872.8399963378906</ele></trkpt><trkpt lat="46.10551036288962" lon="8.8753003468737"><ele>1873.8999938964844</ele></trkpt><trkpt lat="46.10552036296576" lon="8.875330346636474"><ele>1874.3199768066406</ele></trkpt><trkpt lat="46.10554036311805" lon="8.875350346788764"><ele>1874.6999816894531</ele></trkpt><trkpt lat="46.10554036311805" lon="8.875420346856117"><ele>1875.0299987792969</ele></trkpt><trkpt lat="46.10554036311805" lon="8.87547034677118"><ele>1875.3999938964844</ele></trkpt><trkpt lat="46.10559036396444" lon="8.875620347447693"><ele>1879.0299987792969</ele></trkpt><trkpt lat="46.10560036404058" lon="8.875640347599983"><ele>1879.3599853515625</ele></trkpt><trkpt lat="46.10562036419287" lon="8.875690347980708"><ele>1879.8999938964844</ele></trkpt><trkpt lat="46.10565036442131" lon="8.875720347743481"><ele>1880.5</ele></trkpt><trkpt lat="46.10568036418408" lon="8.875730347819626"><ele>1880.6999816894531</ele></trkpt><trkpt lat="46.105770364403725" lon="8.875680347904563"><ele>1881.2799987792969</ele></trkpt><trkpt lat="46.105790364556015" lon="8.87567034829408"><ele>1881.3999938964844</ele></trkpt><trkpt lat="46.10580036463216" lon="8.875680347904563"><ele>1881.4499816894531</ele></trkpt><trkpt lat="46.10583036439493" lon="8.875690347980708"><ele>1881.6999816894531</ele></trkpt><trkpt lat="46.10585036454722" lon="8.875720348209143"><ele>1882.0699768066406</ele></trkpt><trkpt lat="46.10587036469951" lon="8.875740348361433"><ele>1882.2999877929688</ele></trkpt><trkpt lat="46.10588036477566" lon="8.875750348437577"><ele>1882.3999938964844</ele></trkpt><trkpt lat="46.10590036492795" lon="8.87582034850493"><ele>1882.6999816894531</ele></trkpt><trkpt lat="46.105920364614576" lon="8.875930348411202"><ele>1882.8599853515625</ele></trkpt><trkpt lat="46.10595036484301" lon="8.876070348545909"><ele>1883.9399719238281</ele></trkpt><trkpt lat="46.105960364919156" lon="8.876100348774344"><ele>1884.3999938964844</ele></trkpt><trkpt lat="46.10596036538482" lon="8.876180348917842"><ele>1885.1099853515625</ele></trkpt><trkpt lat="46.10596036538482" lon="8.876190348993987"><ele>1885.219970703125</ele></trkpt><trkpt lat="46.10598036553711" lon="8.87626034906134"><ele>1886.2999877929688</ele></trkpt><trkpt lat="46.10599036561325" lon="8.876270349137485"><ele>1886.3499755859375</ele></trkpt><trkpt lat="46.106060365680605" lon="8.876440349034965"><ele>1887.2999877929688</ele></trkpt><trkpt lat="46.106080365832895" lon="8.87651034956798"><ele>1889.5999755859375</ele></trkpt><trkpt lat="46.106100365985185" lon="8.87655034987256"><ele>1889.9299926757812</ele></trkpt><trkpt lat="46.106120366137475" lon="8.876590349711478"><ele>1890.1999816894531</ele></trkpt><trkpt lat="46.10623036604375" lon="8.876670349854976"><ele>1890.0899963378906</ele></trkpt><trkpt lat="46.10626036627218" lon="8.876690349541605"><ele>1889.6999816894531</ele></trkpt><trkpt lat="46.106270365882665" lon="8.876760349143296"><ele>1888.2999877929688</ele></trkpt><trkpt lat="46.10628036549315" lon="8.876780349295586"><ele>1887.6499938964844</ele></trkpt><trkpt lat="46.10629036556929" lon="8.876800348982215"><ele>1887.0999755859375</ele></trkpt><trkpt lat="46.10630036517978" lon="8.876840348821133"><ele>1886.2999877929688</ele></trkpt><trkpt lat="46.10630036517978" lon="8.876900348812342"><ele>1885.7999877929688</ele></trkpt><trkpt lat="46.10630036517978" lon="8.876900348812342"><ele>1885.7799987792969</ele></trkpt><trkpt lat="46.10632036533207" lon="8.876930348575115"><ele>1884.6999816894531</ele></trkpt><trkpt lat="46.106320364866406" lon="8.876950348727405"><ele>1884.0999755859375</ele></trkpt><trkpt lat="46.106320364866406" lon="8.876950348727405"><ele>1884.0</ele></trkpt><trkpt lat="46.106320364866406" lon="8.876980348490179"><ele>1883.5699768066406</ele></trkpt><trkpt lat="46.106320364866406" lon="8.877010348252952"><ele>1883.1999816894531</ele></trkpt><trkpt lat="46.10633036447689" lon="8.877020348329097"><ele>1882.3599853515625</ele></trkpt><trkpt lat="46.10635036462918" lon="8.877060348168015"><ele>1881.0</ele></trkpt><trkpt lat="46.10636036423966" lon="8.877120347693563"><ele>1880.1099853515625</ele></trkpt><trkpt lat="46.10636036423966" lon="8.877150347921997"><ele>1879.5999755859375</ele></trkpt><trkpt lat="46.10636036423966" lon="8.877160347532481"><ele>1879.239990234375</ele></trkpt><trkpt lat="46.10638036392629" lon="8.87718034768477"><ele>1877.8999938964844</ele></trkpt><trkpt lat="46.10640036361292" lon="8.8772003473714"><ele>1876.8599853515625</ele></trkpt><trkpt lat="46.10644036298618" lon="8.877290347125381"><ele>1874.6999816894531</ele></trkpt><trkpt lat="46.10646036313847" lon="8.877360346727073"><ele>1873.8599853515625</ele></trkpt><trkpt lat="46.10646036313847" lon="8.877370346803218"><ele>1873.6999816894531</ele></trkpt><trkpt lat="46.106500362511724" lon="8.877450346481055"><ele>1871.0399780273438</ele></trkpt><trkpt lat="46.1065303622745" lon="8.877510346006602"><ele>1869.469970703125</ele></trkpt><trkpt lat="46.1065303622745" lon="8.877520346082747"><ele>1869.0</ele></trkpt><trkpt lat="46.106550361961126" lon="8.87755034584552"><ele>1868.4599914550781</ele></trkpt><trkpt lat="46.106570361647755" lon="8.877620345447212"><ele>1867.239990234375</ele></trkpt><trkpt lat="46.1065803617239" lon="8.877650345675647"><ele>1866.8999938964844</ele></trkpt><trkpt lat="46.10658036125824" lon="8.877750345505774"><ele>1865.3899841308594</ele></trkpt><trkpt lat="46.10658036125824" lon="8.877780345268548"><ele>1865.0999755859375</ele></trkpt><trkpt lat="46.10660036094487" lon="8.877860344946384"><ele>1863.3899841308594</ele></trkpt><trkpt lat="46.10663036070764" lon="8.87800034461543"><ele>1862.4499816894531</ele></trkpt><trkpt lat="46.106640360783786" lon="8.87804034492001"><ele>1862.3999938964844</ele></trkpt><trkpt lat="46.10669036069885" lon="8.878140344750136"><ele>1861.8999938964844</ele></trkpt><trkpt lat="46.10669036069885" lon="8.878180344589055"><ele>1861.8499755859375</ele></trkpt><trkpt lat="46.106700360774994" lon="8.8781903446652"><ele>1861.7999877929688</ele></trkpt><trkpt lat="46.10673036100343" lon="8.878250344656408"><ele>1861.7999877929688</ele></trkpt><trkpt lat="46.10677036084235" lon="8.878300344571471"><ele>1861.7999877929688</ele></trkpt><trkpt lat="46.10680036060512" lon="8.878320344723761"><ele>1861.6999816894531</ele></trkpt><trkpt lat="46.106850360520184" lon="8.87838034471497"><ele>1861.2999877929688</ele></trkpt><trkpt lat="46.10688036074862" lon="8.878440344706178"><ele>1861.0999755859375</ele></trkpt><trkpt lat="46.10692036058754" lon="8.87855034461245"><ele>1860.7999877929688</ele></trkpt><trkpt lat="46.10694036073983" lon="8.878620344679803"><ele>1860.8099975585938</ele></trkpt><trkpt lat="46.106960360426456" lon="8.878670344594866"><ele>1860.8499755859375</ele></trkpt><trkpt lat="46.1069703605026" lon="8.87870034435764"><ele>1860.8799743652344</ele></trkpt><trkpt lat="46.10699036065489" lon="8.878730344586074"><ele>1861.0</ele></trkpt><trkpt lat="46.10699036065489" lon="8.878770344424993"><ele>1861.5999755859375</ele></trkpt><trkpt lat="46.107000360731035" lon="8.878790344577283"><ele>1861.5199890136719</ele></trkpt><trkpt lat="46.107020360883325" lon="8.878820344805717"><ele>1861.5</ele></trkpt><trkpt lat="46.1070503606461" lon="8.87887034472078"><ele>1861.1999816894531</ele></trkpt><trkpt lat="46.10711036063731" lon="8.878990344703197"><ele>1861.3399963378906</ele></trkpt><trkpt lat="46.10715036094189" lon="8.87906034477055"><ele>1861.5899963378906</ele></trkpt><trkpt lat="46.10718036070466" lon="8.879110344685614"><ele>1861.6999816894531</ele></trkpt><trkpt lat="46.107230360619724" lon="8.879190344829112"><ele>1861.6999816894531</ele></trkpt><trkpt lat="46.1072703609243" lon="8.879310344811529"><ele>1861.9499816894531</ele></trkpt><trkpt lat="46.10728036100045" lon="8.879340344574302"><ele>1862.0</ele></trkpt><trkpt lat="46.10728036100045" lon="8.879350344650447"><ele>1862.0</ele></trkpt><trkpt lat="46.10730036068708" lon="8.879380344878882"><ele>1862.0199890136719</ele></trkpt><trkpt lat="46.10734036099166" lon="8.879460344556719"><ele>1862.0999755859375</ele></trkpt><trkpt lat="46.107360360678285" lon="8.879540344700217"><ele>1861.6999816894531</ele></trkpt><trkpt lat="46.10741036059335" lon="8.879620344378054"><ele>1860.5</ele></trkpt><trkpt lat="46.10743036027998" lon="8.879640344530344"><ele>1860.1899719238281</ele></trkpt><trkpt lat="46.10746036050841" lon="8.879700344521552"><ele>1859.3999938964844</ele></trkpt><trkpt lat="46.107490360271186" lon="8.87974034436047"><ele>1859.6199951171875</ele></trkpt><trkpt lat="46.10750036034733" lon="8.879750344436616"><ele>1859.6999816894531</ele></trkpt><trkpt lat="46.107530360575765" lon="8.879790344275534"><ele>1860.0999755859375</ele></trkpt><trkpt lat="46.10758036049083" lon="8.879810344427824"><ele>1860.6999816894531</ele></trkpt><trkpt lat="46.10760036064312" lon="8.879810344427824"><ele>1860.7899780273438</ele></trkpt><trkpt lat="46.10762036079541" lon="8.879820344503969"><ele>1860.8999938964844</ele></trkpt><trkpt lat="46.10763036087155" lon="8.879860344808549"><ele>1861.3099975585938</ele></trkpt><trkpt lat="46.1076403609477" lon="8.879870344884694"><ele>1861.5</ele></trkpt><trkpt lat="46.10766036063433" lon="8.879900344647467"><ele>1861.3799743652344</ele></trkpt><trkpt lat="46.10773036070168" lon="8.879940344486386"><ele>1861.5499877929688</ele></trkpt><trkpt lat="46.10775036085397" lon="8.879960344638675"><ele>1861.6099853515625</ele></trkpt><trkpt lat="46.107760360930115" lon="8.879960344638675"><ele>1861.719970703125</ele></trkpt><trkpt lat="46.10777036100626" lon="8.879980344790965"><ele>1862.1999816894531</ele></trkpt><trkpt lat="46.10777036100626" lon="8.879980344790965"><ele>1862.2099914550781</ele></trkpt><trkpt lat="46.107780361082405" lon="8.880040344782174"><ele>1862.5</ele></trkpt><trkpt lat="46.107780361082405" lon="8.880050344858319"><ele>1862.47998046875</ele></trkpt><trkpt lat="46.10781036084518" lon="8.880080345086753"><ele>1862.5999755859375</ele></trkpt><trkpt lat="46.10782036092132" lon="8.880130345001817"><ele>1862.5399780273438</ele></trkpt><trkpt lat="46.10784036107361" lon="8.880220344755799"><ele>1862.8399963378906</ele></trkpt><trkpt lat="46.1078603612259" lon="8.880290344823152"><ele>1863.1999816894531</ele></trkpt><trkpt lat="46.10791036160663" lon="8.880360345356166"><ele>1866.0</ele></trkpt><trkpt lat="46.10792036168277" lon="8.880420345347375"><ele>1866.1999816894531</ele></trkpt><trkpt lat="46.10793036175892" lon="8.8804703457281"><ele>1866.1199951171875</ele></trkpt><trkpt lat="46.10794036183506" lon="8.880490345414728"><ele>1866.0999755859375</ele></trkpt><trkpt lat="46.10796036152169" lon="8.88062034547329"><ele>1866.5</ele></trkpt><trkpt lat="46.10811036173254" lon="8.880860345903784"><ele>1866.6999816894531</ele></trkpt><trkpt lat="46.10814036196098" lon="8.880870345514268"><ele>1866.8499755859375</ele></trkpt><trkpt lat="46.108200361952186" lon="8.880900345742702"><ele>1867.2999877929688</ele></trkpt><trkpt lat="46.10830036178231" lon="8.880900345742702"><ele>1867.2999877929688</ele></trkpt><trkpt lat="46.10830036178231" lon="8.88096034573391"><ele>1866.8799743652344</ele></trkpt><trkpt lat="46.10830036178231" lon="8.8809803458862"><ele>1866.8399963378906</ele></trkpt><trkpt lat="46.10830036178231" lon="8.881260345689952"><ele>1866.6999816894531</ele></trkpt><trkpt lat="46.10830036178231" lon="8.881380345672369"><ele>1866.719970703125</ele></trkpt><trkpt lat="46.10830036178231" lon="8.881560345645994"><ele>1866.8699951171875</ele></trkpt><trkpt lat="46.10831036185846" lon="8.8817003457807"><ele>1866.7999877929688</ele></trkpt><trkpt lat="46.10831036185846" lon="8.881750345695764"><ele>1866.7999877929688</ele></trkpt><trkpt lat="46.10831036185846" lon="8.881810345686972"><ele>1866.739990234375</ele></trkpt><trkpt lat="46.108330361545086" lon="8.881950345821679"><ele>1866.5999755859375</ele></trkpt><trkpt lat="46.10834036162123" lon="8.882020345889032"><ele>1866.5199890136719</ele></trkpt><trkpt lat="46.10834036162123" lon="8.882100345566869"><ele>1866.4099731445312</ele></trkpt><trkpt lat="46.108350361697376" lon="8.882350345607847"><ele>1866.3499755859375</ele></trkpt><trkpt lat="46.108350361697376" lon="8.882390345446765"><ele>1866.3199768066406</ele></trkpt><trkpt lat="46.108350361697376" lon="8.88244034582749"><ele>1866.2899780273438</ele></trkpt><trkpt lat="46.10836036177352" lon="8.882470345590264"><ele>1866.0399780273438</ele></trkpt><trkpt lat="46.108370361384004" lon="8.882510345429182"><ele>1865.4199829101562</ele></trkpt><trkpt lat="46.10841036122292" lon="8.882580345496535"><ele>1864.719970703125</ele></trkpt><trkpt lat="46.10844036145136" lon="8.882650345098227"><ele>1864.0999755859375</ele></trkpt><trkpt lat="46.108500360976905" lon="8.882770345080644"><ele>1863.5999755859375</ele></trkpt><trkpt lat="46.10853036120534" lon="8.882850345224142"><ele>1863.1199951171875</ele></trkpt><trkpt lat="46.10853036120534" lon="8.882850345224142"><ele>1863.1199951171875</ele></trkpt><trkpt lat="46.108540361281484" lon="8.882850345224142"><ele>1863.0799865722656</ele></trkpt><trkpt lat="46.10858036065474" lon="8.882880344986916"><ele>1861.489990234375</ele></trkpt><trkpt lat="46.108630360569805" lon="8.882920344360173"><ele>1860.0</ele></trkpt><trkpt lat="46.10866036033258" lon="8.882960344199091"><ele>1858.4099731445312</ele></trkpt><trkpt lat="46.10868036001921" lon="8.883040343876928"><ele>1857.0099792480469</ele></trkpt><trkpt lat="46.108720359392464" lon="8.883160343393683"><ele>1853.739990234375</ele></trkpt><trkpt lat="46.10875035915524" lon="8.883250343147665"><ele>1852.0599975585938</ele></trkpt><trkpt lat="46.10878035891801" lon="8.883320342749357"><ele>1850.5699768066406</ele></trkpt><trkpt lat="46.10880035860464" lon="8.883380342740566"><ele>1849.5399780273438</ele></trkpt><trkpt lat="46.10883035836741" lon="8.883430342655629"><ele>1848.3299865722656</ele></trkpt><trkpt lat="46.1088403579779" lon="8.883440342266113"><ele>1847.719970703125</ele></trkpt><trkpt lat="46.10887035820633" lon="8.883460342418402"><ele>1847.1199951171875</ele></trkpt><trkpt lat="46.10889035789296" lon="8.883510341867805"><ele>1846.1899719238281</ele></trkpt><trkpt lat="46.10893035726622" lon="8.883570341859013"><ele>1844.1299743652344</ele></trkpt><trkpt lat="46.10896035749465" lon="8.883610341697931"><ele>1843.1999816894531</ele></trkpt><trkpt lat="46.109010356944054" lon="8.88365034153685"><ele>1841.7999877929688</ele></trkpt><trkpt lat="46.109100356698036" lon="8.883700340986252"><ele>1840.6799926757812</ele></trkpt><trkpt lat="46.109120356850326" lon="8.883730341214687"><ele>1840.2099914550781</ele></trkpt><trkpt lat="46.109140356536955" lon="8.88378034112975"><ele>1839.5599975585938</ele></trkpt><trkpt lat="46.109140356536955" lon="8.883830341044813"><ele>1839.0899963378906</ele></trkpt><trkpt lat="46.1091503566131" lon="8.883860340807587"><ele>1838.3399963378906</ele></trkpt><trkpt lat="46.10916035622358" lon="8.88389034057036"><ele>1838.239990234375</ele></trkpt><trkpt lat="46.10917035629973" lon="8.883780340664089"><ele>1837.1999816894531</ele></trkpt><trkpt lat="46.10917035583407" lon="8.88372034020722"><ele>1836.22998046875</ele></trkpt><trkpt lat="46.10917035583407" lon="8.88370034005493"><ele>1835.9599914550781</ele></trkpt><trkpt lat="46.10915035568178" lon="8.883630339987576"><ele>1834.8999938964844</ele></trkpt><trkpt lat="46.10913035552949" lon="8.883590339682996"><ele>1834.0699768066406</ele></trkpt><trkpt lat="46.1091103553772" lon="8.883560339920223"><ele>1833.5</ele></trkpt><trkpt lat="46.10909035522491" lon="8.883520339615643"><ele>1832.6299743652344</ele></trkpt><trkpt lat="46.10908035514876" lon="8.883520339615643"><ele>1832.5999755859375</ele></trkpt><trkpt lat="46.10908035514876" lon="8.883500339463353"><ele>1832.3099975585938</ele></trkpt><trkpt lat="46.10907035507262" lon="8.883440339472145"><ele>1831.5999755859375</ele></trkpt><trkpt lat="46.10904035484418" lon="8.883260339032859"><ele>1829.2799987792969</ele></trkpt><trkpt lat="46.10903035476804" lon="8.883210339117795"><ele>1828.5999755859375</ele></trkpt><trkpt lat="46.10904035437852" lon="8.883120338898152"><ele>1827.3999938964844</ele></trkpt><trkpt lat="46.10906035406515" lon="8.883030338678509"><ele>1826.1999816894531</ele></trkpt><trkpt lat="46.10911035398021" lon="8.882910338230431"><ele>1824.6999816894531</ele></trkpt><trkpt lat="46.1091203535907" lon="8.882880338001996"><ele>1824.1799926757812</ele></trkpt><trkpt lat="46.109160353429615" lon="8.882810337934643"><ele>1822.8999938964844</ele></trkpt><trkpt lat="46.109160353429615" lon="8.882750337943435"><ele>1822.3699951171875</ele></trkpt><trkpt lat="46.10917035350576" lon="8.882720337715"><ele>1822.0</ele></trkpt><trkpt lat="46.1091703530401" lon="8.882690337486565"><ele>1821.489990234375</ele></trkpt><trkpt lat="46.1091703530401" lon="8.882670337334275"><ele>1821.1999816894531</ele></trkpt><trkpt lat="46.10915035288781" lon="8.882600337266922"><ele>1820.0999755859375</ele></trkpt><trkpt lat="46.10913035273552" lon="8.882580337114632"><ele>1819.6299743652344</ele></trkpt><trkpt lat="46.109120352659374" lon="8.882560337428004"><ele>1819.3999938964844</ele></trkpt><trkpt lat="46.109120352659374" lon="8.882540337275714"><ele>1819.0699768066406</ele></trkpt><trkpt lat="46.109120352659374" lon="8.882530337199569"><ele>1819.0099792480469</ele></trkpt><trkpt lat="46.109120352659374" lon="8.882520337123424"><ele>1819.0</ele></trkpt><trkpt lat="46.10913035273552" lon="8.882520337123424"><ele>1818.9499816894531</ele></trkpt><trkpt lat="46.109140352811664" lon="8.882490336894989"><ele>1818.7999877929688</ele></trkpt><trkpt lat="46.10916035249829" lon="8.88247033720836"><ele>1818.3999938964844</ele></trkpt><trkpt lat="46.10919035272673" lon="8.882480336818844"><ele>1817.7999877929688</ele></trkpt><trkpt lat="46.109210352413356" lon="8.882510337047279"><ele>1817.3999938964844</ele></trkpt><trkpt lat="46.109230352099985" lon="8.882560336496681"><ele>1816.6299743652344</ele></trkpt><trkpt lat="46.10924035217613" lon="8.88258033664897"><ele>1816.2999877929688</ele></trkpt><trkpt lat="46.109250352252275" lon="8.882650336716324"><ele>1815.6999816894531</ele></trkpt><trkpt lat="46.10926035186276" lon="8.882700336631387"><ele>1815.0899963378906</ele></trkpt><trkpt lat="46.1092703519389" lon="8.882730336394161"><ele>1814.6099853515625</ele></trkpt><trkpt lat="46.10928035154939" lon="8.882870336063206"><ele>1812.5499877929688</ele></trkpt><trkpt lat="46.10928035154939" lon="8.88290033582598"><ele>1812.1999816894531</ele></trkpt><trkpt lat="46.109280351083726" lon="8.883010335732251"><ele>1810.6999816894531</ele></trkpt><trkpt lat="46.109280351083726" lon="8.883060335647315"><ele>1810.0999755859375</ele></trkpt><trkpt lat="46.10929035115987" lon="8.883100335486233"><ele>1809.5999755859375</ele></trkpt><trkpt lat="46.109300350770354" lon="8.883160335477442"><ele>1808.5999755859375</ele></trkpt><trkpt lat="46.10933035053313" lon="8.883230335079134"><ele>1807.0</ele></trkpt><trkpt lat="46.10956034949049" lon="8.883550334256142"><ele>1802.5</ele></trkpt><trkpt lat="46.10961034940556" lon="8.88361033424735"><ele>1801.4399719238281</ele></trkpt><trkpt lat="46.109630349092185" lon="8.883640334010124"><ele>1800.8999938964844</ele></trkpt><trkpt lat="46.10966034932062" lon="8.883700334001333"><ele>1800.0999755859375</ele></trkpt><trkpt lat="46.10966034932062" lon="8.883730333764106"><ele>1799.8199768066406</ele></trkpt><trkpt lat="46.10966034885496" lon="8.883790333755314"><ele>1799.2999877929688</ele></trkpt><trkpt lat="46.10966034885496" lon="8.883830333594233"><ele>1798.6499938964844</ele></trkpt><trkpt lat="46.10966034885496" lon="8.883900333195925"><ele>1797.5999755859375</ele></trkpt><trkpt lat="46.10962034808472" lon="8.88419033261016"><ele>1794.2899780273438</ele></trkpt><trkpt lat="46.10961034800857" lon="8.884220332838595"><ele>1793.8999938964844</ele></trkpt><trkpt lat="46.10961034800857" lon="8.884300332516432"><ele>1793.0999755859375</ele></trkpt><trkpt lat="46.10961034754291" lon="8.884330332279205"><ele>1792.5999755859375</ele></trkpt><trkpt lat="46.10960034746677" lon="8.884400332346559"><ele>1791.7999877929688</ele></trkpt><trkpt lat="46.10958034731448" lon="8.884450332261622"><ele>1790.72998046875</ele></trkpt><trkpt lat="46.10958034731448" lon="8.884500332176685"><ele>1790.1999816894531</ele></trkpt><trkpt lat="46.109600347001106" lon="8.884530331939459"><ele>1789.6999816894531</ele></trkpt><trkpt lat="46.10963034722954" lon="8.884530331939459"><ele>1789.3999938964844</ele></trkpt><trkpt lat="46.109640347305685" lon="8.884520331863314"><ele>1789.2599792480469</ele></trkpt><trkpt lat="46.10965034691617" lon="8.884510331787169"><ele>1789.0999755859375</ele></trkpt><trkpt lat="46.10967034706846" lon="8.88443033164367"><ele>1788.239990234375</ele></trkpt><trkpt lat="46.10968034667894" lon="8.884400331415236"><ele>1787.7999877929688</ele></trkpt><trkpt lat="46.10969034675509" lon="8.884320331271738"><ele>1786.969970703125</ele></trkpt><trkpt lat="46.10970034636557" lon="8.884200331289321"><ele>1785.5999755859375</ele></trkpt><trkpt lat="46.109730346128345" lon="8.884120331145823"><ele>1784.6999816894531</ele></trkpt><trkpt lat="46.10981034580618" lon="8.884030330460519"><ele>1782.8199768066406</ele></trkpt><trkpt lat="46.109990344848484" lon="8.883840329945087"><ele>1777.6999816894531</ele></trkpt><trkpt lat="46.1100303446874" lon="8.883780329488218"><ele>1777.0</ele></trkpt><trkpt lat="46.11005034483969" lon="8.883730329573154"><ele>1776.5099792480469</ele></trkpt><trkpt lat="46.110060344450176" lon="8.883690329268575"><ele>1776.0999755859375</ele></trkpt><trkpt lat="46.11007034452632" lon="8.883630329277366"><ele>1775.0099792480469</ele></trkpt><trkpt lat="46.11007034452632" lon="8.883610329125077"><ele>1774.7999877929688</ele></trkpt><trkpt lat="46.11007034452632" lon="8.883600329048932"><ele>1774.5899963378906</ele></trkpt><trkpt lat="46.11005034437403" lon="8.883560329210013"><ele>1774.1999816894531</ele></trkpt><trkpt lat="46.110040344297886" lon="8.883510328829288"><ele>1773.25</ele></trkpt><trkpt lat="46.110020344145596" lon="8.88347032899037"><ele>1772.3999938964844</ele></trkpt><trkpt lat="46.10997034376487" lon="8.88339032838121"><ele>1771.1799926757812</ele></trkpt><trkpt lat="46.109960343688726" lon="8.883360328618437"><ele>1770.8199768066406</ele></trkpt><trkpt lat="46.109910343308" lon="8.883260328322649"><ele>1769.3999938964844</ele></trkpt><trkpt lat="46.10989034315571" lon="8.88320032786578"><ele>1768.3999938964844</ele></trkpt><trkpt lat="46.10988034307957" lon="8.883170328103006"><ele>1767.7999877929688</ele></trkpt><trkpt lat="46.10988034307957" lon="8.883170328103006"><ele>1767.8399963378906</ele></trkpt><trkpt lat="46.109920342918485" lon="8.883170327637345"><ele>1767.1399841308594</ele></trkpt><trkpt lat="46.10993034299463" lon="8.883170327637345"><ele>1766.6999816894531</ele></trkpt><trkpt lat="46.110010342206806" lon="8.883260327391326"><ele>1763.7999877929688</ele></trkpt><trkpt lat="46.110030342359096" lon="8.88327032700181"><ele>1763.219970703125</ele></trkpt><trkpt lat="46.110050342045724" lon="8.8832903271541"><ele>1762.5999755859375</ele></trkpt><trkpt lat="46.1100803418085" lon="8.883300326764584"><ele>1761.8999938964844</ele></trkpt><trkpt lat="46.1100803418085" lon="8.883300326764584"><ele>1761.6099853515625</ele></trkpt><trkpt lat="46.11009034188464" lon="8.883290326688439"><ele>1761.0</ele></trkpt><trkpt lat="46.11011034157127" lon="8.883290326688439"><ele>1760.4399719238281</ele></trkpt><trkpt lat="46.110120341647416" lon="8.883280326612294"><ele>1759.8599853515625</ele></trkpt><trkpt lat="46.11009034141898" lon="8.883240326307714"><ele>1758.8999938964844</ele></trkpt><trkpt lat="46.11006034119055" lon="8.883180326316506"><ele>1757.5</ele></trkpt><trkpt lat="46.110060340724885" lon="8.88315032608807"><ele>1756.6399841308594</ele></trkpt><trkpt lat="46.11005034064874" lon="8.883120325859636"><ele>1755.6999816894531</ele></trkpt><trkpt lat="46.11005034064874" lon="8.883080325555056"><ele>1754.7999877929688</ele></trkpt><trkpt lat="46.110060340259224" lon="8.883050325326622"><ele>1754.0999755859375</ele></trkpt><trkpt lat="46.110080340411514" lon="8.883030325639993"><ele>1753.8699951171875</ele></trkpt><trkpt lat="46.110080340411514" lon="8.883040325250477"><ele>1753.6699829101562</ele></trkpt><trkpt lat="46.11009034048766" lon="8.883070325478911"><ele>1753.2999877929688</ele></trkpt><trkpt lat="46.11011034017429" lon="8.88311032531783"><ele>1752.5999755859375</ele></trkpt><trkpt lat="46.11013034032658" lon="8.883120324928313"><ele>1752.3099975585938</ele></trkpt><trkpt lat="46.11016034008935" lon="8.883150325156748"><ele>1751.7999877929688</ele></trkpt><trkpt lat="46.11018033977598" lon="8.883160325232893"><ele>1751.5</ele></trkpt><trkpt lat="46.11023033969104" lon="8.883200325071812"><ele>1750.7999877929688</ele></trkpt><trkpt lat="46.110280339606106" lon="8.883230324834585"><ele>1749.8999938964844</ele></trkpt><trkpt lat="46.110340339597315" lon="8.883260324597359"><ele>1748.9499816894531</ele></trkpt><trkpt lat="46.11039033951238" lon="8.883280324283987"><ele>1747.8999938964844</ele></trkpt><trkpt lat="46.11041033919901" lon="8.883300324436277"><ele>1747.5999755859375</ele></trkpt><trkpt lat="46.110430339351296" lon="8.883320324122906"><ele>1747.1999816894531</ele></trkpt><trkpt lat="46.11049033887684" lon="8.883400323800743"><ele>1745.3999938964844</ele></trkpt><trkpt lat="46.11052033863962" lon="8.88348032394424"><ele>1744.5</ele></trkpt><trkpt lat="46.11053033871576" lon="8.883530323859304"><ele>1743.8999938964844</ele></trkpt><trkpt lat="46.1105303382501" lon="8.883600323460996"><ele>1742.9299926757812</ele></trkpt><trkpt lat="46.1105303382501" lon="8.883640323299915"><ele>1742.3999938964844</ele></trkpt><trkpt lat="46.110500338021666" lon="8.883720322977751"><ele>1741.0799865722656</ele></trkpt><trkpt lat="46.110480337869376" lon="8.88376032281667"><ele>1740.2999877929688</ele></trkpt><trkpt lat="46.11047033779323" lon="8.883830322884023"><ele>1739.3299865722656</ele></trkpt><trkpt lat="46.11043033702299" lon="8.884090322069824"><ele>1735.3899841308594</ele></trkpt><trkpt lat="46.11043033702299" lon="8.884120321832597"><ele>1734.8999938964844</ele></trkpt><trkpt lat="46.110400336328894" lon="8.884200321976095"><ele>1733.1999816894531</ele></trkpt><trkpt lat="46.11039033625275" lon="8.884240321815014"><ele>1732.6499938964844</ele></trkpt><trkpt lat="46.11039033625275" lon="8.884280321653932"><ele>1732.0999755859375</ele></trkpt><trkpt lat="46.110380336176604" lon="8.884370321407914"><ele>1731.0</ele></trkpt><trkpt lat="46.110380336176604" lon="8.884400321170688"><ele>1730.6999816894531</ele></trkpt><trkpt lat="46.11038033571094" lon="8.884540320839733"><ele>1728.8999938964844</ele></trkpt><trkpt lat="46.11038033571094" lon="8.884630321059376"><ele>1728.0999755859375</ele></trkpt><trkpt lat="46.11040033539757" lon="8.884700320661068"><ele>1727.1099853515625</ele></trkpt><trkpt lat="46.110410335008055" lon="8.884760320652276"><ele>1726.1999816894531</ele></trkpt><trkpt lat="46.11043033469468" lon="8.884860320016742"><ele>1724.6999816894531</ele></trkpt><trkpt lat="46.11045033484697" lon="8.884960319846869"><ele>1723.4399719238281</ele></trkpt><trkpt lat="46.11045033438131" lon="8.885010319761932"><ele>1722.8999938964844</ele></trkpt><trkpt lat="46.110460333991796" lon="8.885160319507122"><ele>1720.739990234375</ele></trkpt><trkpt lat="46.11047033406794" lon="8.885230319574475"><ele>1719.8099975585938</ele></trkpt><trkpt lat="46.110480333678424" lon="8.885390318930149"><ele>1717.1999816894531</ele></trkpt><trkpt lat="46.11048033321276" lon="8.885450318921357"><ele>1716.3099975585938</ele></trkpt><trkpt lat="46.11049033328891" lon="8.88552031852305"><ele>1715.1999816894531</ele></trkpt><trkpt lat="46.11051033297554" lon="8.885630318429321"><ele>1713.8999938964844</ele></trkpt><trkpt lat="46.11054033273831" lon="8.885730318259448"><ele>1712.5</ele></trkpt><trkpt lat="46.11057033203542" lon="8.885910317767411"><ele>1710.0999755859375</ele></trkpt><trkpt lat="46.110620331484824" lon="8.88608031719923"><ele>1707.7999877929688</ele></trkpt><trkpt lat="46.11066033132374" lon="8.886240317020565"><ele>1705.6999816894531</ele></trkpt><trkpt lat="46.110700330697" lon="8.886420316528529"><ele>1703.5</ele></trkpt><trkpt lat="46.11074033053592" lon="8.886610316112638"><ele>1700.7899780273438</ele></trkpt><trkpt lat="46.110780329909176" lon="8.88685031561181"><ele>1697.5</ele></trkpt><trkpt lat="46.11079032951966" lon="8.886970315128565"><ele>1695.6999816894531</ele></trkpt><trkpt lat="46.11081032920629" lon="8.887050314806402"><ele>1694.7999877929688</ele></trkpt><trkpt lat="46.11083032935858" lon="8.887070314958692"><ele>1694.4199829101562</ele></trkpt><trkpt lat="46.11086032912135" lon="8.887100314721465"><ele>1693.9599914550781</ele></trkpt><trkpt lat="46.110870329197496" lon="8.88711031479761"><ele>1693.6999816894531</ele></trkpt><trkpt lat="46.110890328884125" lon="8.887100314721465"><ele>1693.2999877929688</ele></trkpt><trkpt lat="46.110890328884125" lon="8.88709031464532"><ele>1693.2899780273438</ele></trkpt><trkpt lat="46.110890328884125" lon="8.88709031464532"><ele>1693.239990234375</ele></trkpt><trkpt lat="46.11090032896027" lon="8.887060314416885"><ele>1692.8999938964844</ele></trkpt><trkpt lat="46.11088032880798" lon="8.886970314662904"><ele>1692.6999816894531</ele></trkpt><trkpt lat="46.110870328731835" lon="8.886940314434469"><ele>1692.3699951171875</ele></trkpt><trkpt lat="46.11086032865569" lon="8.886890314519405"><ele>1691.6999816894531</ele></trkpt><trkpt lat="46.11086032865569" lon="8.886830314528197"><ele>1691.3599853515625</ele></trkpt><trkpt lat="46.11086032865569" lon="8.886790314223617"><ele>1690.719970703125</ele></trkpt><trkpt lat="46.11086032819003" lon="8.886780314147472"><ele>1690.2999877929688</ele></trkpt><trkpt lat="46.11090032802895" lon="8.886600313708186"><ele>1688.7999877929688</ele></trkpt><trkpt lat="46.11091032763943" lon="8.886500313412398"><ele>1687.0999755859375</ele></trkpt><trkpt lat="46.110920327715576" lon="8.88640031311661"><ele>1685.8999938964844</ele></trkpt><trkpt lat="46.110920327249914" lon="8.886290313210338"><ele>1684.6299743652344</ele></trkpt><trkpt lat="46.11093032732606" lon="8.886220313142985"><ele>1683.8999938964844</ele></trkpt><trkpt lat="46.1109303268604" lon="8.886120312847197"><ele>1682.5999755859375</ele></trkpt><trkpt lat="46.11091032670811" lon="8.885990312322974"><ele>1681.0999755859375</ele></trkpt><trkpt lat="46.11090032663196" lon="8.885910312179476"><ele>1680.0</ele></trkpt><trkpt lat="46.1109003261663" lon="8.885880311951041"><ele>1679.6699829101562</ele></trkpt><trkpt lat="46.1109003261663" lon="8.885790311731398"><ele>1678.3999938964844</ele></trkpt><trkpt lat="46.110910325776786" lon="8.885650311596692"><ele>1676.7999877929688</ele></trkpt><trkpt lat="46.11092032538727" lon="8.885530311614275"><ele>1675.5999755859375</ele></trkpt><trkpt lat="46.11092032538727" lon="8.885510311461985"><ele>1675.2999877929688</ele></trkpt><trkpt lat="46.110930325463414" lon="8.885470311157405"><ele>1674.6999816894531</ele></trkpt><trkpt lat="46.11095032515004" lon="8.885430311318487"><ele>1674.3699951171875</ele></trkpt><trkpt lat="46.11098032537848" lon="8.885430310852826"><ele>1673.7999877929688</ele></trkpt><trkpt lat="46.11099032498896" lon="8.88544031092897"><ele>1673.5099792480469</ele></trkpt><trkpt lat="46.111000325065106" lon="8.885450311005116"><ele>1673.2999877929688</ele></trkpt><trkpt lat="46.11101032514125" lon="8.885480310767889"><ele>1672.989990234375</ele></trkpt><trkpt lat="46.11101032514125" lon="8.885500310920179"><ele>1672.8999938964844</ele></trkpt><trkpt lat="46.11101032467559" lon="8.885640310589224"><ele>1671.5999755859375</ele></trkpt><trkpt lat="46.111020324751735" lon="8.88576031057164"><ele>1670.5</ele></trkpt><trkpt lat="46.11103032436222" lon="8.885890310164541"><ele>1669.5999755859375</ele></trkpt><trkpt lat="46.11104032443836" lon="8.886020310223103"><ele>1668.5999755859375</ele></trkpt><trkpt lat="46.11105032404885" lon="8.886090310290456"><ele>1668.2999877929688</ele></trkpt><trkpt lat="46.11106032412499" lon="8.886110309977084"><ele>1668.2099914550781</ele></trkpt><trkpt lat="46.11107032420114" lon="8.886150310281664"><ele>1668.0</ele></trkpt><trkpt lat="46.111090323887765" lon="8.886170309968293"><ele>1667.6999816894531</ele></trkpt><trkpt lat="46.11110032396391" lon="8.886190310120583"><ele>1667.2999877929688</ele></trkpt><trkpt lat="46.111150323878974" lon="8.886170309968293"><ele>1666.5999755859375</ele></trkpt><trkpt lat="46.11116032395512" lon="8.886150309816003"><ele>1666.2799987792969</ele></trkpt><trkpt lat="46.11118032364175" lon="8.886120309587568"><ele>1665.8999938964844</ele></trkpt><trkpt lat="46.11121032340452" lon="8.886030309367925"><ele>1664.6999816894531</ele></trkpt><trkpt lat="46.111220323480666" lon="8.885990309529006"><ele>1664.1399841308594</ele></trkpt><trkpt lat="46.111240323167294" lon="8.885930309072137"><ele>1663.5</ele></trkpt><trkpt lat="46.11125032277778" lon="8.88577030878514"><ele>1661.75</ele></trkpt><trkpt lat="46.11125032277778" lon="8.885630308650434"><ele>1660.1999816894531</ele></trkpt><trkpt lat="46.11125032231212" lon="8.885400308296084"><ele>1657.7999877929688</ele></trkpt><trkpt lat="46.1112603219226" lon="8.885300308000296"><ele>1656.0</ele></trkpt><trkpt lat="46.111270321533084" lon="8.885250307619572"><ele>1655.0</ele></trkpt><trkpt lat="46.11128032160923" lon="8.885220307391137"><ele>1654.3999938964844</ele></trkpt><trkpt lat="46.11135032121092" lon="8.885110307019204"><ele>1651.6999816894531</ele></trkpt><trkpt lat="46.11139032104984" lon="8.885070306714624"><ele>1650.8299865722656</ele></trkpt><trkpt lat="46.11142032081261" lon="8.88504030695185"><ele>1649.8999938964844</ele></trkpt><trkpt lat="46.11153032025322" lon="8.884990306571126"><ele>1648.1999816894531</ele></trkpt><trkpt lat="46.1115703205578" lon="8.884990306571126"><ele>1647.7999877929688</ele></trkpt><trkpt lat="46.11167032038793" lon="8.884970306418836"><ele>1646.8599853515625</ele></trkpt><trkpt lat="46.11169032007456" lon="8.884960306342691"><ele>1646.5999755859375</ele></trkpt><trkpt lat="46.11173031991348" lon="8.88500030618161"><ele>1646.2999877929688</ele></trkpt><trkpt lat="46.11173031991348" lon="8.885020305868238"><ele>1646.0999755859375</ele></trkpt><trkpt lat="46.11173031991348" lon="8.885050306096673"><ele>1645.7999877929688</ele></trkpt><trkpt lat="46.11171031976119" lon="8.885100306011736"><ele>1645.1999816894531</ele></trkpt><trkpt lat="46.1116903196089" lon="8.885140305850655"><ele>1644.5099792480469</ele></trkpt><trkpt lat="46.11167031945661" lon="8.885170305613428"><ele>1644.0999755859375</ele></trkpt><trkpt lat="46.11163031961769" lon="8.885210305452347"><ele>1643.219970703125</ele></trkpt><trkpt lat="46.1116103194654" lon="8.885230305604637"><ele>1642.6999816894531</ele></trkpt><trkpt lat="46.11157031916082" lon="8.885310305282474"><ele>1641.5</ele></trkpt><trkpt lat="46.111560319084674" lon="8.885370305273682"><ele>1640.9499816894531</ele></trkpt><trkpt lat="46.11155031900853" lon="8.885400305036455"><ele>1640.5999755859375</ele></trkpt><trkpt lat="46.111540318932384" lon="8.885470305103809"><ele>1640.0</ele></trkpt><trkpt lat="46.111540318932384" lon="8.885520305018872"><ele>1639.5999755859375</ele></trkpt><trkpt lat="46.111540318932384" lon="8.885550304781646"><ele>1639.2999877929688</ele></trkpt><trkpt lat="46.11155031854287" lon="8.885590304620564"><ele>1638.6099853515625</ele></trkpt><trkpt lat="46.11156031861901" lon="8.885660304687917"><ele>1637.5999755859375</ele></trkpt><trkpt lat="46.1115703182295" lon="8.88573030428961"><ele>1636.3999938964844</ele></trkpt><trkpt lat="46.1116203176789" lon="8.885890304110944"><ele>1634.5</ele></trkpt><trkpt lat="46.11163031775504" lon="8.885980303864926"><ele>1633.2699890136719</ele></trkpt><trkpt lat="46.11163031728938" lon="8.886050303466618"><ele>1632.2999877929688</ele></trkpt><trkpt lat="46.111680316738784" lon="8.886250303126872"><ele>1629.5</ele></trkpt><trkpt lat="46.11173031665385" lon="8.886380302719772"><ele>1627.5999755859375</ele></trkpt><trkpt lat="46.111750316340476" lon="8.886450302787125"><ele>1626.719970703125</ele></trkpt><trkpt lat="46.11176031641662" lon="8.886500302702188"><ele>1626.0</ele></trkpt><trkpt lat="46.111770316027105" lon="8.88659030245617"><ele>1624.739990234375</ele></trkpt><trkpt lat="46.11178031563759" lon="8.886640301905572"><ele>1624.0</ele></trkpt><trkpt lat="46.11181031540036" lon="8.886810301803052"><ele>1621.6999816894531</ele></trkpt><trkpt lat="46.111840315163136" lon="8.886920301243663"><ele>1620.1699829101562</ele></trkpt><trkpt lat="46.111860314849764" lon="8.887000301387161"><ele>1619.0999755859375</ele></trkpt><trkpt lat="46.11188031453639" lon="8.887140301056206"><ele>1616.969970703125</ele></trkpt><trkpt lat="46.111910314299166" lon="8.887260300572962"><ele>1615.6999816894531</ele></trkpt><trkpt lat="46.11194031406194" lon="8.887330300640315"><ele>1615.1499938964844</ele></trkpt><trkpt lat="46.11198031390086" lon="8.887420300394297"><ele>1613.469970703125</ele></trkpt><trkpt lat="46.11200031358749" lon="8.88745030015707"><ele>1612.5</ele></trkpt><trkpt lat="46.112040313426405" lon="8.887560300063342"><ele>1611.5</ele></trkpt><trkpt lat="46.112080313265324" lon="8.887650299817324"><ele>1609.7799987792969</ele></trkpt><trkpt lat="46.11209031287581" lon="8.887690299656242"><ele>1609.1499938964844</ele></trkpt><trkpt lat="46.112130312714726" lon="8.887780299410224"><ele>1607.6999816894531</ele></trkpt><trkpt lat="46.1121603124775" lon="8.887820299249142"><ele>1607.0199890136719</ele></trkpt><trkpt lat="46.11221031239256" lon="8.887910299003124"><ele>1605.5</ele></trkpt><trkpt lat="46.112260312307626" lon="8.887980298604816"><ele>1604.7799987792969</ele></trkpt><trkpt lat="46.112280311994255" lon="8.888020298443735"><ele>1604.0</ele></trkpt><trkpt lat="46.11235031159595" lon="8.888090298511088"><ele>1602.5499877929688</ele></trkpt><trkpt lat="46.11238031182438" lon="8.888120298273861"><ele>1601.8999938964844</ele></trkpt><trkpt lat="46.11244031134993" lon="8.888180297799408"><ele>1600.8999938964844</ele></trkpt><trkpt lat="46.11253031110391" lon="8.888240297790617"><ele>1599.0</ele></trkpt><trkpt lat="46.11266031069681" lon="8.888310296926647"><ele>1595.8199768066406</ele></trkpt><trkpt lat="46.112760310061276" lon="8.888370296452194"><ele>1593.0</ele></trkpt><trkpt lat="46.11284030973911" lon="8.888430296443403"><ele>1591.5599975585938</ele></trkpt><trkpt lat="46.11300030909479" lon="8.888570295646787"><ele>1588.1799926757812</ele></trkpt><trkpt lat="46.11305030900985" lon="8.88862029556185"><ele>1587.25</ele></trkpt><trkpt lat="46.113060308620334" lon="8.88862029556185"><ele>1586.7999877929688</ele></trkpt><trkpt lat="46.113150308374316" lon="8.888690295163542"><ele>1585.1999816894531</ele></trkpt><trkpt lat="46.11322030844167" lon="8.888740295078605"><ele>1583.989990234375</ele></trkpt><trkpt lat="46.11325030820444" lon="8.888750294689089"><ele>1583.5</ele></trkpt><trkpt lat="46.11339030787349" lon="8.888820294756442"><ele>1581.4199829101562</ele></trkpt><trkpt lat="46.1135003073141" lon="8.88888029428199"><ele>1579.3999938964844</ele></trkpt><trkpt lat="46.113580306991935" lon="8.888930293731391"><ele>1577.5999755859375</ele></trkpt><trkpt lat="46.11374030681327" lon="8.889040293637663"><ele>1575.5999755859375</ele></trkpt><trkpt lat="46.11381030688062" lon="8.889090293552727"><ele>1576.0999755859375</ele></trkpt><trkpt lat="46.11383030703291" lon="8.889120293781161"><ele>1576.0999755859375</ele></trkpt><trkpt lat="46.113880306947976" lon="8.88918029377237"><ele>1576.1999816894531</ele></trkpt><trkpt lat="46.113940306939185" lon="8.889250293839723"><ele>1576.1999816894531</ele></trkpt><trkpt lat="46.11395030701533" lon="8.889260293450207"><ele>1576.1999816894531</ele></trkpt><trkpt lat="46.11396030662581" lon="8.889270293526351"><ele>1576.1899719238281</ele></trkpt><trkpt lat="46.114070306997746" lon="8.889340293593705"><ele>1576.0999755859375</ele></trkpt><trkpt lat="46.11416030675173" lon="8.889400293584913"><ele>1576.0999755859375</ele></trkpt><trkpt lat="46.114270306658" lon="8.889440293423831"><ele>1576.1999816894531</ele></trkpt><trkpt lat="46.114410306792706" lon="8.889480293728411"><ele>1576.1999816894531</ele></trkpt><trkpt lat="46.11453030677512" lon="8.88954029371962"><ele>1576.0999755859375</ele></trkpt><trkpt lat="46.114640306681395" lon="8.889620293863118"><ele>1576.1999816894531</ele></trkpt><trkpt lat="46.1147803068161" lon="8.889760293532163"><ele>1576.7999877929688</ele></trkpt><trkpt lat="46.11484030680731" lon="8.889840293675661"><ele>1576.4199829101562</ele></trkpt><trkpt lat="46.11488030664623" lon="8.88990029366687"><ele>1576.1999816894531</ele></trkpt><trkpt lat="46.11492030695081" lon="8.889950293581933"><ele>1575.5</ele></trkpt><trkpt lat="46.11492030695081" lon="8.889950293581933"><ele>1575.5699768066406</ele></trkpt><trkpt lat="46.114910306409" lon="8.890000293496996"><ele>1574.989990234375</ele></trkpt><trkpt lat="46.114900306332856" lon="8.890080293174833"><ele>1574.1999816894531</ele></trkpt><trkpt lat="46.11486030602828" lon="8.89018029300496"><ele>1571.7999877929688</ele></trkpt><trkpt lat="46.11480030557141" lon="8.890350292436779"><ele>1568.5999755859375</ele></trkpt><trkpt lat="46.11479030549526" lon="8.890390292275697"><ele>1568.2599792480469</ele></trkpt><trkpt lat="46.11474030511454" lon="8.89057029178366"><ele>1566.6999816894531</ele></trkpt><trkpt lat="46.11470030480996" lon="8.890730291604996"><ele>1565.3999938964844</ele></trkpt><trkpt lat="46.11470030480996" lon="8.890770291443914"><ele>1564.8999938964844</ele></trkpt><trkpt lat="46.11470030480996" lon="8.890820291358978"><ele>1564.2999877929688</ele></trkpt><trkpt lat="46.11471030442044" lon="8.890980291180313"><ele>1562.219970703125</ele></trkpt><trkpt lat="46.114720304030925" lon="8.891040291171521"><ele>1561.2999877929688</ele></trkpt><trkpt lat="46.1147503037937" lon="8.891100290697068"><ele>1559.9499816894531</ele></trkpt><trkpt lat="46.11476030386984" lon="8.891120290849358"><ele>1559.3999938964844</ele></trkpt><trkpt lat="46.11482030339539" lon="8.89119029045105"><ele>1557.5</ele></trkpt><trkpt lat="46.11491030268371" lon="8.891270289663225"><ele>1554.7999877929688</ele></trkpt><trkpt lat="46.1149803022854" lon="8.891350289341062"><ele>1552.5</ele></trkpt><trkpt lat="46.11504030227661" lon="8.891400289256126"><ele>1551.0</ele></trkpt><trkpt lat="46.1151103018783" lon="8.891450288705528"><ele>1549.3999938964844</ele></trkpt><trkpt lat="46.11521030124277" lon="8.891520288772881"><ele>1547.5999755859375</ele></trkpt><trkpt lat="46.11542030097917" lon="8.891640287823975"><ele>1544.3999938964844</ele></trkpt><trkpt lat="46.11549030058086" lon="8.891700287815183"><ele>1543.7799987792969</ele></trkpt><trkpt lat="46.11554030049592" lon="8.891720287967473"><ele>1543.3999938964844</ele></trkpt><trkpt lat="46.11564030079171" lon="8.891750287730247"><ele>1543.0999755859375</ele></trkpt><trkpt lat="46.11574030062184" lon="8.891810287721455"><ele>1542.6999816894531</ele></trkpt><trkpt lat="46.115860300604254" lon="8.891880287788808"><ele>1542.1999816894531</ele></trkpt><trkpt lat="46.115970300510526" lon="8.891960287466645"><ele>1541.7999877929688</ele></trkpt><trkpt lat="46.11605030018836" lon="8.892060287296772"><ele>1541.3499755859375</ele></trkpt><trkpt lat="46.116120300255716" lon="8.892210287507623"><ele>1540.5</ele></trkpt><trkpt lat="46.11620029993355" lon="8.892340287100524"><ele>1539.2999877929688</ele></trkpt><trkpt lat="46.11624029977247" lon="8.89242028677836"><ele>1538.5999755859375</ele></trkpt><trkpt lat="46.11630029976368" lon="8.892500286921859"><ele>1537.5399780273438</ele></trkpt><trkpt lat="46.11632029945031" lon="8.892530286684632"><ele>1537.1099853515625</ele></trkpt><trkpt lat="46.116420299280435" lon="8.892670286353678"><ele>1536.0799865722656</ele></trkpt><trkpt lat="46.116440299432725" lon="8.892700286582112"><ele>1535.8699951171875</ele></trkpt><trkpt lat="46.11653029918671" lon="8.892810286488384"><ele>1535.2999877929688</ele></trkpt><trkpt lat="46.11664029909298" lon="8.89291028631851"><ele>1534.5</ele></trkpt><trkpt lat="46.116740298923105" lon="8.892990285996348"><ele>1533.7999877929688</ele></trkpt><trkpt lat="46.11684029875323" lon="8.893050285987556"><ele>1533.0999755859375</ele></trkpt><trkpt lat="46.11686029890552" lon="8.893060286063701"><ele>1533.0199890136719</ele></trkpt><trkpt lat="46.11688029859215" lon="8.89308028575033"><ele>1532.9199829101562</ele></trkpt><trkpt lat="46.11682029860094" lon="8.89310028590262"><ele>1533.3699951171875</ele></trkpt><trkpt lat="46.11677029868588" lon="8.89312028605491"><ele>1533.5199890136719</ele></trkpt><trkpt lat="46.11673029884696" lon="8.893130286131054"><ele>1533.6299743652344</ele></trkpt><trkpt lat="46.11667029885575" lon="8.893170285969973"><ele>1532.6799926757812</ele></trkpt><trkpt lat="46.11656029801816" lon="8.893260285258293"><ele>1529.6099853515625</ele></trkpt><trkpt lat="46.11652029771358" lon="8.893290285021067"><ele>1528.6999816894531</ele></trkpt></trkseg></trk></gpx>