<?xml version="1.0" encoding="utf-8"?><gpx version="1.1" creator="MySchweizMobil - https://map.schweizmobil.ch/" xmlns:xsi="http://www.w3.org/2001/XMLSchema-instance" xmlns="http://www.topografix.com/GPX/1/1" xsi:schemaLocation="http://www.topografix.com/GPX/1/1 http://www.topografix.com/GPX/1/1/gpx.xsd"><metadata><name>260502_schauenberg</name><bounds minlat="47.455530176404864" minlon="8.773420097772032" maxlat="47.49838011804968" maxlon="8.868050161749125" /></metadata><trk><name>260502_schauenberg</name><trkseg><trkpt lat="47.457950114272535" lon="8.773490097839385"><ele>491.5999755859375</ele></trkpt><trkpt lat="47.45794011419639" lon="8.773480098228902"><ele>491.4599914550781</ele></trkpt><trkpt lat="47.45782011421397" lon="8.773420097772032"><ele>490.91998291015625</ele></trkpt><trkpt lat="47.457760114222765" lon="8.773730097804219"><ele>490.9599914550781</ele></trkpt><trkpt lat="47.4577101143077" lon="8.773970098234713"><ele>491.489990234375</ele></trkpt><trkpt lat="47.45765011431649" lon="8.77424009796232"><ele>492.0299987792969</ele></trkpt><trkpt lat="47.457590114325285" lon="8.774510098155588"><ele>492.5199890136719</ele></trkpt><trkpt lat="47.457590114325285" lon="8.774510098155588"><ele>492.5299987792969</ele></trkpt><trkpt lat="47.45766011439264" lon="8.774550097994506"><ele>492.5</ele></trkpt><trkpt lat="47.45773011445999" lon="8.774580098222941"><ele>492.9399719238281</ele></trkpt><trkpt lat="47.45773011445999" lon="8.774580098222941"><ele>493.0999755859375</ele></trkpt><trkpt lat="47.457780114375055" lon="8.774610098451376"><ele>493.0999755859375</ele></trkpt><trkpt lat="47.457840114831924" lon="8.77466009836644"><ele>493.15997314453125</ele></trkpt><trkpt lat="47.457840114831924" lon="8.77466009836644"><ele>493.1999816894531</ele></trkpt><trkpt lat="47.45788011467084" lon="8.774700098205358"><ele>493.1999816894531</ele></trkpt><trkpt lat="47.45789011474699" lon="8.774700098205358"><ele>493.2599792480469</ele></trkpt><trkpt lat="47.45790011482313" lon="8.774710098281503"><ele>493.29998779296875</ele></trkpt><trkpt lat="47.45792011450976" lon="8.774740098509938"><ele>493.2699890136719</ele></trkpt><trkpt lat="47.45794011466205" lon="8.774770098272711"><ele>493.29998779296875</ele></trkpt><trkpt lat="47.45807011472061" lon="8.774940098170191"><ele>493.1999816894531</ele></trkpt><trkpt lat="47.45819011470303" lon="8.775080098304898"><ele>493.1299743652344</ele></trkpt><trkpt lat="47.45819011470303" lon="8.775080098304898"><ele>493.0999755859375</ele></trkpt><trkpt lat="47.45815011439845" lon="8.775130098219961"><ele>493.2599792480469</ele></trkpt><trkpt lat="47.4580901148729" lon="8.775230098515749"><ele>493.5</ele></trkpt><trkpt lat="47.45804011449218" lon="8.77534009842202"><ele>493.6499938964844</ele></trkpt><trkpt lat="47.458010114729404" lon="8.775400098413229"><ele>493.6999816894531</ele></trkpt><trkpt lat="47.45800011465326" lon="8.775460098404437"><ele>493.8299865722656</ele></trkpt><trkpt lat="47.45800011465326" lon="8.775470098480582"><ele>493.8999938964844</ele></trkpt><trkpt lat="47.45800011465326" lon="8.775480098556727"><ele>493.8699951171875</ele></trkpt><trkpt lat="47.458010114729404" lon="8.775520098395646"><ele>494.0</ele></trkpt><trkpt lat="47.45802011480555" lon="8.775540098547935"><ele>494.05999755859375</ele></trkpt><trkpt lat="47.458030114881694" lon="8.775580098386854"><ele>494.29998779296875</ele></trkpt><trkpt lat="47.45810011494905" lon="8.77572009852156"><ele>495.16998291015625</ele></trkpt><trkpt lat="47.45812011510134" lon="8.77578009897843"><ele>495.5</ele></trkpt><trkpt lat="47.45813011517748" lon="8.775820098817348"><ele>495.8499755859375</ele></trkpt><trkpt lat="47.45814011525363" lon="8.7759700990282"><ele>497.239990234375</ele></trkpt><trkpt lat="47.45815011579543" lon="8.776080099400133"><ele>498.3999938964844</ele></trkpt><trkpt lat="47.45814011618495" lon="8.776190099772066"><ele>499.6999816894531</ele></trkpt><trkpt lat="47.458130116108805" lon="8.776280099526048"><ele>500.8199768066406</ele></trkpt><trkpt lat="47.458130116108805" lon="8.776310099754483"><ele>501.1999816894531</ele></trkpt><trkpt lat="47.45815011719242" lon="8.776530100498348"><ele>504.1099853515625</ele></trkpt><trkpt lat="47.45818011742085" lon="8.776790101081133"><ele>507.29998779296875</ele></trkpt><trkpt lat="47.45821011858061" lon="8.777170101646334"><ele>511.3999938964844</ele></trkpt><trkpt lat="47.458200118504465" lon="8.777210101950914"><ele>511.5999755859375</ele></trkpt><trkpt lat="47.458180118817836" lon="8.777230101637542"><ele>511.8999938964844</ele></trkpt><trkpt lat="47.45817011874169" lon="8.777220102027059"><ele>512.0099792480469</ele></trkpt><trkpt lat="47.4581501185894" lon="8.777200101874769"><ele>512.2699890136719</ele></trkpt><trkpt lat="47.45811011875048" lon="8.777180101722479"><ele>512.7999877929688</ele></trkpt><trkpt lat="47.458030119072646" lon="8.777100102044642"><ele>514.239990234375</ele></trkpt><trkpt lat="47.4580201189965" lon="8.777090102434158"><ele>514.3999938964844</ele></trkpt><trkpt lat="47.45799011923373" lon="8.777080102358013"><ele>514.8999938964844</ele></trkpt><trkpt lat="47.45795011939481" lon="8.777070102281868"><ele>515.5999755859375</ele></trkpt><trkpt lat="47.457920119632035" lon="8.777080102823675"><ele>516.3199768066406</ele></trkpt><trkpt lat="47.45788011979312" lon="8.777100102510303"><ele>517.1199951171875</ele></trkpt><trkpt lat="47.45787011971697" lon="8.77711010305211"><ele>517.5999755859375</ele></trkpt><trkpt lat="47.457830119878054" lon="8.777160102967173"><ele>518.5999755859375</ele></trkpt><trkpt lat="47.45778012042865" lon="8.777270103339106"><ele>520.2999877929688</ele></trkpt><trkpt lat="47.457700121216476" lon="8.777510104235262"><ele>524.0</ele></trkpt><trkpt lat="47.45768012152985" lon="8.777610104065388"><ele>524.989990234375</ele></trkpt><trkpt lat="47.45764012169093" lon="8.77780010458082"><ele>526.5299987792969</ele></trkpt><trkpt lat="47.4576201220043" lon="8.777910104487091"><ele>527.2999877929688</ele></trkpt><trkpt lat="47.4576201220043" lon="8.77803010493517"><ele>527.8999938964844</ele></trkpt><trkpt lat="47.457630122080445" lon="8.778120104689151"><ele>528.3999938964844</ele></trkpt><trkpt lat="47.45764012215659" lon="8.778140104841441"><ele>528.5999755859375</ele></trkpt><trkpt lat="47.457690122537315" lon="8.77837010519579"><ele>530.0</ele></trkpt><trkpt lat="47.45772012276575" lon="8.778500105254352"><ele>530.5</ele></trkpt><trkpt lat="47.457750122994184" lon="8.778630105312914"><ele>531.1999816894531</ele></trkpt><trkpt lat="47.4577901228331" lon="8.778590105473995"><ele>531.239990234375</ele></trkpt><trkpt lat="47.457900122739375" lon="8.778520105406642"><ele>531.5699768066406</ele></trkpt><trkpt lat="47.45791012281552" lon="8.778510105330497"><ele>531.5999755859375</ele></trkpt><trkpt lat="47.457940123043954" lon="8.778510105330497"><ele>531.6499938964844</ele></trkpt><trkpt lat="47.45799012295902" lon="8.778530105482787"><ele>531.5999755859375</ele></trkpt><trkpt lat="47.458030122797936" lon="8.77858010539785"><ele>531.5</ele></trkpt><trkpt lat="47.45804012287408" lon="8.778590105473995"><ele>531.47998046875</ele></trkpt><trkpt lat="47.45806012302637" lon="8.778640105389059"><ele>531.3999938964844</ele></trkpt><trkpt lat="47.458110122941434" lon="8.778760105371475"><ele>531.2899780273438</ele></trkpt><trkpt lat="47.45815012278035" lon="8.778850105125457"><ele>531.2799987792969</ele></trkpt><trkpt lat="47.45821012277156" lon="8.778980105184019"><ele>531.2999877929688</ele></trkpt><trkpt lat="47.458240122999996" lon="8.779040105175227"><ele>531.2999877929688</ele></trkpt><trkpt lat="47.458300122991204" lon="8.779170105233788"><ele>531.2999877929688</ele></trkpt><trkpt lat="47.45831012260169" lon="8.779170105233788"><ele>531.3399963378906</ele></trkpt><trkpt lat="47.458390122745186" lon="8.779290105216205"><ele>531.3999938964844</ele></trkpt><trkpt lat="47.45850012265146" lon="8.779400105588138"><ele>531.5</ele></trkpt><trkpt lat="47.45861012302339" lon="8.779500105418265"><ele>531.5999755859375</ele></trkpt><trkpt lat="47.4586701230146" lon="8.779540105257183"><ele>531.5199890136719</ele></trkpt><trkpt lat="47.458750122692436" lon="8.779590105172247"><ele>531.3999938964844</ele></trkpt><trkpt lat="47.4588001226075" lon="8.779640105552971"><ele>531.1799926757812</ele></trkpt><trkpt lat="47.45882012275979" lon="8.7796601052396"><ele>531.0999755859375</ele></trkpt><trkpt lat="47.45887012267485" lon="8.779720105230808"><ele>530.6499938964844</ele></trkpt><trkpt lat="47.45891012251377" lon="8.779780105222017"><ele>530.1999816894531</ele></trkpt><trkpt lat="47.458940122276545" lon="8.779840105213225"><ele>529.7799987792969</ele></trkpt><trkpt lat="47.458960122428834" lon="8.779910104814917"><ele>529.2899780273438</ele></trkpt><trkpt lat="47.45898012211546" lon="8.779970104806125"><ele>528.8999938964844</ele></trkpt><trkpt lat="47.45900012226775" lon="8.780050104949623"><ele>528.2899780273438</ele></trkpt><trkpt lat="47.45901012187824" lon="8.78013010462746"><ele>527.7599792480469</ele></trkpt><trkpt lat="47.45902012195438" lon="8.780260104686022"><ele>526.8999938964844</ele></trkpt><trkpt lat="47.459030121564865" lon="8.780560104176402"><ele>525.0999755859375</ele></trkpt><trkpt lat="47.45906012132764" lon="8.780740104150027"><ele>524.0899963378906</ele></trkpt><trkpt lat="47.45906012132764" lon="8.780800104141235"><ele>523.8999938964844</ele></trkpt><trkpt lat="47.45909012109041" lon="8.780910104047507"><ele>523.5</ele></trkpt><trkpt lat="47.459140121005476" lon="8.781080103944987"><ele>523.1999816894531</ele></trkpt><trkpt lat="47.45919012092054" lon="8.781190103851259"><ele>523.0999755859375</ele></trkpt><trkpt lat="47.459200120996684" lon="8.781220104079694"><ele>523.0799865722656</ele></trkpt><trkpt lat="47.45923012122512" lon="8.781260103918612"><ele>523.0</ele></trkpt><trkpt lat="47.45923012122512" lon="8.781260103918612"><ele>523.0199890136719</ele></trkpt><trkpt lat="47.45943012088537" lon="8.781540103722364"><ele>522.6999816894531</ele></trkpt><trkpt lat="47.45949012087658" lon="8.781640104018152"><ele>522.5899963378906</ele></trkpt><trkpt lat="47.459500120952725" lon="8.781650103628635"><ele>522.5999755859375</ele></trkpt><trkpt lat="47.459540120791644" lon="8.781740103848279"><ele>522.5</ele></trkpt><trkpt lat="47.45959012070671" lon="8.78185010375455"><ele>522.3999938964844</ele></trkpt><trkpt lat="47.45960012078285" lon="8.781890103593469"><ele>522.3999938964844</ele></trkpt><trkpt lat="47.459610120859" lon="8.781920103821903"><ele>522.3499755859375</ele></trkpt><trkpt lat="47.459690121002495" lon="8.78219010354951"><ele>522.1199951171875</ele></trkpt><trkpt lat="47.45972012076527" lon="8.782290103845298"><ele>522.0</ele></trkpt><trkpt lat="47.45983012067154" lon="8.782650103792548"><ele>521.6999816894531</ele></trkpt><trkpt lat="47.45983012067154" lon="8.782680103555322"><ele>521.6499938964844</ele></trkpt><trkpt lat="47.45983012067154" lon="8.782710103783756"><ele>521.5999755859375</ele></trkpt><trkpt lat="47.459840120747685" lon="8.782730103470385"><ele>521.5999755859375</ele></trkpt><trkpt lat="47.45985012082383" lon="8.782750103622675"><ele>521.6099853515625</ele></trkpt><trkpt lat="47.45987012051046" lon="8.782880103681237"><ele>521.5199890136719</ele></trkpt><trkpt lat="47.45987012051046" lon="8.782880103681237"><ele>521.5999755859375</ele></trkpt><trkpt lat="47.45980012090877" lon="8.782890103757381"><ele>522.3999938964844</ele></trkpt><trkpt lat="47.45967012131587" lon="8.782910103909671"><ele>523.8899841308594</ele></trkpt><trkpt lat="47.4596201214008" lon="8.782910104375333"><ele>524.5</ele></trkpt><trkpt lat="47.459580121561885" lon="8.782930104061961"><ele>524.9399719238281</ele></trkpt><trkpt lat="47.45953012164682" lon="8.782950104214251"><ele>525.5</ele></trkpt><trkpt lat="47.45944012189284" lon="8.78299010451883"><ele>526.5999755859375</ele></trkpt><trkpt lat="47.45942012174055" lon="8.783000104594976"><ele>526.9199829101562</ele></trkpt><trkpt lat="47.459360122215" lon="8.78303010482341"><ele>527.5</ele></trkpt><trkpt lat="47.459360122215" lon="8.78303010482341"><ele>527.5499877929688</ele></trkpt><trkpt lat="47.45940012205392" lon="8.783110104966909"><ele>527.7999877929688</ele></trkpt><trkpt lat="47.459410122130066" lon="8.783110104966909"><ele>527.989990234375</ele></trkpt><trkpt lat="47.459430122282356" lon="8.783120105043054"><ele>528.1999816894531</ele></trkpt><trkpt lat="47.459450122434646" lon="8.783130105119199"><ele>528.5099792480469</ele></trkpt><trkpt lat="47.459470122121274" lon="8.783150104805827"><ele>528.7999877929688</ele></trkpt><trkpt lat="47.459640122484416" lon="8.783200105186552"><ele>530.3299865722656</ele></trkpt><trkpt lat="47.45971012255177" lon="8.783220105338842"><ele>530.5999755859375</ele></trkpt><trkpt lat="47.45978012261912" lon="8.783240105491132"><ele>530.5599975585938</ele></trkpt><trkpt lat="47.45984012261033" lon="8.78326010517776"><ele>530.5</ele></trkpt><trkpt lat="47.45994012244046" lon="8.783310105092824"><ele>530.1999816894531</ele></trkpt><trkpt lat="47.459910122677684" lon="8.783380105160177"><ele>530.9499816894531</ele></trkpt><trkpt lat="47.459910122677684" lon="8.783380105160177"><ele>531.0</ele></trkpt><trkpt lat="47.45988012291491" lon="8.783400105312467"><ele>531.2999877929688</ele></trkpt><trkpt lat="47.45983012299985" lon="8.783380105625838"><ele>532.5299987792969</ele></trkpt><trkpt lat="47.4597701234743" lon="8.783350105863065"><ele>534.0999755859375</ele></trkpt><trkpt lat="47.459740123711526" lon="8.783350105863065"><ele>535.0</ele></trkpt><trkpt lat="47.45970012387261" lon="8.78336010640487"><ele>535.47998046875</ele></trkpt><trkpt lat="47.45969012379646" lon="8.78336010640487"><ele>535.6199951171875</ele></trkpt><trkpt lat="47.459650123957545" lon="8.783390106167644"><ele>536.1999816894531</ele></trkpt><trkpt lat="47.45960012404248" lon="8.783440106548369"><ele>536.8999938964844</ele></trkpt><trkpt lat="47.45956012420356" lon="8.783530106768012"><ele>538.3499755859375</ele></trkpt><trkpt lat="47.45953012444079" lon="8.783600106835365"><ele>539.5399780273438</ele></trkpt><trkpt lat="47.45951012475416" lon="8.78367010736838"><ele>541.1999816894531</ele></trkpt><trkpt lat="47.45949012506753" lon="8.783750107511878"><ele>542.6199951171875</ele></trkpt><trkpt lat="47.45948012545705" lon="8.783840107731521"><ele>544.1999816894531</ele></trkpt><trkpt lat="47.459500126075" lon="8.78392010834068"><ele>546.4199829101562</ele></trkpt><trkpt lat="47.459510126151145" lon="8.783970108255744"><ele>547.8999938964844</ele></trkpt><trkpt lat="47.459510126151145" lon="8.783980108331889"><ele>547.8999938964844</ele></trkpt><trkpt lat="47.45958012808114" lon="8.784260109532624"><ele>554.8999938964844</ele></trkpt><trkpt lat="47.45963012892753" lon="8.784600110724568"><ele>559.7999877929688</ele></trkpt><trkpt lat="47.459660129621625" lon="8.784760111011565"><ele>562.6999816894531</ele></trkpt><trkpt lat="47.459660129621625" lon="8.78479011124"><ele>563.3099975585938</ele></trkpt><trkpt lat="47.45967012969777" lon="8.784840111620724"><ele>564.0999755859375</ele></trkpt><trkpt lat="47.459820130839944" lon="8.785050112288445"><ele>569.0999755859375</ele></trkpt><trkpt lat="47.45987013122067" lon="8.785120112355798"><ele>569.7099914550781</ele></trkpt><trkpt lat="47.45988013129681" lon="8.785130112431943"><ele>569.7999877929688</ele></trkpt><trkpt lat="47.4598901309073" lon="8.785150112584233"><ele>569.9399719238281</ele></trkpt><trkpt lat="47.45993013121188" lon="8.78525011241436"><ele>570.5999755859375</ele></trkpt><trkpt lat="47.46002013143152" lon="8.78548011276871"><ele>570.5299987792969</ele></trkpt><trkpt lat="47.46007013134658" lon="8.785600112751126"><ele>570.2999877929688</ele></trkpt><trkpt lat="47.4601101311855" lon="8.785870112478733"><ele>569.1999816894531</ele></trkpt><trkpt lat="47.46013013087213" lon="8.786020112689584"><ele>569.6999816894531</ele></trkpt><trkpt lat="47.460160131100565" lon="8.786120112519711"><ele>569.7699890136719</ele></trkpt><trkpt lat="47.460180131252855" lon="8.786190112587065"><ele>569.5999755859375</ele></trkpt><trkpt lat="47.46022013109177" lon="8.786270112730563"><ele>570.5999755859375</ele></trkpt><trkpt lat="47.46024013124406" lon="8.786290112882853"><ele>570.7599792480469</ele></trkpt><trkpt lat="47.46029013162479" lon="8.786340112797916"><ele>571.6899719238281</ele></trkpt><trkpt lat="47.46032013138756" lon="8.786380113102496"><ele>572.1999816894531</ele></trkpt><trkpt lat="47.46040013153106" lon="8.786430113017559"><ele>572.6999816894531</ele></trkpt><trkpt lat="47.46064013149589" lon="8.786650112830102"><ele>571.6999816894531</ele></trkpt><trkpt lat="47.46067013125867" lon="8.786680113058537"><ele>571.6099853515625</ele></trkpt><trkpt lat="47.460750131402165" lon="8.7867301129736"><ele>571.2999877929688</ele></trkpt><trkpt lat="47.46084013115615" lon="8.786790112499148"><ele>570.7999877929688</ele></trkpt><trkpt lat="47.460880131460726" lon="8.786820112727582"><ele>570.9499816894531</ele></trkpt><trkpt lat="47.460920131299645" lon="8.786860112566501"><ele>571.0999755859375</ele></trkpt><trkpt lat="47.460960131604224" lon="8.78688011271879"><ele>571.0799865722656</ele></trkpt><trkpt lat="47.46101013151929" lon="8.78690011287108"><ele>571.0899963378906</ele></trkpt><trkpt lat="47.461030131205916" lon="8.786910112947226"><ele>571.0999755859375</ele></trkpt><trkpt lat="47.46104013128206" lon="8.786910112947226"><ele>571.219970703125</ele></trkpt><trkpt lat="47.461230132263154" lon="8.786920113489032"><ele>574.7999877929688</ele></trkpt><trkpt lat="47.46129013225436" lon="8.786930113565177"><ele>575.5999755859375</ele></trkpt><trkpt lat="47.461340132169425" lon="8.78696011332795"><ele>575.3999938964844</ele></trkpt><trkpt lat="47.46139013208449" lon="8.786990113556385"><ele>574.8999938964844</ele></trkpt><trkpt lat="47.46143013192341" lon="8.787040113471448"><ele>574.0999755859375</ele></trkpt><trkpt lat="47.4614501320757" lon="8.787070113234222"><ele>573.7999877929688</ele></trkpt><trkpt lat="47.461530131753534" lon="8.787190113216639"><ele>572.7999877929688</ele></trkpt><trkpt lat="47.46156013151631" lon="8.787230113055557"><ele>572.47998046875</ele></trkpt><trkpt lat="47.4615801316686" lon="8.78726011281833"><ele>572.1999816894531</ele></trkpt><trkpt lat="47.461620131507516" lon="8.787330112885684"><ele>571.6999816894531</ele></trkpt><trkpt lat="47.46167013142258" lon="8.787410113029182"><ele>571.3999938964844</ele></trkpt><trkpt lat="47.46174013148993" lon="8.787520112935454"><ele>571.0999755859375</ele></trkpt><trkpt lat="47.46178013132885" lon="8.78760011261329"><ele>570.7999877929688</ele></trkpt><trkpt lat="47.46182013116777" lon="8.787660112604499"><ele>570.9499816894531</ele></trkpt><trkpt lat="47.46184013132006" lon="8.787680112756789"><ele>571.0</ele></trkpt><trkpt lat="47.46187013108283" lon="8.787740112747997"><ele>570.5</ele></trkpt><trkpt lat="47.46191013092175" lon="8.787840112578124"><ele>569.5599975585938</ele></trkpt><trkpt lat="47.46193013107404" lon="8.787890112493187"><ele>569.0999755859375</ele></trkpt><trkpt lat="47.46197013091296" lon="8.788040112238377"><ele>567.9599914550781</ele></trkpt><trkpt lat="47.46198013052344" lon="8.788080112077296"><ele>567.6999816894531</ele></trkpt><trkpt lat="47.462030129972845" lon="8.78824011189863"><ele>565.1999816894531</ele></trkpt><trkpt lat="47.462070129811764" lon="8.788310111500323"><ele>563.6599731445312</ele></trkpt><trkpt lat="47.462180129252374" lon="8.78852011077106"><ele>560.7999877929688</ele></trkpt><trkpt lat="47.462200129404664" lon="8.78856011107564"><ele>561.0</ele></trkpt><trkpt lat="47.46226012939587" lon="8.788610110990703"><ele>561.6399841308594</ele></trkpt><trkpt lat="47.46227012947202" lon="8.788620111066848"><ele>561.7999877929688</ele></trkpt><trkpt lat="47.462330129463226" lon="8.788670110981911"><ele>561.5999755859375</ele></trkpt><trkpt lat="47.462360129226" lon="8.788740111049265"><ele>560.6999816894531</ele></trkpt><trkpt lat="47.46238012891263" lon="8.788790110964328"><ele>560.3699951171875</ele></trkpt><trkpt lat="47.46239012898877" lon="8.788820110727102"><ele>560.0999755859375</ele></trkpt><trkpt lat="47.462420128285885" lon="8.788930110167712"><ele>557.5</ele></trkpt><trkpt lat="47.46243012836203" lon="8.789040110073984"><ele>556.22998046875</ele></trkpt><trkpt lat="47.46244012797251" lon="8.789110110141337"><ele>555.7999877929688</ele></trkpt><trkpt lat="47.46246012765914" lon="8.789220109581947"><ele>554.2999877929688</ele></trkpt><trkpt lat="47.46253012819216" lon="8.789500110317022"><ele>556.6999816894531</ele></trkpt><trkpt lat="47.462550128344446" lon="8.789590110071003"><ele>557.0999755859375</ele></trkpt><trkpt lat="47.462590128183365" lon="8.78967010974884"><ele>555.6299743652344</ele></trkpt><trkpt lat="47.46260012779385" lon="8.789700109977275"><ele>555.0999755859375</ele></trkpt><trkpt lat="47.46264012763277" lon="8.789730109740049"><ele>553.8999938964844</ele></trkpt><trkpt lat="47.46269012754783" lon="8.789790109731257"><ele>553.2999877929688</ele></trkpt><trkpt lat="47.462700127623975" lon="8.789810109417886"><ele>553.4499816894531</ele></trkpt><trkpt lat="47.46273012785241" lon="8.78986010979861"><ele>554.0999755859375</ele></trkpt><trkpt lat="47.462760128080845" lon="8.789940109942108"><ele>556.3599853515625</ele></trkpt><trkpt lat="47.462760128080845" lon="8.789940109942108"><ele>556.3699951171875</ele></trkpt><trkpt lat="47.46283012861386" lon="8.790050110314041"><ele>558.4399719238281</ele></trkpt><trkpt lat="47.46288012852892" lon="8.790140110533684"><ele>558.5</ele></trkpt><trkpt lat="47.46289012860507" lon="8.790160110685974"><ele>558.489990234375</ele></trkpt><trkpt lat="47.4629201288335" lon="8.790240110363811"><ele>558.2999877929688</ele></trkpt><trkpt lat="47.462970128282905" lon="8.790370109956712"><ele>556.5</ele></trkpt><trkpt lat="47.46298012835905" lon="8.790400110185146"><ele>556.3799743652344</ele></trkpt><trkpt lat="47.46301012812182" lon="8.790480109862983"><ele>556.0999755859375</ele></trkpt><trkpt lat="47.46304012835026" lon="8.790540109854192"><ele>556.1599731445312</ele></trkpt><trkpt lat="47.46304012835026" lon="8.790560110006481"><ele>556.1999816894531</ele></trkpt><trkpt lat="47.46306012803689" lon="8.790610109921545"><ele>556.489990234375</ele></trkpt><trkpt lat="47.46309012826532" lon="8.790750110056251"><ele>557.1999816894531</ele></trkpt><trkpt lat="47.4631301285699" lon="8.790910110343248"><ele>557.5199890136719</ele></trkpt><trkpt lat="47.463180128950626" lon="8.791110110469162"><ele>558.8999938964844</ele></trkpt><trkpt lat="47.46323012933135" lon="8.791280110832304"><ele>561.1999816894531</ele></trkpt><trkpt lat="47.463260129094124" lon="8.791370111051947"><ele>560.989990234375</ele></trkpt><trkpt lat="47.46329012932256" lon="8.791470110882074"><ele>560.7999877929688</ele></trkpt><trkpt lat="47.46332012861967" lon="8.791600110474974"><ele>558.3999938964844</ele></trkpt><trkpt lat="47.4633401283063" lon="8.791670110542327"><ele>557.5099792480469</ele></trkpt><trkpt lat="47.463370128534734" lon="8.791750110220164"><ele>557.0</ele></trkpt><trkpt lat="47.46338012814522" lon="8.791780110448599"><ele>556.8999938964844</ele></trkpt><trkpt lat="47.46348012890667" lon="8.792020110879093"><ele>559.1999816894531</ele></trkpt><trkpt lat="47.463520128745586" lon="8.79212011070922"><ele>559.3799743652344</ele></trkpt><trkpt lat="47.4635901292786" lon="8.792260110843927"><ele>561.1999816894531</ele></trkpt><trkpt lat="47.463640129659325" lon="8.792430111207068"><ele>562.1999816894531</ele></trkpt><trkpt lat="47.46365012926981" lon="8.792480111122131"><ele>562.0699768066406</ele></trkpt><trkpt lat="47.46369012910873" lon="8.792620111256838"><ele>561.5</ele></trkpt><trkpt lat="47.46372012933716" lon="8.792750110849738"><ele>561.239990234375</ele></trkpt><trkpt lat="47.46373012941331" lon="8.792780111078173"><ele>561.1999816894531</ele></trkpt><trkpt lat="47.46374012902379" lon="8.792840111069381"><ele>561.0099792480469</ele></trkpt><trkpt lat="47.463770129252225" lon="8.792970110662282"><ele>560.3999938964844</ele></trkpt><trkpt lat="47.463790128938854" lon="8.79305011080578"><ele>559.5</ele></trkpt><trkpt lat="47.463790128938854" lon="8.793170110788196"><ele>559.719970703125</ele></trkpt><trkpt lat="47.463800129015" lon="8.793190110940486"><ele>559.7999877929688</ele></trkpt><trkpt lat="47.463800129015" lon="8.793230110779405"><ele>559.7599792480469</ele></trkpt><trkpt lat="47.46382012916729" lon="8.79339011060074"><ele>559.6999816894531</ele></trkpt><trkpt lat="47.46382012870163" lon="8.793460110668093"><ele>559.22998046875</ele></trkpt><trkpt lat="47.46383012924343" lon="8.7936001108028"><ele>560.8999938964844</ele></trkpt><trkpt lat="47.46384012931958" lon="8.793660111259669"><ele>561.3499755859375</ele></trkpt><trkpt lat="47.46385012939572" lon="8.793740111403167"><ele>562.0499877929688</ele></trkpt><trkpt lat="47.46386012947187" lon="8.793800111394376"><ele>562.6999816894531</ele></trkpt><trkpt lat="47.4638901297003" lon="8.793900111224502"><ele>563.2999877929688</ele></trkpt><trkpt lat="47.46391012985259" lon="8.793940111529082"><ele>563.7099914550781</ele></trkpt><trkpt lat="47.46393013000488" lon="8.793980111368"><ele>564.0999755859375</ele></trkpt><trkpt lat="47.46396013023332" lon="8.794050111435354"><ele>564.5999755859375</ele></trkpt><trkpt lat="47.46396013023332" lon="8.794110111892223"><ele>565.7099914550781</ele></trkpt><trkpt lat="47.46397013030946" lon="8.794110111892223"><ele>565.7699890136719</ele></trkpt><trkpt lat="47.46397013030946" lon="8.794120111968368"><ele>565.8899841308594</ele></trkpt><trkpt lat="47.46404013130814" lon="8.7943101124838"><ele>569.8199768066406</ele></trkpt><trkpt lat="47.46404013130814" lon="8.7943101124838"><ele>569.7999877929688</ele></trkpt><trkpt lat="47.46404013130814" lon="8.794340112712234"><ele>570.239990234375</ele></trkpt><trkpt lat="47.46404013130814" lon="8.794380113016814"><ele>570.8999938964844</ele></trkpt><trkpt lat="47.464030131697655" lon="8.794450113084167"><ele>571.72998046875</ele></trkpt><trkpt lat="47.464010131545365" lon="8.79452011315152"><ele>572.3999938964844</ele></trkpt><trkpt lat="47.46400013146922" lon="8.794580113142729"><ele>572.4599914550781</ele></trkpt><trkpt lat="47.46400013193488" lon="8.794600113295019"><ele>572.5</ele></trkpt><trkpt lat="47.46400013146922" lon="8.794640113133937"><ele>572.22998046875</ele></trkpt><trkpt lat="47.46400013146922" lon="8.79467011289671"><ele>572.0999755859375</ele></trkpt><trkpt lat="47.46400013146922" lon="8.794690113049"><ele>571.8799743652344</ele></trkpt><trkpt lat="47.46400013146922" lon="8.794710112735629"><ele>571.5999755859375</ele></trkpt><trkpt lat="47.464010131545365" lon="8.794720112811774"><ele>571.5599975585938</ele></trkpt><trkpt lat="47.46402013162151" lon="8.794720112811774"><ele>571.3999938964844</ele></trkpt><trkpt lat="47.46404013130814" lon="8.794750113040209"><ele>571.0</ele></trkpt><trkpt lat="47.46405013138428" lon="8.794790112879127"><ele>570.7999877929688</ele></trkpt><trkpt lat="47.46405013138428" lon="8.7948201126419"><ele>570.5499877929688</ele></trkpt><trkpt lat="47.46405013138428" lon="8.794830112718046"><ele>570.4599914550781</ele></trkpt><trkpt lat="47.46405013138428" lon="8.79484011279419"><ele>570.4399719238281</ele></trkpt><trkpt lat="47.46406013146043" lon="8.794870112556964"><ele>570.3999938964844</ele></trkpt><trkpt lat="47.46408013114706" lon="8.794900112785399"><ele>570.1999816894531</ele></trkpt><trkpt lat="47.46413013106212" lon="8.794980112463236"><ele>569.5</ele></trkpt><trkpt lat="47.46415013121441" lon="8.79501011269167"><ele>569.1699829101562</ele></trkpt><trkpt lat="47.464160130824894" lon="8.7950301123783"><ele>569.0</ele></trkpt><trkpt lat="47.46417013090104" lon="8.795040112454444"><ele>568.9499816894531</ele></trkpt><trkpt lat="47.46420013066381" lon="8.795130112208426"><ele>568.3999938964844</ele></trkpt><trkpt lat="47.46420013066381" lon="8.795140112284571"><ele>568.47998046875</ele></trkpt><trkpt lat="47.46420013112947" lon="8.79518011258915"><ele>568.9199829101562</ele></trkpt><trkpt lat="47.46420013112947" lon="8.795190112665296"><ele>569.0</ele></trkpt><trkpt lat="47.46419013105333" lon="8.795190112665296"><ele>568.9399719238281</ele></trkpt><trkpt lat="47.46419013105333" lon="8.795190112665296"><ele>568.9099731445312</ele></trkpt><trkpt lat="47.46411013090983" lon="8.795080112293363"><ele>567.8999938964844</ele></trkpt><trkpt lat="47.464040130376816" lon="8.794980111997575"><ele>566.8999938964844</ele></trkpt><trkpt lat="47.464040130376816" lon="8.794980111997575"><ele>566.9499816894531</ele></trkpt><trkpt lat="47.46403013030067" lon="8.794980111997575"><ele>566.9299926757812</ele></trkpt><trkpt lat="47.46392012992874" lon="8.794810111634433"><ele>565.239990234375</ele></trkpt><trkpt lat="47.46390013024211" lon="8.79476011171937"><ele>564.8699951171875</ele></trkpt><trkpt lat="47.46388013008982" lon="8.794710111804307"><ele>564.5299987792969</ele></trkpt><trkpt lat="47.463870130013674" lon="8.794670111499727"><ele>564.2599792480469</ele></trkpt><trkpt lat="47.463870130013674" lon="8.794580111745745"><ele>563.739990234375</ele></trkpt><trkpt lat="47.46387012954801" lon="8.7945701116696"><ele>563.3899841308594</ele></trkpt><trkpt lat="47.463870130013674" lon="8.794580111745745"><ele>563.739990234375</ele></trkpt><trkpt lat="47.463870130013674" lon="8.794670111499727"><ele>564.2599792480469</ele></trkpt><trkpt lat="47.46388013008982" lon="8.794710111804307"><ele>564.5299987792969</ele></trkpt><trkpt lat="47.46390013024211" lon="8.79476011171937"><ele>564.8699951171875</ele></trkpt><trkpt lat="47.46392012992874" lon="8.794810111634433"><ele>565.239990234375</ele></trkpt><trkpt lat="47.46403013030067" lon="8.794980111997575"><ele>566.9299926757812</ele></trkpt><trkpt lat="47.464040130376816" lon="8.794980111997575"><ele>566.9499816894531</ele></trkpt><trkpt lat="47.464040130376816" lon="8.795000112149864"><ele>566.8299865722656</ele></trkpt><trkpt lat="47.46403013030067" lon="8.795080111827701"><ele>566.3999938964844</ele></trkpt><trkpt lat="47.46409012982622" lon="8.795260111801326"><ele>564.3999938964844</ele></trkpt><trkpt lat="47.46409012982622" lon="8.7952901115641"><ele>564.1699829101562</ele></trkpt><trkpt lat="47.46411012997851" lon="8.795400111470371"><ele>563.3999938964844</ele></trkpt><trkpt lat="47.46412012958899" lon="8.79546011146158"><ele>563.0999755859375</ele></trkpt><trkpt lat="47.464130129665136" lon="8.795550111215562"><ele>562.1999816894531</ele></trkpt><trkpt lat="47.464150128886104" lon="8.795900110621005"><ele>559.6599731445312</ele></trkpt><trkpt lat="47.464150128886104" lon="8.795990110840648"><ele>559.0</ele></trkpt><trkpt lat="47.464150128886104" lon="8.796030110679567"><ele>558.5299987792969</ele></trkpt><trkpt lat="47.464150128886104" lon="8.796040110755712"><ele>558.3599853515625</ele></trkpt><trkpt lat="47.46415012842044" lon="8.796070110518485"><ele>557.8999938964844</ele></trkpt><trkpt lat="47.4641401283443" lon="8.796120110433549"><ele>557.2999877929688</ele></trkpt><trkpt lat="47.46411012811586" lon="8.796160110272467"><ele>556.7099914550781</ele></trkpt><trkpt lat="47.46409012796357" lon="8.796180109959096"><ele>556.0999755859375</ele></trkpt><trkpt lat="47.46408012788743" lon="8.796220110263675"><ele>555.6999816894531</ele></trkpt><trkpt lat="47.46408012788743" lon="8.79634010978043"><ele>554.6999816894531</ele></trkpt><trkpt lat="47.46407012781128" lon="8.796420109923929"><ele>554.0</ele></trkpt><trkpt lat="47.46404012758285" lon="8.796490109525621"><ele>553.5</ele></trkpt><trkpt lat="47.464010127820075" lon="8.796540109440684"><ele>553.3999938964844</ele></trkpt><trkpt lat="47.46396012743935" lon="8.796590109355748"><ele>552.6899719238281</ele></trkpt><trkpt lat="47.463930127210915" lon="8.796620109584183"><ele>552.2999877929688</ele></trkpt><trkpt lat="47.463910127058625" lon="8.796630109194666"><ele>551.7999877929688</ele></trkpt><trkpt lat="47.46390012744814" lon="8.796620109118521"><ele>551.6399841308594</ele></trkpt><trkpt lat="47.46390012698248" lon="8.796620109118521"><ele>551.1999816894531</ele></trkpt><trkpt lat="47.4638601266779" lon="8.796620109118521"><ele>549.8999938964844</ele></trkpt><trkpt lat="47.4638601266779" lon="8.796630108729005"><ele>549.5999755859375</ele></trkpt><trkpt lat="47.463850126601756" lon="8.796630108729005"><ele>549.3999938964844</ele></trkpt><trkpt lat="47.463850126601756" lon="8.79666010895744"><ele>549.1099853515625</ele></trkpt><trkpt lat="47.463850126601756" lon="8.796680108644068"><ele>548.9399719238281</ele></trkpt><trkpt lat="47.463850126601756" lon="8.796680108644068"><ele>549.0</ele></trkpt><trkpt lat="47.463830126449466" lon="8.796690108720213"><ele>548.2999877929688</ele></trkpt><trkpt lat="47.463810126297176" lon="8.796690108720213"><ele>547.2999877929688</ele></trkpt><trkpt lat="47.46376012591645" lon="8.796670108102262"><ele>545.0799865722656</ele></trkpt><trkpt lat="47.46372012514621" lon="8.796630107797682"><ele>543.0</ele></trkpt><trkpt lat="47.46370012499392" lon="8.796610107645392"><ele>541.9599914550781</ele></trkpt><trkpt lat="47.46368012484163" lon="8.796600107569247"><ele>541.1999816894531</ele></trkpt><trkpt lat="47.46366012468934" lon="8.796590107493103"><ele>540.8299865722656</ele></trkpt><trkpt lat="47.46366012468934" lon="8.796580107416958"><ele>540.7999877929688</ele></trkpt><trkpt lat="47.46365012507886" lon="8.796590107493103"><ele>540.6399841308594</ele></trkpt><trkpt lat="47.463650124613196" lon="8.796600107103586"><ele>540.5999755859375</ele></trkpt><trkpt lat="47.46358012408018" lon="8.796660106629133"><ele>537.8999938964844</ele></trkpt><trkpt lat="47.46356012392789" lon="8.796710106544197"><ele>535.8999938964844</ele></trkpt><trkpt lat="47.463550123851746" lon="8.796720106620342"><ele>535.719970703125</ele></trkpt><trkpt lat="47.463550123851746" lon="8.796730106230825"><ele>535.6999816894531</ele></trkpt><trkpt lat="47.463590123690665" lon="8.796790106687695"><ele>536.219970703125</ele></trkpt><trkpt lat="47.4636201239191" lon="8.796840106602758"><ele>536.5999755859375</ele></trkpt><trkpt lat="47.46367012383416" lon="8.796940106432885"><ele>536.5</ele></trkpt><trkpt lat="47.46368012391031" lon="8.796980106737465"><ele>536.5699768066406</ele></trkpt><trkpt lat="47.46371012413874" lon="8.797080106567591"><ele>536.6499938964844</ele></trkpt><trkpt lat="47.46373012382537" lon="8.79716010671109"><ele>536.6999816894531</ele></trkpt><trkpt lat="47.463740123901516" lon="8.797250106465071"><ele>536.0</ele></trkpt><trkpt lat="47.463740123901516" lon="8.79729010630399"><ele>535.7799987792969</ele></trkpt><trkpt lat="47.463740123901516" lon="8.797300106380135"><ele>535.6999816894531</ele></trkpt><trkpt lat="47.46373012382537" lon="8.797370106447488"><ele>535.219970703125</ele></trkpt><trkpt lat="47.463720123749226" lon="8.797410106286407"><ele>535.0</ele></trkpt><trkpt lat="47.46368012344465" lon="8.797510106116533"><ele>534.0</ele></trkpt><trkpt lat="47.4636701233685" lon="8.797560106031597"><ele>533.7999877929688</ele></trkpt><trkpt lat="47.4636701233685" lon="8.797570106107742"><ele>533.7699890136719</ele></trkpt><trkpt lat="47.4636701233685" lon="8.79763010609895"><ele>533.7999877929688</ele></trkpt><trkpt lat="47.46368012344465" lon="8.797660105861723"><ele>533.6999816894531</ele></trkpt><trkpt lat="47.463720123283565" lon="8.797740106005222"><ele>533.5399780273438</ele></trkpt><trkpt lat="47.46380012342706" lon="8.797850105911493"><ele>533.5999755859375</ele></trkpt><trkpt lat="47.46381012350321" lon="8.797880106139928"><ele>533.5999755859375</ele></trkpt><trkpt lat="47.46390012325719" lon="8.798040105961263"><ele>534.0</ele></trkpt><trkpt lat="47.46394012356177" lon="8.798120106104761"><ele>534.1999816894531</ele></trkpt><trkpt lat="47.46394012356177" lon="8.798140106257051"><ele>534.3199768066406</ele></trkpt><trkpt lat="47.463950123637915" lon="8.79818010609597"><ele>534.5</ele></trkpt><trkpt lat="47.463950123637915" lon="8.798250106163323"><ele>534.7999877929688</ele></trkpt><trkpt lat="47.463950123637915" lon="8.798270106315613"><ele>534.8299865722656</ele></trkpt><trkpt lat="47.463930123485625" lon="8.798300106078386"><ele>535.0</ele></trkpt><trkpt lat="47.463930123485625" lon="8.798340106382966"><ele>535.0399780273438</ele></trkpt><trkpt lat="47.46392012387514" lon="8.798360106535256"><ele>535.0999755859375</ele></trkpt><trkpt lat="47.46390012372285" lon="8.798460106365383"><ele>535.2999877929688</ele></trkpt><trkpt lat="47.46392012387514" lon="8.798570106271654"><ele>535.5</ele></trkpt><trkpt lat="47.463950123637915" lon="8.798660106491297"><ele>536.0</ele></trkpt><trkpt lat="47.464030124247074" lon="8.798850106541067"><ele>536.9599914550781</ele></trkpt><trkpt lat="47.4640501239337" lon="8.79892010660842"><ele>537.2999877929688</ele></trkpt><trkpt lat="47.46409012423828" lon="8.799050106666982"><ele>537.8999938964844</ele></trkpt><trkpt lat="47.46411012439057" lon="8.799230107106268"><ele>538.7099914550781</ele></trkpt><trkpt lat="47.46411012439057" lon="8.799230107106268"><ele>538.719970703125</ele></trkpt><trkpt lat="47.46412012446672" lon="8.799240107182413"><ele>538.7899780273438</ele></trkpt><trkpt lat="47.46417012438178" lon="8.79936010716483"><ele>539.5299987792969</ele></trkpt><trkpt lat="47.464180124457926" lon="8.799370107240975"><ele>539.6999816894531</ele></trkpt><trkpt lat="47.464240124914795" lon="8.799450107384473"><ele>540.1999816894531</ele></trkpt><trkpt lat="47.46427012467757" lon="8.799490107223392"><ele>540.3999938964844</ele></trkpt><trkpt lat="47.46427012514323" lon="8.799560107290745"><ele>541.5</ele></trkpt><trkpt lat="47.46427012514323" lon="8.799560107290745"><ele>541.4599914550781</ele></trkpt><trkpt lat="47.46427012514323" lon="8.79957010736689"><ele>541.5599975585938</ele></trkpt><trkpt lat="47.46429012529552" lon="8.799620107747614"><ele>542.1399841308594</ele></trkpt><trkpt lat="47.464300125371665" lon="8.799650107510388"><ele>542.6999816894531</ele></trkpt><trkpt lat="47.46431012544781" lon="8.799720108043402"><ele>543.5</ele></trkpt><trkpt lat="47.46431012544781" lon="8.799740107730031"><ele>543.7799987792969</ele></trkpt><trkpt lat="47.46431012591347" lon="8.799840108025819"><ele>545.3999938964844</ele></trkpt><trkpt lat="47.46431012591347" lon="8.799860108178109"><ele>545.8099975585938</ele></trkpt><trkpt lat="47.464320125989616" lon="8.799930108245462"><ele>546.5</ele></trkpt><trkpt lat="47.46433012606576" lon="8.799960108473897"><ele>546.8399963378906</ele></trkpt><trkpt lat="47.46435012621805" lon="8.800000108778477"><ele>547.1999816894531</ele></trkpt><trkpt lat="47.46435012668371" lon="8.800100108608603"><ele>548.5</ele></trkpt><trkpt lat="47.46434012660757" lon="8.800150108989328"><ele>548.5799865722656</ele></trkpt><trkpt lat="47.46434012660757" lon="8.800150108989328"><ele>548.6099853515625</ele></trkpt><trkpt lat="47.46434012660757" lon="8.800160108599812"><ele>548.5999755859375</ele></trkpt><trkpt lat="47.46423012763262" lon="8.800270109903067"><ele>553.7999877929688</ele></trkpt><trkpt lat="47.46421012794599" lon="8.800270109903067"><ele>554.5999755859375</ele></trkpt><trkpt lat="47.4641401283443" lon="8.800240110140294"><ele>557.0</ele></trkpt><trkpt lat="47.464110128581524" lon="8.800240110605955"><ele>557.8699951171875</ele></trkpt><trkpt lat="47.46410012850538" lon="8.800240110605955"><ele>558.6999816894531</ele></trkpt><trkpt lat="47.46406012866646" lon="8.800320110749453"><ele>558.1599731445312</ele></trkpt><trkpt lat="47.46404012897983" lon="8.800360110588372"><ele>558.7999877929688</ele></trkpt><trkpt lat="47.46400012914091" lon="8.800350110977888"><ele>559.8899841308594</ele></trkpt><trkpt lat="47.46400012914091" lon="8.800350110977888"><ele>560.1299743652344</ele></trkpt><trkpt lat="47.46395012922585" lon="8.80035011144355"><ele>561.8999938964844</ele></trkpt><trkpt lat="47.46393012953922" lon="8.80035011144355"><ele>562.1799926757812</ele></trkpt><trkpt lat="47.46390012977645" lon="8.800360111519694"><ele>562.5</ele></trkpt><trkpt lat="47.463870130013674" lon="8.800380111671984"><ele>563.6399841308594</ele></trkpt><trkpt lat="47.46386012993753" lon="8.800400111824274"><ele>564.1999816894531</ele></trkpt><trkpt lat="47.463810130022466" lon="8.800420111976564"><ele>565.2999877929688</ele></trkpt><trkpt lat="47.463740130420774" lon="8.800470111891627"><ele>566.0399780273438</ele></trkpt><trkpt lat="47.463680130429566" lon="8.800510112196207"><ele>566.3999938964844</ele></trkpt><trkpt lat="47.463660130277276" lon="8.800520112272352"><ele>566.6999816894531</ele></trkpt><trkpt lat="47.46362013090402" lon="8.800520112272352"><ele>567.8999938964844</ele></trkpt><trkpt lat="47.463590130675584" lon="8.800530112348497"><ele>568.5999755859375</ele></trkpt><trkpt lat="47.46353013115004" lon="8.800560112576932"><ele>570.0999755859375</ele></trkpt><trkpt lat="47.463480131234974" lon="8.800570113118738"><ele>571.1999816894531</ele></trkpt><trkpt lat="47.46347013162449" lon="8.800590112805367"><ele>571.2099914550781</ele></trkpt><trkpt lat="47.4634501314722" lon="8.800610112957656"><ele>571.2999877929688</ele></trkpt><trkpt lat="47.46339013148099" lon="8.800710113253444"><ele>571.5899963378906</ele></trkpt><trkpt lat="47.463310131337494" lon="8.800860112998635"><ele>570.8199768066406</ele></trkpt><trkpt lat="47.463310131337494" lon="8.800860112998635"><ele>570.6999816894531</ele></trkpt><trkpt lat="47.46332013141364" lon="8.800920112989843"><ele>570.3399963378906</ele></trkpt><trkpt lat="47.46332013141364" lon="8.800930112600327"><ele>570.2999877929688</ele></trkpt><trkpt lat="47.46332013141364" lon="8.800940113142133"><ele>571.5</ele></trkpt><trkpt lat="47.46332013141364" lon="8.800950113218278"><ele>571.8099975585938</ele></trkpt><trkpt lat="47.46334013156593" lon="8.800950113218278"><ele>572.5</ele></trkpt><trkpt lat="47.4633201318793" lon="8.800990113522857"><ele>573.8999938964844</ele></trkpt><trkpt lat="47.4632701324299" lon="8.801060114055872"><ele>576.0999755859375</ele></trkpt><trkpt lat="47.463220132980496" lon="8.801100114360452"><ele>578.3999938964844</ele></trkpt><trkpt lat="47.46320013329387" lon="8.801110114436597"><ele>579.0299987792969</ele></trkpt><trkpt lat="47.46314013376832" lon="8.801170114893466"><ele>581.1999816894531</ele></trkpt><trkpt lat="47.46312013361603" lon="8.801210114732385"><ele>581.8899841308594</ele></trkpt><trkpt lat="47.46311013400555" lon="8.80124011496082"><ele>582.5</ele></trkpt><trkpt lat="47.46311013400555" lon="8.8012801152654"><ele>583.5999755859375</ele></trkpt><trkpt lat="47.46311013400555" lon="8.8012801152654"><ele>583.5199890136719</ele></trkpt><trkpt lat="47.463150134310126" lon="8.801290115341544"><ele>584.8899841308594</ele></trkpt><trkpt lat="47.463210134766996" lon="8.80130011588335"><ele>586.8999938964844</ele></trkpt><trkpt lat="47.46322013484314" lon="8.80130011588335"><ele>586.989990234375</ele></trkpt><trkpt lat="47.463230134919286" lon="8.80130011588335"><ele>587.0999755859375</ele></trkpt><trkpt lat="47.46326013514772" lon="8.801310115959495"><ele>587.8999938964844</ele></trkpt><trkpt lat="47.4633001354523" lon="8.801350116264075"><ele>589.3999938964844</ele></trkpt><trkpt lat="47.46332013560459" lon="8.801370116416365"><ele>590.5799865722656</ele></trkpt><trkpt lat="47.46332013560459" lon="8.80138011649251"><ele>590.6999816894531</ele></trkpt><trkpt lat="47.463330135680735" lon="8.80138011649251"><ele>591.1499938964844</ele></trkpt><trkpt lat="47.463350135833025" lon="8.801380116958171"><ele>591.7999877929688</ele></trkpt><trkpt lat="47.463370135985315" lon="8.801400117110461"><ele>593.1599731445312</ele></trkpt><trkpt lat="47.46338013606146" lon="8.801410117186606"><ele>593.6999816894531</ele></trkpt><trkpt lat="47.46338013652712" lon="8.801430117338896"><ele>594.6999816894531</ele></trkpt><trkpt lat="47.463390136603266" lon="8.801470117643476"><ele>595.8999938964844</ele></trkpt><trkpt lat="47.46337013784796" lon="8.801630118396133"><ele>601.0999755859375</ele></trkpt><trkpt lat="47.46330013778061" lon="8.801680118311197"><ele>601.3699951171875</ele></trkpt><trkpt lat="47.463230138178915" lon="8.801730118691921"><ele>601.6599731445312</ele></trkpt><trkpt lat="47.46317013818771" lon="8.801760118454695"><ele>601.8999938964844</ele></trkpt><trkpt lat="47.46314013795927" lon="8.801800118759274"><ele>602.0499877929688</ele></trkpt><trkpt lat="47.46310013812035" lon="8.801850118674338"><ele>602.2999877929688</ele></trkpt><trkpt lat="47.46307013835758" lon="8.801890118513256"><ele>602.5299987792969</ele></trkpt><trkpt lat="47.46307013835758" lon="8.801890118513256"><ele>602.5399780273438</ele></trkpt><trkpt lat="47.462930138688534" lon="8.802110118791461"><ele>604.0999755859375</ele></trkpt><trkpt lat="47.4629001384601" lon="8.802160119172186"><ele>604.6199951171875</ele></trkpt><trkpt lat="47.462870138697326" lon="8.802240119315684"><ele>605.3299865722656</ele></trkpt><trkpt lat="47.4628501390107" lon="8.802270119078457"><ele>605.5999755859375</ele></trkpt><trkpt lat="47.46284013893455" lon="8.802280119154602"><ele>605.7899780273438</ele></trkpt><trkpt lat="47.46275013918057" lon="8.80242011975497"><ele>608.1699829101562</ele></trkpt><trkpt lat="47.46270013973117" lon="8.80248012021184"><ele>609.3999938964844</ele></trkpt><trkpt lat="47.462650139816105" lon="8.802550120279193"><ele>610.8999938964844</ele></trkpt><trkpt lat="47.46264014020562" lon="8.802570120431483"><ele>611.22998046875</ele></trkpt><trkpt lat="47.46262014005333" lon="8.802590120583773"><ele>611.5999755859375</ele></trkpt><trkpt lat="47.46261013997719" lon="8.802650120574981"><ele>612.0999755859375</ele></trkpt><trkpt lat="47.46261014044285" lon="8.8026901204139"><ele>612.4599914550781</ele></trkpt><trkpt lat="47.46261014044285" lon="8.802800120785832"><ele>613.2999877929688</ele></trkpt><trkpt lat="47.46261014090851" lon="8.803000120911747"><ele>615.0999755859375</ele></trkpt><trkpt lat="47.46259014122188" lon="8.803190121427178"><ele>616.4399719238281</ele></trkpt><trkpt lat="47.462580141145736" lon="8.803240121342242"><ele>616.7999877929688</ele></trkpt><trkpt lat="47.46252014162019" lon="8.803410121705383"><ele>618.0999755859375</ele></trkpt><trkpt lat="47.46252014162019" lon="8.803430121857673"><ele>618.3099975585938</ele></trkpt><trkpt lat="47.46243014186621" lon="8.803640122059733"><ele>620.5599975585938</ele></trkpt><trkpt lat="47.46243014186621" lon="8.803650122135878"><ele>620.5999755859375</ele></trkpt><trkpt lat="47.46242014225572" lon="8.803690121974796"><ele>620.9399719238281</ele></trkpt><trkpt lat="47.46239014202729" lon="8.803790122270584"><ele>621.6999816894531</ele></trkpt><trkpt lat="47.46234014257789" lon="8.80414012260735"><ele>623.8999938964844</ele></trkpt><trkpt lat="47.4623301429674" lon="8.804240122903138"><ele>624.8999938964844</ele></trkpt><trkpt lat="47.4623301429674" lon="8.804250122979283"><ele>624.8999938964844</ele></trkpt><trkpt lat="47.4623301429674" lon="8.804300122894347"><ele>624.8999938964844</ele></trkpt><trkpt lat="47.462310143280774" lon="8.804420122876763"><ele>626.0</ele></trkpt><trkpt lat="47.462270143441856" lon="8.804520123172551"><ele>626.6999816894531</ele></trkpt><trkpt lat="47.462270143441856" lon="8.804520123172551"><ele>626.7099914550781</ele></trkpt><trkpt lat="47.46224014367908" lon="8.80462012346834"><ele>627.4099731445312</ele></trkpt><trkpt lat="47.46224014367908" lon="8.804630123544484"><ele>627.3999938964844</ele></trkpt><trkpt lat="47.462290143594146" lon="8.80460012331605"><ele>626.969970703125</ele></trkpt><trkpt lat="47.46232014335692" lon="8.804590123239905"><ele>626.5999755859375</ele></trkpt><trkpt lat="47.46237014327198" lon="8.804600122850388"><ele>626.0999755859375</ele></trkpt><trkpt lat="47.462460143025964" lon="8.804640122689307"><ele>625.1999816894531</ele></trkpt><trkpt lat="47.46248014271259" lon="8.804650122765452"><ele>624.9099731445312</ele></trkpt><trkpt lat="47.46267014276236" lon="8.804730122443289"><ele>623.0</ele></trkpt><trkpt lat="47.46285014227033" lon="8.804810122121125"><ele>621.2999877929688</ele></trkpt><trkpt lat="47.46286014234647" lon="8.80482012219727"><ele>621.2699890136719</ele></trkpt><trkpt lat="47.46290014218539" lon="8.804860122036189"><ele>620.8999938964844</ele></trkpt><trkpt lat="47.46295014210045" lon="8.804920122027397"><ele>620.6999816894531</ele></trkpt><trkpt lat="47.4629601421766" lon="8.804950122255832"><ele>620.5799865722656</ele></trkpt><trkpt lat="47.46297014178708" lon="8.805000122170895"><ele>620.5</ele></trkpt><trkpt lat="47.46298014186323" lon="8.805080121848732"><ele>620.2999877929688</ele></trkpt><trkpt lat="47.46298014186323" lon="8.805190122220665"><ele>620.2999877929688</ele></trkpt><trkpt lat="47.46297014178708" lon="8.805250122211874"><ele>620.4399719238281</ele></trkpt><trkpt lat="47.462930142413825" lon="8.80554012209177"><ele>621.3899841308594</ele></trkpt><trkpt lat="47.46292014233768" lon="8.805640122387558"><ele>621.7999877929688</ele></trkpt><trkpt lat="47.46292014233768" lon="8.80577012244612"><ele>622.0999755859375</ele></trkpt><trkpt lat="47.462930142413825" lon="8.805860122200102"><ele>622.3499755859375</ele></trkpt><trkpt lat="47.46294014248997" lon="8.8059401223436"><ele>622.5999755859375</ele></trkpt><trkpt lat="47.46301014255732" lon="8.806410122662783"><ele>623.1999816894531</ele></trkpt><trkpt lat="47.463120142463595" lon="8.806990122422576"><ele>623.1099853515625</ele></trkpt><trkpt lat="47.46317014237866" lon="8.807260122615844"><ele>623.2999877929688</ele></trkpt><trkpt lat="47.46319014253095" lon="8.807450122665614"><ele>623.3799743652344</ele></trkpt><trkpt lat="47.46320014260709" lon="8.807480122428387"><ele>623.3999938964844</ele></trkpt><trkpt lat="47.46322014275938" lon="8.807820122689009"><ele>623.8999938964844</ele></trkpt><trkpt lat="47.46323014283553" lon="8.807980122976005"><ele>624.6999816894531</ele></trkpt><trkpt lat="47.463220143225044" lon="8.808190123178065"><ele>625.7999877929688</ele></trkpt><trkpt lat="47.4632101431489" lon="8.808300123084337"><ele>626.4099731445312</ele></trkpt><trkpt lat="47.463200143538415" lon="8.808440123219043"><ele>627.1999816894531</ele></trkpt><trkpt lat="47.46319014346227" lon="8.80860012350604"><ele>628.0</ele></trkpt><trkpt lat="47.46318014385179" lon="8.808910123538226"><ele>629.3999938964844</ele></trkpt><trkpt lat="47.4631701442413" lon="8.809080123901367"><ele>630.3899841308594</ele></trkpt><trkpt lat="47.46316014416516" lon="8.809140123892576"><ele>630.6099853515625</ele></trkpt><trkpt lat="47.46315014408901" lon="8.809230124112219"><ele>630.8999938964844</ele></trkpt><trkpt lat="47.46314014401287" lon="8.809250123798847"><ele>630.8599853515625</ele></trkpt><trkpt lat="47.46312014432624" lon="8.809330123942345"><ele>630.8999938964844</ele></trkpt><trkpt lat="47.463090144097805" lon="8.809400124009699"><ele>630.7599792480469</ele></trkpt><trkpt lat="47.463090144097805" lon="8.809410124085844"><ele>630.7999877929688</ele></trkpt><trkpt lat="47.46306014433503" lon="8.809460124000907"><ele>630.6799926757812</ele></trkpt><trkpt lat="47.46302014403045" lon="8.80953012406826"><ele>630.5</ele></trkpt><trkpt lat="47.46297014411539" lon="8.809590124059469"><ele>630.5</ele></trkpt><trkpt lat="47.4629501439631" lon="8.809620123822242"><ele>630.469970703125</ele></trkpt><trkpt lat="47.46289014397189" lon="8.80968012381345"><ele>630.5</ele></trkpt><trkpt lat="47.462730144150555" lon="8.809840124100447"><ele>630.47998046875</ele></trkpt><trkpt lat="47.46268014423549" lon="8.809880123939365"><ele>630.5599975585938</ele></trkpt><trkpt lat="47.46261014416814" lon="8.809940123930573"><ele>630.6299743652344</ele></trkpt><trkpt lat="47.462600144091994" lon="8.809950124006718"><ele>630.7099914550781</ele></trkpt><trkpt lat="47.46240014443174" lon="8.810150124132633"><ele>631.1099853515625</ele></trkpt><trkpt lat="47.46240014443174" lon="8.810150124132633"><ele>631.0999755859375</ele></trkpt><trkpt lat="47.46240014443174" lon="8.810150124132633"><ele>631.0999755859375</ele></trkpt><trkpt lat="47.462430144194514" lon="8.810190123971552"><ele>630.8999938964844</ele></trkpt><trkpt lat="47.4624501443468" lon="8.810190123971552"><ele>630.75</ele></trkpt><trkpt lat="47.46247014403343" lon="8.810200124047697"><ele>630.5</ele></trkpt><trkpt lat="47.46262014424428" lon="8.810300123877823"><ele>630.3999938964844</ele></trkpt><trkpt lat="47.462710143998265" lon="8.810350123792887"><ele>630.5</ele></trkpt><trkpt lat="47.46281014429405" lon="8.810410124249756"><ele>630.6999816894531</ele></trkpt><trkpt lat="47.46301014441997" lon="8.810510124079883"><ele>631.9399719238281</ele></trkpt><trkpt lat="47.46306014433503" lon="8.810540124308318"><ele>632.3999938964844</ele></trkpt><trkpt lat="47.46314014494419" lon="8.810580124612898"><ele>633.1999816894531</ele></trkpt><trkpt lat="47.46322014508769" lon="8.810640124604106"><ele>633.969970703125</ele></trkpt><trkpt lat="47.46323014469817" lon="8.81065012468025"><ele>634.0999755859375</ele></trkpt><trkpt lat="47.46326014492661" lon="8.810680124908686"><ele>634.5799865722656</ele></trkpt><trkpt lat="47.4632801450789" lon="8.810700124595314"><ele>634.8999938964844</ele></trkpt><trkpt lat="47.46333014545962" lon="8.810780124738812"><ele>635.6999816894531</ele></trkpt><trkpt lat="47.463340145070106" lon="8.8108801250346"><ele>635.6999816894531</ele></trkpt><trkpt lat="47.463340145070106" lon="8.8110101246275"><ele>635.0999755859375</ele></trkpt><trkpt lat="47.46333014499396" lon="8.811140124686062"><ele>634.7999877929688</ele></trkpt><trkpt lat="47.46331014484167" lon="8.811300124507397"><ele>634.5</ele></trkpt><trkpt lat="47.46331014484167" lon="8.81139012472704"><ele>634.1999816894531</ele></trkpt><trkpt lat="47.46335014468059" lon="8.81154012447223"><ele>633.3999938964844</ele></trkpt><trkpt lat="47.46337014483288" lon="8.811600124463439"><ele>633.72998046875</ele></trkpt><trkpt lat="47.46347014512867" lon="8.811890124808997"><ele>634.739990234375</ele></trkpt><trkpt lat="47.463570144958794" lon="8.812180124688894"><ele>635.1999816894531</ele></trkpt><trkpt lat="47.463590145111084" lon="8.812240125145763"><ele>635.469970703125</ele></trkpt><trkpt lat="47.46362014533952" lon="8.812290125060827"><ele>635.7999877929688</ele></trkpt><trkpt lat="47.46362014533952" lon="8.812310125213116"><ele>635.9099731445312</ele></trkpt><trkpt lat="47.46362014533952" lon="8.81236012512818"><ele>636.1999816894531</ele></trkpt><trkpt lat="47.463630145881325" lon="8.812550125643611"><ele>638.5</ele></trkpt><trkpt lat="47.463630145881325" lon="8.81259012548253"><ele>638.9099731445312</ele></trkpt><trkpt lat="47.463630145881325" lon="8.812620125710964"><ele>639.1999816894531</ele></trkpt><trkpt lat="47.463630145881325" lon="8.812620125710964"><ele>639.2699890136719</ele></trkpt><trkpt lat="47.46358014596626" lon="8.812650125473738"><ele>639.5999755859375</ele></trkpt><trkpt lat="47.463500146754086" lon="8.81263012625277"><ele>642.8999938964844</ele></trkpt><trkpt lat="47.46348014753312" lon="8.812620126642287"><ele>645.2999877929688</ele></trkpt><trkpt lat="47.463450147304684" lon="8.812590126879513"><ele>646.0799865722656</ele></trkpt><trkpt lat="47.46333014871925" lon="8.81245012767613"><ele>650.9299926757812</ele></trkpt><trkpt lat="47.46333014871925" lon="8.812440127599984"><ele>651.1999816894531</ele></trkpt><trkpt lat="47.463320148643106" lon="8.812440128065646"><ele>651.3199768066406</ele></trkpt><trkpt lat="47.46330014895648" lon="8.8124301279895"><ele>652.0299987792969</ele></trkpt><trkpt lat="47.46330014895648" lon="8.8124301279895"><ele>652.0699768066406</ele></trkpt><trkpt lat="47.46324014896527" lon="8.81245012814179"><ele>653.1199951171875</ele></trkpt><trkpt lat="47.463230148889124" lon="8.81245012814179"><ele>653.5</ele></trkpt><trkpt lat="47.463210149202496" lon="8.812450128607452"><ele>654.5</ele></trkpt><trkpt lat="47.463160149753094" lon="8.81238012900576"><ele>656.5999755859375</ele></trkpt><trkpt lat="47.463120149914175" lon="8.812340129166842"><ele>657.5</ele></trkpt><trkpt lat="47.4630901501514" lon="8.812340129166842"><ele>657.9399719238281</ele></trkpt><trkpt lat="47.46305015031248" lon="8.812350129242986"><ele>658.2999877929688</ele></trkpt><trkpt lat="47.463010150007904" lon="8.812370129395276"><ele>658.6999816894531</ele></trkpt><trkpt lat="47.46292015025392" lon="8.81240012915805"><ele>659.6999816894531</ele></trkpt><trkpt lat="47.46289015049115" lon="8.812430129386485"><ele>660.0999755859375</ele></trkpt><trkpt lat="47.462880150880665" lon="8.8125001299195"><ele>662.0</ele></trkpt><trkpt lat="47.46289015095681" lon="8.8125001299195"><ele>661.989990234375</ele></trkpt><trkpt lat="47.46297015110031" lon="8.812520130071789"><ele>662.5999755859375</ele></trkpt><trkpt lat="47.463070151396096" lon="8.81261012982577"><ele>663.2999877929688</ele></trkpt><trkpt lat="47.46312015131116" lon="8.812660130206496"><ele>663.5999755859375</ele></trkpt><trkpt lat="47.463130151387304" lon="8.812680129893124"><ele>663.6899719238281</ele></trkpt><trkpt lat="47.46319015137851" lon="8.812790130265057"><ele>664.219970703125</ele></trkpt><trkpt lat="47.46320015145466" lon="8.812810130417347"><ele>664.2999877929688</ele></trkpt><trkpt lat="47.4632101515308" lon="8.8128801304847"><ele>664.5799865722656</ele></trkpt><trkpt lat="47.4632101515308" lon="8.812890130095184"><ele>664.5999755859375</ele></trkpt><trkpt lat="47.46323015168309" lon="8.812960130162537"><ele>664.7999877929688</ele></trkpt><trkpt lat="47.46324015175924" lon="8.81303013022989"><ele>665.0</ele></trkpt><trkpt lat="47.46324015175924" lon="8.813120130449533"><ele>665.1699829101562</ele></trkpt><trkpt lat="47.46324015175924" lon="8.813130130525678"><ele>665.1899719238281</ele></trkpt><trkpt lat="47.46322015160695" lon="8.813300130423158"><ele>665.3999938964844</ele></trkpt><trkpt lat="47.4632101515308" lon="8.813300130423158"><ele>665.3799743652344</ele></trkpt><trkpt lat="47.4632101515308" lon="8.813300130423158"><ele>665.3799743652344</ele></trkpt><trkpt lat="47.46318015176803" lon="8.813310130499303"><ele>665.3999938964844</ele></trkpt><trkpt lat="47.46314015192911" lon="8.813350130338222"><ele>665.7999877929688</ele></trkpt><trkpt lat="47.46305015217513" lon="8.813460130710155"><ele>667.7999877929688</ele></trkpt><trkpt lat="47.46298015257344" lon="8.813550130929798"><ele>669.1999816894531</ele></trkpt><trkpt lat="47.462850152980536" lon="8.813710131682456"><ele>671.3999938964844</ele></trkpt><trkpt lat="47.46282015321776" lon="8.813760131597519"><ele>672.0899963378906</ele></trkpt><trkpt lat="47.462740153539926" lon="8.813880132045597"><ele>674.1999816894531</ele></trkpt><trkpt lat="47.462650153785944" lon="8.81399013241753"><ele>676.1699829101562</ele></trkpt><trkpt lat="47.462610153947026" lon="8.814040132798254"><ele>677.0999755859375</ele></trkpt><trkpt lat="47.46251015458256" lon="8.814130133017898"><ele>678.5999755859375</ele></trkpt><trkpt lat="47.46231015492231" lon="8.814280133228749"><ele>680.6999816894531</ele></trkpt><trkpt lat="47.4622501549311" lon="8.814330133143812"><ele>681.3099975585938</ele></trkpt><trkpt lat="47.46211015526205" lon="8.81445013359189"><ele>682.6999816894531</ele></trkpt><trkpt lat="47.4617301565595" lon="8.814720134716481"><ele>688.7999877929688</ele></trkpt><trkpt lat="47.461680156644434" lon="8.8147601345554"><ele>688.8999938964844</ele></trkpt><trkpt lat="47.46139015676454" lon="8.815060134977102"><ele>689.8999938964844</ele></trkpt><trkpt lat="47.461340156849474" lon="8.815070135053247"><ele>689.989990234375</ele></trkpt><trkpt lat="47.461090156808496" lon="8.815170134883374"><ele>689.2999877929688</ele></trkpt><trkpt lat="47.46110015688464" lon="8.815160134807229"><ele>689.7999877929688</ele></trkpt><trkpt lat="47.46110015688464" lon="8.815170134883374"><ele>689.7999877929688</ele></trkpt><trkpt lat="47.461090156808496" lon="8.815170134883374"><ele>689.2999877929688</ele></trkpt><trkpt lat="47.461340156849474" lon="8.815070135053247"><ele>689.989990234375</ele></trkpt><trkpt lat="47.46139015676454" lon="8.815060134977102"><ele>689.8499755859375</ele></trkpt><trkpt lat="47.461190157104284" lon="8.815300135407597"><ele>691.8699951171875</ele></trkpt><trkpt lat="47.46112015750259" lon="8.81539013562724"><ele>692.8499755859375</ele></trkpt><trkpt lat="47.46103015821427" lon="8.815530136227608"><ele>695.969970703125</ele></trkpt><trkpt lat="47.460910158697516" lon="8.815740136429667"><ele>699.1099853515625</ele></trkpt><trkpt lat="47.46076015941799" lon="8.815980136860162"><ele>701.47998046875</ele></trkpt><trkpt lat="47.46064015990123" lon="8.816160137299448"><ele>703.2799987792969</ele></trkpt><trkpt lat="47.46057015983388" lon="8.816300137899816"><ele>704.6699829101562</ele></trkpt><trkpt lat="47.46051016030833" lon="8.816430137958378"><ele>705.8299865722656</ele></trkpt><trkpt lat="47.46042016055435" lon="8.816650138236582"><ele>706.7799987792969</ele></trkpt><trkpt lat="47.46034016041085" lon="8.816810138057917"><ele>707.219970703125</ele></trkpt><trkpt lat="47.46030016057193" lon="8.81686013797298"><ele>707.4399719238281</ele></trkpt><trkpt lat="47.460240160580724" lon="8.816950138192624"><ele>707.5499877929688</ele></trkpt><trkpt lat="47.46015016082674" lon="8.81709013832733"><ele>707.5799865722656</ele></trkpt><trkpt lat="47.46008016075939" lon="8.817210138309747"><ele>707.7699890136719</ele></trkpt><trkpt lat="47.4599301610142" lon="8.817390138283372"><ele>708.1299743652344</ele></trkpt><trkpt lat="47.459750161040574" lon="8.817640138790011"><ele>709.6499938964844</ele></trkpt><trkpt lat="47.45966016128659" lon="8.8177401390858"><ele>711.1599731445312</ele></trkpt><trkpt lat="47.45956016192213" lon="8.817840139381588"><ele>713.0599975585938</ele></trkpt><trkpt lat="47.45945016248152" lon="8.81793013960123"><ele>716.0199890136719</ele></trkpt><trkpt lat="47.45937016280368" lon="8.81801014021039"><ele>718.0399780273438</ele></trkpt><trkpt lat="47.45928016398102" lon="8.818140140734613"><ele>722.0599975585938</ele></trkpt><trkpt lat="47.45923016406596" lon="8.818220141343772"><ele>723.5599975585938</ele></trkpt><trkpt lat="47.45922016398981" lon="8.81830014148727"><ele>724.0099792480469</ele></trkpt><trkpt lat="47.459200164303184" lon="8.81849014153704"><ele>725.0599975585938</ele></trkpt><trkpt lat="47.4591901646927" lon="8.818630141671747"><ele>725.6299743652344</ele></trkpt><trkpt lat="47.459200164768845" lon="8.818800141569227"><ele>725.8099975585938</ele></trkpt><trkpt lat="47.459200164768845" lon="8.818920141551644"><ele>725.7999877929688</ele></trkpt><trkpt lat="47.45922016445547" lon="8.81904014153406"><ele>725.8699951171875</ele></trkpt><trkpt lat="47.45923016453162" lon="8.819150141440332"><ele>725.75</ele></trkpt><trkpt lat="47.45924016460776" lon="8.819180141668767"><ele>725.0599975585938</ele></trkpt><trkpt lat="47.45923016453162" lon="8.819180141668767"><ele>725.0599975585938</ele></trkpt><trkpt lat="47.459290164057165" lon="8.819500141311437"><ele>724.3599853515625</ele></trkpt><trkpt lat="47.45930016413331" lon="8.8195501412265"><ele>724.0899963378906</ele></trkpt><trkpt lat="47.459290164057165" lon="8.819580141454935"><ele>724.0299987792969</ele></trkpt><trkpt lat="47.45926016429439" lon="8.819610141217709"><ele>724.0199890136719</ele></trkpt><trkpt lat="47.45913016423583" lon="8.81974014127627"><ele>724.5599975585938</ele></trkpt><trkpt lat="47.45904016448185" lon="8.819850141648203"><ele>725.4499816894531</ele></trkpt><trkpt lat="47.458970164414495" lon="8.819930141791701"><ele>725.6799926757812</ele></trkpt><trkpt lat="47.45892016449943" lon="8.820040141697973"><ele>725.7799987792969</ele></trkpt><trkpt lat="47.458840164821595" lon="8.820190141908824"><ele>726.2099914550781</ele></trkpt><trkpt lat="47.458800164517015" lon="8.820300141815096"><ele>726.22998046875</ele></trkpt><trkpt lat="47.45877016475424" lon="8.820430141407996"><ele>725.75</ele></trkpt><trkpt lat="47.45875016460195" lon="8.820620141457766"><ele>724.9199829101562</ele></trkpt><trkpt lat="47.45873016444966" lon="8.820760141592473"><ele>724.6899719238281</ele></trkpt><trkpt lat="47.458720163907856" lon="8.821000141091645"><ele>723.8299865722656</ele></trkpt><trkpt lat="47.458730163984" lon="8.821280140895396"><ele>722.969970703125</ele></trkpt><trkpt lat="47.458730163984" lon="8.821460141334683"><ele>722.8399963378906</ele></trkpt><trkpt lat="47.458730163984" lon="8.821600141003728"><ele>722.9299926757812</ele></trkpt><trkpt lat="47.458740164060146" lon="8.821690141223371"><ele>722.9099731445312</ele></trkpt><trkpt lat="47.45877016382292" lon="8.821800141129643"><ele>723.0599975585938</ele></trkpt><trkpt lat="47.458780163899064" lon="8.82190014095977"><ele>723.2599792480469</ele></trkpt><trkpt lat="47.458780163899064" lon="8.822060141246766"><ele>723.7899780273438</ele></trkpt><trkpt lat="47.458780163899064" lon="8.822120141237974"><ele>723.7999877929688</ele></trkpt><trkpt lat="47.458780163899064" lon="8.822270141448826"><ele>723.8099975585938</ele></trkpt><trkpt lat="47.45877016428858" lon="8.822360141202807"><ele>723.8099975585938</ele></trkpt><trkpt lat="47.45875016413629" lon="8.822390141431242"><ele>723.8099975585938</ele></trkpt><trkpt lat="47.45875016413629" lon="8.822390141431242"><ele>723.7999877929688</ele></trkpt><trkpt lat="47.458780164364725" lon="8.822440141346306"><ele>724.3999938964844</ele></trkpt><trkpt lat="47.4588101641275" lon="8.822510141413659"><ele>724.6099853515625</ele></trkpt><trkpt lat="47.45886016450822" lon="8.82266014162451"><ele>725.0999755859375</ele></trkpt><trkpt lat="47.45892016449943" lon="8.822840141598135"><ele>725.8999938964844</ele></trkpt><trkpt lat="47.4589801649563" lon="8.823070141952485"><ele>726.5999755859375</ele></trkpt><trkpt lat="47.458990164566785" lon="8.823110141791403"><ele>726.7699890136719</ele></trkpt><trkpt lat="47.459010164719075" lon="8.823190141934901"><ele>727.0999755859375</ele></trkpt><trkpt lat="47.459010164719075" lon="8.823280142154545"><ele>727.3999938964844</ele></trkpt><trkpt lat="47.459010164719075" lon="8.823290141765028"><ele>727.3999938964844</ele></trkpt><trkpt lat="47.4589801649563" lon="8.823330142069608"><ele>727.7699890136719</ele></trkpt><trkpt lat="47.45895016519353" lon="8.823370141908526"><ele>728.22998046875</ele></trkpt><trkpt lat="47.45891016535461" lon="8.823430142365396"><ele>729.0</ele></trkpt><trkpt lat="47.458880165591836" lon="8.823510142508894"><ele>729.8499755859375</ele></trkpt><trkpt lat="47.45887016551569" lon="8.823530142661184"><ele>730.1999816894531</ele></trkpt><trkpt lat="47.45887016551569" lon="8.823530142661184"><ele>730.1599731445312</ele></trkpt><trkpt lat="47.45882016560063" lon="8.823510142508894"><ele>730.5899963378906</ele></trkpt><trkpt lat="47.458750165533274" lon="8.82346014259383"><ele>731.2999877929688</ele></trkpt><trkpt lat="47.45870016561821" lon="8.823420142754912"><ele>731.6999816894531</ele></trkpt><trkpt lat="47.45855016587302" lon="8.82335014268756"><ele>732.3499755859375</ele></trkpt><trkpt lat="47.4585101660341" lon="8.823320142924786"><ele>732.5</ele></trkpt><trkpt lat="47.458450166042894" lon="8.823300142772496"><ele>732.6499938964844</ele></trkpt><trkpt lat="47.45832016598433" lon="8.823250142857432"><ele>732.8399963378906</ele></trkpt><trkpt lat="47.458280166145414" lon="8.823250142857432"><ele>732.8999938964844</ele></trkpt><trkpt lat="47.45827016606927" lon="8.823260142933577"><ele>732.9199829101562</ele></trkpt><trkpt lat="47.458240166306496" lon="8.823290143162012"><ele>733.1999816894531</ele></trkpt><trkpt lat="47.45823016623035" lon="8.823300143238157"><ele>733.3199768066406</ele></trkpt><trkpt lat="47.45820016646758" lon="8.823340143077075"><ele>733.6999816894531</ele></trkpt><trkpt lat="47.45817016623914" lon="8.823440143372864"><ele>734.2899780273438</ele></trkpt><trkpt lat="47.458150166552514" lon="8.823520143516362"><ele>735.1299743652344</ele></trkpt><trkpt lat="47.45812016678974" lon="8.82362014381215"><ele>736.3999938964844</ele></trkpt><trkpt lat="47.45811016717926" lon="8.823670143727213"><ele>737.1099853515625</ele></trkpt><trkpt lat="47.45810016710311" lon="8.823700143955648"><ele>737.3899841308594</ele></trkpt><trkpt lat="47.45808016741648" lon="8.823790144175291"><ele>738.6999816894531</ele></trkpt><trkpt lat="47.458060167729855" lon="8.823900144547224"><ele>740.0999755859375</ele></trkpt><trkpt lat="47.458060167729855" lon="8.823960144538432"><ele>741.1099853515625</ele></trkpt><trkpt lat="47.45805016811937" lon="8.824030144605786"><ele>742.0999755859375</ele></trkpt><trkpt lat="47.45805016858503" lon="8.824160145130008"><ele>743.6999816894531</ele></trkpt><trkpt lat="47.45806016866118" lon="8.824280145112425"><ele>744.8999938964844</ele></trkpt><trkpt lat="47.45808016881347" lon="8.824420145712793"><ele>746.4499816894531</ele></trkpt><trkpt lat="47.45813016919419" lon="8.824570145923644"><ele>748.0799865722656</ele></trkpt><trkpt lat="47.45813016919419" lon="8.824570145923644"><ele>748.0</ele></trkpt><trkpt lat="47.45814016927034" lon="8.82458014599979"><ele>748.25</ele></trkpt><trkpt lat="47.45821016980335" lon="8.824670146219432"><ele>749.8999938964844</ele></trkpt><trkpt lat="47.45843017054722" lon="8.82502014702186"><ele>753.6499938964844</ele></trkpt><trkpt lat="47.4584701708518" lon="8.825070146936923"><ele>754.22998046875</ele></trkpt><trkpt lat="47.4584701708518" lon="8.825070146936923"><ele>754.1999816894531</ele></trkpt><trkpt lat="47.45846017077565" lon="8.825110147241503"><ele>754.6899719238281</ele></trkpt><trkpt lat="47.45841017086059" lon="8.825220147147775"><ele>756.1999816894531</ele></trkpt><trkpt lat="47.45837017148733" lon="8.825350147671998"><ele>758.5899963378906</ele></trkpt><trkpt lat="47.45836017187685" lon="8.825400148052722"><ele>759.3299865722656</ele></trkpt><trkpt lat="47.45834017219022" lon="8.825470148120075"><ele>760.3999938964844</ele></trkpt><trkpt lat="47.45836017234251" lon="8.825530148111284"><ele>761.0699768066406</ele></trkpt><trkpt lat="47.45841017225757" lon="8.825710148084909"><ele>761.4499816894531</ele></trkpt><trkpt lat="47.458440172020346" lon="8.825780148152262"><ele>760.6999816894531</ele></trkpt><trkpt lat="47.45847017178312" lon="8.825900148134679"><ele>759.6199951171875</ele></trkpt><trkpt lat="47.458480171859264" lon="8.825940147973597"><ele>759.2999877929688</ele></trkpt><trkpt lat="47.458480171859264" lon="8.825960147660226"><ele>759.22998046875</ele></trkpt><trkpt lat="47.45849017146975" lon="8.826080147642642"><ele>758.7999877929688</ele></trkpt><trkpt lat="47.45854017185047" lon="8.826230147853494"><ele>758.8999938964844</ele></trkpt><trkpt lat="47.45862017152831" lon="8.826390147674829"><ele>758.2699890136719</ele></trkpt><trkpt lat="47.45866017136723" lon="8.826510147657245"><ele>758.3999938964844</ele></trkpt><trkpt lat="47.45868017151952" lon="8.826610147953033"><ele>759.0699768066406</ele></trkpt><trkpt lat="47.458690172061324" lon="8.82673014793545"><ele>760.0</ele></trkpt><trkpt lat="47.45883017219603" lon="8.827020148281008"><ele>760.5299987792969</ele></trkpt><trkpt lat="47.45883017219603" lon="8.827040147967637"><ele>760.5299987792969</ele></trkpt><trkpt lat="47.45891017187387" lon="8.827170148026198"><ele>760.5</ele></trkpt><trkpt lat="47.458990172017366" lon="8.82732014823705"><ele>760.2999877929688</ele></trkpt><trkpt lat="47.459010172169656" lon="8.827360148075968"><ele>760.489990234375</ele></trkpt><trkpt lat="47.45908017223701" lon="8.82753014843911"><ele>761.2999877929688</ele></trkpt><trkpt lat="47.4591001723893" lon="8.8276801481843"><ele>761.9499816894531</ele></trkpt><trkpt lat="47.4591001723893" lon="8.827780148480088"><ele>762.7999877929688</ele></trkpt><trkpt lat="47.45914017269388" lon="8.827960148453712"><ele>762.8699951171875</ele></trkpt><trkpt lat="47.45914017269388" lon="8.827990148682147"><ele>762.989990234375</ele></trkpt><trkpt lat="47.45915017277002" lon="8.82804014859721"><ele>763.1999816894531</ele></trkpt><trkpt lat="47.45913017261773" lon="8.82808014890179"><ele>763.489990234375</ele></trkpt><trkpt lat="47.45910017285496" lon="8.828190148808062"><ele>764.0899963378906</ele></trkpt><trkpt lat="47.45910017285496" lon="8.828220149036497"><ele>764.219970703125</ele></trkpt><trkpt lat="47.459110172931105" lon="8.828330148942769"><ele>764.8999938964844</ele></trkpt><trkpt lat="47.459110172931105" lon="8.828370148781687"><ele>765.0499877929688</ele></trkpt><trkpt lat="47.459110172931105" lon="8.828390148933977"><ele>765.0999755859375</ele></trkpt><trkpt lat="47.45912017300725" lon="8.828400149010122"><ele>765.1399841308594</ele></trkpt><trkpt lat="47.45917017292231" lon="8.828530148603022"><ele>763.8999938964844</ele></trkpt><trkpt lat="47.45917017292231" lon="8.828530148603022"><ele>763.7999877929688</ele></trkpt><trkpt lat="47.45920017268509" lon="8.828560148365796"><ele>762.8999938964844</ele></trkpt><trkpt lat="47.45923017244786" lon="8.828560148365796"><ele>762.47998046875</ele></trkpt><trkpt lat="47.45929017243907" lon="8.82857014844194"><ele>761.8999938964844</ele></trkpt><trkpt lat="47.45935017243028" lon="8.82859014812857"><ele>761.3999938964844</ele></trkpt><trkpt lat="47.45938017219305" lon="8.828610148280859"><ele>761.2699890136719</ele></trkpt><trkpt lat="47.459430172108114" lon="8.828640148043633"><ele>761.0999755859375</ele></trkpt><trkpt lat="47.45948017202318" lon="8.82870014803484"><ele>760.8999938964844</ele></trkpt><trkpt lat="47.45949017209932" lon="8.82870014803484"><ele>760.9199829101562</ele></trkpt><trkpt lat="47.45953017193824" lon="8.82872014818713"><ele>760.8999938964844</ele></trkpt><trkpt lat="47.459580172318965" lon="8.828750148415565"><ele>760.989990234375</ele></trkpt><trkpt lat="47.459580172318965" lon="8.828750148415565"><ele>761.0</ele></trkpt><trkpt lat="47.45966017246246" lon="8.828850148245692"><ele>761.5</ele></trkpt><trkpt lat="47.45972017245367" lon="8.82893014838919"><ele>761.6999816894531</ele></trkpt><trkpt lat="47.459790172521025" lon="8.829050148371607"><ele>761.7999877929688</ele></trkpt><trkpt lat="47.4598201722838" lon="8.82910014828667"><ele>761.969970703125</ele></trkpt><trkpt lat="47.45984017243609" lon="8.829130148515105"><ele>762.0999755859375</ele></trkpt><trkpt lat="47.45988017227501" lon="8.829200148582458"><ele>762.6099853515625</ele></trkpt><trkpt lat="47.45995017280802" lon="8.829320148564875"><ele>763.6999816894531</ele></trkpt><trkpt lat="47.45999017264694" lon="8.829410148784518"><ele>764.3999938964844</ele></trkpt><trkpt lat="47.46001017279923" lon="8.829500149004161"><ele>764.0999755859375</ele></trkpt><trkpt lat="47.46001017279923" lon="8.829570148605853"><ele>763.5</ele></trkpt><trkpt lat="47.46002017240971" lon="8.829650148749352"><ele>762.5</ele></trkpt><trkpt lat="47.46004017209634" lon="8.829740148503333"><ele>761.3999938964844</ele></trkpt><trkpt lat="47.46006017224863" lon="8.829780148342252"><ele>761.1899719238281</ele></trkpt><trkpt lat="47.46007017232478" lon="8.829810148105025"><ele>761.0</ele></trkpt><trkpt lat="47.460090171545744" lon="8.829900147859007"><ele>759.3499755859375</ele></trkpt><trkpt lat="47.460120170842856" lon="8.830040147528052"><ele>755.8999938964844</ele></trkpt><trkpt lat="47.460120170842856" lon="8.83008014736697"><ele>754.9399719238281</ele></trkpt><trkpt lat="47.460120170842856" lon="8.8301001470536"><ele>754.0999755859375</ele></trkpt><trkpt lat="47.46016017021611" lon="8.830200146418065"><ele>752.0999755859375</ele></trkpt><trkpt lat="47.46017017029226" lon="8.8302301466465"><ele>751.4499816894531</ele></trkpt><trkpt lat="47.46020016958937" lon="8.830290146172047"><ele>750.0</ele></trkpt><trkpt lat="47.460210169665515" lon="8.830390146002173"><ele>748.5999755859375</ele></trkpt><trkpt lat="47.460230169352144" lon="8.830480145756155"><ele>747.4299926757812</ele></trkpt><trkpt lat="47.46024016896263" lon="8.830590145662427"><ele>746.3999938964844</ele></trkpt><trkpt lat="47.4602701687254" lon="8.830670145340264"><ele>745.8999938964844</ele></trkpt><trkpt lat="47.460300168953836" lon="8.830720145255327"><ele>745.719970703125</ele></trkpt><trkpt lat="47.46031016902998" lon="8.830750145483762"><ele>745.6999816894531</ele></trkpt><trkpt lat="47.460320168640465" lon="8.830770145636052"><ele>745.4399719238281</ele></trkpt><trkpt lat="47.460340168792754" lon="8.830830145161599"><ele>745.0</ele></trkpt><trkpt lat="47.46042016847059" lon="8.831020145211369"><ele>744.3899841308594</ele></trkpt><trkpt lat="47.460430168546736" lon="8.831050145439804"><ele>744.2999877929688</ele></trkpt><trkpt lat="47.46046016830951" lon="8.831140145193785"><ele>744.0199890136719</ele></trkpt><trkpt lat="47.460490168537945" lon="8.831240145023912"><ele>743.6999816894531</ele></trkpt><trkpt lat="47.460620168130845" lon="8.831440145149827"><ele>743.3999938964844</ele></trkpt><trkpt lat="47.46063016820699" lon="8.831460145302117"><ele>743.4299926757812</ele></trkpt><trkpt lat="47.460640168283135" lon="8.831500145141035"><ele>743.3999938964844</ele></trkpt><trkpt lat="47.46067016851157" lon="8.831590144895017"><ele>743.2999877929688</ele></trkpt><trkpt lat="47.46068016812205" lon="8.831650144886225"><ele>743.0599975585938</ele></trkpt><trkpt lat="47.46070016827434" lon="8.831740145105869"><ele>742.7999877929688</ele></trkpt><trkpt lat="47.46071016835049" lon="8.831770144868642"><ele>742.7599792480469</ele></trkpt><trkpt lat="47.46072016842663" lon="8.831790145020932"><ele>742.6999816894531</ele></trkpt><trkpt lat="47.46073016803712" lon="8.831820144783705"><ele>742.5299987792969</ele></trkpt><trkpt lat="47.460750168189406" lon="8.83185014501214"><ele>742.3999938964844</ele></trkpt><trkpt lat="47.4608201677911" lon="8.832050144672394"><ele>741.5</ele></trkpt><trkpt lat="47.46087016770616" lon="8.83217014465481"><ele>741.0</ele></trkpt><trkpt lat="47.460920168086886" lon="8.832250144798309"><ele>741.1999816894531</ele></trkpt><trkpt lat="47.460960167925805" lon="8.832370144780725"><ele>740.7999877929688</ele></trkpt><trkpt lat="47.46097016800195" lon="8.832440144848078"><ele>740.8099975585938</ele></trkpt><trkpt lat="47.46098016761243" lon="8.832540144678205"><ele>740.75</ele></trkpt><trkpt lat="47.46103016799316" lon="8.832820144481957"><ele>740.6899719238281</ele></trkpt><trkpt lat="47.46107016783208" lon="8.833090144675225"><ele>741.0</ele></trkpt><trkpt lat="47.4611201682128" lon="8.83329014480114"><ele>741.8999938964844</ele></trkpt><trkpt lat="47.461130167823285" lon="8.833330144640058"><ele>742.0</ele></trkpt><trkpt lat="47.461130168288946" lon="8.833330144640058"><ele>742.0399780273438</ele></trkpt><trkpt lat="47.461110168136656" lon="8.833510144613683"><ele>741.75</ele></trkpt><trkpt lat="47.46108016790822" lon="8.833700144663453"><ele>741.0999755859375</ele></trkpt><trkpt lat="47.46098016761243" lon="8.834110144525766"><ele>741.0099792480469</ele></trkpt><trkpt lat="47.460940167773515" lon="8.834210144821554"><ele>740.6999816894531</ele></trkpt><trkpt lat="47.46087016770616" lon="8.834410144481808"><ele>740.2999877929688</ele></trkpt><trkpt lat="47.46078016748652" lon="8.834620144683868"><ele>740.0</ele></trkpt><trkpt lat="47.460750167723745" lon="8.834690144751221"><ele>740.1899719238281</ele></trkpt><trkpt lat="47.46070016780868" lon="8.834830144420266"><ele>740.5999755859375</ele></trkpt><trkpt lat="47.46066016796976" lon="8.83490014448762"><ele>740.719970703125</ele></trkpt><trkpt lat="47.46062016766518" lon="8.834970144554973"><ele>740.7999877929688</ele></trkpt><trkpt lat="47.46048016799614" lon="8.835200144909322"><ele>742.1599731445312</ele></trkpt><trkpt lat="47.460450168233365" lon="8.835250144824386"><ele>742.3999938964844</ele></trkpt><trkpt lat="47.4604001683183" lon="8.83530014520511"><ele>742.5999755859375</ele></trkpt><trkpt lat="47.46033016825095" lon="8.835360145196319"><ele>742.7999877929688</ele></trkpt><trkpt lat="47.46029016841203" lon="8.835380144882947"><ele>743.0499877929688</ele></trkpt><trkpt lat="47.460280168335885" lon="8.835390144959092"><ele>743.1999816894531</ele></trkpt><trkpt lat="47.46022016834468" lon="8.835410145111382"><ele>743.5999755859375</ele></trkpt><trkpt lat="47.46010016836226" lon="8.835440144874156"><ele>743.0399780273438</ele></trkpt><trkpt lat="47.45998016837984" lon="8.835460145026445"><ele>742.8899841308594</ele></trkpt><trkpt lat="47.45996016822755" lon="8.83547014510259"><ele>743.0</ele></trkpt><trkpt lat="47.45980016840622" lon="8.835600145161152"><ele>744.5</ele></trkpt><trkpt lat="47.4594701686874" lon="8.835860145278275"><ele>744.8999938964844</ele></trkpt><trkpt lat="47.45923016918823" lon="8.836060145869851"><ele>746.6999816894531</ele></trkpt><trkpt lat="47.45912016928196" lon="8.83614014601335"><ele>747.0</ele></trkpt><trkpt lat="47.459110169205815" lon="8.836150145623833"><ele>746.969970703125</ele></trkpt><trkpt lat="47.459070168901235" lon="8.836170145776123"><ele>746.8999938964844</ele></trkpt><trkpt lat="47.45904016913846" lon="8.836160145699978"><ele>746.7899780273438</ele></trkpt><trkpt lat="47.45896016899496" lon="8.836140145547688"><ele>746.2999877929688</ele></trkpt><trkpt lat="47.45892016869038" lon="8.836120145395398"><ele>745.9199829101562</ele></trkpt><trkpt lat="47.458900169003755" lon="8.836110145784914"><ele>745.6999816894531</ele></trkpt><trkpt lat="47.45880016870797" lon="8.836050145328045"><ele>745.239990234375</ele></trkpt><trkpt lat="47.45864016888663" lon="8.835940145421773"><ele>745.1999816894531</ele></trkpt><trkpt lat="47.45858016889542" lon="8.835910145659"><ele>745.1799926757812</ele></trkpt><trkpt lat="47.45845016883686" lon="8.835840145591646"><ele>744.7899780273438</ele></trkpt><trkpt lat="47.45838016830385" lon="8.835790145210922"><ele>744.3599853515625</ele></trkpt><trkpt lat="47.45830016862601" lon="8.835760145448148"><ele>743.8599853515625</ele></trkpt><trkpt lat="47.45822016848251" lon="8.835740145295858"><ele>743.1899719238281</ele></trkpt><trkpt lat="47.45818016817793" lon="8.835730145219713"><ele>742.8899841308594</ele></trkpt><trkpt lat="47.45822016848251" lon="8.835740145295858"><ele>743.1899719238281</ele></trkpt><trkpt lat="47.45830016862601" lon="8.835760145448148"><ele>743.8599853515625</ele></trkpt><trkpt lat="47.45838016830385" lon="8.835790145210922"><ele>744.3599853515625</ele></trkpt><trkpt lat="47.45845016883686" lon="8.835840145591646"><ele>744.7899780273438</ele></trkpt><trkpt lat="47.458390169311315" lon="8.835920145735145"><ele>747.2999877929688</ele></trkpt><trkpt lat="47.45838016923517" lon="8.83593014581129"><ele>747.7999877929688</ele></trkpt><trkpt lat="47.45836016954854" lon="8.835940145887434"><ele>748.1099853515625</ele></trkpt><trkpt lat="47.45823016995564" lon="8.83597014658153"><ele>750.5</ele></trkpt><trkpt lat="47.45819017011672" lon="8.836050146725029"><ele>752.3999938964844</ele></trkpt><trkpt lat="47.458170170895755" lon="8.836130147334188"><ele>754.469970703125</ele></trkpt><trkpt lat="47.458170170895755" lon="8.836170147173107"><ele>755.5</ele></trkpt><trkpt lat="47.458170170895755" lon="8.836170147173107"><ele>755.3799743652344</ele></trkpt><trkpt lat="47.45828017173335" lon="8.836210147943348"><ele>759.0</ele></trkpt><trkpt lat="47.45830017188564" lon="8.836280148476362"><ele>760.5199890136719</ele></trkpt><trkpt lat="47.45832017250359" lon="8.83634014846757"><ele>761.8999938964844</ele></trkpt><trkpt lat="47.45853017270565" lon="8.836660149041563"><ele>764.0</ele></trkpt><trkpt lat="47.458600172773004" lon="8.836770148947835"><ele>764.5799865722656</ele></trkpt><trkpt lat="47.45861017284915" lon="8.836790149100125"><ele>764.6999816894531</ele></trkpt><trkpt lat="47.45864017307758" lon="8.836910149082541"><ele>765.9099731445312</ele></trkpt><trkpt lat="47.45865017315373" lon="8.836920149158686"><ele>766.0199890136719</ele></trkpt><trkpt lat="47.45867017330602" lon="8.836950149387121"><ele>766.6499938964844</ele></trkpt><trkpt lat="47.45870017353445" lon="8.836990149691701"><ele>767.3999938964844</ele></trkpt><trkpt lat="47.45877017406747" lon="8.8370701498352"><ele>769.5999755859375</ele></trkpt><trkpt lat="47.45878017414361" lon="8.837080149911344"><ele>769.8399963378906</ele></trkpt><trkpt lat="47.458830174058676" lon="8.837130150292069"><ele>770.739990234375</ele></trkpt><trkpt lat="47.458830174058676" lon="8.837130150292069"><ele>770.6999816894531</ele></trkpt><trkpt lat="47.45884017413482" lon="8.837180150207132"><ele>771.3699951171875</ele></trkpt><trkpt lat="47.458850174210966" lon="8.837220150511712"><ele>771.8999938964844</ele></trkpt><trkpt lat="47.45888017490506" lon="8.837270150426775"><ele>773.0999755859375</ele></trkpt><trkpt lat="47.45892017474398" lon="8.837290151044726"><ele>774.2999877929688</ele></trkpt><trkpt lat="47.458990175276995" lon="8.837220150977373"><ele>775.1699829101562</ele></trkpt><trkpt lat="47.45900017535314" lon="8.837210150901228"><ele>775.2999877929688</ele></trkpt><trkpt lat="47.45906017534435" lon="8.83721015136689"><ele>776.0999755859375</ele></trkpt><trkpt lat="47.459120175335556" lon="8.837260151281953"><ele>777.0099792480469</ele></trkpt><trkpt lat="47.45915017556399" lon="8.837280151434243"><ele>777.3999938964844</ele></trkpt><trkpt lat="47.459220176097006" lon="8.837350151501596"><ele>778.8999938964844</ele></trkpt><trkpt lat="47.459300176706165" lon="8.837450152263045"><ele>781.3399963378906</ele></trkpt><trkpt lat="47.45931017631665" lon="8.83746015233919"><ele>781.5999755859375</ele></trkpt><trkpt lat="47.459320176392794" lon="8.83748015249148"><ele>781.97998046875</ele></trkpt><trkpt lat="47.45935017708689" lon="8.837540152482688"><ele>783.0999755859375</ele></trkpt><trkpt lat="47.45942017715424" lon="8.837700152769685"><ele>784.1299743652344</ele></trkpt><trkpt lat="47.45942017715424" lon="8.837700152769685"><ele>784.1999816894531</ele></trkpt><trkpt lat="47.45944017730653" lon="8.837910152971745"><ele>786.0</ele></trkpt><trkpt lat="47.459440177772194" lon="8.83830015361309"><ele>787.8999938964844</ele></trkpt><trkpt lat="47.459460177924484" lon="8.838710153475404"><ele>788.489990234375</ele></trkpt><trkpt lat="47.45947017800063" lon="8.839130153413862"><ele>788.3599853515625</ele></trkpt><trkpt lat="47.45947017800063" lon="8.83919015340507"><ele>788.2999877929688</ele></trkpt><trkpt lat="47.45947017800063" lon="8.839440153446048"><ele>788.0999755859375</ele></trkpt><trkpt lat="47.45945017784834" lon="8.839690153487027"><ele>787.3599853515625</ele></trkpt><trkpt lat="47.45945017784834" lon="8.839730153325945"><ele>787.2999877929688</ele></trkpt><trkpt lat="47.45944017730653" lon="8.839970153290778"><ele>786.1599731445312</ele></trkpt><trkpt lat="47.45945017738268" lon="8.840110152959824"><ele>785.0999755859375</ele></trkpt><trkpt lat="47.45946017699316" lon="8.84019015263766"><ele>784.6999816894531</ele></trkpt><trkpt lat="47.459530177060515" lon="8.840430152602494"><ele>783.5999755859375</ele></trkpt><trkpt lat="47.45961017673835" lon="8.840650152415037"><ele>782.4099731445312</ele></trkpt><trkpt lat="47.45963017642498" lon="8.84072015248239"><ele>781.8999938964844</ele></trkpt><trkpt lat="47.45965017657727" lon="8.840800152160227"><ele>781.3999938964844</ele></trkpt><trkpt lat="47.459660176187754" lon="8.840920152142644"><ele>780.6999816894531</ele></trkpt><trkpt lat="47.4596701762639" lon="8.84100015182048"><ele>780.1999816894531</ele></trkpt><trkpt lat="47.45968017634004" lon="8.841090152040124"><ele>779.8199768066406</ele></trkpt><trkpt lat="47.45969017595053" lon="8.841450151521713"><ele>778.1999816894531</ele></trkpt><trkpt lat="47.45968017587438" lon="8.84153015166521"><ele>777.6999816894531</ele></trkpt><trkpt lat="47.45967017579824" lon="8.841610151343048"><ele>777.3399963378906</ele></trkpt><trkpt lat="47.45965017564595" lon="8.84172015124932"><ele>776.5999755859375</ele></trkpt><trkpt lat="47.45953017519787" lon="8.842010151129216"><ele>774.5999755859375</ele></trkpt><trkpt lat="47.45936017436907" lon="8.84238015068695"><ele>772.3999938964844</ele></trkpt><trkpt lat="47.45920017408207" lon="8.842670150101185"><ele>770.0999755859375</ele></trkpt><trkpt lat="47.45908017363399" lon="8.842870149761438"><ele>768.0499877929688</ele></trkpt><trkpt lat="47.45907017355785" lon="8.842890149913728"><ele>767.8999938964844</ele></trkpt><trkpt lat="47.45901017310098" lon="8.84311014926061"><ele>765.8999938964844</ele></trkpt><trkpt lat="47.45895017310977" lon="8.843270149081945"><ele>764.989990234375</ele></trkpt><trkpt lat="47.45891017280519" lon="8.843390149064362"><ele>764.2999877929688</ele></trkpt><trkpt lat="47.45885017281398" lon="8.843510149046779"><ele>763.2999877929688</ele></trkpt><trkpt lat="47.45884017273784" lon="8.843510149046779"><ele>763.1999816894531</ele></trkpt><trkpt lat="47.45884017273784" lon="8.843520149122924"><ele>763.1199951171875</ele></trkpt><trkpt lat="47.45883017266169" lon="8.843520149122924"><ele>763.0799865722656</ele></trkpt><trkpt lat="47.45883017266169" lon="8.843480148818344"><ele>763.0799865722656</ele></trkpt><trkpt lat="47.45884017273784" lon="8.843400149140507"><ele>763.1799926757812</ele></trkpt><trkpt lat="47.45883017266169" lon="8.843300148844719"><ele>763.0199890136719</ele></trkpt><trkpt lat="47.45882017258555" lon="8.843180148862302"><ele>762.72998046875</ele></trkpt><trkpt lat="47.45879017235711" lon="8.843020148575306"><ele>762.25</ele></trkpt><trkpt lat="47.45879017235711" lon="8.843000148888677"><ele>762.0899963378906</ele></trkpt><trkpt lat="47.45879017235711" lon="8.843020148575306"><ele>762.25</ele></trkpt><trkpt lat="47.45882017258555" lon="8.843180148862302"><ele>762.72998046875</ele></trkpt><trkpt lat="47.45883017266169" lon="8.843300148844719"><ele>763.0199890136719</ele></trkpt><trkpt lat="47.45884017273784" lon="8.843400149140507"><ele>763.1799926757812</ele></trkpt><trkpt lat="47.45883017266169" lon="8.843480148818344"><ele>763.0799865722656</ele></trkpt><trkpt lat="47.45883017266169" lon="8.843520149122924"><ele>763.0799865722656</ele></trkpt><trkpt lat="47.45884017273784" lon="8.843520149122924"><ele>763.1199951171875</ele></trkpt><trkpt lat="47.45883017266169" lon="8.843520149122924"><ele>763.0999755859375</ele></trkpt><trkpt lat="47.4588101725094" lon="8.84360014880076"><ele>762.7999877929688</ele></trkpt><trkpt lat="47.4588101725094" lon="8.84362014895305"><ele>762.6499938964844</ele></trkpt><trkpt lat="47.45879017235711" lon="8.843680148944259"><ele>762.2999877929688</ele></trkpt><trkpt lat="47.45875017205253" lon="8.843760148622096"><ele>761.6999816894531</ele></trkpt><trkpt lat="47.45872017228976" lon="8.843810148537159"><ele>761.3999938964844</ele></trkpt><trkpt lat="47.45868017198518" lon="8.843870148528367"><ele>760.8499755859375</ele></trkpt><trkpt lat="47.45864017214626" lon="8.843930148519576"><ele>760.2999877929688</ele></trkpt><trkpt lat="47.45860017184168" lon="8.843970148358494"><ele>759.97998046875</ele></trkpt><trkpt lat="47.45849017146975" lon="8.84411014802754"><ele>758.8999938964844</ele></trkpt><trkpt lat="47.45839017163962" lon="8.844270147848874"><ele>757.8999938964844</ele></trkpt><trkpt lat="47.458380171563476" lon="8.844290148001164"><ele>757.7999877929688</ele></trkpt><trkpt lat="47.45837017148733" lon="8.844310148153454"><ele>757.8099975585938</ele></trkpt><trkpt lat="47.45832017157227" lon="8.84443014813587"><ele>757.7999877929688</ele></trkpt><trkpt lat="47.45832017157227" lon="8.844440147746354"><ele>757.7999877929688</ele></trkpt><trkpt lat="47.45830017141998" lon="8.844520147889853"><ele>758.1599731445312</ele></trkpt><trkpt lat="47.45830017141998" lon="8.844550148118287"><ele>758.0</ele></trkpt><trkpt lat="47.45830017141998" lon="8.844550148118287"><ele>758.0099792480469</ele></trkpt><trkpt lat="47.45824017142877" lon="8.844540148042142"><ele>758.1999816894531</ele></trkpt><trkpt lat="47.45820017158985" lon="8.844550148118287"><ele>758.1999816894531</ele></trkpt><trkpt lat="47.45811017137021" lon="8.844570148270577"><ele>758.25</ele></trkpt><trkpt lat="47.45809017168358" lon="8.84458014788106"><ele>758.2999877929688</ele></trkpt><trkpt lat="47.45809017168358" lon="8.84458014788106"><ele>758.25</ele></trkpt><trkpt lat="47.45809017168358" lon="8.84464014787227"><ele>758.0999755859375</ele></trkpt><trkpt lat="47.458060171455145" lon="8.844720148015767"><ele>758.6299743652344</ele></trkpt><trkpt lat="47.458040171768516" lon="8.844760148320347"><ele>758.9499816894531</ele></trkpt><trkpt lat="47.45801017154008" lon="8.844820148311555"><ele>759.3999938964844</ele></trkpt><trkpt lat="47.45794017193839" lon="8.844960148446262"><ele>760.1999816894531</ele></trkpt><trkpt lat="47.457890172023326" lon="8.845090148504823"><ele>761.1999816894531</ele></trkpt><trkpt lat="47.457820172421634" lon="8.845240149181336"><ele>763.0999755859375</ele></trkpt><trkpt lat="47.45781017234549" lon="8.84525014879182"><ele>763.0899963378906</ele></trkpt><trkpt lat="47.457780172582716" lon="8.845310148783028"><ele>763.3999938964844</ele></trkpt><trkpt lat="47.45775017281994" lon="8.845370149239898"><ele>763.4499816894531</ele></trkpt><trkpt lat="47.45771017251536" lon="8.845430149231106"><ele>763.5</ele></trkpt><trkpt lat="47.457480172626674" lon="8.845730149187148"><ele>763.6999816894531</ele></trkpt><trkpt lat="47.457420172635466" lon="8.8458001492545"><ele>763.8999938964844</ele></trkpt><trkpt lat="47.457420172635466" lon="8.845810149330646"><ele>763.9199829101562</ele></trkpt><trkpt lat="47.45738017279655" lon="8.845870149321854"><ele>764.0999755859375</ele></trkpt><trkpt lat="47.457290173042566" lon="8.846130149438977"><ele>765.5</ele></trkpt><trkpt lat="47.45725017320365" lon="8.84622014965862"><ele>765.989990234375</ele></trkpt><trkpt lat="47.457220173440874" lon="8.846280149649829"><ele>766.3999938964844</ele></trkpt><trkpt lat="47.457200173288584" lon="8.846340149641037"><ele>766.8299865722656</ele></trkpt><trkpt lat="47.45712017361075" lon="8.846500149928033"><ele>768.1999816894531</ele></trkpt><trkpt lat="47.456920174881816" lon="8.84691015072167"><ele>773.0999755859375</ele></trkpt><trkpt lat="47.456790175288916" lon="8.847130151465535"><ele>776.3099975585938</ele></trkpt><trkpt lat="47.45674017537385" lon="8.847220151685178"><ele>777.1699829101562</ele></trkpt><trkpt lat="47.45671017561108" lon="8.847280151676387"><ele>777.5</ele></trkpt><trkpt lat="47.45665017561987" lon="8.847340151667595"><ele>777.8999938964844</ele></trkpt><trkpt lat="47.4566201758571" lon="8.84735015174374"><ele>778.0399780273438</ele></trkpt><trkpt lat="47.456550175789744" lon="8.84739015204832"><ele>778.5</ele></trkpt><trkpt lat="47.456490175798535" lon="8.847430151887238"><ele>778.8399963378906</ele></trkpt><trkpt lat="47.45642017619684" lon="8.847480151802301"><ele>779.3299865722656</ele></trkpt><trkpt lat="47.45630017621443" lon="8.8475601519458"><ele>779.97998046875</ele></trkpt><trkpt lat="47.45623017614707" lon="8.84762015240267"><ele>780.3999938964844</ele></trkpt><trkpt lat="47.45593017619103" lon="8.848100152332336"><ele>780.7999877929688</ele></trkpt><trkpt lat="47.4559101765044" lon="8.84813015209511"><ele>780.7699890136719</ele></trkpt><trkpt lat="47.45580017613247" lon="8.848320152144879"><ele>781.0</ele></trkpt><trkpt lat="47.45567017653957" lon="8.848500152584165"><ele>781.6999816894531</ele></trkpt><trkpt lat="47.45559017639607" lon="8.848630152642727"><ele>782.1999816894531</ele></trkpt><trkpt lat="47.45557017670944" lon="8.848650152795017"><ele>782.3999938964844</ele></trkpt><trkpt lat="47.45554017648101" lon="8.848650152795017"><ele>782.489990234375</ele></trkpt><trkpt lat="47.45554017648101" lon="8.848650152795017"><ele>782.5</ele></trkpt><trkpt lat="47.4555601766333" lon="8.848730152472854"><ele>782.5999755859375</ele></trkpt><trkpt lat="47.45557017670944" lon="8.848810152616352"><ele>782.6399841308594</ele></trkpt><trkpt lat="47.45557017670944" lon="8.84885015245527"><ele>782.6999816894531</ele></trkpt><trkpt lat="47.45558017678559" lon="8.848950152751058"><ele>782.5999755859375</ele></trkpt><trkpt lat="47.45558017678559" lon="8.848980152513832"><ele>782.5899963378906</ele></trkpt><trkpt lat="47.45558017678559" lon="8.849110152572393"><ele>782.3399963378906</ele></trkpt><trkpt lat="47.45558017678559" lon="8.849220152478665"><ele>782.0999755859375</ele></trkpt><trkpt lat="47.4555601766333" lon="8.849470152519643"><ele>781.6299743652344</ele></trkpt><trkpt lat="47.45554017648101" lon="8.849610152188689"><ele>781.3999938964844</ele></trkpt><trkpt lat="47.45554017648101" lon="8.849720152560622"><ele>781.1599731445312</ele></trkpt><trkpt lat="47.45554017648101" lon="8.849810152314603"><ele>780.9599914550781</ele></trkpt><trkpt lat="47.455530176404864" lon="8.84993015229702"><ele>780.6999816894531</ele></trkpt><trkpt lat="47.45554017601535" lon="8.850130152422935"><ele>780.2599792480469</ele></trkpt><trkpt lat="47.45554017601535" lon="8.850190152414143"><ele>780.1899719238281</ele></trkpt><trkpt lat="47.45554017601535" lon="8.850200152024627"><ele>780.1299743652344</ele></trkpt><trkpt lat="47.45555017609149" lon="8.850260152015835"><ele>780.0999755859375</ele></trkpt><trkpt lat="47.45555017609149" lon="8.85031015239656"><ele>780.0399780273438</ele></trkpt><trkpt lat="47.45555017609149" lon="8.850320152007043"><ele>780.0</ele></trkpt><trkpt lat="47.45555017609149" lon="8.850320152007043"><ele>780.0299987792969</ele></trkpt><trkpt lat="47.45555017609149" lon="8.850340152159333"><ele>779.989990234375</ele></trkpt><trkpt lat="47.45563017576933" lon="8.850920151919127"><ele>778.4599914550781</ele></trkpt><trkpt lat="47.45568017521873" lon="8.851320151239634"><ele>775.3799743652344</ele></trkpt><trkpt lat="47.45568017521873" lon="8.851340151391923"><ele>775.2999877929688</ele></trkpt><trkpt lat="47.45568017475307" lon="8.85142015106976"><ele>774.5999755859375</ele></trkpt><trkpt lat="47.455670174676925" lon="8.851470150984824"><ele>774.1999816894531</ele></trkpt><trkpt lat="47.455670174676925" lon="8.851530150976032"><ele>773.6999816894531</ele></trkpt><trkpt lat="47.455670174676925" lon="8.851620150730014"><ele>773.0</ele></trkpt><trkpt lat="47.45568017428741" lon="8.851680150721222"><ele>772.5699768066406</ele></trkpt><trkpt lat="47.45569017436355" lon="8.851750150788575"><ele>772.1999816894531</ele></trkpt><trkpt lat="47.45572017459199" lon="8.851820150855929"><ele>771.8599853515625</ele></trkpt><trkpt lat="47.45574017427862" lon="8.851860150694847"><ele>771.5999755859375</ele></trkpt><trkpt lat="47.45577017404139" lon="8.851900150533766"><ele>771.4299926757812</ele></trkpt><trkpt lat="47.45577017404139" lon="8.851900150533766"><ele>771.3999938964844</ele></trkpt><trkpt lat="47.455780174117535" lon="8.851950150448829"><ele>771.1999816894531</ele></trkpt><trkpt lat="47.455820173956454" lon="8.852210150565952"><ele>770.0</ele></trkpt><trkpt lat="47.455840174108744" lon="8.852260150481015"><ele>769.6199951171875</ele></trkpt><trkpt lat="47.45585017371923" lon="8.852280150167644"><ele>769.47998046875</ele></trkpt><trkpt lat="47.455890173558146" lon="8.852370150387287"><ele>769.0999755859375</ele></trkpt><trkpt lat="47.45590017363429" lon="8.85242015030235"><ele>769.1999816894531</ele></trkpt><trkpt lat="47.45590017363429" lon="8.852440149988979"><ele>769.2099914550781</ele></trkpt><trkpt lat="47.45592017378658" lon="8.852490150369704"><ele>769.3999938964844</ele></trkpt><trkpt lat="47.455970174167305" lon="8.852600150275975"><ele>770.0499877929688</ele></trkpt><trkpt lat="47.455990173853934" lon="8.852640150580555"><ele>770.2999877929688</ele></trkpt><trkpt lat="47.456010174006224" lon="8.852680150419474"><ele>770.6999816894531</ele></trkpt><trkpt lat="47.45638017496094" lon="8.853180150967091"><ele>773.75</ele></trkpt><trkpt lat="47.456430174876004" lon="8.853250151034445"><ele>774.1799926757812</ele></trkpt><trkpt lat="47.4566701753065" lon="8.853580151684582"><ele>776.3799743652344</ele></trkpt><trkpt lat="47.45673017529771" lon="8.853670151438564"><ele>776.9399719238281</ele></trkpt><trkpt lat="47.45699017588049" lon="8.85404015192762"><ele>779.0999755859375</ele></trkpt><trkpt lat="47.45707017602399" lon="8.854140152223408"><ele>779.7999877929688</ele></trkpt><trkpt lat="47.4571301760152" lon="8.854210152290761"><ele>780.5</ele></trkpt><trkpt lat="47.45720017654821" lon="8.85427015228197"><ele>781.1999816894531</ele></trkpt><trkpt lat="47.457310176454484" lon="8.854390152730048"><ele>782.5599975585938</ele></trkpt><trkpt lat="47.45743017690256" lon="8.854510153178126"><ele>784.0</ele></trkpt><trkpt lat="47.457560177426785" lon="8.854680153541267"><ele>786.5999755859375</ele></trkpt><trkpt lat="47.457640178035945" lon="8.85477015376091"><ele>788.0399780273438</ele></trkpt><trkpt lat="47.4577101781033" lon="8.854840153828263"><ele>789.2999877929688</ele></trkpt><trkpt lat="47.457810178399086" lon="8.854940154124051"><ele>790.7999877929688</ele></trkpt><trkpt lat="47.45786017877981" lon="8.854990154504776"><ele>791.3599853515625</ele></trkpt><trkpt lat="47.45794017892331" lon="8.855050154495984"><ele>792.1999816894531</ele></trkpt><trkpt lat="47.45805017882958" lon="8.855130154639482"><ele>793.3899841308594</ele></trkpt><trkpt lat="47.458080179058015" lon="8.855160154867917"><ele>793.7999877929688</ele></trkpt><trkpt lat="47.45813017943874" lon="8.85521015478298"><ele>794.4399719238281</ele></trkpt><trkpt lat="47.4581801793538" lon="8.855280154850334"><ele>795.0</ele></trkpt><trkpt lat="47.4581801793538" lon="8.855280154850334"><ele>795.0599975585938</ele></trkpt><trkpt lat="47.45820017950609" lon="8.855300155002624"><ele>795.239990234375</ele></trkpt><trkpt lat="47.45823017926887" lon="8.855320155154914"><ele>795.5999755859375</ele></trkpt><trkpt lat="47.45823017926887" lon="8.855320155154914"><ele>795.5499877929688</ele></trkpt><trkpt lat="47.45828017964959" lon="8.855400155298412"><ele>796.47998046875</ele></trkpt><trkpt lat="47.458370179869235" lon="8.855530155822635"><ele>798.2099914550781</ele></trkpt><trkpt lat="47.458430180326104" lon="8.855620156042278"><ele>799.3999938964844</ele></trkpt><trkpt lat="47.45852018054575" lon="8.855740156024694"><ele>801.0999755859375</ele></trkpt><trkpt lat="47.458620180841535" lon="8.855860156472772"><ele>802.7999877929688</ele></trkpt><trkpt lat="47.458700181450695" lon="8.85596015676856"><ele>804.0999755859375</ele></trkpt><trkpt lat="47.45886018173769" lon="8.856110156979412"><ele>806.4499816894531</ele></trkpt><trkpt lat="47.45894018188119" lon="8.856190157588571"><ele>807.6999816894531</ele></trkpt><trkpt lat="47.45898018218577" lon="8.856220157351345"><ele>808.2099914550781</ele></trkpt><trkpt lat="47.45898018218577" lon="8.856220157351345"><ele>808.1999816894531</ele></trkpt><trkpt lat="47.459030182566494" lon="8.856260157655925"><ele>808.9299926757812</ele></trkpt><trkpt lat="47.459160182625055" lon="8.856370158027858"><ele>810.6999816894531</ele></trkpt><trkpt lat="47.4592501828447" lon="8.85644015809521"><ele>811.8999938964844</ele></trkpt><trkpt lat="47.45938018336892" lon="8.856560158543289"><ele>813.97998046875</ele></trkpt><trkpt lat="47.459390183445066" lon="8.856570158619434"><ele>814.0999755859375</ele></trkpt><trkpt lat="47.459450183901936" lon="8.856600158847868"><ele>815.0</ele></trkpt><trkpt lat="47.459490183740854" lon="8.856600158847868"><ele>815.5299987792969</ele></trkpt><trkpt lat="47.459500183817" lon="8.856600158847868"><ele>815.7999877929688</ele></trkpt><trkpt lat="47.459500183817" lon="8.856600158847868"><ele>815.7599792480469</ele></trkpt><trkpt lat="47.45954018412158" lon="8.856740158982575"><ele>817.0</ele></trkpt><trkpt lat="47.45966018456966" lon="8.857030159793794"><ele>819.7999877929688</ele></trkpt><trkpt lat="47.45988018717617" lon="8.857830161694437"><ele>831.1999816894531</ele></trkpt><trkpt lat="47.45992018794641" lon="8.858010162133723"><ele>834.0999755859375</ele></trkpt><trkpt lat="47.459950188174844" lon="8.858060162514448"><ele>835.0699768066406</ele></trkpt><trkpt lat="47.459970188327134" lon="8.858100162819028"><ele>835.7999877929688</ele></trkpt><trkpt lat="47.460030188784" lon="8.858190163038671"><ele>837.7699890136719</ele></trkpt><trkpt lat="47.460030188784" lon="8.858200163114816"><ele>837.8999938964844</ele></trkpt><trkpt lat="47.46006018854678" lon="8.858220163267106"><ele>838.6099853515625</ele></trkpt><trkpt lat="47.460120189003646" lon="8.858290163334459"><ele>840.0999755859375</ele></trkpt><trkpt lat="47.46015018923208" lon="8.858330163639039"><ele>841.1699829101562</ele></trkpt><trkpt lat="47.460160189308226" lon="8.858340163715184"><ele>841.5</ele></trkpt><trkpt lat="47.46025018999353" lon="8.858510164078325"><ele>844.5</ele></trkpt><trkpt lat="47.46048019267619" lon="8.859020166564733"><ele>855.8999938964844</ele></trkpt><trkpt lat="47.46051019290462" lon="8.85914016701281"><ele>858.3999938964844</ele></trkpt><trkpt lat="47.46054019359872" lon="8.859280167147517"><ele>860.7999877929688</ele></trkpt><trkpt lat="47.46056019375101" lon="8.859360167291015"><ele>861.8999938964844</ele></trkpt><trkpt lat="47.46057019382715" lon="8.859380167443305"><ele>862.239990234375</ele></trkpt><trkpt lat="47.4605801939033" lon="8.859400167595595"><ele>863.1099853515625</ele></trkpt><trkpt lat="47.46061019413173" lon="8.85945016797632"><ele>863.989990234375</ele></trkpt><trkpt lat="47.46062019420788" lon="8.859460168052465"><ele>864.1199951171875</ele></trkpt><trkpt lat="47.46071019489318" lon="8.859590168576688"><ele>867.5999755859375</ele></trkpt><trkpt lat="47.46083019580692" lon="8.859900169074535"><ele>870.97998046875</ele></trkpt><trkpt lat="47.460840195883065" lon="8.85991016915068"><ele>871.0</ele></trkpt><trkpt lat="47.460860195569694" lon="8.859940169379115"><ele>871.0</ele></trkpt><trkpt lat="47.46089019579813" lon="8.859940169379115"><ele>871.1399841308594</ele></trkpt><trkpt lat="47.46089019579813" lon="8.859940169379115"><ele>871.1999816894531</ele></trkpt><trkpt lat="47.46089019579813" lon="8.859940169379115"><ele>871.1799926757812</ele></trkpt><trkpt lat="47.46094019571319" lon="8.860280169174075"><ele>872.0</ele></trkpt><trkpt lat="47.460950196255" lon="8.860460169613361"><ele>872.6999816894531</ele></trkpt><trkpt lat="47.46094019617885" lon="8.861040169373155"><ele>873.2699890136719</ele></trkpt><trkpt lat="47.46093019610271" lon="8.86128016980365"><ele>873.0999755859375</ele></trkpt><trkpt lat="47.460900196339935" lon="8.861500169616193"><ele>872.9199829101562</ele></trkpt><trkpt lat="47.46089019626379" lon="8.861570169683546"><ele>872.72998046875</ele></trkpt><trkpt lat="47.460880195721984" lon="8.8617701693438"><ele>872.0</ele></trkpt><trkpt lat="47.460860195569694" lon="8.862210168968886"><ele>870.3099975585938</ele></trkpt><trkpt lat="47.460860195569694" lon="8.86230016918853"><ele>870.0</ele></trkpt><trkpt lat="47.46085019549355" lon="8.862510168924928"><ele>869.5</ele></trkpt><trkpt lat="47.46083019534126" lon="8.862720169126987"><ele>869.2699890136719</ele></trkpt><trkpt lat="47.46083019534126" lon="8.862740168813616"><ele>869.2699890136719</ele></trkpt><trkpt lat="47.460800195578486" lon="8.862950169015676"><ele>869.3999938964844</ele></trkpt><trkpt lat="47.46079019550234" lon="8.86300016893074"><ele>869.5</ele></trkpt><trkpt lat="47.46077019535005" lon="8.863100168760866"><ele>869.6999816894531</ele></trkpt><trkpt lat="47.46075019566342" lon="8.863140169065446"><ele>869.8599853515625</ele></trkpt><trkpt lat="47.46072019543499" lon="8.863210169132799"><ele>870.2999877929688</ele></trkpt><trkpt lat="47.460690195672214" lon="8.863260169047862"><ele>870.6399841308594</ele></trkpt><trkpt lat="47.46064019575715" lon="8.86332016903907"><ele>871.0999755859375</ele></trkpt><trkpt lat="47.46055019600317" lon="8.863460169639438"><ele>872.1599731445312</ele></trkpt><trkpt lat="47.46053019585088" lon="8.863490169402212"><ele>872.3999938964844</ele></trkpt><trkpt lat="47.46053019585088" lon="8.863490169402212"><ele>872.4099731445312</ele></trkpt><trkpt lat="47.460520196240395" lon="8.863530169706792"><ele>872.5499877929688</ele></trkpt><trkpt lat="47.46051019616425" lon="8.863540169317275"><ele>872.5999755859375</ele></trkpt><trkpt lat="47.46051019616425" lon="8.863590169698"><ele>872.3099975585938</ele></trkpt><trkpt lat="47.46051019569859" lon="8.863730169367045"><ele>870.8599853515625</ele></trkpt><trkpt lat="47.46051019569859" lon="8.863750169053674"><ele>870.5999755859375</ele></trkpt><trkpt lat="47.46052019530907" lon="8.863790168892592"><ele>870.1799926757812</ele></trkpt><trkpt lat="47.460550195071846" lon="8.864100168459117"><ele>867.7999877929688</ele></trkpt><trkpt lat="47.46056019514799" lon="8.86419016867876"><ele>867.6599731445312</ele></trkpt><trkpt lat="47.46056019514799" lon="8.864280168432742"><ele>867.6099853515625</ele></trkpt><trkpt lat="47.460570194758475" lon="8.864350168500096"><ele>867.5999755859375</ele></trkpt><trkpt lat="47.46056019514799" lon="8.864490168634802"><ele>867.5199890136719</ele></trkpt><trkpt lat="47.46056019514799" lon="8.864500168710947"><ele>867.5</ele></trkpt><trkpt lat="47.46056019514799" lon="8.864590168464929"><ele>867.5299987792969</ele></trkpt><trkpt lat="47.460550195071846" lon="8.864700168836862"><ele>867.5</ele></trkpt><trkpt lat="47.46052019530907" lon="8.865010168869048"><ele>869.3999938964844</ele></trkpt><trkpt lat="47.460500195622444" lon="8.86518016923219"><ele>870.6999816894531</ele></trkpt><trkpt lat="47.46047019585967" lon="8.865340169519186"><ele>871.8999938964844</ele></trkpt><trkpt lat="47.46047019585967" lon="8.865400169510394"><ele>872.4599914550781</ele></trkpt><trkpt lat="47.46046019624919" lon="8.865450169425458"><ele>872.8999938964844</ele></trkpt><trkpt lat="47.46044019656256" lon="8.865550169721246"><ele>873.8999938964844</ele></trkpt><trkpt lat="47.46043019602075" lon="8.865620169788599"><ele>873.3899841308594</ele></trkpt><trkpt lat="47.46043019602075" lon="8.865620169788599"><ele>873.3899841308594</ele></trkpt><trkpt lat="47.46043019648641" lon="8.865850170142949"><ele>874.5999755859375</ele></trkpt><trkpt lat="47.46043019648641" lon="8.865870169829577"><ele>875.0099792480469</ele></trkpt><trkpt lat="47.46042019687593" lon="8.865930170286447"><ele>875.6999816894531</ele></trkpt><trkpt lat="47.46042019687593" lon="8.866010169964284"><ele>875.8999938964844</ele></trkpt><trkpt lat="47.460430196952075" lon="8.866060170345008"><ele>876.0</ele></trkpt><trkpt lat="47.46042019687593" lon="8.86615017009899"><ele>875.9199829101562</ele></trkpt><trkpt lat="47.460410196799785" lon="8.866300170309842"><ele>875.97998046875</ele></trkpt><trkpt lat="47.460410196799785" lon="8.866350170224905"><ele>876.0</ele></trkpt><trkpt lat="47.46040019672364" lon="8.866390170063823"><ele>876.0999755859375</ele></trkpt><trkpt lat="47.460390196647495" lon="8.866500170435756"><ele>876.219970703125</ele></trkpt><trkpt lat="47.46037019696087" lon="8.866490170359612"><ele>876.3999938964844</ele></trkpt><trkpt lat="47.46036019688472" lon="8.866470170207322"><ele>876.5699768066406</ele></trkpt><trkpt lat="47.46034019719809" lon="8.86636017030105"><ele>877.4599914550781</ele></trkpt><trkpt lat="47.46033019758761" lon="8.866280171088874"><ele>879.5799865722656</ele></trkpt><trkpt lat="47.460300197824836" lon="8.866230171173811"><ele>881.5299987792969</ele></trkpt><trkpt lat="47.46028019813821" lon="8.866220171563327"><ele>882.7699890136719</ele></trkpt><trkpt lat="47.460250198375434" lon="8.866220171563327"><ele>884.1799926757812</ele></trkpt><trkpt lat="47.46017019916326" lon="8.866240172181278"><ele>887.0199890136719</ele></trkpt><trkpt lat="47.46016019908711" lon="8.866260172333568"><ele>887.2799987792969</ele></trkpt><trkpt lat="47.46016019908711" lon="8.866250172257423"><ele>887.2799987792969</ele></trkpt><trkpt lat="47.46017019916326" lon="8.866240172181278"><ele>887.0199890136719</ele></trkpt><trkpt lat="47.460250198375434" lon="8.866220171563327"><ele>884.1799926757812</ele></trkpt><trkpt lat="47.46028019813821" lon="8.866220171563327"><ele>882.7699890136719</ele></trkpt><trkpt lat="47.460300197824836" lon="8.866230171173811"><ele>881.5299987792969</ele></trkpt><trkpt lat="47.46033019758761" lon="8.866280171088874"><ele>879.5799865722656</ele></trkpt><trkpt lat="47.46034019719809" lon="8.86636017030105"><ele>877.4599914550781</ele></trkpt><trkpt lat="47.46036019688472" lon="8.866470170207322"><ele>876.5699768066406</ele></trkpt><trkpt lat="47.46037019696087" lon="8.866490170359612"><ele>876.3999938964844</ele></trkpt><trkpt lat="47.460390196647495" lon="8.866500170435756"><ele>876.219970703125</ele></trkpt><trkpt lat="47.460390196647495" lon="8.86651017004624"><ele>876.1999816894531</ele></trkpt><trkpt lat="47.460390196647495" lon="8.86651017004624"><ele>876.1999816894531</ele></trkpt><trkpt lat="47.460410196799785" lon="8.866520170122385"><ele>875.8999938964844</ele></trkpt><trkpt lat="47.46046019624919" lon="8.866580169647932"><ele>873.6799926757812</ele></trkpt><trkpt lat="47.46047019632533" lon="8.866600169800222"><ele>873.0</ele></trkpt><trkpt lat="47.46054019546136" lon="8.866710169240832"><ele>870.3999938964844</ele></trkpt><trkpt lat="47.460590195376426" lon="8.866760168690234"><ele>868.4499816894531</ele></trkpt><trkpt lat="47.46063019474968" lon="8.866790168453008"><ele>867.0</ele></trkpt><trkpt lat="47.460700194351375" lon="8.866820168215781"><ele>865.1999816894531</ele></trkpt><trkpt lat="47.46080019371584" lon="8.866850167512894"><ele>861.1999816894531</ele></trkpt><trkpt lat="47.46098019182682" lon="8.866920166183263"><ele>853.6999816894531</ele></trkpt><trkpt lat="47.46104019181803" lon="8.866960166022182"><ele>852.1599731445312</ele></trkpt><trkpt lat="47.461050191894174" lon="8.866960166022182"><ele>852.1399841308594</ele></trkpt><trkpt lat="47.46106019150466" lon="8.866960166022182"><ele>852.0899963378906</ele></trkpt><trkpt lat="47.46108019165695" lon="8.866960166022182"><ele>851.9499816894531</ele></trkpt><trkpt lat="47.46111019141972" lon="8.866970165632665"><ele>851.7999877929688</ele></trkpt><trkpt lat="47.46113019157201" lon="8.86696016555652"><ele>851.7099914550781</ele></trkpt><trkpt lat="47.4611501917243" lon="8.866950165946037"><ele>851.6999816894531</ele></trkpt><trkpt lat="47.46117019141093" lon="8.866930165793747"><ele>851.5999755859375</ele></trkpt><trkpt lat="47.461200191639364" lon="8.866890165954828"><ele>851.6999816894531</ele></trkpt><trkpt lat="47.461220191791654" lon="8.866850165650249"><ele>851.739990234375</ele></trkpt><trkpt lat="47.46123019140214" lon="8.86681016581133"><ele>851.6999816894531</ele></trkpt><trkpt lat="47.46123019140214" lon="8.866770165972412"><ele>851.6999816894531</ele></trkpt><trkpt lat="47.461220191791654" lon="8.866720165591687"><ele>851.6999816894531</ele></trkpt><trkpt lat="47.46122019132599" lon="8.86664016591385"><ele>851.5099792480469</ele></trkpt><trkpt lat="47.46122019132599" lon="8.86662016576156"><ele>851.3999938964844</ele></trkpt><trkpt lat="47.46122019132599" lon="8.86662016576156"><ele>851.4599914550781</ele></trkpt><trkpt lat="47.46124019147828" lon="8.86662016576156"><ele>851.1999816894531</ele></trkpt><trkpt lat="47.46126019163057" lon="8.866640165448189"><ele>850.8999938964844</ele></trkpt><trkpt lat="47.461270191241056" lon="8.866660165600479"><ele>850.3999938964844</ele></trkpt><trkpt lat="47.461290190927684" lon="8.866710165515542"><ele>849.6999816894531</ele></trkpt><trkpt lat="47.46130019100383" lon="8.866760165430605"><ele>849.1599731445312</ele></trkpt><trkpt lat="47.46137019013986" lon="8.867170164361596"><ele>844.6999816894531</ele></trkpt><trkpt lat="47.4613701896742" lon="8.867260164115578"><ele>843.3599853515625</ele></trkpt><trkpt lat="47.461380189750344" lon="8.867280164267868"><ele>843.0</ele></trkpt><trkpt lat="47.46139018936083" lon="8.867330164182931"><ele>842.0999755859375</ele></trkpt><trkpt lat="47.4614201891236" lon="8.867370163556188"><ele>840.7999877929688</ele></trkpt><trkpt lat="47.46150018880144" lon="8.867470163386315"><ele>837.9099731445312</ele></trkpt><trkpt lat="47.46153018856421" lon="8.867510163225234"><ele>837.0</ele></trkpt><trkpt lat="47.461560188326985" lon="8.867540162988007"><ele>836.3199768066406</ele></trkpt><trkpt lat="47.46162018785253" lon="8.867630162741989"><ele>834.7999877929688</ele></trkpt><trkpt lat="47.461670187767595" lon="8.867670162580907"><ele>834.0499877929688</ele></trkpt><trkpt lat="47.46178018767387" lon="8.867780162021518"><ele>832.6799926757812</ele></trkpt><trkpt lat="47.461820187512785" lon="8.867820162326097"><ele>832.2999877929688</ele></trkpt><trkpt lat="47.4621501872316" lon="8.868050161749125"><ele>830.8999938964844</ele></trkpt><trkpt lat="47.4621501872316" lon="8.868050161749125"><ele>830.9399719238281</ele></trkpt><trkpt lat="47.462160187307745" lon="8.868000161834061"><ele>831.0899963378906</ele></trkpt><trkpt lat="47.462160187307745" lon="8.867990161757916"><ele>831.0999755859375</ele></trkpt><trkpt lat="47.462160187307745" lon="8.867930161766708"><ele>831.1899719238281</ele></trkpt><trkpt lat="47.462160187307745" lon="8.867930161766708"><ele>831.1899719238281</ele></trkpt><trkpt lat="47.4621501872316" lon="8.8678701617755"><ele>831.1999816894531</ele></trkpt><trkpt lat="47.46213018707931" lon="8.867830161936581"><ele>831.1999816894531</ele></trkpt><trkpt lat="47.46213018707931" lon="8.867830161936581"><ele>831.2099914550781</ele></trkpt><trkpt lat="47.46211018739268" lon="8.867800162173808"><ele>831.1999816894531</ele></trkpt><trkpt lat="47.46210018731654" lon="8.867790162097663"><ele>831.1999816894531</ele></trkpt><trkpt lat="47.46208018716425" lon="8.867770161945373"><ele>831.1699829101562</ele></trkpt><trkpt lat="47.46205018693581" lon="8.867750161793083"><ele>831.0999755859375</ele></trkpt><trkpt lat="47.46202018717304" lon="8.867730162106454"><ele>831.0099792480469</ele></trkpt><trkpt lat="47.46202018717304" lon="8.867730162106454"><ele>831.0399780273438</ele></trkpt><trkpt lat="47.461990186944604" lon="8.86772016203031"><ele>830.8999938964844</ele></trkpt><trkpt lat="47.46198018733412" lon="8.867710161954165"><ele>830.8599853515625</ele></trkpt><trkpt lat="47.46198018733412" lon="8.867710161954165"><ele>830.8899841308594</ele></trkpt><trkpt lat="47.46196018718183" lon="8.867690161801875"><ele>830.7999877929688</ele></trkpt><trkpt lat="47.46194018702954" lon="8.86768016172573"><ele>830.7899780273438</ele></trkpt><trkpt lat="47.46192018687725" lon="8.86768016172573"><ele>830.6999816894531</ele></trkpt><trkpt lat="47.46188018703833" lon="8.867630161810666"><ele>830.5799865722656</ele></trkpt><trkpt lat="47.46187018696219" lon="8.867620161734521"><ele>830.5499877929688</ele></trkpt><trkpt lat="47.46186018688604" lon="8.867600162047893"><ele>830.5</ele></trkpt><trkpt lat="47.461820187047124" lon="8.86753016198054"><ele>830.3999938964844</ele></trkpt><trkpt lat="47.461800186894834" lon="8.867460161913186"><ele>830.3599853515625</ele></trkpt><trkpt lat="47.461800186894834" lon="8.867430161684752"><ele>830.3999938964844</ele></trkpt><trkpt lat="47.46179018681869" lon="8.867360161617398"><ele>830.3999938964844</ele></trkpt><trkpt lat="47.461820187047124" lon="8.867090161889791"><ele>830.5999755859375</ele></trkpt><trkpt lat="47.46183018712327" lon="8.866990162059665"><ele>830.6899719238281</ele></trkpt><trkpt lat="47.461840187199414" lon="8.866910161916167"><ele>830.739990234375</ele></trkpt><trkpt lat="47.46185018727556" lon="8.866850161924958"><ele>830.7999877929688</ele></trkpt><trkpt lat="47.46185018727556" lon="8.866780161857605"><ele>830.8599853515625</ele></trkpt><trkpt lat="47.46185018727556" lon="8.866760161705315"><ele>830.8799743652344</ele></trkpt><trkpt lat="47.461840187199414" lon="8.866630162112415"><ele>830.7999877929688</ele></trkpt><trkpt lat="47.46185018727556" lon="8.866540161892772"><ele>830.8499755859375</ele></trkpt><trkpt lat="47.46185018727556" lon="8.866510161664337"><ele>830.8799743652344</ele></trkpt><trkpt lat="47.46187018696219" lon="8.866370161995292"><ele>830.9599914550781</ele></trkpt><trkpt lat="47.46187018696219" lon="8.866340161766857"><ele>831.0199890136719</ele></trkpt><trkpt lat="47.46187018696219" lon="8.866320162080228"><ele>831.0</ele></trkpt><trkpt lat="47.46188018703833" lon="8.86626016208902"><ele>831.0399780273438</ele></trkpt><trkpt lat="47.46189018711448" lon="8.866230161860585"><ele>831.0</ele></trkpt><trkpt lat="47.46189018711448" lon="8.86622016178444"><ele>831.0399780273438</ele></trkpt><trkpt lat="47.46190018719062" lon="8.866200162097812"><ele>831.0</ele></trkpt><trkpt lat="47.46191018726677" lon="8.866140162106603"><ele>831.0</ele></trkpt><trkpt lat="47.461950187105685" lon="8.866040161810815"><ele>830.9199829101562</ele></trkpt><trkpt lat="47.46200018702075" lon="8.865900161676109"><ele>830.7999877929688</ele></trkpt><trkpt lat="47.46205018693581" lon="8.865760162007064"><ele>830.5</ele></trkpt><trkpt lat="47.46208018716425" lon="8.865660161711276"><ele>830.2799987792969</ele></trkpt><trkpt lat="47.46211018692702" lon="8.865600161720067"><ele>830.1199951171875</ele></trkpt><trkpt lat="47.46213018707931" lon="8.865520161576569"><ele>829.8999938964844</ele></trkpt><trkpt lat="47.462160186842084" lon="8.865490161813796"><ele>829.8299865722656</ele></trkpt><trkpt lat="47.46219018707052" lon="8.86546016158536"><ele>829.6999816894531</ele></trkpt><trkpt lat="47.462200186681" lon="8.865450161509216"><ele>829.6099853515625</ele></trkpt><trkpt lat="47.462250186596066" lon="8.865400161594152"><ele>829.1999816894531</ele></trkpt><trkpt lat="47.4622801868245" lon="8.865390161518008"><ele>828.9499816894531</ele></trkpt><trkpt lat="47.46234018681571" lon="8.865350161213428"><ele>828.5</ele></trkpt><trkpt lat="47.46238018665463" lon="8.865350161213428"><ele>828.1599731445312</ele></trkpt><trkpt lat="47.46243018656969" lon="8.865340161137283"><ele>827.7999877929688</ele></trkpt><trkpt lat="47.46252018632367" lon="8.865320160984993"><ele>827.0599975585938</ele></trkpt><trkpt lat="47.46256018616259" lon="8.865310160908848"><ele>826.6099853515625</ele></trkpt><trkpt lat="47.462630186229944" lon="8.865300160832703"><ele>826.0</ele></trkpt><trkpt lat="47.46266018599272" lon="8.865280161146075"><ele>825.7799987792969</ele></trkpt><trkpt lat="47.462700185831636" lon="8.86527016106993"><ele>825.5</ele></trkpt><trkpt lat="47.46273018606007" lon="8.86525016091764"><ele>825.1599731445312</ele></trkpt><trkpt lat="47.462760185822845" lon="8.86523016076535"><ele>824.7999877929688</ele></trkpt><trkpt lat="47.46280018566176" lon="8.865300160832703"><ele>824.2999877929688</ele></trkpt><trkpt lat="47.462870185263455" lon="8.865380160044879"><ele>822.0</ele></trkpt><trkpt lat="47.462930184789" lon="8.865440160036087"><ele>819.8999938964844</ele></trkpt><trkpt lat="47.463000184390694" lon="8.86543015949428"><ele>817.6999816894531</ele></trkpt><trkpt lat="47.46312018390745" lon="8.86541015887633"><ele>814.8999938964844</ele></trkpt><trkpt lat="47.463200183585286" lon="8.865360158961266"><ele>813.8999938964844</ele></trkpt><trkpt lat="47.463240183424205" lon="8.865310158580542"><ele>813.6699829101562</ele></trkpt><trkpt lat="47.463240183424205" lon="8.865300158504397"><ele>813.6299743652344</ele></trkpt><trkpt lat="47.463370182551444" lon="8.864660157822073"><ele>808.5999755859375</ele></trkpt><trkpt lat="47.46347018191591" lon="8.864600157365203"><ele>806.2999877929688</ele></trkpt><trkpt lat="47.463470180518925" lon="8.864380156155676"><ele>800.0</ele></trkpt><trkpt lat="47.46359018003568" lon="8.864300155546516"><ele>797.0199890136719</ele></trkpt><trkpt lat="47.46359018003568" lon="8.864300155546516"><ele>796.9599914550781</ele></trkpt><trkpt lat="47.4636001791805" lon="8.864210154861212"><ele>794.1999816894531</ele></trkpt><trkpt lat="47.46361017879099" lon="8.864140154793859"><ele>792.5199890136719</ele></trkpt><trkpt lat="47.46369017800316" lon="8.864050154108554"><ele>789.1999816894531</ele></trkpt><trkpt lat="47.463830177206546" lon="8.863880153279752"><ele>784.1999816894531</ele></trkpt><trkpt lat="47.46386017696932" lon="8.863820152822882"><ele>783.0999755859375</ele></trkpt><trkpt lat="47.46397017594427" lon="8.863620152231306"><ele>779.1199951171875</ele></trkpt><trkpt lat="47.46402017539367" lon="8.863520151935518"><ele>777.0</ele></trkpt><trkpt lat="47.464070175308734" lon="8.863490151707083"><ele>776.0099792480469</ele></trkpt><trkpt lat="47.464090175461024" lon="8.863480151630938"><ele>775.6299743652344</ele></trkpt><trkpt lat="47.464090175461024" lon="8.863480151630938"><ele>775.5999755859375</ele></trkpt><trkpt lat="47.4641701746732" lon="8.863390151411295"><ele>773.6799926757812</ele></trkpt><trkpt lat="47.46423017466441" lon="8.863350151106715"><ele>772.5999755859375</ele></trkpt><trkpt lat="47.464270174503326" lon="8.863330150954425"><ele>771.8599853515625</ele></trkpt><trkpt lat="47.46428017457947" lon="8.86332015087828"><ele>771.7699890136719</ele></trkpt><trkpt lat="47.46428017457947" lon="8.86332015087828"><ele>771.6399841308594</ele></trkpt><trkpt lat="47.464330174494535" lon="8.863310150802135"><ele>770.8999938964844</ele></trkpt><trkpt lat="47.46438017394394" lon="8.863310150802135"><ele>770.0999755859375</ele></trkpt><trkpt lat="47.464460173621774" lon="8.86330015026033"><ele>768.7999877929688</ele></trkpt><trkpt lat="47.46449017385021" lon="8.863290150184184"><ele>768.3499755859375</ele></trkpt><trkpt lat="47.46452017361298" lon="8.86328015010804"><ele>767.8999938964844</ele></trkpt><trkpt lat="47.4645601734519" lon="8.863240150269121"><ele>767.0999755859375</ele></trkpt><trkpt lat="47.4646901730448" lon="8.863110149744898"><ele>764.3999938964844</ele></trkpt><trkpt lat="47.46476017264649" lon="8.863030149135739"><ele>762.8999938964844</ele></trkpt><trkpt lat="47.46482017217204" lon="8.86299014929682"><ele>761.8099975585938</ele></trkpt><trkpt lat="47.464830172248185" lon="8.862980149220675"><ele>761.7999877929688</ele></trkpt><trkpt lat="47.46488017216325" lon="8.86295014899224"><ele>760.6999816894531</ele></trkpt><trkpt lat="47.464960171841085" lon="8.862940148450434"><ele>759.3999938964844</ele></trkpt><trkpt lat="47.46497017191723" lon="8.862940148450434"><ele>759.22998046875</ele></trkpt><trkpt lat="47.465220171026886" lon="8.862950148060918"><ele>755.2999877929688</ele></trkpt><trkpt lat="47.46525017078966" lon="8.862950147595257"><ele>754.9099731445312</ele></trkpt><trkpt lat="47.465350170619786" lon="8.862940147519112"><ele>753.3999938964844</ele></trkpt><trkpt lat="47.46555016981438" lon="8.862950147129595"><ele>750.5999755859375</ele></trkpt><trkpt lat="47.4655901696533" lon="8.862950147129595"><ele>750.0</ele></trkpt><trkpt lat="47.46566016972065" lon="8.862940146587789"><ele>749.0999755859375</ele></trkpt><trkpt lat="47.4657201692462" lon="8.862940146587789"><ele>748.2999877929688</ele></trkpt><trkpt lat="47.46575016947463" lon="8.862950146663934"><ele>748.0699768066406</ele></trkpt><trkpt lat="47.46576016955078" lon="8.862950146663934"><ele>748.0</ele></trkpt><trkpt lat="47.46577016916126" lon="8.86290014628321"><ele>747.6999816894531</ele></trkpt><trkpt lat="47.465800169389695" lon="8.862850146368146"><ele>747.2999877929688</ele></trkpt><trkpt lat="47.46603016881272" lon="8.862450146116316"><ele>744.6999816894531</ele></trkpt><trkpt lat="47.466100168414414" lon="8.862340145744383"><ele>744.0</ele></trkpt><trkpt lat="47.46618016855791" lon="8.862220145761967"><ele>743.2999877929688</ele></trkpt><trkpt lat="47.466210168320686" lon="8.862140145618469"><ele>743.1099853515625</ele></trkpt><trkpt lat="47.46632016822696" lon="8.861910145264119"><ele>742.5</ele></trkpt><trkpt lat="47.466380168218166" lon="8.861730145290494"><ele>742.3999938964844</ele></trkpt><trkpt lat="47.466400168370456" lon="8.86168014537543"><ele>742.2699890136719</ele></trkpt><trkpt lat="47.466400167904794" lon="8.861670145299286"><ele>742.1999816894531</ele></trkpt><trkpt lat="47.466400168370456" lon="8.861670145299286"><ele>742.25</ele></trkpt><trkpt lat="47.46641016798094" lon="8.86168014537543"><ele>742.2099914550781</ele></trkpt><trkpt lat="47.466420168057084" lon="8.86168014537543"><ele>742.1999816894531</ele></trkpt><trkpt lat="47.466420168057084" lon="8.861720145214349"><ele>742.1999816894531</ele></trkpt><trkpt lat="47.46641016798094" lon="8.861750145442784"><ele>741.9299926757812</ele></trkpt><trkpt lat="47.46641016798094" lon="8.861760145518929"><ele>741.7999877929688</ele></trkpt><trkpt lat="47.46639016782865" lon="8.861900145187974"><ele>740.8099975585938</ele></trkpt><trkpt lat="47.46639016782865" lon="8.861920145340264"><ele>740.6999816894531</ele></trkpt><trkpt lat="47.466400167904794" lon="8.8620001450181"><ele>740.2999877929688</ele></trkpt><trkpt lat="47.46641016751528" lon="8.862050144933164"><ele>740.0999755859375</ele></trkpt><trkpt lat="47.46641016751528" lon="8.862080145161599"><ele>740.0</ele></trkpt><trkpt lat="47.46643016766757" lon="8.862120145000517"><ele>739.8999938964844</ele></trkpt><trkpt lat="47.46646016743034" lon="8.862160144839436"><ele>739.9199829101562</ele></trkpt><trkpt lat="47.466470167506486" lon="8.86217014491558"><ele>739.8999938964844</ele></trkpt><trkpt lat="47.466570167802274" lon="8.862280145287514"><ele>741.0</ele></trkpt><trkpt lat="47.46694016922265" lon="8.862630146089941"><ele>746.3599853515625</ele></trkpt><trkpt lat="47.466990169137716" lon="8.862680146470666"><ele>747.0999755859375</ele></trkpt><trkpt lat="47.467130169738084" lon="8.862800146918744"><ele>749.5999755859375</ele></trkpt><trkpt lat="47.467170170042664" lon="8.862840146757662"><ele>750.3099975585938</ele></trkpt><trkpt lat="47.46720016980544" lon="8.862870146986097"><ele>750.8999938964844</ele></trkpt><trkpt lat="47.46724017011002" lon="8.862890147138387"><ele>751.5899963378906</ele></trkpt><trkpt lat="47.46729017049074" lon="8.862900147214532"><ele>752.5</ele></trkpt><trkpt lat="47.46735017048195" lon="8.862900147680193"><ele>753.3099975585938</ele></trkpt><trkpt lat="47.467380170710385" lon="8.862900147680193"><ele>753.6999816894531</ele></trkpt><trkpt lat="47.467400170862675" lon="8.862890147604048"><ele>754.0399780273438</ele></trkpt><trkpt lat="47.46745017077774" lon="8.862860147841275"><ele>754.5</ele></trkpt><trkpt lat="47.46748017100617" lon="8.862840147688985"><ele>754.8399963378906</ele></trkpt><trkpt lat="47.467510170768946" lon="8.86283014761284"><ele>755.0999755859375</ele></trkpt><trkpt lat="47.467530170921236" lon="8.862810147926211"><ele>755.1899719238281</ele></trkpt><trkpt lat="47.467550171073526" lon="8.862790147773921"><ele>755.2999877929688</ele></trkpt><trkpt lat="47.467570170760155" lon="8.862770148087293"><ele>755.3499755859375</ele></trkpt><trkpt lat="47.4675801708363" lon="8.862760148011148"><ele>755.3999938964844</ele></trkpt><trkpt lat="47.4676601709798" lon="8.862690147943795"><ele>755.5699768066406</ele></trkpt><trkpt lat="47.467780170962214" lon="8.862570147961378"><ele>755.3999938964844</ele></trkpt><trkpt lat="47.46785017102957" lon="8.862500147894025"><ele>755.1299743652344</ele></trkpt><trkpt lat="47.467970171011984" lon="8.862390147987753"><ele>754.8999938964844</ele></trkpt><trkpt lat="47.46803017100319" lon="8.8623201479204"><ele>754.7999877929688</ele></trkpt><trkpt lat="47.46807017084211" lon="8.86228014761582"><ele>754.6999816894531</ele></trkpt><trkpt lat="47.4680901709944" lon="8.862270147539675"><ele>754.72998046875</ele></trkpt><trkpt lat="47.468120170757174" lon="8.862260147929192"><ele>754.6999816894531</ele></trkpt><trkpt lat="47.4681701711379" lon="8.862250147853047"><ele>755.0999755859375</ele></trkpt><trkpt lat="47.46818017074838" lon="8.862250147853047"><ele>755.1599731445312</ele></trkpt><trkpt lat="47.46822017105296" lon="8.862250147853047"><ele>755.3999938964844</ele></trkpt><trkpt lat="47.468270170968026" lon="8.862280148081481"><ele>756.0</ele></trkpt><trkpt lat="47.468330171424896" lon="8.8623201479204"><ele>756.7999877929688</ele></trkpt><trkpt lat="47.46836017118767" lon="8.862370148301125"><ele>757.1999816894531</ele></trkpt><trkpt lat="47.46849017171189" lon="8.862560148816556"><ele>759.3999938964844</ele></trkpt><trkpt lat="47.46854017209262" lon="8.862600148655474"><ele>759.5</ele></trkpt><trkpt lat="47.46857017185539" lon="8.86261014873162"><ele>759.7799987792969</ele></trkpt><trkpt lat="47.468580171931535" lon="8.862620148807764"><ele>759.8999938964844</ele></trkpt><trkpt lat="47.4686301718466" lon="8.862620148807764"><ele>760.0</ele></trkpt><trkpt lat="47.46867017215118" lon="8.86261014873162"><ele>760.1999816894531</ele></trkpt><trkpt lat="47.46880017220974" lon="8.862530148588121"><ele>760.0</ele></trkpt><trkpt lat="47.46891017165035" lon="8.862440148834139"><ele>759.3299865722656</ele></trkpt><trkpt lat="47.46905017178506" lon="8.862340148538351"><ele>758.5999755859375</ele></trkpt><trkpt lat="47.46914017153904" lon="8.862250148318708"><ele>757.8199768066406</ele></trkpt><trkpt lat="47.46920017153025" lon="8.862180148251355"><ele>757.2999877929688</ele></trkpt><trkpt lat="47.469220171216875" lon="8.862160148099065"><ele>757.1899719238281</ele></trkpt><trkpt lat="47.469260171521455" lon="8.862120148260146"><ele>757.0</ele></trkpt><trkpt lat="47.46929017128423" lon="8.862040148116648"><ele>756.6799926757812</ele></trkpt><trkpt lat="47.469320171047" lon="8.861990148201585"><ele>756.5</ele></trkpt><trkpt lat="47.46936017135158" lon="8.861880147829652"><ele>756.1899719238281</ele></trkpt><trkpt lat="47.469370170962065" lon="8.861840147990733"><ele>756.0999755859375</ele></trkpt><trkpt lat="47.469390171114355" lon="8.86177014792338"><ele>755.969970703125</ele></trkpt><trkpt lat="47.469430170953274" lon="8.861590147949755"><ele>755.5999755859375</ele></trkpt><trkpt lat="47.469450171105564" lon="8.861530147958547"><ele>755.6199951171875</ele></trkpt><trkpt lat="47.46949017094448" lon="8.861420148052275"><ele>755.5999755859375</ele></trkpt><trkpt lat="47.469600170850754" lon="8.861140147782862"><ele>755.0</ele></trkpt><trkpt lat="47.4696101709269" lon="8.861100147943944"><ele>754.7999877929688</ele></trkpt><trkpt lat="47.46963017061353" lon="8.861050147563219"><ele>754.5999755859375</ele></trkpt><trkpt lat="47.46964017068967" lon="8.860930147580802"><ele>754.0499877929688</ele></trkpt><trkpt lat="47.46965017076582" lon="8.860890147741884"><ele>753.8999938964844</ele></trkpt><trkpt lat="47.46965017076582" lon="8.860830147750676"><ele>753.6299743652344</ele></trkpt><trkpt lat="47.46964017068967" lon="8.860700147226453"><ele>753.0699768066406</ele></trkpt><trkpt lat="47.46963017061353" lon="8.86067014746368"><ele>753.0</ele></trkpt><trkpt lat="47.4695801702328" lon="8.860490147490054"><ele>752.1999816894531</ele></trkpt><trkpt lat="47.469480170402676" lon="8.860210147220641"><ele>751.7999877929688</ele></trkpt><trkpt lat="47.46947017032653" lon="8.860180146992207"><ele>751.6699829101562</ele></trkpt><trkpt lat="47.469440170098096" lon="8.860100146848708"><ele>751.1999816894531</ele></trkpt><trkpt lat="47.46943017002195" lon="8.860010147094727"><ele>750.5</ele></trkpt><trkpt lat="47.469440170098096" lon="8.859930146951228"><ele>750.1999816894531</ele></trkpt><trkpt lat="47.469440170098096" lon="8.859910146798939"><ele>750.0699768066406</ele></trkpt><trkpt lat="47.46953016938642" lon="8.859510146547109"><ele>748.0299987792969</ele></trkpt><trkpt lat="47.46954016946256" lon="8.859440146479756"><ele>747.7999877929688</ele></trkpt><trkpt lat="47.46963016875088" lon="8.85909014614299"><ele>745.0599975585938</ele></trkpt><trkpt lat="47.469680168665946" lon="8.858900145627558"><ele>743.3999938964844</ele></trkpt><trkpt lat="47.46974016819149" lon="8.858610145282"><ele>741.1999816894531</ele></trkpt><trkpt lat="47.46978016756475" lon="8.858410144690424"><ele>739.6199951171875</ele></trkpt><trkpt lat="47.469790167640895" lon="8.858390145003796"><ele>739.5</ele></trkpt><trkpt lat="47.469790167640895" lon="8.858340144623071"><ele>739.0799865722656</ele></trkpt><trkpt lat="47.469790167640895" lon="8.858310144860297"><ele>738.7999877929688</ele></trkpt><trkpt lat="47.46978016709909" lon="8.858240144792944"><ele>738.1799926757812</ele></trkpt><trkpt lat="47.46977016702294" lon="8.858200144488364"><ele>737.7999877929688</ele></trkpt><trkpt lat="47.469750166870654" lon="8.858120144344866"><ele>737.0999755859375</ele></trkpt><trkpt lat="47.469690166879445" lon="8.858040144201368"><ele>736.3999938964844</ele></trkpt><trkpt lat="47.469670166727155" lon="8.858020144049078"><ele>736.0599975585938</ele></trkpt><trkpt lat="47.4696001666598" lon="8.857990144286305"><ele>735.5</ele></trkpt><trkpt lat="47.4696001666598" lon="8.857990144286305"><ele>735.5</ele></trkpt><trkpt lat="47.46959016658366" lon="8.85792014375329"><ele>734.5999755859375</ele></trkpt><trkpt lat="47.46957016643137" lon="8.857890143990517"><ele>733.9199829101562</ele></trkpt><trkpt lat="47.46956016635522" lon="8.857850143685937"><ele>733.1999816894531</ele></trkpt><trkpt lat="47.46953016612679" lon="8.857750143390149"><ele>731.75</ele></trkpt><trkpt lat="47.46951016550884" lon="8.857680143322796"><ele>730.7999877929688</ele></trkpt><trkpt lat="47.46944016544148" lon="8.85748014273122"><ele>728.7999877929688</ele></trkpt><trkpt lat="47.4694001651369" lon="8.857380142901093"><ele>728.2999877929688</ele></trkpt><trkpt lat="47.46939016506076" lon="8.85733014298603"><ele>728.0799865722656</ele></trkpt><trkpt lat="47.469380164984614" lon="8.857300142757595"><ele>728.0</ele></trkpt><trkpt lat="47.469380164984614" lon="8.857220142614096"><ele>727.5799865722656</ele></trkpt><trkpt lat="47.469380164984614" lon="8.857210142537951"><ele>727.5</ele></trkpt><trkpt lat="47.46940016467124" lon="8.857130142394453"><ele>726.7999877929688</ele></trkpt><trkpt lat="47.46940016467124" lon="8.857130142394453"><ele>726.72998046875</ele></trkpt><trkpt lat="47.46941016474739" lon="8.857120142318308"><ele>726.6599731445312</ele></trkpt><trkpt lat="47.46943016489968" lon="8.857090142555535"><ele>726.2999877929688</ele></trkpt><trkpt lat="47.46948016434908" lon="8.85704014217481"><ele>725.1699829101562</ele></trkpt><trkpt lat="47.46954016434029" lon="8.85700014187023"><ele>723.2999877929688</ele></trkpt><trkpt lat="47.469580163713545" lon="8.856970141641796"><ele>722.3599853515625</ele></trkpt><trkpt lat="47.46964016370475" lon="8.856930141337216"><ele>720.7999877929688</ele></trkpt><trkpt lat="47.4697001632303" lon="8.856880140956491"><ele>719.5299987792969</ele></trkpt><trkpt lat="47.46975016314536" lon="8.856840141117573"><ele>718.5</ele></trkpt><trkpt lat="47.469820162747055" lon="8.856770140584558"><ele>717.0</ele></trkpt><trkpt lat="47.469840162899345" lon="8.856760140508413"><ele>716.6599731445312</ele></trkpt><trkpt lat="47.469860162585974" lon="8.856760140508413"><ele>716.3999938964844</ele></trkpt><trkpt lat="47.46992016257718" lon="8.85671014059335"><ele>715.2999877929688</ele></trkpt><trkpt lat="47.46994016226381" lon="8.856680140364915"><ele>714.6999816894531</ele></trkpt><trkpt lat="47.46998016210273" lon="8.85663013998419"><ele>713.2999877929688</ele></trkpt><trkpt lat="47.470020161475986" lon="8.856560139916837"><ele>711.7999877929688</ele></trkpt><trkpt lat="47.47003016155213" lon="8.85657013952732"><ele>711.2099914550781</ele></trkpt><trkpt lat="47.470040161628276" lon="8.856580139603466"><ele>710.7999877929688</ele></trkpt><trkpt lat="47.470060161314905" lon="8.85659013967961"><ele>710.3799743652344</ele></trkpt><trkpt lat="47.47007016139105" lon="8.85661013936624"><ele>709.8999938964844</ele></trkpt><trkpt lat="47.47021015966311" lon="8.856850137934089"><ele>702.7999877929688</ele></trkpt><trkpt lat="47.47038015816361" lon="8.857290136627853"><ele>696.0999755859375</ele></trkpt><trkpt lat="47.4704001583159" lon="8.857340136542916"><ele>695.5999755859375</ele></trkpt><trkpt lat="47.47043015807867" lon="8.857420136686414"><ele>695.0399780273438</ele></trkpt><trkpt lat="47.4704501577653" lon="8.857450136449188"><ele>694.6999816894531</ele></trkpt><trkpt lat="47.470710155554116" lon="8.857840134762228"><ele>683.8999938964844</ele></trkpt><trkpt lat="47.47076015500352" lon="8.857950134202838"><ele>681.5</ele></trkpt><trkpt lat="47.47081015491858" lon="8.85804013395682"><ele>680.3199768066406</ele></trkpt><trkpt lat="47.47083015460521" lon="8.858090133871883"><ele>679.6999816894531</ele></trkpt><trkpt lat="47.47089015459642" lon="8.85817013354972"><ele>678.6999816894531</ele></trkpt><trkpt lat="47.47102015372366" lon="8.858320132829249"><ele>675.239990234375</ele></trkpt><trkpt lat="47.471080153249204" lon="8.858400132507086"><ele>673.5999755859375</ele></trkpt><trkpt lat="47.471080153249204" lon="8.858400132507086"><ele>673.5699768066406</ele></trkpt><trkpt lat="47.471100153401494" lon="8.85841013258323"><ele>673.3199768066406</ele></trkpt><trkpt lat="47.47113015316427" lon="8.858440132811666"><ele>672.8999938964844</ele></trkpt><trkpt lat="47.47129015251994" lon="8.85854013171047"><ele>668.72998046875</ele></trkpt><trkpt lat="47.471320152282715" lon="8.85856013186276"><ele>667.8999938964844</ele></trkpt><trkpt lat="47.47135015204549" lon="8.858580131549388"><ele>666.989990234375</ele></trkpt><trkpt lat="47.471430151723325" lon="8.858610131312162"><ele>664.8999938964844</ele></trkpt><trkpt lat="47.47150015132502" lon="8.858660130761564"><ele>662.8499755859375</ele></trkpt><trkpt lat="47.471560150850564" lon="8.85872013028711"><ele>661.3999938964844</ele></trkpt><trkpt lat="47.47160015068948" lon="8.8587401304394"><ele>660.5499877929688</ele></trkpt><trkpt lat="47.47166015021503" lon="8.85878013027832"><ele>659.1999816894531</ele></trkpt><trkpt lat="47.47173015028238" lon="8.858850129880011"><ele>657.7999877929688</ele></trkpt><trkpt lat="47.47181014996022" lon="8.858910129405558"><ele>656.5999755859375</ele></trkpt><trkpt lat="47.47198014892638" lon="8.858950128778815"><ele>653.0999755859375</ele></trkpt><trkpt lat="47.47216014843434" lon="8.858970128465444"><ele>649.4099731445312</ele></trkpt><trkpt lat="47.472320147790015" lon="8.858990127686411"><ele>646.7999877929688</ele></trkpt><trkpt lat="47.472470147069544" lon="8.85899012722075"><ele>644.0999755859375</ele></trkpt><trkpt lat="47.4725901465863" lon="8.859010126907378"><ele>642.1999816894531</ele></trkpt><trkpt lat="47.472620146814734" lon="8.859020126983523"><ele>641.9599914550781</ele></trkpt><trkpt lat="47.47263014642522" lon="8.859020126983523"><ele>641.9199829101562</ele></trkpt><trkpt lat="47.47263014642522" lon="8.859020126983523"><ele>641.8999938964844</ele></trkpt><trkpt lat="47.47265014657751" lon="8.859060126822442"><ele>641.8499755859375</ele></trkpt><trkpt lat="47.4726701467298" lon="8.859090127050877"><ele>641.7999877929688</ele></trkpt><trkpt lat="47.47281014593318" lon="8.859320126473904"><ele>639.5999755859375</ele></trkpt><trkpt lat="47.47296014567837" lon="8.85959012620151"><ele>637.3999938964844</ele></trkpt><trkpt lat="47.47300014551729" lon="8.859640126116574"><ele>636.5099792480469</ele></trkpt><trkpt lat="47.47303014528006" lon="8.859670125879347"><ele>636.0</ele></trkpt><trkpt lat="47.47304014535621" lon="8.859680125955492"><ele>635.6699829101562</ele></trkpt><trkpt lat="47.473100144881755" lon="8.85974012548104"><ele>634.5</ele></trkpt><trkpt lat="47.473290144465864" lon="8.85985012492165"><ele>631.8999938964844</ele></trkpt><trkpt lat="47.47330014454201" lon="8.859860124997795"><ele>631.7099914550781</ele></trkpt><trkpt lat="47.473400144372135" lon="8.859910124912858"><ele>630.2999877929688</ele></trkpt><trkpt lat="47.47345014382154" lon="8.859930124599487"><ele>629.7099914550781</ele></trkpt><trkpt lat="47.473510143812746" lon="8.859970124438405"><ele>629.0</ele></trkpt><trkpt lat="47.47354014404118" lon="8.859990124590695"><ele>628.6499938964844</ele></trkpt><trkpt lat="47.473570143803954" lon="8.860000124201179"><ele>628.2999877929688</ele></trkpt><trkpt lat="47.47367014363408" lon="8.860070124268532"><ele>627.0</ele></trkpt><trkpt lat="47.473830142989755" lon="8.86026012385264"><ele>624.7999877929688</ele></trkpt><trkpt lat="47.47391014266759" lon="8.860380123835057"><ele>624.0</ele></trkpt><trkpt lat="47.47404014272615" lon="8.860330123454332"><ele>622.6899719238281</ele></trkpt><trkpt lat="47.47406014241278" lon="8.860320123378187"><ele>622.3999938964844</ele></trkpt><trkpt lat="47.474240141920745" lon="8.860260122921318"><ele>620.8499755859375</ele></trkpt><trkpt lat="47.47425014199689" lon="8.860260122921318"><ele>620.7999877929688</ele></trkpt><trkpt lat="47.47427014214918" lon="8.860260122921318"><ele>620.6799926757812</ele></trkpt><trkpt lat="47.4743101419881" lon="8.860260122921318"><ele>620.3999938964844</ele></trkpt><trkpt lat="47.47436014190316" lon="8.860280123073608"><ele>620.1999816894531</ele></trkpt><trkpt lat="47.474410141818225" lon="8.860310122836381"><ele>619.8699951171875</ele></trkpt><trkpt lat="47.474430141970515" lon="8.860320122912526"><ele>619.7999877929688</ele></trkpt><trkpt lat="47.47451014164835" lon="8.86039012297988"><ele>619.2999877929688</ele></trkpt><trkpt lat="47.47457014163956" lon="8.860430122818798"><ele>619.0999755859375</ele></trkpt><trkpt lat="47.474600141867995" lon="8.860450122505426"><ele>618.989990234375</ele></trkpt><trkpt lat="47.474640141706914" lon="8.860470122657716"><ele>618.7999877929688</ele></trkpt><trkpt lat="47.47470014169812" lon="8.860480122733861"><ele>618.5</ele></trkpt><trkpt lat="47.47472014138475" lon="8.860480122733861"><ele>618.3799743652344</ele></trkpt><trkpt lat="47.47483014129102" lon="8.860460122581571"><ele>617.8999938964844</ele></trkpt><trkpt lat="47.474880141206086" lon="8.860440122429281"><ele>617.5399780273438</ele></trkpt><trkpt lat="47.474940141197294" lon="8.860410122200847"><ele>617.1999816894531</ele></trkpt><trkpt lat="47.474960141349584" lon="8.860390122514218"><ele>617.0699768066406</ele></trkpt><trkpt lat="47.47497014142573" lon="8.860370122361928"><ele>617.0</ele></trkpt><trkpt lat="47.47502014134079" lon="8.860330122057348"><ele>616.7999877929688</ele></trkpt><trkpt lat="47.47504014102742" lon="8.860320122446865"><ele>616.6999816894531</ele></trkpt><trkpt lat="47.47522014146671" lon="8.86012012232095"><ele>616.9099731445312</ele></trkpt><trkpt lat="47.47523014154285" lon="8.860110122244805"><ele>616.9599914550781</ele></trkpt><trkpt lat="47.475260141305625" lon="8.860060122329742"><ele>617.0999755859375</ele></trkpt><trkpt lat="47.475320141296834" lon="8.860040122177452"><ele>617.0599975585938</ele></trkpt><trkpt lat="47.475320141296834" lon="8.860040122177452"><ele>617.0499877929688</ele></trkpt><trkpt lat="47.475320141296834" lon="8.860040122177452"><ele>617.0999755859375</ele></trkpt><trkpt lat="47.475340141449124" lon="8.860020122490823"><ele>616.7999877929688</ele></trkpt><trkpt lat="47.47538014128804" lon="8.859990122262388"><ele>616.3499755859375</ele></trkpt><trkpt lat="47.47540014097467" lon="8.859970122110099"><ele>616.0</ele></trkpt><trkpt lat="47.475470141042024" lon="8.85987012181431"><ele>614.8999938964844</ele></trkpt><trkpt lat="47.475540140643716" lon="8.859760121908039"><ele>613.6999816894531</ele></trkpt><trkpt lat="47.4756301403977" lon="8.859540121629834"><ele>612.1999816894531</ele></trkpt><trkpt lat="47.47574014030397" lon="8.859240121208131"><ele>611.7999877929688</ele></trkpt><trkpt lat="47.47585014021024" lon="8.85928012104705"><ele>611.2999877929688</ele></trkpt><trkpt lat="47.47589014004916" lon="8.859310121275485"><ele>610.9499816894531</ele></trkpt><trkpt lat="47.47591014020145" lon="8.85932012135163"><ele>610.7999877929688</ele></trkpt><trkpt lat="47.47609013970941" lon="8.859010120853782"><ele>608.5299987792969</ele></trkpt><trkpt lat="47.4761001393199" lon="8.858990120701492"><ele>608.4399719238281</ele></trkpt><trkpt lat="47.4761001393199" lon="8.858990120701492"><ele>608.4299926757812</ele></trkpt><trkpt lat="47.476160139311105" lon="8.858900120481849"><ele>607.7999877929688</ele></trkpt><trkpt lat="47.47619013953954" lon="8.85888012079522"><ele>607.6199951171875</ele></trkpt><trkpt lat="47.47622013930231" lon="8.85884012049064"><ele>607.3999938964844</ele></trkpt><trkpt lat="47.47627013921738" lon="8.858800120651722"><ele>606.8599853515625</ele></trkpt><trkpt lat="47.47628013929352" lon="8.858790120575577"><ele>606.6999816894531</ele></trkpt><trkpt lat="47.47628013929352" lon="8.858790120575577"><ele>606.8199768066406</ele></trkpt><trkpt lat="47.47629013936967" lon="8.858790120575577"><ele>606.8999938964844</ele></trkpt><trkpt lat="47.47630013898015" lon="8.858750120270997"><ele>606.5</ele></trkpt><trkpt lat="47.47632013913244" lon="8.858580120373517"><ele>605.7999877929688</ele></trkpt><trkpt lat="47.47634013881907" lon="8.858500120230019"><ele>605.2799987792969</ele></trkpt><trkpt lat="47.47634013881907" lon="8.858470120001584"><ele>605.0999755859375</ele></trkpt><trkpt lat="47.4763601385057" lon="8.858350120019168"><ele>604.1999816894531</ele></trkpt><trkpt lat="47.47640013881028" lon="8.85825011972338"><ele>604.2999877929688</ele></trkpt><trkpt lat="47.47645013872534" lon="8.858130119740963"><ele>603.8999938964844</ele></trkpt><trkpt lat="47.476520138792694" lon="8.858030119910836"><ele>604.0999755859375</ele></trkpt><trkpt lat="47.4765801387839" lon="8.85793012008071"><ele>604.0999755859375</ele></trkpt><trkpt lat="47.47664013830945" lon="8.857860119547695"><ele>602.6299743652344</ele></trkpt><trkpt lat="47.47667013807222" lon="8.857820119708776"><ele>601.7999877929688</ele></trkpt><trkpt lat="47.476740137673914" lon="8.857710119336843"><ele>599.8799743652344</ele></trkpt><trkpt lat="47.47679013758898" lon="8.857630118727684"><ele>598.5999755859375</ele></trkpt><trkpt lat="47.47682013688609" lon="8.857490118592978"><ele>596.6999816894531</ele></trkpt><trkpt lat="47.476830136962235" lon="8.857450118288398"><ele>595.8999938964844</ele></trkpt><trkpt lat="47.47686013672501" lon="8.857380118221045"><ele>594.8999938964844</ele></trkpt><trkpt lat="47.476920136250556" lon="8.857320118229836"><ele>594.0999755859375</ele></trkpt><trkpt lat="47.476940136402845" lon="8.857280117925256"><ele>594.2799987792969</ele></trkpt><trkpt lat="47.476960136555135" lon="8.857230118010193"><ele>594.3999938964844</ele></trkpt><trkpt lat="47.47699013631791" lon="8.857190118171275"><ele>594.0999755859375</ele></trkpt><trkpt lat="47.47703013615683" lon="8.857150117866695"><ele>593.6999816894531</ele></trkpt><trkpt lat="47.47710013622418" lon="8.857030117884278"><ele>593.0</ele></trkpt><trkpt lat="47.477130136452615" lon="8.857010117731988"><ele>593.219970703125</ele></trkpt><trkpt lat="47.477170136291534" lon="8.856980117969215"><ele>593.6999816894531</ele></trkpt><trkpt lat="47.477190136443824" lon="8.856960117816925"><ele>593.6999816894531</ele></trkpt><trkpt lat="47.47720013651997" lon="8.856920117978007"><ele>593.489990234375</ele></trkpt><trkpt lat="47.47720013605431" lon="8.856870117597282"><ele>592.4599914550781</ele></trkpt><trkpt lat="47.47720013605431" lon="8.856820117682219"><ele>591.3999938964844</ele></trkpt><trkpt lat="47.4771901355125" lon="8.85672011738643"><ele>590.5</ele></trkpt><trkpt lat="47.4771901355125" lon="8.856610117014498"><ele>588.8799743652344</ele></trkpt><trkpt lat="47.477200135122985" lon="8.856570117175579"><ele>588.3999938964844</ele></trkpt><trkpt lat="47.477200135122985" lon="8.856540116947144"><ele>588.3399963378906</ele></trkpt><trkpt lat="47.47721013519913" lon="8.856450116727501"><ele>588.0999755859375</ele></trkpt><trkpt lat="47.47723013488576" lon="8.856370117049664"><ele>587.5999755859375</ele></trkpt><trkpt lat="47.4772401349619" lon="8.85634011682123"><ele>587.3299865722656</ele></trkpt><trkpt lat="47.47728013480082" lon="8.856210116762668"><ele>586.2999877929688</ele></trkpt><trkpt lat="47.47734013432637" lon="8.85611011646688"><ele>584.7999877929688</ele></trkpt><trkpt lat="47.47736013447866" lon="8.856080116238445"><ele>584.2799987792969</ele></trkpt><trkpt lat="47.47741013392806" lon="8.855990116018802"><ele>583.0</ele></trkpt><trkpt lat="47.477460133843124" lon="8.855920115951449"><ele>582.1599731445312</ele></trkpt><trkpt lat="47.4774901336059" lon="8.855890115723014"><ele>581.7999877929688</ele></trkpt><trkpt lat="47.47751013375819" lon="8.855880115646869"><ele>581.5499877929688</ele></trkpt><trkpt lat="47.477550133597106" lon="8.855860115494579"><ele>581.0999755859375</ele></trkpt><trkpt lat="47.47763013327494" lon="8.855810115579516"><ele>580.0</ele></trkpt><trkpt lat="47.47765013342723" lon="8.85580011550337"><ele>580.0</ele></trkpt><trkpt lat="47.477680133190006" lon="8.855790115427226"><ele>580.0</ele></trkpt><trkpt lat="47.47771013341844" lon="8.855750115588307"><ele>579.7899780273438</ele></trkpt><trkpt lat="47.47773013310507" lon="8.855740115512162"><ele>579.6999816894531</ele></trkpt><trkpt lat="47.47776013286784" lon="8.855640115216374"><ele>578.0999755859375</ele></trkpt><trkpt lat="47.47778013255447" lon="8.855540114920586"><ele>576.3499755859375</ele></trkpt><trkpt lat="47.4778001322411" lon="8.855420114472508"><ele>574.3999938964844</ele></trkpt><trkpt lat="47.477830132003874" lon="8.855370114091784"><ele>573.6899719238281</ele></trkpt><trkpt lat="47.47785013215616" lon="8.855330114252865"><ele>573.1999816894531</ele></trkpt><trkpt lat="47.4778501316905" lon="8.855310114100575"><ele>573.1399841308594</ele></trkpt><trkpt lat="47.47786013176665" lon="8.85530011402443"><ele>573.0999755859375</ele></trkpt><trkpt lat="47.47787013184279" lon="8.855280114337802"><ele>573.0</ele></trkpt><trkpt lat="47.47790013207123" lon="8.855240114033222"><ele>572.7999877929688</ele></trkpt><trkpt lat="47.477930131834" lon="8.855180114042014"><ele>572.1999816894531</ele></trkpt><trkpt lat="47.47802013158798" lon="8.855100113898516"><ele>571.6599731445312</ele></trkpt><trkpt lat="47.478110131341964" lon="8.855020113755018"><ele>571.1899719238281</ele></trkpt><trkpt lat="47.47821013117209" lon="8.854840113781393"><ele>570.469970703125</ele></trkpt><trkpt lat="47.47821013117209" lon="8.854830113705248"><ele>570.3999938964844</ele></trkpt><trkpt lat="47.47831013146788" lon="8.854810113552958"><ele>570.2999877929688</ele></trkpt><trkpt lat="47.47838013153523" lon="8.854780113790184"><ele>570.3999938964844</ele></trkpt><trkpt lat="47.47844013106078" lon="8.85475011356175"><ele>569.8999938964844</ele></trkpt><trkpt lat="47.478470131289214" lon="8.854710113722831"><ele>569.6499938964844</ele></trkpt><trkpt lat="47.47848013136536" lon="8.854710113722831"><ele>569.5999755859375</ele></trkpt><trkpt lat="47.47850013105199" lon="8.854690113570541"><ele>569.3499755859375</ele></trkpt><trkpt lat="47.47857013111934" lon="8.854640113189816"><ele>568.7999877929688</ele></trkpt><trkpt lat="47.47863013064489" lon="8.854610112961382"><ele>567.8999938964844</ele></trkpt><trkpt lat="47.47866013087332" lon="8.854580113198608"><ele>567.6999816894531</ele></trkpt><trkpt lat="47.47867013094947" lon="8.854570113122463"><ele>567.5999755859375</ele></trkpt><trkpt lat="47.478750130627304" lon="8.854460113216192"><ele>566.8999938964844</ele></trkpt><trkpt lat="47.478860130533576" lon="8.854360112920403"><ele>566.1999816894531</ele></trkpt><trkpt lat="47.479050130583346" lon="8.854230112861842"><ele>566.2999877929688</ele></trkpt><trkpt lat="47.47914013033733" lon="8.854210112709552"><ele>566.5299987792969</ele></trkpt><trkpt lat="47.47918013064191" lon="8.854210112709552"><ele>566.5999755859375</ele></trkpt><trkpt lat="47.47919013071805" lon="8.854210112709552"><ele>566.5099792480469</ele></trkpt><trkpt lat="47.47932013031095" lon="8.85427011270076"><ele>565.5999755859375</ele></trkpt><trkpt lat="47.4793801298365" lon="8.854300112463534"><ele>564.1499938964844</ele></trkpt><trkpt lat="47.479390129912645" lon="8.854310112539679"><ele>564.0</ele></trkpt><trkpt lat="47.47945012990385" lon="8.854290112387389"><ele>563.75</ele></trkpt><trkpt lat="47.47947013005614" lon="8.854280112311244"><ele>563.6999816894531</ele></trkpt><trkpt lat="47.479520129971206" lon="8.854290112387389"><ele>563.6999816894531</ele></trkpt><trkpt lat="47.47962012980133" lon="8.854310112539679"><ele>563.2999877929688</ele></trkpt><trkpt lat="47.47976012993604" lon="8.854290112387389"><ele>563.8999938964844</ele></trkpt><trkpt lat="47.47984013007954" lon="8.854330112226307"><ele>563.7999877929688</ele></trkpt><trkpt lat="47.4798901299946" lon="8.854350112378597"><ele>563.3499755859375</ele></trkpt><trkpt lat="47.47997012967244" lon="8.854390112217516"><ele>562.6999816894531</ele></trkpt><trkpt lat="47.480010129511356" lon="8.85440011229366"><ele>562.4599914550781</ele></trkpt><trkpt lat="47.48006012942642" lon="8.85442011198029"><ele>562.1999816894531</ele></trkpt><trkpt lat="47.48012012988329" lon="8.854430112056434"><ele>562.5699768066406</ele></trkpt><trkpt lat="47.48014012956992" lon="8.854430112056434"><ele>562.5999755859375</ele></trkpt><trkpt lat="47.480200129561126" lon="8.854490112513304"><ele>563.0999755859375</ele></trkpt><trkpt lat="47.480220129713416" lon="8.854520112276077"><ele>563.5599975585938</ele></trkpt><trkpt lat="47.480240129865706" lon="8.854540112428367"><ele>563.8999938964844</ele></trkpt><trkpt lat="47.480300129856914" lon="8.854650112334639"><ele>563.7999877929688</ele></trkpt><trkpt lat="47.48034012969583" lon="8.854720112401992"><ele>563.1999816894531</ele></trkpt><trkpt lat="47.48034012969583" lon="8.854720112401992"><ele>563.1899719238281</ele></trkpt><trkpt lat="47.480370129458606" lon="8.854780111927539"><ele>562.2999877929688</ele></trkpt><trkpt lat="47.48042012937367" lon="8.854850111994892"><ele>561.0999755859375</ele></trkpt><trkpt lat="47.48046012921259" lon="8.85493011167273"><ele>560.8199768066406</ele></trkpt><trkpt lat="47.480520129203796" lon="8.855050111655146"><ele>560.3999938964844</ele></trkpt><trkpt lat="47.48059012927115" lon="8.855140111874789"><ele>560.0299987792969</ele></trkpt><trkpt lat="47.48068012902513" lon="8.85527011146769"><ele>559.5999755859375</ele></trkpt><trkpt lat="47.480730128940195" lon="8.85542011167854"><ele>559.5999755859375</ele></trkpt><trkpt lat="47.480880129151046" lon="8.855550111737102"><ele>559.1099853515625</ele></trkpt><trkpt lat="47.48089012876153" lon="8.855550111737102"><ele>559.0999755859375</ele></trkpt><trkpt lat="47.48089012876153" lon="8.85557011142373"><ele>559.2599792480469</ele></trkpt><trkpt lat="47.480900128837675" lon="8.85561011172831"><ele>559.6999816894531</ele></trkpt><trkpt lat="47.4809501292184" lon="8.855650111567229"><ele>560.0999755859375</ele></trkpt><trkpt lat="47.48100012913346" lon="8.855690111871809"><ele>560.7999877929688</ele></trkpt><trkpt lat="47.48106012912467" lon="8.855740111786872"><ele>560.8999938964844</ele></trkpt><trkpt lat="47.48108012927696" lon="8.85578011162579"><ele>560.0999755859375</ele></trkpt><trkpt lat="47.48110012896359" lon="8.855830111540854"><ele>559.3999938964844</ele></trkpt><trkpt lat="47.481110129039735" lon="8.855860111769289"><ele>559.0499877929688</ele></trkpt><trkpt lat="47.48112012865022" lon="8.855890111532062"><ele>558.7999877929688</ele></trkpt><trkpt lat="47.48112012865022" lon="8.856010111514479"><ele>558.6999816894531</ele></trkpt><trkpt lat="47.48113012872636" lon="8.856060111429542"><ele>558.7999877929688</ele></trkpt><trkpt lat="47.48113012872636" lon="8.856080111581832"><ele>558.7999877929688</ele></trkpt><trkpt lat="47.48114012880251" lon="8.856110111344606"><ele>558.8099975585938</ele></trkpt><trkpt lat="47.4811601289548" lon="8.85616011172533"><ele>558.7999877929688</ele></trkpt><trkpt lat="47.48118012864143" lon="8.856200111564249"><ele>558.6299743652344</ele></trkpt><trkpt lat="47.48118012864143" lon="8.856210111640394"><ele>558.5999755859375</ele></trkpt><trkpt lat="47.48119012871757" lon="8.856220111716539"><ele>558.5699768066406</ele></trkpt><trkpt lat="47.481240128632635" lon="8.856270111631602"><ele>558.2999877929688</ele></trkpt><trkpt lat="47.4812901285477" lon="8.85631011147052"><ele>558.22998046875</ele></trkpt><trkpt lat="47.48134012892842" lon="8.856350111309439"><ele>558.0999755859375</ele></trkpt><trkpt lat="47.48136012861505" lon="8.856350111309439"><ele>558.1999816894531</ele></trkpt><trkpt lat="47.48153012851253" lon="8.856350111309439"><ele>557.0</ele></trkpt><trkpt lat="47.48157012835145" lon="8.856360111385584"><ele>556.8399963378906</ele></trkpt><trkpt lat="47.48161012819037" lon="8.856360110919923"><ele>556.5999755859375</ele></trkpt><trkpt lat="47.48187012830749" lon="8.856240110937506"><ele>555.739990234375</ele></trkpt><trkpt lat="47.48196012806147" lon="8.856210110709071"><ele>555.5</ele></trkpt><trkpt lat="47.48200012836605" lon="8.856200111098588"><ele>555.3999938964844</ele></trkpt><trkpt lat="47.4822201281786" lon="8.856200110632926"><ele>554.8699951171875</ele></trkpt><trkpt lat="47.48233012808487" lon="8.856190110556781"><ele>554.6999816894531</ele></trkpt><trkpt lat="47.482410128228366" lon="8.856210110709071"><ele>554.7999877929688</ele></trkpt><trkpt lat="47.48253012821078" lon="8.85627011070028"><ele>554.6999816894531</ele></trkpt><trkpt lat="47.482620127964765" lon="8.856320110615343"><ele>554.2999877929688</ele></trkpt><trkpt lat="47.48273012787104" lon="8.856330110691488"><ele>553.6999816894531</ele></trkpt><trkpt lat="47.482940127607435" lon="8.856330110225827"><ele>552.8999938964844</ele></trkpt><trkpt lat="47.483130127657205" lon="8.856330110225827"><ele>552.6999816894531</ele></trkpt><trkpt lat="47.483260127715766" lon="8.856370110530406"><ele>552.2999877929688</ele></trkpt><trkpt lat="47.483280127402395" lon="8.85638011014089"><ele>552.2899780273438</ele></trkpt><trkpt lat="47.48335012746975" lon="8.856430110521615"><ele>552.1999816894531</ele></trkpt><trkpt lat="47.483640127349645" lon="8.856620110105723"><ele>550.6999816894531</ele></trkpt><trkpt lat="47.48368012718856" lon="8.856640109792352"><ele>550.4099731445312</ele></trkpt><trkpt lat="47.4837601268664" lon="8.85668010963127"><ele>549.5</ele></trkpt><trkpt lat="47.48384012654424" lon="8.856710109859705"><ele>548.5899963378906</ele></trkpt><trkpt lat="47.48387012677267" lon="8.856720109470189"><ele>548.2999877929688</ele></trkpt><trkpt lat="47.48388012684882" lon="8.856720109470189"><ele>548.2099914550781</ele></trkpt><trkpt lat="47.483940126374364" lon="8.856720109470189"><ele>547.5999755859375</ele></trkpt><trkpt lat="47.48402012651786" lon="8.856710109394044"><ele>546.7999877929688</ele></trkpt><trkpt lat="47.484130126424134" lon="8.856670109089464"><ele>546.469970703125</ele></trkpt><trkpt lat="47.48427012609318" lon="8.856610109098256"><ele>546.3499755859375</ele></trkpt><trkpt lat="47.484300126321614" lon="8.85660010902211"><ele>546.2999877929688</ele></trkpt><trkpt lat="47.48436012631282" lon="8.856560109183192"><ele>546.5</ele></trkpt><trkpt lat="47.48444012645632" lon="8.856580109335482"><ele>546.4299926757812</ele></trkpt><trkpt lat="47.484620125964284" lon="8.856610109098256"><ele>546.0999755859375</ele></trkpt><trkpt lat="47.48469012603164" lon="8.85664010932669"><ele>545.75</ele></trkpt><trkpt lat="47.484770126175135" lon="8.856680109165609"><ele>545.3999938964844</ele></trkpt><trkpt lat="47.484920125920326" lon="8.856710108928382"><ele>544.5699768066406</ele></trkpt><trkpt lat="47.485070125665516" lon="8.856740108691156"><ele>544.1999816894531</ele></trkpt><trkpt lat="47.48512012558058" lon="8.856760108843446"><ele>544.2699890136719</ele></trkpt><trkpt lat="47.48521012580022" lon="8.856800108682364"><ele>544.219970703125</ele></trkpt><trkpt lat="47.48539012577385" lon="8.856870108749717"><ele>544.0</ele></trkpt><trkpt lat="47.48556012567133" lon="8.85694010881707"><ele>543.7999877929688</ele></trkpt><trkpt lat="47.48557012574747" lon="8.856970108579844"><ele>543.8099975585938</ele></trkpt><trkpt lat="47.48558012582362" lon="8.857010108884424"><ele>543.7999877929688</ele></trkpt><trkpt lat="47.48558012582362" lon="8.857040108647197"><ele>543.8399963378906</ele></trkpt><trkpt lat="47.48556012567133" lon="8.857200108934194"><ele>543.7999877929688</ele></trkpt><trkpt lat="47.48557012574747" lon="8.857210108544677"><ele>543.5299987792969</ele></trkpt><trkpt lat="47.48557012574747" lon="8.857220108620822"><ele>543.1999816894531</ele></trkpt><trkpt lat="47.48557012574747" lon="8.857220108620822"><ele>543.219970703125</ele></trkpt><trkpt lat="47.485670124646276" lon="8.857250107917935"><ele>538.1999816894531</ele></trkpt><trkpt lat="47.485730124637485" lon="8.857250107917935"><ele>537.8999938964844</ele></trkpt><trkpt lat="47.48578012455255" lon="8.857280107680708"><ele>537.5399780273438</ele></trkpt><trkpt lat="47.48578012455255" lon="8.857280107680708"><ele>537.5099792480469</ele></trkpt><trkpt lat="47.48587012430653" lon="8.857350107748061"><ele>537.1999816894531</ele></trkpt><trkpt lat="47.48593012429774" lon="8.857430107425898"><ele>536.989990234375</ele></trkpt><trkpt lat="47.48594012437388" lon="8.857440107502043"><ele>537.0</ele></trkpt><trkpt lat="47.486030124127865" lon="8.85754010733217"><ele>536.5999755859375</ele></trkpt><trkpt lat="47.486160124186426" lon="8.857650107238442"><ele>536.2999877929688</ele></trkpt><trkpt lat="47.48623012425378" lon="8.857740107458085"><ele>536.0999755859375</ele></trkpt><trkpt lat="47.48626012401655" lon="8.857780107297003"><ele>536.0199890136719</ele></trkpt><trkpt lat="47.486370123922825" lon="8.85790010727942"><ele>535.2999877929688</ele></trkpt><trkpt lat="47.48642012383789" lon="8.857810107059777"><ele>534.989990234375</ele></trkpt><trkpt lat="47.48643012391403" lon="8.857800106983632"><ele>535.0</ele></trkpt><trkpt lat="47.48643012391403" lon="8.857790107373148"><ele>535.0</ele></trkpt><trkpt lat="47.4864801238291" lon="8.857680107001215"><ele>535.1999816894531</ele></trkpt><trkpt lat="47.48651012405753" lon="8.857650107238442"><ele>535.1699829101562</ele></trkpt><trkpt lat="47.48653012374416" lon="8.857630107086152"><ele>535.0999755859375</ele></trkpt><trkpt lat="47.48679012386128" lon="8.857850107364357"><ele>535.2999877929688</ele></trkpt><trkpt lat="47.48685012385249" lon="8.85788010712713"><ele>535.3999938964844</ele></trkpt><trkpt lat="47.486920123919845" lon="8.857890107203275"><ele>535.5099792480469</ele></trkpt><trkpt lat="47.48697012383491" lon="8.85790010727942"><ele>535.5899963378906</ele></trkpt><trkpt lat="47.48702012374997" lon="8.857910107355565"><ele>535.6999816894531</ele></trkpt><trkpt lat="47.487130124121904" lon="8.857930107507855"><ele>535.9399719238281</ele></trkpt><trkpt lat="47.4872101242654" lon="8.857950107194483"><ele>536.1999816894531</ele></trkpt><trkpt lat="47.487300124019384" lon="8.857990107499063"><ele>536.3999938964844</ele></trkpt><trkpt lat="47.48731012409553" lon="8.858010107651353"><ele>536.4399719238281</ele></trkpt><trkpt lat="47.48738012416288" lon="8.858050107490271"><ele>536.7999877929688</ele></trkpt><trkpt lat="47.48744012415409" lon="8.858100107405335"><ele>536.8999938964844</ele></trkpt><trkpt lat="47.48744012415409" lon="8.858100107405335"><ele>536.8499755859375</ele></trkpt><trkpt lat="47.4874501246959" lon="8.857890107668936"><ele>538.1199951171875</ele></trkpt><trkpt lat="47.4874501246959" lon="8.857650108169764"><ele>539.5999755859375</ele></trkpt><trkpt lat="47.48745012516156" lon="8.85745010850951"><ele>541.0399780273438</ele></trkpt><trkpt lat="47.48745012516156" lon="8.85730010829866"><ele>542.1999816894531</ele></trkpt><trkpt lat="47.48745012516156" lon="8.857290108688176"><ele>542.1799926757812</ele></trkpt><trkpt lat="47.487570125609636" lon="8.857180108316243"><ele>542.5</ele></trkpt><trkpt lat="47.48764012567699" lon="8.85711010871455"><ele>542.7999877929688</ele></trkpt><trkpt lat="47.48768012551591" lon="8.857120108790696"><ele>542.7999877929688</ele></trkpt><trkpt lat="47.48768012551591" lon="8.857120108790696"><ele>542.8299865722656</ele></trkpt><trkpt lat="47.487760125659406" lon="8.857140108477324"><ele>543.2999877929688</ele></trkpt><trkpt lat="47.48779012542218" lon="8.857160108629614"><ele>543.469970703125</ele></trkpt><trkpt lat="47.48796012578532" lon="8.857260108925402"><ele>544.2999877929688</ele></trkpt><trkpt lat="47.488180125597864" lon="8.857420108746737"><ele>543.969970703125</ele></trkpt><trkpt lat="47.48838012572378" lon="8.857560108881444"><ele>543.72998046875</ele></trkpt><trkpt lat="47.48838012572378" lon="8.857560108881444"><ele>543.6999816894531</ele></trkpt><trkpt lat="47.48851012578234" lon="8.85766010871157"><ele>543.6999816894531</ele></trkpt><trkpt lat="47.48853012546897" lon="8.857670108787715"><ele>543.6999816894531</ele></trkpt><trkpt lat="47.48861012561247" lon="8.857720108702779"><ele>543.6999816894531</ele></trkpt><trkpt lat="47.48866012552753" lon="8.857740108855069"><ele>543.5999755859375</ele></trkpt><trkpt lat="47.488860125653446" lon="8.857840108685195"><ele>543.5599975585938</ele></trkpt><trkpt lat="47.48891012556851" lon="8.85785010876134"><ele>543.5999755859375</ele></trkpt><trkpt lat="47.48914012592286" lon="8.857900108676404"><ele>543.6999816894531</ele></trkpt><trkpt lat="47.489320125896484" lon="8.857930108904839"><ele>543.6999816894531</ele></trkpt><trkpt lat="47.489430125802755" lon="8.857930108904839"><ele>543.6999816894531</ele></trkpt><trkpt lat="47.489450125489384" lon="8.857930108904839"><ele>543.6699829101562</ele></trkpt><trkpt lat="47.48948012571782" lon="8.857920108828694"><ele>543.6999816894531</ele></trkpt><trkpt lat="47.48951012548059" lon="8.857900108676404"><ele>543.6999816894531</ele></trkpt><trkpt lat="47.489580125547945" lon="8.857840108685195"><ele>543.6999816894531</ele></trkpt><trkpt lat="47.48961012577638" lon="8.857820108998567"><ele>543.6699829101562</ele></trkpt><trkpt lat="47.48961012577638" lon="8.857820108998567"><ele>543.6799926757812</ele></trkpt><trkpt lat="47.48963012592867" lon="8.857790108770132"><ele>543.6499938964844</ele></trkpt><trkpt lat="47.48967012576759" lon="8.857750108931214"><ele>543.5999755859375</ele></trkpt><trkpt lat="47.48969012545422" lon="8.857730108778924"><ele>543.5299987792969</ele></trkpt><trkpt lat="47.48970012553036" lon="8.857720108702779"><ele>543.5</ele></trkpt><trkpt lat="47.48972012568265" lon="8.85766010871157"><ele>543.8099975585938</ele></trkpt><trkpt lat="47.48970012553036" lon="8.857720108702779"><ele>543.5</ele></trkpt><trkpt lat="47.4897301257588" lon="8.857690108940005"><ele>543.3999938964844</ele></trkpt><trkpt lat="47.489810125436634" lon="8.857650108635426"><ele>543.0999755859375</ele></trkpt><trkpt lat="47.48982012551278" lon="8.857650108635426"><ele>543.0899963378906</ele></trkpt><trkpt lat="47.4898601253517" lon="8.85764010855928"><ele>542.9199829101562</ele></trkpt><trkpt lat="47.48987012542784" lon="8.85764010855928"><ele>543.0</ele></trkpt><trkpt lat="47.4898601253517" lon="8.857650108635426"><ele>542.7999877929688</ele></trkpt><trkpt lat="47.4898601253517" lon="8.857690108474344"><ele>542.3999938964844</ele></trkpt><trkpt lat="47.4898601253517" lon="8.857720108237118"><ele>542.0099792480469</ele></trkpt><trkpt lat="47.4898601253517" lon="8.857740108389407"><ele>541.6999816894531</ele></trkpt><trkpt lat="47.48985012527555" lon="8.857760108541697"><ele>541.5499877929688</ele></trkpt><trkpt lat="47.48983012512326" lon="8.857800108380616"><ele>541.0999755859375</ele></trkpt><trkpt lat="47.48976012505591" lon="8.857900108210742"><ele>540.0</ele></trkpt><trkpt lat="47.48974012490362" lon="8.857950108125806"><ele>539.3999938964844</ele></trkpt><trkpt lat="47.48974012490362" lon="8.85796010820195"><ele>539.4299926757812</ele></trkpt><trkpt lat="47.48974012443796" lon="8.858100107405335"><ele>537.3999938964844</ele></trkpt><trkpt lat="47.48975012404844" lon="8.858250107150525"><ele>535.2699890136719</ele></trkpt><trkpt lat="47.48975012311712" lon="8.858470106963068"><ele>532.5999755859375</ele></trkpt><trkpt lat="47.48975012311712" lon="8.858740106225014"><ele>530.5999755859375</ele></trkpt><trkpt lat="47.48977012280375" lon="8.858870106283575"><ele>529.6999816894531</ele></trkpt><trkpt lat="47.489790122490376" lon="8.858990106265992"><ele>528.7999877929688</ele></trkpt><trkpt lat="47.48984012240544" lon="8.859140106011182"><ele>527.5</ele></trkpt><trkpt lat="47.48988012224436" lon="8.859260105527937"><ele>526.5599975585938</ele></trkpt><trkpt lat="47.48991012200713" lon="8.859340105671436"><ele>525.8999938964844</ele></trkpt><trkpt lat="47.48993012169376" lon="8.859430105425417"><ele>525.2999877929688</ele></trkpt><trkpt lat="47.489940121769905" lon="8.85948010534048"><ele>525.1099853515625</ele></trkpt><trkpt lat="47.48998012160882" lon="8.859750105068088"><ele>523.8999938964844</ele></trkpt><trkpt lat="47.48999012121931" lon="8.859770105220377"><ele>523.8599853515625</ele></trkpt><trkpt lat="47.49002012144774" lon="8.859890105202794"><ele>523.5999755859375</ele></trkpt><trkpt lat="47.490050121210515" lon="8.859980104956776"><ele>523.4399719238281</ele></trkpt><trkpt lat="47.490050121210515" lon="8.85999010503292"><ele>523.3999938964844</ele></trkpt><trkpt lat="47.49050012137741" lon="8.860650104936212"><ele>523.0</ele></trkpt><trkpt lat="47.49056012136862" lon="8.860750104766339"><ele>522.5899963378906</ele></trkpt><trkpt lat="47.49061012128368" lon="8.860830104909837"><ele>522.2999877929688</ele></trkpt><trkpt lat="47.49068012088537" lon="8.860990104731172"><ele>521.989990234375</ele></trkpt><trkpt lat="47.49071012111381" lon="8.861060104798526"><ele>521.8999938964844</ele></trkpt><trkpt lat="47.49085012078285" lon="8.861470104660839"><ele>521.3999938964844</ele></trkpt><trkpt lat="47.49097012076527" lon="8.861850104760379"><ele>521.3999938964844</ele></trkpt><trkpt lat="47.49101012106985" lon="8.861970104742795"><ele>521.3999938964844</ele></trkpt><trkpt lat="47.49099012091756" lon="8.862090104725212"><ele>521.2099914550781</ele></trkpt><trkpt lat="47.490960120689124" lon="8.862330104690045"><ele>520.7999877929688</ele></trkpt><trkpt lat="47.49087012046948" lon="8.862810104619712"><ele>519.8399963378906</ele></trkpt><trkpt lat="47.490860120393336" lon="8.86285010445863"><ele>519.6999816894531</ele></trkpt><trkpt lat="47.490860120393336" lon="8.86285010445863"><ele>519.739990234375</ele></trkpt><trkpt lat="47.4909101203084" lon="8.862880104221404"><ele>519.6399841308594</ele></trkpt><trkpt lat="47.490940120536834" lon="8.862900104373693"><ele>519.5999755859375</ele></trkpt><trkpt lat="47.49112012051046" lon="8.862980104517192"><ele>519.3299865722656</ele></trkpt><trkpt lat="47.49118012050167" lon="8.863010104279965"><ele>519.1999816894531</ele></trkpt><trkpt lat="47.49132012017071" lon="8.863080104347318"><ele>518.8799743652344</ele></trkpt><trkpt lat="47.49169012019411" lon="8.863270103931427"><ele>518.1199951171875</ele></trkpt><trkpt lat="47.49172011995688" lon="8.863290104083717"><ele>518.0</ele></trkpt><trkpt lat="47.49188012024388" lon="8.863410104066133"><ele>517.5999755859375</ele></trkpt><trkpt lat="47.492070119827986" lon="8.863570103887469"><ele>517.2099914550781</ele></trkpt><trkpt lat="47.49208011990413" lon="8.863580103963614"><ele>517.1899719238281</ele></trkpt><trkpt lat="47.49208011990413" lon="8.863580103963614"><ele>517.1899719238281</ele></trkpt><trkpt lat="47.49208011990413" lon="8.863580103963614"><ele>517.1999816894531</ele></trkpt><trkpt lat="47.49208011990413" lon="8.863580103963614"><ele>517.1899719238281</ele></trkpt><trkpt lat="47.492260119877756" lon="8.863740103784949"><ele>516.8999938964844</ele></trkpt><trkpt lat="47.49238011986017" lon="8.86387010384351"><ele>516.8799743652344</ele></trkpt><trkpt lat="47.49242012016475" lon="8.863920103758574"><ele>516.8799743652344</ele></trkpt><trkpt lat="47.49246012000367" lon="8.863960104063153"><ele>516.8999938964844</ele></trkpt><trkpt lat="47.492510119918734" lon="8.864000103902072"><ele>517.0</ele></trkpt><trkpt lat="47.492510119918734" lon="8.864000103902072"><ele>516.97998046875</ele></trkpt><trkpt lat="47.492510119918734" lon="8.864000103902072"><ele>516.97998046875</ele></trkpt><trkpt lat="47.49255011975765" lon="8.863910103682429"><ele>516.72998046875</ele></trkpt><trkpt lat="47.49259012006223" lon="8.863820103928447"><ele>516.5499877929688</ele></trkpt><trkpt lat="47.49259012006223" lon="8.863820103928447"><ele>516.4299926757812</ele></trkpt><trkpt lat="47.49259012006223" lon="8.863820103928447"><ele>516.5499877929688</ele></trkpt><trkpt lat="47.49255011975765" lon="8.863910103682429"><ele>516.72998046875</ele></trkpt><trkpt lat="47.492510119918734" lon="8.864000103902072"><ele>516.97998046875</ele></trkpt><trkpt lat="47.49255011975765" lon="8.86404010374099"><ele>516.8599853515625</ele></trkpt><trkpt lat="47.49259012006223" lon="8.864050103817135"><ele>516.5499877929688</ele></trkpt><trkpt lat="47.49263011990115" lon="8.86406010389328"><ele>516.2999877929688</ele></trkpt><trkpt lat="47.49275011988357" lon="8.864070103969425"><ele>515.8999938964844</ele></trkpt><trkpt lat="47.49290011962876" lon="8.864100103732198"><ele>515.7999877929688</ele></trkpt><trkpt lat="47.4929901198484" lon="8.864130103494972"><ele>515.6999816894531</ele></trkpt><trkpt lat="47.49307011952624" lon="8.864170103799552"><ele>515.5</ele></trkpt><trkpt lat="47.493150119669735" lon="8.86423010379076"><ele>515.2999877929688</ele></trkpt><trkpt lat="47.493170119822025" lon="8.864270103629678"><ele>515.2599792480469</ele></trkpt><trkpt lat="47.49325011949986" lon="8.86440010368824"><ele>515.0999755859375</ele></trkpt><trkpt lat="47.493360119406134" lon="8.864580103661865"><ele>514.8999938964844</ele></trkpt><trkpt lat="47.4934101193212" lon="8.864630103576928"><ele>514.6999816894531</ele></trkpt><trkpt lat="47.493470119312406" lon="8.864660103339702"><ele>514.6999816894531</ele></trkpt><trkpt lat="47.49358011968434" lon="8.864690103568137"><ele>514.5999755859375</ele></trkpt><trkpt lat="47.49359011929482" lon="8.864700103644282"><ele>514.6399841308594</ele></trkpt><trkpt lat="47.49359011929482" lon="8.864700103644282"><ele>514.6499938964844</ele></trkpt><trkpt lat="47.49359011929482" lon="8.86472010333091"><ele>514.6999816894531</ele></trkpt><trkpt lat="47.49360011937097" lon="8.864790103398263"><ele>514.739990234375</ele></trkpt><trkpt lat="47.49360011937097" lon="8.864850103389472"><ele>514.7999877929688</ele></trkpt><trkpt lat="47.49360011937097" lon="8.864860103465617"><ele>514.8199768066406</ele></trkpt><trkpt lat="47.49361011944711" lon="8.864870103541762"><ele>514.7999877929688</ele></trkpt><trkpt lat="47.4938401193358" lon="8.864870103541762"><ele>514.0999755859375</ele></trkpt><trkpt lat="47.49401011923328" lon="8.86489010322839"><ele>513.5999755859375</ele></trkpt><trkpt lat="47.494250119198114" lon="8.864920103456825"><ele>513.0999755859375</ele></trkpt><trkpt lat="47.49431011918932" lon="8.864940103143454"><ele>513.0799865722656</ele></trkpt><trkpt lat="47.49449011916295" lon="8.865000103134662"><ele>512.6999816894531</ele></trkpt><trkpt lat="47.494510118849576" lon="8.865010103210807"><ele>512.6899719238281</ele></trkpt><trkpt lat="47.494510118849576" lon="8.865020103286952"><ele>512.6699829101562</ele></trkpt><trkpt lat="47.49452011892572" lon="8.865020103286952"><ele>512.6999816894531</ele></trkpt><trkpt lat="47.49452011892572" lon="8.865020103286952"><ele>512.6299743652344</ele></trkpt><trkpt lat="47.494700118899345" lon="8.865070103202015"><ele>512.0</ele></trkpt><trkpt lat="47.49482011888176" lon="8.865120103117079"><ele>511.8699951171875</ele></trkpt><trkpt lat="47.494870118796825" lon="8.865140102803707"><ele>511.79998779296875</ele></trkpt><trkpt lat="47.495100118685514" lon="8.865220102947205"><ele>511.5199890136719</ele></trkpt><trkpt lat="47.495100118685514" lon="8.865220102947205"><ele>511.5099792480469</ele></trkpt><trkpt lat="47.495100118685514" lon="8.865220102947205"><ele>511.5099792480469</ele></trkpt><trkpt lat="47.49511011876166" lon="8.865220102947205"><ele>511.4999694824219</ele></trkpt><trkpt lat="47.49515011860058" lon="8.865270102862269"><ele>511.3999938964844</ele></trkpt><trkpt lat="47.49517011875287" lon="8.865320102777332"><ele>511.3199768066406</ele></trkpt><trkpt lat="47.49518011882901" lon="8.865330102853477"><ele>511.29998779296875</ele></trkpt><trkpt lat="47.49518011882901" lon="8.865410102996975"><ele>511.3299865722656</ele></trkpt><trkpt lat="47.49519011890516" lon="8.865410102996975"><ele>511.29998779296875</ele></trkpt><trkpt lat="47.49555011885241" lon="8.865300102625042"><ele>510.8999938964844</ele></trkpt><trkpt lat="47.495800118427724" lon="8.86521010287106"><ele>510.5999755859375</ele></trkpt><trkpt lat="47.49586011841893" lon="8.86519010271877"><ele>510.4999694824219</ele></trkpt><trkpt lat="47.49590011872351" lon="8.865180102642626"><ele>510.489990234375</ele></trkpt><trkpt lat="47.49609011877328" lon="8.865130102727562"><ele>510.29998779296875</ele></trkpt><trkpt lat="47.49609011877328" lon="8.865130102727562"><ele>510.239990234375</ele></trkpt><trkpt lat="47.4964201184921" lon="8.86502010282129"><ele>509.8899841308594</ele></trkpt><trkpt lat="47.49649011855945" lon="8.865000102669"><ele>509.79998779296875</ele></trkpt><trkpt lat="47.49666011845693" lon="8.864950102753937"><ele>509.5999755859375</ele></trkpt><trkpt lat="47.49670011829585" lon="8.864930102601647"><ele>509.55999755859375</ele></trkpt><trkpt lat="47.49700011825189" lon="8.86485010245815"><ele>509.1999816894531</ele></trkpt><trkpt lat="47.49730011820793" lon="8.864750102628022"><ele>508.79998779296875</ele></trkpt><trkpt lat="47.497370118275285" lon="8.864740102551877"><ele>508.8499755859375</ele></trkpt><trkpt lat="47.497370118275285" lon="8.864740102551877"><ele>508.8999938964844</ele></trkpt><trkpt lat="47.497370118275285" lon="8.864770102314651"><ele>508.8199768066406</ele></trkpt><trkpt lat="47.497370118275285" lon="8.864780102390796"><ele>508.79998779296875</ele></trkpt><trkpt lat="47.49738011835143" lon="8.86481010261923"><ele>508.79998779296875</ele></trkpt><trkpt lat="47.49740011803806" lon="8.86485010245815"><ele>508.6999816894531</ele></trkpt><trkpt lat="47.4974101181142" lon="8.86485010245815"><ele>508.719970703125</ele></trkpt><trkpt lat="47.49742011819035" lon="8.86485010245815"><ele>508.6999816894531</ele></trkpt><trkpt lat="47.49746011802927" lon="8.86485010245815"><ele>508.6899719238281</ele></trkpt><trkpt lat="47.49747011810541" lon="8.86485010245815"><ele>508.6999816894531</ele></trkpt><trkpt lat="47.49747011810541" lon="8.864840102382004"><ele>508.6899719238281</ele></trkpt><trkpt lat="47.49748011818156" lon="8.864840102382004"><ele>508.7099914550781</ele></trkpt><trkpt lat="47.4974901182577" lon="8.864840102382004"><ele>508.6999816894531</ele></trkpt><trkpt lat="47.497500118333846" lon="8.864820102229714"><ele>508.6999816894531</ele></trkpt><trkpt lat="47.497500118333846" lon="8.864800102543086"><ele>508.6999816894531</ele></trkpt><trkpt lat="47.49751011840999" lon="8.86479010246694"><ele>508.739990234375</ele></trkpt><trkpt lat="47.497560118325055" lon="8.864650102332234"><ele>508.6999816894531</ele></trkpt><trkpt lat="47.497560118325055" lon="8.86464010225609"><ele>508.6999816894531</ele></trkpt><trkpt lat="47.497560118325055" lon="8.864630102645606"><ele>508.6999816894531</ele></trkpt><trkpt lat="47.497560118325055" lon="8.864630102645606"><ele>508.6899719238281</ele></trkpt><trkpt lat="47.49762011831626" lon="8.864630102179945"><ele>508.5999755859375</ele></trkpt><trkpt lat="47.497690118383616" lon="8.86462010256946"><ele>508.4999694824219</ele></trkpt><trkpt lat="47.49779011821374" lon="8.864590102341026"><ele>508.29998779296875</ele></trkpt><trkpt lat="47.497990117874" lon="8.864530102349818"><ele>508.0299987792969</ele></trkpt><trkpt lat="47.49829011783004" lon="8.86443010205403"><ele>507.5999755859375</ele></trkpt><trkpt lat="47.49832011805847" lon="8.864420101977885"><ele>507.54998779296875</ele></trkpt><trkpt lat="47.49832011805847" lon="8.864420101977885"><ele>507.4999694824219</ele></trkpt><trkpt lat="47.49832011805847" lon="8.864400102291256"><ele>507.4999694824219</ele></trkpt><trkpt lat="47.49833011813462" lon="8.864380102138966"><ele>507.4399719238281</ele></trkpt><trkpt lat="47.4983401177451" lon="8.864340102300048"><ele>507.3699951171875</ele></trkpt><trkpt lat="47.49838011804968" lon="8.864110101945698"><ele>507.03997802734375</ele></trkpt><trkpt lat="47.49838011804968" lon="8.864080102182925"><ele>506.989990234375</ele></trkpt></trkseg></trk></gpx>