<?xml version="1.0" encoding="utf-8"?><gpx version="1.1" creator="MySchweizMobil - https://map.schweizmobil.ch/" xmlns:xsi="http://www.w3.org/2001/XMLSchema-instance" xmlns="http://www.topografix.com/GPX/1/1" xsi:schemaLocation="http://www.topografix.com/GPX/1/1 http://www.topografix.com/GPX/1/1/gpx.xsd"><metadata><name>759 Surettaseen-Weg</name><bounds minlat="46.52450966056659" minlon="9.321408728286237" maxlat="46.552833721852" maxlon="9.35265057093373" /></metadata><trk><name>759 Surettaseen-Weg</name><trkseg><trkpt lat="46.552833721852" lon="9.323353728520315"><ele>1458.1</ele></trkpt><trkpt lat="46.55277072189318" lon="9.323351728559244"><ele>1457.9</ele></trkpt><trkpt lat="46.55277072189318" lon="9.323351728559244"><ele>1457.9</ele></trkpt><trkpt lat="46.552473721901166" lon="9.323367728560317"><ele>1457.9</ele></trkpt><trkpt lat="46.552473721901166" lon="9.323367728560317"><ele>1457.9</ele></trkpt><trkpt lat="46.55239272188357" lon="9.323364728541604"><ele>1458.0</ele></trkpt><trkpt lat="46.55239272188357" lon="9.323364728541604"><ele>1458.0</ele></trkpt><trkpt lat="46.5522037219084" lon="9.323357728562124"><ele>1457.9</ele></trkpt><trkpt lat="46.55208672191157" lon="9.32336672856246"><ele>1457.9</ele></trkpt><trkpt lat="46.55208672191157" lon="9.32336672856246"><ele>1457.9</ele></trkpt><trkpt lat="46.55190672189666" lon="9.32336072854438"><ele>1458.0</ele></trkpt><trkpt lat="46.55190672189666" lon="9.32336072854438"><ele>1458.0</ele></trkpt><trkpt lat="46.55190872189634" lon="9.323243728548317"><ele>1458.0</ele></trkpt><trkpt lat="46.551876721896654" lon="9.323007728556455"><ele>1458.0</ele></trkpt><trkpt lat="46.55183672191681" lon="9.322705728586122"><ele>1457.9</ele></trkpt><trkpt lat="46.55179672201588" lon="9.322391728693209"><ele>1457.4</ele></trkpt><trkpt lat="46.55178172207502" lon="9.322208728757227"><ele>1457.1</ele></trkpt><trkpt lat="46.5517737220752" lon="9.322168728758621"><ele>1457.1</ele></trkpt><trkpt lat="46.55174772201655" lon="9.32210272870322"><ele>1457.4</ele></trkpt><trkpt lat="46.55174772201655" lon="9.32210272870322"><ele>1457.4</ele></trkpt><trkpt lat="46.551695721938806" lon="9.3219837286305"><ele>1457.8</ele></trkpt><trkpt lat="46.55159072172419" lon="9.32181072842511"><ele>1458.9</ele></trkpt><trkpt lat="46.551493721588365" lon="9.32165072829626"><ele>1459.6</ele></trkpt><trkpt lat="46.551493721588365" lon="9.32165072829626"><ele>1459.6</ele></trkpt><trkpt lat="46.55140672161004" lon="9.32149072832139"><ele>1459.5</ele></trkpt><trkpt lat="46.55140672161004" lon="9.32149072832139"><ele>1459.5</ele></trkpt><trkpt lat="46.551362721571664" lon="9.321437728284918"><ele>1459.7</ele></trkpt><trkpt lat="46.55132672157261" lon="9.321422728285613"><ele>1459.7</ele></trkpt><trkpt lat="46.55129972157327" lon="9.321408728286237"><ele>1459.7</ele></trkpt><trkpt lat="46.55126372157428" lon="9.321420728286029"><ele>1459.7</ele></trkpt><trkpt lat="46.55122772157528" lon="9.32143272828582"><ele>1459.7</ele></trkpt><trkpt lat="46.55119172157632" lon="9.321457728285171"><ele>1459.7</ele></trkpt><trkpt lat="46.551145721577626" lon="9.32150772828373"><ele>1459.7</ele></trkpt><trkpt lat="46.55098972158216" lon="9.321685728278563"><ele>1459.7</ele></trkpt><trkpt lat="46.5509347215049" lon="9.321735728200164"><ele>1460.1</ele></trkpt><trkpt lat="46.55084372136929" lon="9.321771728064668"><ele>1460.8</ele></trkpt><trkpt lat="46.55084372136929" lon="9.321771728064668"><ele>1460.8</ele></trkpt><trkpt lat="46.55077072119395" lon="9.321886727887888"><ele>1461.7</ele></trkpt><trkpt lat="46.550714721018124" lon="9.321988727711451"><ele>1462.6</ele></trkpt><trkpt lat="46.55067672082214" lon="9.322104727515189"><ele>1463.6</ele></trkpt><trkpt lat="46.550638720626125" lon="9.322207727319363"><ele>1464.6</ele></trkpt><trkpt lat="46.55059272044995" lon="9.322271727144148"><ele>1465.5</ele></trkpt><trkpt lat="46.55055672033262" lon="9.322295727027997"><ele>1466.1</ele></trkpt><trkpt lat="46.55055672033262" lon="9.322295727027997"><ele>1466.1</ele></trkpt><trkpt lat="46.55048472017672" lon="9.322293726874424"><ele>1466.9</ele></trkpt><trkpt lat="46.55043072005979" lon="9.322278726759695"><ele>1467.5</ele></trkpt><trkpt lat="46.550386719942516" lon="9.322237726645799"><ele>1468.1</ele></trkpt><trkpt lat="46.550386719942516" lon="9.322237726645799"><ele>1468.1</ele></trkpt><trkpt lat="46.550367719903655" lon="9.322276726606068"><ele>1468.3</ele></trkpt><trkpt lat="46.550339719667804" lon="9.322327726373429"><ele>1469.5</ele></trkpt><trkpt lat="46.55027571947243" lon="9.322416726178204"><ele>1470.5</ele></trkpt><trkpt lat="46.550247719433905" lon="9.322480726137664"><ele>1470.7</ele></trkpt><trkpt lat="46.5501747192584" lon="9.322504725963952"><ele>1471.6</ele></trkpt><trkpt lat="46.55006671890635" lon="9.322552725616314"><ele>1473.4</ele></trkpt><trkpt lat="46.549966718751264" lon="9.322575725462032"><ele>1474.2</ele></trkpt><trkpt lat="46.54989471865458" lon="9.322572725366253"><ele>1474.7</ele></trkpt><trkpt lat="46.54983271859702" lon="9.322518725310676"><ele>1475.0</ele></trkpt><trkpt lat="46.54979771851898" lon="9.322491725234768"><ele>1475.4</ele></trkpt><trkpt lat="46.54974371824431" lon="9.32248972496556"><ele>1476.8</ele></trkpt><trkpt lat="46.54967971834475" lon="9.32253972506048"><ele>1476.3</ele></trkpt><trkpt lat="46.5496167183465" lon="9.322550725060456"><ele>1476.3</ele></trkpt><trkpt lat="46.54951771817161" lon="9.32254672488784"><ele>1477.2</ele></trkpt><trkpt lat="46.54945471809448" lon="9.32257072481034"><ele>1477.6</ele></trkpt><trkpt lat="46.54937271793895" lon="9.32258072465641"><ele>1478.4</ele></trkpt><trkpt lat="46.549319717841755" lon="9.322565724560938"><ele>1478.9</ele></trkpt><trkpt lat="46.54928271778357" lon="9.322577724502969"><ele>1479.2</ele></trkpt><trkpt lat="46.54929171780311" lon="9.322604724521245"><ele>1479.1</ele></trkpt><trkpt lat="46.54929971772409" lon="9.322643724442846"><ele>1479.5</ele></trkpt><trkpt lat="46.54932671750647" lon="9.322683724229517"><ele>1480.6</ele></trkpt><trkpt lat="46.54933471740771" lon="9.322709724132308"><ele>1481.1</ele></trkpt><trkpt lat="46.54933471740771" lon="9.322709724132308"><ele>1481.1</ele></trkpt><trkpt lat="46.54929071754692" lon="9.322682724268263"><ele>1480.4</ele></trkpt><trkpt lat="46.549227717726076" lon="9.322654724442868"><ele>1479.5</ele></trkpt><trkpt lat="46.54920071772676" lon="9.322640724443499"><ele>1479.5</ele></trkpt><trkpt lat="46.54915671772792" lon="9.3226127244447"><ele>1479.5</ele></trkpt><trkpt lat="46.5491307176891" lon="9.3225727244077"><ele>1479.7</ele></trkpt><trkpt lat="46.549076717631266" lon="9.322518724352081"><ele>1480.0</ele></trkpt><trkpt lat="46.54905971751331" lon="9.322504724237124"><ele>1480.6</ele></trkpt><trkpt lat="46.548987717179955" lon="9.322476723911157"><ele>1482.3</ele></trkpt><trkpt lat="46.54892471712242" lon="9.322460723854283"><ele>1482.6</ele></trkpt><trkpt lat="46.548844716907674" lon="9.322458723642997"><ele>1483.7</ele></trkpt><trkpt lat="46.548807716908726" lon="9.322482723642377"><ele>1483.7</ele></trkpt><trkpt lat="46.54873571679238" lon="9.322506723526418"><ele>1484.3</ele></trkpt><trkpt lat="46.548690716734434" lon="9.322504723468978"><ele>1484.6</ele></trkpt><trkpt lat="46.548609716637934" lon="9.322463723374561"><ele>1485.1</ele></trkpt><trkpt lat="46.54852971632446" lon="9.322408723068824"><ele>1486.7</ele></trkpt><trkpt lat="46.548503716206746" lon="9.322381722954372"><ele>1487.3</ele></trkpt><trkpt lat="46.54848571620721" lon="9.32236772295495"><ele>1487.3</ele></trkpt><trkpt lat="46.54843271607056" lon="9.322339722821429"><ele>1488.0</ele></trkpt><trkpt lat="46.54841471603156" lon="9.322338722783057"><ele>1488.2</ele></trkpt><trkpt lat="46.54831471589634" lon="9.322374722647588"><ele>1488.9</ele></trkpt><trkpt lat="46.54828771585766" lon="9.322386722608817"><ele>1489.1</ele></trkpt><trkpt lat="46.54825171581922" lon="9.322398722570098"><ele>1489.3</ele></trkpt><trkpt lat="46.548152715289355" lon="9.322368722051818"><ele>1492.0</ele></trkpt><trkpt lat="46.54808971517278" lon="9.32237972193626"><ele>1492.6</ele></trkpt><trkpt lat="46.54804471513459" lon="9.322391721897588"><ele>1492.8</ele></trkpt><trkpt lat="46.54793571507853" lon="9.322439721838773"><ele>1493.1</ele></trkpt><trkpt lat="46.54788171474466" lon="9.322411721512719"><ele>1494.8</ele></trkpt><trkpt lat="46.54781071456909" lon="9.322383721340799"><ele>1495.7</ele></trkpt><trkpt lat="46.54773971431449" lon="9.32231572109325"><ele>1497.0</ele></trkpt><trkpt lat="46.54766871421776" lon="9.32228672099838"><ele>1497.5</ele></trkpt><trkpt lat="46.54766871421776" lon="9.32228672099838"><ele>1497.5</ele></trkpt><trkpt lat="46.547630714080974" lon="9.322376720860692"><ele>1498.2</ele></trkpt><trkpt lat="46.54762071398278" lon="9.322441720762223"><ele>1498.7</ele></trkpt><trkpt lat="46.54761071388458" lon="9.322493720664204"><ele>1499.2</ele></trkpt><trkpt lat="46.547599713747054" lon="9.322610720525423"><ele>1499.9</ele></trkpt><trkpt lat="46.547581713747675" lon="9.322648720524201"><ele>1499.9</ele></trkpt><trkpt lat="46.547581713747675" lon="9.322648720524201"><ele>1499.9</ele></trkpt><trkpt lat="46.547606713786564" lon="9.322728720559793"><ele>1499.7</ele></trkpt><trkpt lat="46.547606713786564" lon="9.322728720559793"><ele>1499.7</ele></trkpt><trkpt lat="46.54764071388456" lon="9.32287272065088"><ele>1499.2</ele></trkpt><trkpt lat="46.547675713923226" lon="9.322939720686868"><ele>1499.0</ele></trkpt><trkpt lat="46.54777171417729" lon="9.323125720930202"><ele>1497.7</ele></trkpt><trkpt lat="46.54777171417729" lon="9.323125720930202"><ele>1497.7</ele></trkpt><trkpt lat="46.547883714391794" lon="9.323389721132237"><ele>1496.6</ele></trkpt><trkpt lat="46.547883714391794" lon="9.323389721132237"><ele>1496.6</ele></trkpt><trkpt lat="46.547926714371116" lon="9.323495721109069"><ele>1496.7</ele></trkpt><trkpt lat="46.54798771448805" lon="9.323628721219661"><ele>1496.1</ele></trkpt><trkpt lat="46.54803971468416" lon="9.323760721407371"><ele>1495.1</ele></trkpt><trkpt lat="46.54807471480167" lon="9.323826721520437"><ele>1494.5</ele></trkpt><trkpt lat="46.548109714899425" lon="9.323880721614666"><ele>1494.0</ele></trkpt><trkpt lat="46.548180715055395" lon="9.323921721766913"><ele>1493.2</ele></trkpt><trkpt lat="46.548216715153046" lon="9.323936721862484"><ele>1492.7</ele></trkpt><trkpt lat="46.548216715153046" lon="9.323936721862484"><ele>1492.7</ele></trkpt><trkpt lat="46.548223715153085" lon="9.324040721858852"><ele>1492.7</ele></trkpt><trkpt lat="46.54823171513335" lon="9.324132721836369"><ele>1492.8</ele></trkpt><trkpt lat="46.54827371485641" lon="9.3243037215606"><ele>1494.2</ele></trkpt><trkpt lat="46.548314714481094" lon="9.324526721186729"><ele>1496.1</ele></trkpt><trkpt lat="46.54833071424428" lon="9.324683720950082"><ele>1497.3</ele></trkpt><trkpt lat="46.54835471400729" lon="9.324827720713841"><ele>1498.5</ele></trkpt><trkpt lat="46.54840571373018" lon="9.324999720437939"><ele>1499.9</ele></trkpt><trkpt lat="46.548430713493175" lon="9.325156720201218"><ele>1501.1</ele></trkpt><trkpt lat="46.54845371307891" lon="9.325405719787938"><ele>1503.2</ele></trkpt><trkpt lat="46.548478712900966" lon="9.325523719610338"><ele>1504.1</ele></trkpt><trkpt lat="46.548503712663894" lon="9.325641719374943"><ele>1505.3</ele></trkpt><trkpt lat="46.54851071254551" lon="9.325720719256577"><ele>1505.9</ele></trkpt><trkpt lat="46.54850971240767" lon="9.32581171911857"><ele>1506.6</ele></trkpt><trkpt lat="46.54848871213254" lon="9.32599371884266"><ele>1508.0</ele></trkpt><trkpt lat="46.548495712014265" lon="9.326084718723864"><ele>1508.6</ele></trkpt><trkpt lat="46.54852971173748" lon="9.32621671844937"><ele>1510.0</ele></trkpt><trkpt lat="46.54858071144063" lon="9.326400718153696"><ele>1511.5</ele></trkpt><trkpt lat="46.548623711084744" lon="9.326545717801617"><ele>1513.3</ele></trkpt><trkpt lat="46.54864871090677" lon="9.326637717624877"><ele>1514.2</ele></trkpt><trkpt lat="46.54866471074889" lon="9.326781717465618"><ele>1515.0</ele></trkpt><trkpt lat="46.54870571033406" lon="9.327018717052498"><ele>1517.1</ele></trkpt><trkpt lat="46.54871271017637" lon="9.32712271689468"><ele>1517.9</ele></trkpt><trkpt lat="46.548707709684145" lon="9.32744871640159"><ele>1520.4</ele></trkpt><trkpt lat="46.548707709684145" lon="9.32744871640159"><ele>1520.4</ele></trkpt><trkpt lat="46.548696709586025" lon="9.32752671630257"><ele>1520.9</ele></trkpt><trkpt lat="46.54866970952773" lon="9.32757771624313"><ele>1521.2</ele></trkpt><trkpt lat="46.54855770917625" lon="9.327769715890188"><ele>1523.0</ele></trkpt><trkpt lat="46.5483527082956" lon="9.32824471500753"><ele>1527.5</ele></trkpt><trkpt lat="46.548296708001615" lon="9.328347714715177"><ele>1529.0</ele></trkpt><trkpt lat="46.5481957075709" lon="9.32847471428735"><ele>1531.2</ele></trkpt><trkpt lat="46.5481957075709" lon="9.32847471428735"><ele>1531.2</ele></trkpt><trkpt lat="46.548184707453096" lon="9.32857771416815"><ele>1531.8</ele></trkpt><trkpt lat="46.548184707453096" lon="9.32857771416815"><ele>1531.8</ele></trkpt><trkpt lat="46.548219707254965" lon="9.328618713973805"><ele>1532.8</ele></trkpt><trkpt lat="46.54827370699716" lon="9.328659713721542"><ele>1534.1</ele></trkpt><trkpt lat="46.548326706798534" lon="9.328687713527552"><ele>1535.1</ele></trkpt><trkpt lat="46.54840770655961" lon="9.328690713295751"><ele>1536.3</ele></trkpt><trkpt lat="46.54848870630087" lon="9.328679713045185"><ele>1537.6</ele></trkpt><trkpt lat="46.54853370616158" lon="9.328694712909511"><ele>1538.3</ele></trkpt><trkpt lat="46.548648705685345" lon="9.328828712441613"><ele>1540.7</ele></trkpt><trkpt lat="46.548674705546624" lon="9.328882712304647"><ele>1541.4</ele></trkpt><trkpt lat="46.54867370542846" lon="9.328934712187175"><ele>1542.0</ele></trkpt><trkpt lat="46.548662705192356" lon="9.329038711952283"><ele>1543.2</ele></trkpt><trkpt lat="46.548574704209734" lon="9.329465710973977"><ele>1548.2</ele></trkpt><trkpt lat="46.548487703286135" lon="9.329827710055717"><ele>1552.9</ele></trkpt><trkpt lat="46.548428702499635" lon="9.33012570927444"><ele>1556.9</ele></trkpt><trkpt lat="46.54839670190959" lon="9.330411708686112"><ele>1559.9</ele></trkpt><trkpt lat="46.54841170139696" lon="9.330646708176419"><ele>1562.5</ele></trkpt><trkpt lat="46.54843570110076" lon="9.330777707882426"><ele>1564.0</ele></trkpt><trkpt lat="46.54843470088406" lon="9.33086970766708"><ele>1565.1</ele></trkpt><trkpt lat="46.54841470064824" lon="9.330972707432169"><ele>1566.3</ele></trkpt><trkpt lat="46.54838570029435" lon="9.331089707081144"><ele>1568.1</ele></trkpt><trkpt lat="46.54840170001808" lon="9.33120770680692"><ele>1569.5</ele></trkpt><trkpt lat="46.548462699641945" lon="9.331352706435057"><ele>1571.4</ele></trkpt><trkpt lat="46.54853169920652" lon="9.331511706004797"><ele>1573.6</ele></trkpt><trkpt lat="46.54858369890938" lon="9.33161770571149"><ele>1575.1</ele></trkpt><trkpt lat="46.54862569849451" lon="9.331814705299246"><ele>1577.2</ele></trkpt><trkpt lat="46.54868569794106" lon="9.3320127047519"><ele>1580.0</ele></trkpt><trkpt lat="46.54880469695241" lon="9.332394703773321"><ele>1585.0</ele></trkpt><trkpt lat="46.54890769614162" lon="9.332737702969688"><ele>1589.1</ele></trkpt><trkpt lat="46.54890769614162" lon="9.332737702969688"><ele>1589.1</ele></trkpt><trkpt lat="46.54886169602466" lon="9.33276270285336"><ele>1589.7</ele></trkpt><trkpt lat="46.5488166958289" lon="9.332786702659957"><ele>1590.7</ele></trkpt><trkpt lat="46.54877169565261" lon="9.332771702487273"><ele>1591.6</ele></trkpt><trkpt lat="46.54871869547662" lon="9.332744702315079"><ele>1592.5</ele></trkpt><trkpt lat="46.54862169516363" lon="9.332623702011674"><ele>1594.1</ele></trkpt><trkpt lat="46.5484806948518" lon="9.332435701711017"><ele>1595.7</ele></trkpt><trkpt lat="46.548365694460436" lon="9.332301701331115"><ele>1597.7</ele></trkpt><trkpt lat="46.54825069414802" lon="9.332179701027886"><ele>1599.3</ele></trkpt><trkpt lat="46.54810969369824" lon="9.33203170059086"><ele>1601.6</ele></trkpt><trkpt lat="46.54802069336544" lon="9.331950700266699"><ele>1603.3</ele></trkpt><trkpt lat="46.54797569326812" lon="9.33193570017115"><ele>1603.8</ele></trkpt><trkpt lat="46.5479306931708" lon="9.33192070007559"><ele>1604.3</ele></trkpt><trkpt lat="46.547886693073465" lon="9.33190669997999"><ele>1604.8</ele></trkpt><trkpt lat="46.54784269293661" lon="9.331852699847339"><ele>1605.5</ele></trkpt><trkpt lat="46.547772692543965" lon="9.331719699467198"><ele>1607.5</ele></trkpt><trkpt lat="46.547701692368406" lon="9.331639699297124"><ele>1608.4</ele></trkpt><trkpt lat="46.547639692192575" lon="9.331571699126556"><ele>1609.3</ele></trkpt><trkpt lat="46.54757869197731" lon="9.331491698917885"><ele>1610.4</ele></trkpt><trkpt lat="46.54750869158465" lon="9.331358698537779"><ele>1612.4</ele></trkpt><trkpt lat="46.54742969123175" lon="9.33122569819629"><ele>1614.2</ele></trkpt><trkpt lat="46.54734169093829" lon="9.331104697912238"><ele>1615.7</ele></trkpt><trkpt lat="46.54722669054705" lon="9.330983697531996"><ele>1617.7</ele></trkpt><trkpt lat="46.54719169039023" lon="9.330929697380046"><ele>1618.5</ele></trkpt><trkpt lat="46.54714869021371" lon="9.330811697211276"><ele>1619.4</ele></trkpt><trkpt lat="46.547097690254326" lon="9.330665697255618"><ele>1619.2</ele></trkpt><trkpt lat="46.54705468978205" lon="9.330546696797803"><ele>1621.6</ele></trkpt><trkpt lat="46.5470366895459" lon="9.330507696568114"><ele>1622.8</ele></trkpt><trkpt lat="46.54700068946808" lon="9.33049269649181"><ele>1623.2</ele></trkpt><trkpt lat="46.54696468933119" lon="9.330517696356175"><ele>1623.9</ele></trkpt><trkpt lat="46.54694568923327" lon="9.330556696258464"><ele>1624.4</ele></trkpt><trkpt lat="46.546935689056305" lon="9.330634696082127"><ele>1625.3</ele></trkpt><trkpt lat="46.54695068860276" lon="9.330830695631365"><ele>1627.6</ele></trkpt><trkpt lat="46.546983688247295" lon="9.331000695277822"><ele>1629.4</ele></trkpt><trkpt lat="46.54703568783203" lon="9.331146694867234"><ele>1631.5</ele></trkpt><trkpt lat="46.54705168765423" lon="9.331211694691213"><ele>1632.4</ele></trkpt><trkpt lat="46.54705968743733" lon="9.33130369447566"><ele>1633.5</ele></trkpt><trkpt lat="46.54706468706307" lon="9.331525694100996"><ele>1635.4</ele></trkpt><trkpt lat="46.547061686669196" lon="9.331694693709098"><ele>1637.4</ele></trkpt><trkpt lat="46.547060686511735" lon="9.331786693551408"><ele>1638.2</ele></trkpt><trkpt lat="46.54709468623491" lon="9.33189169327735"><ele>1639.6</ele></trkpt><trkpt lat="46.54713768589864" lon="9.331997692945368"><ele>1641.3</ele></trkpt><trkpt lat="46.547180685582205" lon="9.332129692631655"><ele>1642.9</ele></trkpt><trkpt lat="46.54721468522662" lon="9.332274692278945"><ele>1644.7</ele></trkpt><trkpt lat="46.547229684812436" lon="9.332431691868047"><ele>1646.8</ele></trkpt><trkpt lat="46.547244684496995" lon="9.332640691551527"><ele>1648.4</ele></trkpt><trkpt lat="46.54725068418173" lon="9.332796691237077"><ele>1650.0</ele></trkpt><trkpt lat="46.54728468392471" lon="9.332941690980697"><ele>1651.3</ele></trkpt><trkpt lat="46.54736168341014" lon="9.333126690471891"><ele>1653.9</ele></trkpt><trkpt lat="46.54741368311313" lon="9.333246690177786"><ele>1655.4</ele></trkpt><trkpt lat="46.54743968283651" lon="9.333351689903685"><ele>1656.8</ele></trkpt><trkpt lat="46.547472682382434" lon="9.33353568945298"><ele>1659.1</ele></trkpt><trkpt lat="46.54748768204722" lon="9.333705689118577"><ele>1660.8</ele></trkpt><trkpt lat="46.547521681691556" lon="9.333836688766274"><ele>1662.6</ele></trkpt><trkpt lat="46.54756368139482" lon="9.333968688471712"><ele>1664.1</ele></trkpt><trkpt lat="46.547607681157125" lon="9.334074688235974"><ele>1665.3</ele></trkpt><trkpt lat="46.54765968101773" lon="9.334167688097088"><ele>1666.0</ele></trkpt><trkpt lat="46.54770368070112" lon="9.33426068778472"><ele>1667.6</ele></trkpt><trkpt lat="46.547763680246156" lon="9.33443268733421"><ele>1669.9</ele></trkpt><trkpt lat="46.547822679692736" lon="9.334642686785804"><ele>1672.7</ele></trkpt><trkpt lat="46.54783867939679" lon="9.334773686491376"><ele>1674.2</ele></trkpt><trkpt lat="46.54784567916018" lon="9.334865686256364"><ele>1675.4</ele></trkpt><trkpt lat="46.54783567894382" lon="9.33494368604128"><ele>1676.5</ele></trkpt><trkpt lat="46.54780767878703" lon="9.334981685885714"><ele>1677.3</ele></trkpt><trkpt lat="46.547753678611336" lon="9.335031685710554"><ele>1678.2</ele></trkpt><trkpt lat="46.54774367853289" lon="9.335083685631457"><ele>1678.6</ele></trkpt><trkpt lat="46.54773267839541" lon="9.335161685493503"><ele>1679.3</ele></trkpt><trkpt lat="46.547837677860265" lon="9.335347684964933"><ele>1682.0</ele></trkpt><trkpt lat="46.54789067770099" lon="9.335414684807715"><ele>1682.8</ele></trkpt><trkpt lat="46.54792567748321" lon="9.335494684592238"><ele>1683.9</ele></trkpt><trkpt lat="46.547933677305686" lon="9.33555968441609"><ele>1684.8</ele></trkpt><trkpt lat="46.54792367718779" lon="9.33561168429841"><ele>1685.4</ele></trkpt><trkpt lat="46.547895677050725" lon="9.335649684162105"><ele>1686.1</ele></trkpt><trkpt lat="46.54786867691355" lon="9.335648684027325"><ele>1686.8</ele></trkpt><trkpt lat="46.547815676717946" lon="9.33562068383591"><ele>1687.8</ele></trkpt><trkpt lat="46.54766467597303" lon="9.335498683108847"><ele>1691.6</ele></trkpt><trkpt lat="46.54761067587607" lon="9.335470683013867"><ele>1692.1</ele></trkpt><trkpt lat="46.54755767570015" lon="9.335429682842255"><ele>1693.0</ele></trkpt><trkpt lat="46.547522675543355" lon="9.335375682690325"><ele>1693.8</ele></trkpt><trkpt lat="46.54744367523009" lon="9.335281682385986"><ele>1695.4</ele></trkpt><trkpt lat="46.5473186747605" lon="9.33518668192772"><ele>1697.8</ele></trkpt><trkpt lat="46.54722067440853" lon="9.335130681583454"><ele>1699.6</ele></trkpt><trkpt lat="46.54714067411508" lon="9.335062681297394"><ele>1701.1</ele></trkpt><trkpt lat="46.54701667362575" lon="9.33494068082094"><ele>1703.6</ele></trkpt><trkpt lat="46.546892673116666" lon="9.334819680325182"><ele>1706.2</ele></trkpt><trkpt lat="46.54671667239217" lon="9.334617679620889"><ele>1709.9</ele></trkpt><trkpt lat="46.54648767137327" lon="9.334283678633017"><ele>1715.1</ele></trkpt><trkpt lat="46.54634767076598" lon="9.334069678044752"><ele>1718.2</ele></trkpt><trkpt lat="46.5460476694339" lon="9.333706676750184"><ele>1725.0</ele></trkpt><trkpt lat="46.54592466894456" lon="9.333559676274895"><ele>1727.5</ele></trkpt><trkpt lat="46.54580166839595" lon="9.333372675743407"><ele>1730.3</ele></trkpt><trkpt lat="46.545678667768456" lon="9.333172675135353"><ele>1733.5</ele></trkpt><trkpt lat="46.545598667435655" lon="9.333091674811417"><ele>1735.2</ele></trkpt><trkpt lat="46.54535966667388" lon="9.332874674069908"><ele>1739.1</ele></trkpt><trkpt lat="46.54526166614455" lon="9.332792673553392"><ele>1741.8</ele></trkpt><trkpt lat="46.54515566575347" lon="9.33271067317187"><ele>1743.8</ele></trkpt><trkpt lat="46.54511066573507" lon="9.332682673154023"><ele>1743.9</ele></trkpt><trkpt lat="46.54507466555882" lon="9.332681672980813"><ele>1744.8</ele></trkpt><trkpt lat="46.54505666546088" lon="9.332694672884017"><ele>1745.3</ele></trkpt><trkpt lat="46.54503766528414" lon="9.332732672709113"><ele>1746.2</ele></trkpt><trkpt lat="46.5450376651463" lon="9.33278467257207"><ele>1746.9</ele></trkpt><trkpt lat="46.54506366496819" lon="9.332824672396786"><ele>1747.8</ele></trkpt><trkpt lat="46.54508966480976" lon="9.332864672240785"><ele>1748.6</ele></trkpt><trkpt lat="46.545152664590965" lon="9.332906672026628"><ele>1749.7</ele></trkpt><trkpt lat="46.545204664313474" lon="9.332973671753686"><ele>1751.1</ele></trkpt><trkpt lat="46.54530266387689" lon="9.333080671324604"><ele>1753.3</ele></trkpt><trkpt lat="46.545363663579394" lon="9.333161671031743"><ele>1754.8</ele></trkpt><trkpt lat="46.54541666328221" lon="9.333228670739514"><ele>1756.3</ele></trkpt><trkpt lat="46.545451662946114" lon="9.333307670408338"><ele>1758.0</ele></trkpt><trkpt lat="46.54550366258995" lon="9.33344067005556"><ele>1759.8</ele></trkpt><trkpt lat="46.54552966241178" lon="9.333506669879187"><ele>1760.7</ele></trkpt><trkpt lat="46.5455276622741" lon="9.33357166974159"><ele>1761.4</ele></trkpt><trkpt lat="46.54552766217562" lon="9.3336106696436"><ele>1761.9</ele></trkpt><trkpt lat="46.54553566201776" lon="9.333662669487191"><ele>1762.7</ele></trkpt><trkpt lat="46.545586661641984" lon="9.333821669114045"><ele>1764.6</ele></trkpt><trkpt lat="46.54562866114823" lon="9.33400566862424"><ele>1767.1</ele></trkpt><trkpt lat="46.545670660693894" lon="9.334176668173507"><ele>1769.4</ele></trkpt><trkpt lat="46.54568666029947" lon="9.334320667781872"><ele>1771.4</ele></trkpt><trkpt lat="46.54571165996387" lon="9.33445166744855"><ele>1773.1</ele></trkpt><trkpt lat="46.54575365960802" lon="9.334583667095782"><ele>1774.9</ele></trkpt><trkpt lat="46.54580565921238" lon="9.334715666704374"><ele>1776.9</ele></trkpt><trkpt lat="46.54585865895454" lon="9.334795666450061"><ele>1778.2</ele></trkpt><trkpt lat="46.545875658796454" lon="9.334848666293512"><ele>1779.0</ele></trkpt><trkpt lat="46.54588365867802" lon="9.334901666175574"><ele>1779.6</ele></trkpt><trkpt lat="46.54584665850204" lon="9.334990665998603"><ele>1780.5</ele></trkpt><trkpt lat="46.54584665850204" lon="9.334990665998603"><ele>1780.5</ele></trkpt><trkpt lat="46.54582665824664" lon="9.335068665744842"><ele>1781.8</ele></trkpt><trkpt lat="46.54582665816793" lon="9.335120665665556"><ele>1782.2</ele></trkpt><trkpt lat="46.545886657791804" lon="9.335279665292212"><ele>1784.1</ele></trkpt><trkpt lat="46.54594665717907" lon="9.335424664688034"><ele>1787.2</ele></trkpt><trkpt lat="46.54601765694046" lon="9.335531664451723"><ele>1788.4</ele></trkpt><trkpt lat="46.54605265672262" lon="9.33558566423713"><ele>1789.5</ele></trkpt><trkpt lat="46.5461306561488" lon="9.335770663669692"><ele>1792.4</ele></trkpt><trkpt lat="46.54617365581252" lon="9.335889663336623"><ele>1794.1</ele></trkpt><trkpt lat="46.54621465531884" lon="9.336086662846025"><ele>1796.6</ele></trkpt><trkpt lat="46.546240655239316" lon="9.336152662765954"><ele>1797.0</ele></trkpt><trkpt lat="46.54629365494206" lon="9.336245662472448"><ele>1798.5</ele></trkpt><trkpt lat="46.546432654228504" lon="9.336524661765578"><ele>1802.1</ele></trkpt><trkpt lat="46.54646665405023" lon="9.336629661587379"><ele>1803.0</ele></trkpt><trkpt lat="46.546509653812485" lon="9.336735661351216"><ele>1804.2</ele></trkpt><trkpt lat="46.54654465369323" lon="9.336802661232452"><ele>1804.8</ele></trkpt><trkpt lat="46.546622653454584" lon="9.33698766099273"><ele>1806.0</ele></trkpt><trkpt lat="46.54663965331621" lon="9.33706666085429"><ele>1806.7</ele></trkpt><trkpt lat="46.54665665315815" lon="9.337145660696562"><ele>1807.5</ele></trkpt><trkpt lat="46.54665465294163" lon="9.337249660480046"><ele>1808.6</ele></trkpt><trkpt lat="46.54666165278397" lon="9.337354660321278"><ele>1809.4</ele></trkpt><trkpt lat="46.546686652546825" lon="9.337472660084693"><ele>1810.6</ele></trkpt><trkpt lat="46.54668465242893" lon="9.337576659964602"><ele>1811.2</ele></trkpt><trkpt lat="46.54667565235041" lon="9.33760265988641"><ele>1811.6</ele></trkpt><trkpt lat="46.546638652272925" lon="9.33764065980791"><ele>1812.0</ele></trkpt><trkpt lat="46.54657565205823" lon="9.337664659595148"><ele>1813.1</ele></trkpt><trkpt lat="46.546539652000334" lon="9.337675659537064"><ele>1813.4</ele></trkpt><trkpt lat="46.54648465176563" lon="9.33771265930441"><ele>1814.6</ele></trkpt><trkpt lat="46.5464216515903" lon="9.33769765913188"><ele>1815.5</ele></trkpt><trkpt lat="46.5463506513363" lon="9.337669658882788"><ele>1816.8</ele></trkpt><trkpt lat="46.54629665104246" lon="9.337680658593369"><ele>1818.3</ele></trkpt><trkpt lat="46.546251650748204" lon="9.337665658304987"><ele>1819.8</ele></trkpt><trkpt lat="46.54618065039547" lon="9.337597657961165"><ele>1821.6</ele></trkpt><trkpt lat="46.54608364988589" lon="9.337477657465435"><ele>1824.2</ele></trkpt><trkpt lat="46.546030649512964" lon="9.337423657101624"><ele>1826.1</ele></trkpt><trkpt lat="46.54602964943428" lon="9.337475657022274"><ele>1826.5</ele></trkpt><trkpt lat="46.546037649296245" lon="9.337566656883338"><ele>1827.2</ele></trkpt><trkpt lat="46.54606264899995" lon="9.3376596565899"><ele>1828.7</ele></trkpt><trkpt lat="46.546087648703704" lon="9.33776465629594"><ele>1830.2</ele></trkpt><trkpt lat="46.54614864818943" lon="9.337896655788413"><ele>1832.8</ele></trkpt><trkpt lat="46.546226647517074" lon="9.338082655124133"><ele>1836.2</ele></trkpt><trkpt lat="46.546269647121655" lon="9.33820165473298"><ele>1838.2</ele></trkpt><trkpt lat="46.546286647003" lon="9.338279654613785"><ele>1838.8</ele></trkpt><trkpt lat="46.54628564694396" lon="9.338305654554814"><ele>1839.1</ele></trkpt><trkpt lat="46.546276646727435" lon="9.338318654342137"><ele>1840.2</ele></trkpt><trkpt lat="46.54624964649173" lon="9.338291654112007"><ele>1841.4</ele></trkpt><trkpt lat="46.54621464613788" lon="9.33823865376731"><ele>1843.2</ele></trkpt><trkpt lat="46.54611764592404" lon="9.338130653560428"><ele>1844.3</ele></trkpt><trkpt lat="46.54606464568913" lon="9.338089653331082"><ele>1845.5</ele></trkpt><trkpt lat="46.54600164525752" lon="9.338061652908364"><ele>1847.7</ele></trkpt><trkpt lat="46.54591264460994" lon="9.338045652273138"><ele>1851.0</ele></trkpt><trkpt lat="46.54583264431685" lon="9.337977651987293"><ele>1852.5</ele></trkpt><trkpt lat="46.545752643885656" lon="9.337909651566434"><ele>1854.7</ele></trkpt><trkpt lat="46.54569164372975" lon="9.337802651417169"><ele>1855.5</ele></trkpt><trkpt lat="46.54564664335661" lon="9.337761651052785"><ele>1857.4</ele></trkpt><trkpt lat="46.5455576429258" lon="9.337706650631445"><ele>1859.6</ele></trkpt><trkpt lat="46.5455226427889" lon="9.337666650498404"><ele>1860.3</ele></trkpt><trkpt lat="46.54550564263159" lon="9.337587650347645"><ele>1861.1</ele></trkpt><trkpt lat="46.545461642337266" lon="9.33754665006042"><ele>1862.6</ele></trkpt><trkpt lat="46.54534764182819" lon="9.337386649566682"><ele>1865.2</ele></trkpt><trkpt lat="46.54527564147577" lon="9.337344649221846"><ele>1867.0</ele></trkpt><trkpt lat="46.54522264118178" lon="9.337303648934698"><ele>1868.5</ele></trkpt><trkpt lat="46.54511664077108" lon="9.337169648536257"><ele>1870.6</ele></trkpt><trkpt lat="46.544975639848985" lon="9.33699464763843"><ele>1875.3</ele></trkpt><trkpt lat="46.544789638770915" lon="9.336857646585015"><ele>1880.8</ele></trkpt><trkpt lat="46.54475463875222" lon="9.336791646568864"><ele>1880.9</ele></trkpt><trkpt lat="46.54471963869419" lon="9.336751646513004"><ele>1881.2</ele></trkpt><trkpt lat="46.54469263861617" lon="9.336724646437233"><ele>1881.6</ele></trkpt><trkpt lat="46.54462963836212" lon="9.336721646187101"><ele>1882.9</ele></trkpt><trkpt lat="46.54458463822569" lon="9.336720646052465"><ele>1883.6</ele></trkpt><trkpt lat="46.54447863773633" lon="9.336625645575259"><ele>1886.1</ele></trkpt><trkpt lat="46.54438963716761" lon="9.336570645019046"><ele>1889.0</ele></trkpt><trkpt lat="46.54431763679567" lon="9.336567644653284"><ele>1890.9</ele></trkpt><trkpt lat="46.544245636482664" lon="9.336525644347091"><ele>1892.5</ele></trkpt><trkpt lat="46.54412863603341" lon="9.336521643904556"><ele>1894.8</ele></trkpt><trkpt lat="46.54394963566508" lon="9.336489643540823"><ele>1896.7</ele></trkpt><trkpt lat="46.54385963531348" lon="9.33648664319448"><ele>1898.5</ele></trkpt><trkpt lat="46.54377863500094" lon="9.336483642886638"><ele>1900.1</ele></trkpt><trkpt lat="46.54373363490404" lon="9.336507642789469"><ele>1900.6</ele></trkpt><trkpt lat="46.54371463476682" lon="9.336533642653468"><ele>1901.3</ele></trkpt><trkpt lat="46.54371463464862" lon="9.336559642536614"><ele>1901.9</ele></trkpt><trkpt lat="46.54374063435224" lon="9.336612642244825"><ele>1903.4</ele></trkpt><trkpt lat="46.54380263405455" lon="9.336666641952732"><ele>1904.9</ele></trkpt><trkpt lat="46.543900633401" lon="9.336761641311444"><ele>1908.2</ele></trkpt><trkpt lat="46.543970633063736" lon="9.336855640978936"><ele>1909.9</ele></trkpt><trkpt lat="46.544005632944376" lon="9.336895640861202"><ele>1910.5</ele></trkpt><trkpt lat="46.544032632726704" lon="9.336935640647098"><ele>1911.6</ele></trkpt><trkpt lat="46.544058632509035" lon="9.33694964043416"><ele>1912.7</ele></trkpt><trkpt lat="46.54406763239054" lon="9.336963640317762"><ele>1913.3</ele></trkpt><trkpt lat="46.544102632172645" lon="9.337029640102438"><ele>1914.4</ele></trkpt><trkpt lat="46.54411963207366" lon="9.33706964000411"><ele>1914.9</ele></trkpt><trkpt lat="46.54415563195408" lon="9.3370706398881"><ele>1915.5</ele></trkpt><trkpt lat="46.54419163173609" lon="9.337110639673927"><ele>1916.6</ele></trkpt><trkpt lat="46.54423463139971" lon="9.337177639342777"><ele>1918.3</ele></trkpt><trkpt lat="46.54426163118202" lon="9.337204639129242"><ele>1919.4</ele></trkpt><trkpt lat="46.54419763075093" lon="9.33728063870201"><ele>1921.6</ele></trkpt><trkpt lat="46.544142630201144" lon="9.33733063816016"><ele>1924.4</ele></trkpt><trkpt lat="46.54408862986809" lon="9.337355637831562"><ele>1926.1</ele></trkpt><trkpt lat="46.54398862953659" lon="9.337364637504015"><ele>1927.8</ele></trkpt><trkpt lat="46.543862629107544" lon="9.33738663707964"><ele>1930.0</ele></trkpt><trkpt lat="46.54359262840771" lon="9.337415636385971"><ele>1933.6</ele></trkpt><trkpt lat="46.54357362817193" lon="9.337441636153505"><ele>1934.8</ele></trkpt><trkpt lat="46.54361762791431" lon="9.337495635900043"><ele>1936.1</ele></trkpt><trkpt lat="46.54366162757786" lon="9.337548635569474"><ele>1937.8</ele></trkpt><trkpt lat="46.543776626884316" lon="9.337683634887538"><ele>1941.3</ele></trkpt><trkpt lat="46.54384862672414" lon="9.337698634732053"><ele>1942.1</ele></trkpt><trkpt lat="46.54391062620966" lon="9.337766634227082"><ele>1944.7</ele></trkpt><trkpt lat="46.544017625713295" lon="9.337835633741019"><ele>1947.2</ele></trkpt><trkpt lat="46.54410562535566" lon="9.33792963338896"><ele>1949.0</ele></trkpt><trkpt lat="46.54416762507764" lon="9.337996633115448"><ele>1950.4</ele></trkpt><trkpt lat="46.54422862450432" lon="9.338129632549636"><ele>1953.3</ele></trkpt><trkpt lat="46.54430562379259" lon="9.338340631845107"><ele>1956.9</ele></trkpt><trkpt lat="46.54437462325849" lon="9.338525631315385"><ele>1959.6</ele></trkpt><trkpt lat="46.544417622922204" lon="9.33863163098233"><ele>1961.3</ele></trkpt><trkpt lat="46.54444262231076" lon="9.338788630377012"><ele>1964.4</ele></trkpt><trkpt lat="46.54444062199564" lon="9.338854630065375"><ele>1966.0</ele></trkpt><trkpt lat="46.544439621838315" lon="9.338958629906301"><ele>1966.8</ele></trkpt><trkpt lat="46.54444662146389" lon="9.339062629534979"><ele>1968.7</ele></trkpt><trkpt lat="46.54446262114836" lon="9.33920662921962"><ele>1970.3</ele></trkpt><trkpt lat="46.54448762091122" lon="9.339286628984283"><ele>1971.5</ele></trkpt><trkpt lat="46.54453162075208" lon="9.339339628827204"><ele>1972.3</ele></trkpt><trkpt lat="46.54455862063299" lon="9.339379628709427"><ele>1972.9</ele></trkpt><trkpt lat="46.54460162021776" lon="9.33948562829914"><ele>1975.0</ele></trkpt><trkpt lat="46.54460961980384" lon="9.339564627890331"><ele>1977.1</ele></trkpt><trkpt lat="46.54459061966659" lon="9.339576627754882"><ele>1977.8</ele></trkpt><trkpt lat="46.544536619530575" lon="9.339574627620332"><ele>1978.5</ele></trkpt><trkpt lat="46.544420619396774" lon="9.339544627487527"><ele>1979.2</ele></trkpt><trkpt lat="46.54431261936125" lon="9.339527627450513"><ele>1979.4</ele></trkpt><trkpt lat="46.544168619110266" lon="9.339522627201019"><ele>1980.7</ele></trkpt><trkpt lat="46.54407861887711" lon="9.339545626969127"><ele>1981.9</ele></trkpt><trkpt lat="46.543978618565674" lon="9.339620626657737"><ele>1983.5</ele></trkpt><trkpt lat="46.54389561835223" lon="9.339721626441477"><ele>1984.6</ele></trkpt><trkpt lat="46.543840618058816" lon="9.339785626149553"><ele>1986.1</ele></trkpt><trkpt lat="46.54380361790265" lon="9.33983562599318"><ele>1986.9</ele></trkpt><trkpt lat="46.54377661782481" lon="9.339834625916257"><ele>1987.3</ele></trkpt><trkpt lat="46.5437676177464" lon="9.339860625837956"><ele>1987.7</ele></trkpt><trkpt lat="46.54373961757015" lon="9.339898625662778"><ele>1988.6</ele></trkpt><trkpt lat="46.543666617218236" lon="9.33994862531375"><ele>1990.4</ele></trkpt><trkpt lat="46.543621617042625" lon="9.339985625138736"><ele>1991.3</ele></trkpt><trkpt lat="46.543602616846414" lon="9.340037624943548"><ele>1992.3</ele></trkpt><trkpt lat="46.54356561651294" lon="9.340101624612892"><ele>1994.0</ele></trkpt><trkpt lat="46.54350961606195" lon="9.34017762416606"><ele>1996.3</ele></trkpt><trkpt lat="46.54348261594467" lon="9.34017662405055"><ele>1996.9</ele></trkpt><trkpt lat="46.543427615612" lon="9.340279623718198"><ele>1998.6</ele></trkpt><trkpt lat="46.54339061545577" lon="9.34031662356241"><ele>1999.4</ele></trkpt><trkpt lat="46.54335461529944" lon="9.34031562340838"><ele>2000.2</ele></trkpt><trkpt lat="46.543336615181964" lon="9.340341623291549"><ele>2000.8</ele></trkpt><trkpt lat="46.543218614516476" lon="9.34040262263364"><ele>2004.2</ele></trkpt><trkpt lat="46.54319161445829" lon="9.340388622576612"><ele>2004.5</ele></trkpt><trkpt lat="46.54313761424363" lon="9.340412622363672"><ele>2005.6</ele></trkpt><trkpt lat="46.543091613949784" lon="9.340436622073508"><ele>2007.1</ele></trkpt><trkpt lat="46.54304661385293" lon="9.340448621976819"><ele>2007.6</ele></trkpt><trkpt lat="46.54291261344399" lon="9.340417621574124"><ele>2009.7</ele></trkpt><trkpt lat="46.54284061295397" lon="9.340414621092503"><ele>2012.2</ele></trkpt><trkpt lat="46.54280461283699" lon="9.340387620978277"><ele>2012.8</ele></trkpt><trkpt lat="46.54276761268082" lon="9.340425620822433"><ele>2013.6</ele></trkpt><trkpt lat="46.54272261246578" lon="9.340436620610037"><ele>2014.7</ele></trkpt><trkpt lat="46.54267761215227" lon="9.340474620299915"><ele>2016.3</ele></trkpt><trkpt lat="46.542641612055064" lon="9.340473620203765"><ele>2016.8</ele></trkpt><trkpt lat="46.54259661193846" lon="9.340458620089056"><ele>2017.4</ele></trkpt><trkpt lat="46.542551611782564" lon="9.340470619934486"><ele>2018.2</ele></trkpt><trkpt lat="46.54251461164613" lon="9.340520619797363"><ele>2018.9</ele></trkpt><trkpt lat="46.54246961141138" lon="9.34053261956563"><ele>2020.1</ele></trkpt><trkpt lat="46.54246861125394" lon="9.34058461940885"><ele>2020.9</ele></trkpt><trkpt lat="46.54243261111737" lon="9.340596619273503"><ele>2021.6</ele></trkpt><trkpt lat="46.5423866109615" lon="9.34060761911899"><ele>2022.4</ele></trkpt><trkpt lat="46.542341610844986" lon="9.340619619003007"><ele>2023.0</ele></trkpt><trkpt lat="46.54232361068799" lon="9.34061861884885"><ele>2023.8</ele></trkpt><trkpt lat="46.54227961055165" lon="9.34060361871484"><ele>2024.5</ele></trkpt><trkpt lat="46.542225610317175" lon="9.340588618484443"><ele>2025.7</ele></trkpt><trkpt lat="46.54218961012144" lon="9.340574618292447"><ele>2026.7</ele></trkpt><trkpt lat="46.54208160953425" lon="9.340557617715298"><ele>2029.7</ele></trkpt><trkpt lat="46.542028609378434" lon="9.340503617563911"><ele>2030.5</ele></trkpt><trkpt lat="46.54200160918242" lon="9.340502617371246"><ele>2031.5</ele></trkpt><trkpt lat="46.54197460900603" lon="9.34050161719787"><ele>2032.4</ele></trkpt><trkpt lat="46.54193960892843" lon="9.340461617122857"><ele>2032.8</ele></trkpt><trkpt lat="46.54189460873307" lon="9.340459616930369"><ele>2033.8</ele></trkpt><trkpt lat="46.54186760861586" lon="9.340459616814822"><ele>2034.4</ele></trkpt><trkpt lat="46.54181360836169" lon="9.34045761656453"><ele>2035.7</ele></trkpt><trkpt lat="46.541768608205885" lon="9.340481616409395"><ele>2036.5</ele></trkpt><trkpt lat="46.541759608088036" lon="9.340494616293094"><ele>2037.1</ele></trkpt><trkpt lat="46.541721607951715" lon="9.340558616155299"><ele>2037.8</ele></trkpt><trkpt lat="46.5416756076779" lon="9.340647615881322"><ele>2039.2</ele></trkpt><trkpt lat="46.541639607639866" lon="9.340659615842437"><ele>2039.4</ele></trkpt><trkpt lat="46.54161260756204" lon="9.340645615766137"><ele>2039.8</ele></trkpt><trkpt lat="46.54160360742444" lon="9.340645615631162"><ele>2040.5</ele></trkpt><trkpt lat="46.54157660730723" lon="9.340657615515038"><ele>2041.1</ele></trkpt><trkpt lat="46.54156760722879" lon="9.34065761543794"><ele>2041.5</ele></trkpt><trkpt lat="46.541522607072835" lon="9.340655615284035"><ele>2042.3</ele></trkpt><trkpt lat="46.54151360703382" lon="9.340668615244903"><ele>2042.5</ele></trkpt><trkpt lat="46.54148660689692" lon="9.340667615110112"><ele>2043.2</ele></trkpt><trkpt lat="46.541441606662104" lon="9.34065261487966"><ele>2044.4</ele></trkpt><trkpt lat="46.5414146065449" lon="9.340651614764157"><ele>2045.0</ele></trkpt><trkpt lat="46.5413336061342" lon="9.340648614359782"><ele>2047.1</ele></trkpt><trkpt lat="46.54126260584118" lon="9.340620614072277"><ele>2048.6</ele></trkpt><trkpt lat="46.54119860552847" lon="9.340631613763563"><ele>2050.2</ele></trkpt><trkpt lat="46.54117260543079" lon="9.340617613667968"><ele>2050.7</ele></trkpt><trkpt lat="46.54112660515681" lon="9.340628613397707"><ele>2052.1</ele></trkpt><trkpt lat="46.54110860507869" lon="9.34062761332072"><ele>2052.5</ele></trkpt><trkpt lat="46.54107360490264" lon="9.340613613148031"><ele>2053.4</ele></trkpt><trkpt lat="46.54104560474608" lon="9.340625612993337"><ele>2054.2</ele></trkpt><trkpt lat="46.541027604667946" lon="9.340625612916304"><ele>2054.6</ele></trkpt><trkpt lat="46.541009604471725" lon="9.340650612722326"><ele>2055.6</ele></trkpt><trkpt lat="46.541000604412886" lon="9.340637612665143"><ele>2055.9</ele></trkpt><trkpt lat="46.54095660441448" lon="9.340609612666816"><ele>2055.9</ele></trkpt><trkpt lat="46.54091160433733" lon="9.34059461259071"><ele>2056.3</ele></trkpt><trkpt lat="46.54084860430027" lon="9.34057961255332"><ele>2056.5</ele></trkpt><trkpt lat="46.54078560406627" lon="9.340603612321152"><ele>2057.7</ele></trkpt><trkpt lat="46.540758603988586" lon="9.340615612243614"><ele>2058.1</ele></trkpt><trkpt lat="46.540721603852056" lon="9.340627612108275"><ele>2058.8</ele></trkpt><trkpt lat="46.540676603617456" lon="9.340638611876589"><ele>2060.0</ele></trkpt><trkpt lat="46.54062260340282" lon="9.340663611663594"><ele>2061.1</ele></trkpt><trkpt lat="46.54060360320666" lon="9.340714611468368"><ele>2062.1</ele></trkpt><trkpt lat="46.54056660305058" lon="9.340752611312485"><ele>2062.9</ele></trkpt><trkpt lat="46.54051160283616" lon="9.34081561109766"><ele>2064.0</ele></trkpt><trkpt lat="46.540502602757826" lon="9.340841611019309"><ele>2064.4</ele></trkpt><trkpt lat="46.54051060263949" lon="9.340906610900365"><ele>2065.0</ele></trkpt><trkpt lat="46.540492602522" lon="9.340919610784125"><ele>2065.6</ele></trkpt><trkpt lat="46.5404736024243" lon="9.340931610687226"><ele>2066.1</ele></trkpt><trkpt lat="46.54046460226707" lon="9.340957610531705"><ele>2066.9</ele></trkpt><trkpt lat="46.54046460226707" lon="9.340957610531705"><ele>2066.9</ele></trkpt><trkpt lat="46.54045560234626" lon="9.340970610608318"><ele>2066.5</ele></trkpt><trkpt lat="46.540436602150066" lon="9.340995610414335"><ele>2067.5</ele></trkpt><trkpt lat="46.54042760197315" lon="9.341021610239519"><ele>2068.4</ele></trkpt><trkpt lat="46.54037360165992" lon="9.340993609932603"><ele>2070.0</ele></trkpt><trkpt lat="46.54034660156248" lon="9.341005609835769"><ele>2070.5</ele></trkpt><trkpt lat="46.54032860142523" lon="9.340991609701536"><ele>2071.2</ele></trkpt><trkpt lat="46.54030160136714" lon="9.340990609643912"><ele>2071.5</ele></trkpt><trkpt lat="46.54028360126936" lon="9.341016609546333"><ele>2072.0</ele></trkpt><trkpt lat="46.54025660109325" lon="9.3410416093717"><ele>2072.9</ele></trkpt><trkpt lat="46.54017360070266" lon="9.34112960898223"><ele>2074.9</ele></trkpt><trkpt lat="46.54009160035152" lon="9.341231608630652"><ele>2076.7</ele></trkpt><trkpt lat="46.54005359999866" lon="9.341321608279308"><ele>2078.5</ele></trkpt><trkpt lat="46.54003359980269" lon="9.341411608082169"><ele>2079.5</ele></trkpt><trkpt lat="46.54002459972435" lon="9.341437608003805"><ele>2079.9</ele></trkpt><trkpt lat="46.53995159931366" lon="9.341513607595516"><ele>2082.0</ele></trkpt><trkpt lat="46.53988659904065" lon="9.34161560732095"><ele>2083.4</ele></trkpt><trkpt lat="46.5398305986098" lon="9.341730606891328"><ele>2085.6</ele></trkpt><trkpt lat="46.53979459843395" lon="9.341755606716742"><ele>2086.5</ele></trkpt><trkpt lat="46.53977559837567" lon="9.341780606657794"><ele>2086.8</ele></trkpt><trkpt lat="46.539765598199125" lon="9.341871606479794"><ele>2087.7</ele></trkpt><trkpt lat="46.53974759802251" lon="9.341884606305651"><ele>2088.6</ele></trkpt><trkpt lat="46.53963759775127" lon="9.341984606031504"><ele>2090.0</ele></trkpt><trkpt lat="46.539591597556175" lon="9.342022605837064"><ele>2091.0</ele></trkpt><trkpt lat="46.539581597300725" lon="9.342099605582561"><ele>2092.3</ele></trkpt><trkpt lat="46.539526597066676" lon="9.342163605348324"><ele>2093.5</ele></trkpt><trkpt lat="46.539453596675756" lon="9.342251604958687"><ele>2095.5</ele></trkpt><trkpt lat="46.53944359657781" lon="9.342303604859751"><ele>2096.0</ele></trkpt><trkpt lat="46.53940659638245" lon="9.34235460466459"><ele>2097.0</ele></trkpt><trkpt lat="46.53936159632514" lon="9.342366604606463"><ele>2097.3</ele></trkpt><trkpt lat="46.539333596188435" lon="9.342404604469758"><ele>2098.0</ele></trkpt><trkpt lat="46.539296595992994" lon="9.342442604275233"><ele>2099.0</ele></trkpt><trkpt lat="46.53926059583693" lon="9.342479604119335"><ele>2099.8</ele></trkpt><trkpt lat="46.53921359560261" lon="9.342556603884379"><ele>2101.0</ele></trkpt><trkpt lat="46.53916859550596" lon="9.342580603787077"><ele>2101.5</ele></trkpt><trkpt lat="46.53912259515344" lon="9.34265760343634"><ele>2103.3</ele></trkpt><trkpt lat="46.53910259501659" lon="9.342748603296956"><ele>2104.0</ele></trkpt><trkpt lat="46.539084594938664" lon="9.342786603218043"><ele>2104.4</ele></trkpt><trkpt lat="46.53896459460902" lon="9.342964602882198"><ele>2106.1</ele></trkpt><trkpt lat="46.53892759451209" lon="9.343015602783499"><ele>2106.6</ele></trkpt><trkpt lat="46.53889959443452" lon="9.343054602704612"><ele>2107.0</ele></trkpt><trkpt lat="46.53887259437659" lon="9.343092602645067"><ele>2107.3</ele></trkpt><trkpt lat="46.53886259437708" lon="9.343117602643913"><ele>2107.3</ele></trkpt><trkpt lat="46.53885259439737" lon="9.343169602660728"><ele>2107.2</ele></trkpt><trkpt lat="46.53883459437839" lon="9.343182602640933"><ele>2107.3</ele></trkpt><trkpt lat="46.53880659430085" lon="9.343220602562093"><ele>2107.7</ele></trkpt><trkpt lat="46.538770594243296" lon="9.343271602501977"><ele>2108.0</ele></trkpt><trkpt lat="46.53874259416562" lon="9.343283602424416"><ele>2108.4</ele></trkpt><trkpt lat="46.53872459416637" lon="9.343295602423964"><ele>2108.4</ele></trkpt><trkpt lat="46.538724594028594" lon="9.343321602287606"><ele>2109.1</ele></trkpt><trkpt lat="46.538715593969876" lon="9.343334602229142"><ele>2109.4</ele></trkpt><trkpt lat="46.53868759387253" lon="9.343346602132284"><ele>2109.9</ele></trkpt><trkpt lat="46.538651593795144" lon="9.343345602055427"><ele>2110.3</ele></trkpt><trkpt lat="46.53862459369774" lon="9.34335760195856"><ele>2110.8</ele></trkpt><trkpt lat="46.53862459361903" lon="9.34338360188009"><ele>2111.2</ele></trkpt><trkpt lat="46.5386325934612" lon="9.34342260172373"><ele>2112.0</ele></trkpt><trkpt lat="46.5386045931079" lon="9.343460601374725"><ele>2113.8</ele></trkpt><trkpt lat="46.538576592656334" lon="9.343564600925975"><ele>2116.1</ele></trkpt><trkpt lat="46.53857559253829" lon="9.34360360080827"><ele>2116.7</ele></trkpt><trkpt lat="46.538592592183214" lon="9.343643600458805"><ele>2118.5</ele></trkpt><trkpt lat="46.53859259182882" lon="9.343695600108875"><ele>2120.3</ele></trkpt><trkpt lat="46.538608591651176" lon="9.343760599931857"><ele>2121.2</ele></trkpt><trkpt lat="46.538627591433716" lon="9.34373559972067"><ele>2122.3</ele></trkpt><trkpt lat="46.53866359127452" lon="9.343697599567887"><ele>2123.1</ele></trkpt><trkpt lat="46.53870859107593" lon="9.34373859937253"><ele>2124.1</ele></trkpt><trkpt lat="46.5387265909767" lon="9.343725599276546"><ele>2124.6</ele></trkpt><trkpt lat="46.53874459089723" lon="9.343739599198516"><ele>2125.0</ele></trkpt><trkpt lat="46.53871559048507" lon="9.343842598788374"><ele>2127.1</ele></trkpt><trkpt lat="46.53869658999364" lon="9.343920598302196"><ele>2129.6</ele></trkpt><trkpt lat="46.53868558975803" lon="9.344011598066178"><ele>2130.8</ele></trkpt><trkpt lat="46.538667589601296" lon="9.344049597910043"><ele>2131.6</ele></trkpt><trkpt lat="46.53867558946326" lon="9.344102597772256"><ele>2132.3</ele></trkpt><trkpt lat="46.53871158926476" lon="9.34409059757958"><ele>2133.3</ele></trkpt><trkpt lat="46.53875658900697" lon="9.344079597328896"><ele>2134.6</ele></trkpt><trkpt lat="46.53880158890661" lon="9.344054597233296"><ele>2135.1</ele></trkpt><trkpt lat="46.53881058882752" lon="9.344067597155382"><ele>2135.5</ele></trkpt><trkpt lat="46.53881958868934" lon="9.344094597018872"><ele>2136.2</ele></trkpt><trkpt lat="46.538773588376166" lon="9.344144596707967"><ele>2137.8</ele></trkpt><trkpt lat="46.53876458831751" lon="9.34417059664884"><ele>2138.1</ele></trkpt><trkpt lat="46.538763588219226" lon="9.344209596550412"><ele>2138.6</ele></trkpt><trkpt lat="46.53881658794148" lon="9.344250596277764"><ele>2140.0</ele></trkpt><trkpt lat="46.5388435878222" lon="9.344251596161705"><ele>2140.6</ele></trkpt><trkpt lat="46.53888758734792" lon="9.34430559569548"><ele>2143.0</ele></trkpt><trkpt lat="46.53892358712984" lon="9.34430659548286"><ele>2144.1</ele></trkpt><trkpt lat="46.538978586969925" lon="9.344269595329882"><ele>2144.9</ele></trkpt><trkpt lat="46.539059586749964" lon="9.344233595118762"><ele>2146.0</ele></trkpt><trkpt lat="46.539095586433355" lon="9.34423459480964"><ele>2147.6</ele></trkpt><trkpt lat="46.53910358641359" lon="9.344313594786318"><ele>2147.7</ele></trkpt><trkpt lat="46.539130586333805" lon="9.34432759470821"><ele>2148.1</ele></trkpt><trkpt lat="46.53917558609566" lon="9.344341594475555"><ele>2149.3</ele></trkpt><trkpt lat="46.53918358599692" lon="9.344367594377694"><ele>2149.8</ele></trkpt><trkpt lat="46.53919158570147" lon="9.344459594083522"><ele>2151.3</ele></trkpt><trkpt lat="46.53919958554366" lon="9.344485593927756"><ele>2152.1</ele></trkpt><trkpt lat="46.53922658534564" lon="9.344499593733847"><ele>2153.1</ele></trkpt><trkpt lat="46.53927158514691" lon="9.344514593539738"><ele>2154.1</ele></trkpt><trkpt lat="46.53929758500811" lon="9.344541593403077"><ele>2154.8</ele></trkpt><trkpt lat="46.539324584948" lon="9.344568593343604"><ele>2155.1</ele></trkpt><trkpt lat="46.53932358481027" lon="9.344594593207207"><ele>2155.8</ele></trkpt><trkpt lat="46.539305584811" lon="9.344607593206693"><ele>2155.8</ele></trkpt><trkpt lat="46.53932258461349" lon="9.344646593011595"><ele>2156.8</ele></trkpt><trkpt lat="46.539330584416426" lon="9.344712592815208"><ele>2157.8</ele></trkpt><trkpt lat="46.53933858416022" lon="9.344764592561624"><ele>2159.1</ele></trkpt><trkpt lat="46.53932958396371" lon="9.344816592366069"><ele>2160.1</ele></trkpt><trkpt lat="46.5393185837674" lon="9.344881592169877"><ele>2161.1</ele></trkpt><trkpt lat="46.539327583530834" lon="9.344933591935572"><ele>2162.3</ele></trkpt><trkpt lat="46.539352583273995" lon="9.344999591681132"><ele>2163.6</ele></trkpt><trkpt lat="46.539370583037005" lon="9.345026591448008"><ele>2164.8</ele></trkpt><trkpt lat="46.53936158303739" lon="9.345052591446771"><ele>2164.8</ele></trkpt><trkpt lat="46.539360582840615" lon="9.345091591251794"><ele>2165.8</ele></trkpt><trkpt lat="46.53936858260407" lon="9.345130591018153"><ele>2167.0</ele></trkpt><trkpt lat="46.53932158205479" lon="9.345246590472218"><ele>2169.8</ele></trkpt><trkpt lat="46.539276581899166" lon="9.345297590315583"><ele>2170.6</ele></trkpt><trkpt lat="46.53926658170272" lon="9.345335590120712"><ele>2171.6</ele></trkpt><trkpt lat="46.53926558150585" lon="9.345361589926389"><ele>2172.6</ele></trkpt><trkpt lat="46.53928358130834" lon="9.3454015897312"><ele>2173.6</ele></trkpt><trkpt lat="46.53931858111" lon="9.345428589536539"><ele>2174.6</ele></trkpt><trkpt lat="46.53935458091175" lon="9.34546958934115"><ele>2175.6</ele></trkpt><trkpt lat="46.539362580872066" lon="9.34548258930182"><ele>2175.8</ele></trkpt><trkpt lat="46.53935258051809" lon="9.345547588951163"><ele>2177.6</ele></trkpt><trkpt lat="46.53934358028222" lon="9.345586588717625"><ele>2178.8</ele></trkpt><trkpt lat="46.539342580183856" lon="9.3456125886198"><ele>2179.3</ele></trkpt><trkpt lat="46.53938657982776" lon="9.345679588268597"><ele>2181.1</ele></trkpt><trkpt lat="46.53939557972899" lon="9.34570558817069"><ele>2181.6</ele></trkpt><trkpt lat="46.53937657953282" lon="9.345717587977203"><ele>2182.6</ele></trkpt><trkpt lat="46.539367579493835" lon="9.345730587938009"><ele>2182.8</ele></trkpt><trkpt lat="46.53933557890518" lon="9.346016587344598"><ele>2185.8</ele></trkpt><trkpt lat="46.539306579064295" lon="9.346132587493338"><ele>2185.0</ele></trkpt><trkpt lat="46.53931557906406" lon="9.346172587491226"><ele>2185.0</ele></trkpt><trkpt lat="46.539305579104166" lon="9.346250587525933"><ele>2184.8</ele></trkpt><trkpt lat="46.53931357920246" lon="9.346302587619737"><ele>2184.3</ele></trkpt><trkpt lat="46.539357579220635" lon="9.346369587635268"><ele>2184.2</ele></trkpt><trkpt lat="46.539383579259166" lon="9.346422587670968"><ele>2184.0</ele></trkpt><trkpt lat="46.53939157929833" lon="9.346461587707525"><ele>2183.8</ele></trkpt><trkpt lat="46.539390579259134" lon="9.346500587666936"><ele>2184.0</ele></trkpt><trkpt lat="46.53935357926095" lon="9.346590587662643"><ele>2184.0</ele></trkpt><trkpt lat="46.53933457910425" lon="9.346629587506364"><ele>2184.8</ele></trkpt><trkpt lat="46.53932557910472" lon="9.34665458750517"><ele>2184.8</ele></trkpt><trkpt lat="46.53929757904689" lon="9.346693587445484"><ele>2185.1</ele></trkpt><trkpt lat="46.53927857898869" lon="9.346731587385785"><ele>2185.4</ele></trkpt><trkpt lat="46.53928757894896" lon="9.346744587346446"><ele>2185.6</ele></trkpt><trkpt lat="46.53931457881004" lon="9.346758587210376"><ele>2186.3</ele></trkpt><trkpt lat="46.539350578513115" lon="9.34676058692041"><ele>2187.8</ele></trkpt><trkpt lat="46.539376578315185" lon="9.346787586725775"><ele>2188.8</ele></trkpt><trkpt lat="46.53940357813692" lon="9.346814586550432"><ele>2189.7</ele></trkpt><trkpt lat="46.53942957795872" lon="9.346854586374436"><ele>2190.6</ele></trkpt><trkpt lat="46.53943857789937" lon="9.346893586314454"><ele>2190.9</ele></trkpt><trkpt lat="46.5394545778596" lon="9.346972586271672"><ele>2191.1</ele></trkpt><trkpt lat="46.53946257782028" lon="9.347077586227623"><ele>2191.3</ele></trkpt><trkpt lat="46.53945257782083" lon="9.347128586225095"><ele>2191.3</ele></trkpt><trkpt lat="46.539450577762075" lon="9.347207586163146"><ele>2191.6</ele></trkpt><trkpt lat="46.539412577764104" lon="9.34734958615619"><ele>2191.6</ele></trkpt><trkpt lat="46.539338577767516" lon="9.347463586150953"><ele>2191.6</ele></trkpt><trkpt lat="46.53931057769001" lon="9.347515586071294"><ele>2192.0</ele></trkpt><trkpt lat="46.53930057769069" lon="9.34759258606743"><ele>2192.0</ele></trkpt><trkpt lat="46.539245577634" lon="9.347643586007342"><ele>2192.3</ele></trkpt><trkpt lat="46.539226577516686" lon="9.347681585889706"><ele>2192.9</ele></trkpt><trkpt lat="46.53920757747826" lon="9.347746585847913"><ele>2193.1</ele></trkpt><trkpt lat="46.53919857743931" lon="9.347758585808757"><ele>2193.3</ele></trkpt><trkpt lat="46.5391895774201" lon="9.347797585787529"><ele>2193.4</ele></trkpt><trkpt lat="46.53918757736148" lon="9.347901585724292"><ele>2193.7</ele></trkpt><trkpt lat="46.539168577145766" lon="9.347953585509403"><ele>2194.8</ele></trkpt><trkpt lat="46.53917657688949" lon="9.347992585256335"><ele>2196.1</ele></trkpt><trkpt lat="46.53920257663258" lon="9.348058585001743"><ele>2197.4</ele></trkpt><trkpt lat="46.539201576514586" lon="9.348098584883852"><ele>2198.0</ele></trkpt><trkpt lat="46.53920157643582" lon="9.348111584805952"><ele>2198.4</ele></trkpt><trkpt lat="46.539165576338874" lon="9.348135584708468"><ele>2198.9</ele></trkpt><trkpt lat="46.53914657606402" lon="9.348174584436306"><ele>2200.3</ele></trkpt><trkpt lat="46.53913757592656" lon="9.348200584299885"><ele>2201.0</ele></trkpt><trkpt lat="46.53912757574992" lon="9.348251584123574"><ele>2201.9</ele></trkpt><trkpt lat="46.5390995754164" lon="9.348316583792215"><ele>2203.6</ele></trkpt><trkpt lat="46.53908957527905" lon="9.348341583655852"><ele>2204.3</ele></trkpt><trkpt lat="46.53908057514159" lon="9.348354583520095"><ele>2205.0</ele></trkpt><trkpt lat="46.539035575084405" lon="9.348379583461249"><ele>2205.3</ele></trkpt><trkpt lat="46.53903457486791" lon="9.348418583246856"><ele>2206.4</ele></trkpt><trkpt lat="46.53894357485209" lon="9.348467583225755"><ele>2206.5</ele></trkpt><trkpt lat="46.538916574813854" lon="9.348479583186736"><ele>2206.7</ele></trkpt><trkpt lat="46.53888957487418" lon="9.348517583242925"><ele>2206.4</ele></trkpt><trkpt lat="46.538879574815574" lon="9.34854358318374"><ele>2206.7</ele></trkpt><trkpt lat="46.53886957463889" lon="9.348594583007412"><ele>2207.6</ele></trkpt><trkpt lat="46.538841574463014" lon="9.348659582830507"><ele>2208.5</ele></trkpt><trkpt lat="46.53882257434577" lon="9.348710582712174"><ele>2209.1</ele></trkpt><trkpt lat="46.538831574227274" lon="9.348723582595575"><ele>2209.7</ele></trkpt><trkpt lat="46.53881357416896" lon="9.348736582537123"><ele>2210.0</ele></trkpt><trkpt lat="46.538803574070926" lon="9.348762582439317"><ele>2210.5</ele></trkpt><trkpt lat="46.53880357403168" lon="9.34878858239936"><ele>2210.7</ele></trkpt><trkpt lat="46.53877657399348" lon="9.348813582359666"><ele>2210.9</ele></trkpt><trkpt lat="46.538757573935364" lon="9.348864582299258"><ele>2211.2</ele></trkpt><trkpt lat="46.538720573424975" lon="9.3489285817942"><ele>2213.8</ele></trkpt><trkpt lat="46.53869257311111" lon="9.34896658148351"><ele>2215.4</ele></trkpt><trkpt lat="46.53869157295368" lon="9.34900558132702"><ele>2216.2</ele></trkpt><trkpt lat="46.538718572657295" lon="9.34903258103576"><ele>2217.7</ele></trkpt><trkpt lat="46.538736572499005" lon="9.34904658088041"><ele>2218.5</ele></trkpt><trkpt lat="46.53877257228084" lon="9.34903458066833"><ele>2219.6</ele></trkpt><trkpt lat="46.53881857206207" lon="9.348971580458812"><ele>2220.7</ele></trkpt><trkpt lat="46.53887357188238" lon="9.348921580287172"><ele>2221.6</ele></trkpt><trkpt lat="46.53889157172406" lon="9.348921580132549"><ele>2222.4</ele></trkpt><trkpt lat="46.53890057172366" lon="9.348908580133154"><ele>2222.4</ele></trkpt><trkpt lat="46.53893657158436" lon="9.348923579996908"><ele>2223.1</ele></trkpt><trkpt lat="46.53898957122777" lon="9.348964579646774"><ele>2224.9</ele></trkpt><trkpt lat="46.53900657122726" lon="9.34901757964388"><ele>2224.9</ele></trkpt><trkpt lat="46.539033571285366" lon="9.349044579700188"><ele>2224.6</ele></trkpt><trkpt lat="46.539041571285104" lon="9.34907057969877"><ele>2224.6</ele></trkpt><trkpt lat="46.53904957120613" lon="9.349122579618765"><ele>2225.0</ele></trkpt><trkpt lat="46.53904857106852" lon="9.349175579480844"><ele>2225.7</ele></trkpt><trkpt lat="46.53903957087209" lon="9.34922657928516"><ele>2226.7</ele></trkpt><trkpt lat="46.53902057069571" lon="9.349252579110171"><ele>2227.6</ele></trkpt><trkpt lat="46.53902857059701" lon="9.349291579011526"><ele>2228.1</ele></trkpt><trkpt lat="46.53901957051875" lon="9.349330578932326"><ele>2228.5</ele></trkpt><trkpt lat="46.53900157049975" lon="9.349329578913219"><ele>2228.6</ele></trkpt><trkpt lat="46.53897357044202" lon="9.349380578852855"><ele>2228.9</ele></trkpt><trkpt lat="46.538936570502784" lon="9.349418578909116"><ele>2228.6</ele></trkpt><trkpt lat="46.538881570465946" lon="9.349508578866256"><ele>2228.8</ele></trkpt><trkpt lat="46.53885357044759" lon="9.34955957884452"><ele>2228.9</ele></trkpt><trkpt lat="46.538843570448186" lon="9.349611578841898"><ele>2228.9</ele></trkpt><trkpt lat="46.53884257038936" lon="9.349676578780588"><ele>2229.2</ele></trkpt><trkpt lat="46.53885957025091" lon="9.349716578643182"><ele>2229.9</ele></trkpt><trkpt lat="46.53886857015213" lon="9.3497425785452"><ele>2230.4</ele></trkpt><trkpt lat="46.53884056989742" lon="9.34979357829172"><ele>2231.7</ele></trkpt><trkpt lat="46.538831569760035" lon="9.349819578155257"><ele>2232.4</ele></trkpt><trkpt lat="46.53880456970202" lon="9.349805578098273"><ele>2232.7</ele></trkpt><trkpt lat="46.53878656956487" lon="9.349804577963294"><ele>2233.4</ele></trkpt><trkpt lat="46.5387855694075" lon="9.34984357780677"><ele>2234.2</ele></trkpt><trkpt lat="46.53880356926895" lon="9.349870577670035"><ele>2234.9</ele></trkpt><trkpt lat="46.538821568972836" lon="9.349884577379475"><ele>2236.4</ele></trkpt><trkpt lat="46.53884756881437" lon="9.349924577222682"><ele>2237.2</ele></trkpt><trkpt lat="46.53883656808644" lon="9.350041576502106"><ele>2240.9</ele></trkpt><trkpt lat="46.53887156792755" lon="9.350068576345912"><ele>2241.7</ele></trkpt><trkpt lat="46.53887156778975" lon="9.350094576209358"><ele>2242.4</ele></trkpt><trkpt lat="46.53888856749372" lon="9.350134575917437"><ele>2243.9</ele></trkpt><trkpt lat="46.53887056733691" lon="9.350133575763138"><ele>2244.7</ele></trkpt><trkpt lat="46.53885256729831" lon="9.350146575723985"><ele>2244.9</ele></trkpt><trkpt lat="46.538842566944446" lon="9.350210575373085"><ele>2246.7</ele></trkpt><trkpt lat="46.53885156694411" lon="9.350224575372275"><ele>2246.7</ele></trkpt><trkpt lat="46.53886956680552" lon="9.350237575236255"><ele>2247.4</ele></trkpt><trkpt lat="46.5388775666084" lon="9.350277575040959"><ele>2248.4</ele></trkpt><trkpt lat="46.53889456650933" lon="9.350304574942841"><ele>2248.9</ele></trkpt><trkpt lat="46.5389035663121" lon="9.35034357474759"><ele>2249.9</ele></trkpt><trkpt lat="46.538883565761765" lon="9.350434574202207"><ele>2252.7</ele></trkpt><trkpt lat="46.53888356562403" lon="9.35047357406496"><ele>2253.4</ele></trkpt><trkpt lat="46.538909565524584" lon="9.35050057396676"><ele>2253.9</ele></trkpt><trkpt lat="46.53890856522939" lon="9.350565573673645"><ele>2255.4</ele></trkpt><trkpt lat="46.53895156467648" lon="9.350671573126926"><ele>2258.2</ele></trkpt><trkpt lat="46.538969564537986" lon="9.35071057298952"><ele>2258.9</ele></trkpt><trkpt lat="46.538968564242836" lon="9.350776572696342"><ele>2260.4</ele></trkpt><trkpt lat="46.53895056424359" lon="9.350775572696538"><ele>2260.4</ele></trkpt><trkpt lat="46.53894056414564" lon="9.350801572598685"><ele>2260.9</ele></trkpt><trkpt lat="46.53895856404644" lon="9.350814572501282"><ele>2261.4</ele></trkpt><trkpt lat="46.5389855638878" lon="9.350828572345804"><ele>2262.2</ele></trkpt><trkpt lat="46.53900256374932" lon="9.350855572209037"><ele>2262.9</ele></trkpt><trkpt lat="46.53902856359082" lon="9.350895572052195"><ele>2263.7</ele></trkpt><trkpt lat="46.53905556345188" lon="9.350922571915339"><ele>2264.4</ele></trkpt><trkpt lat="46.539045563294835" lon="9.350961571758848"><ele>2265.2</ele></trkpt><trkpt lat="46.53902756325632" lon="9.35098657171904"><ele>2265.4</ele></trkpt><trkpt lat="46.539026563098936" lon="9.351025571562474"><ele>2266.2</ele></trkpt><trkpt lat="46.53899956306074" lon="9.351037571523433"><ele>2266.4</ele></trkpt><trkpt lat="46.5389725630027" lon="9.351023571466456"><ele>2266.7</ele></trkpt><trkpt lat="46.538945562905425" lon="9.351036571369423"><ele>2267.2</ele></trkpt><trkpt lat="46.53892756276832" lon="9.351048571233733"><ele>2267.9</ele></trkpt><trkpt lat="46.53892656276844" lon="9.351074571232365"><ele>2267.9</ele></trkpt><trkpt lat="46.5389355626698" lon="9.351126571132966"><ele>2268.4</ele></trkpt><trkpt lat="46.538952562570664" lon="9.351140571035508"><ele>2268.9</ele></trkpt><trkpt lat="46.538952562413286" lon="9.351192570878233"><ele>2269.7</ele></trkpt><trkpt lat="46.538969562274765" lon="9.351219570741453"><ele>2270.4</ele></trkpt><trkpt lat="46.538987562077104" lon="9.351233570547413"><ele>2271.4</ele></trkpt><trkpt lat="46.53899656201767" lon="9.351233570489397"><ele>2271.7</ele></trkpt><trkpt lat="46.53901456191841" lon="9.35123457039262"><ele>2272.2</ele></trkpt><trkpt lat="46.53901356187917" lon="9.351260570352615"><ele>2272.4</ele></trkpt><trkpt lat="46.53900256168306" lon="9.351377570153343"><ele>2273.4</ele></trkpt><trkpt lat="46.539002561584724" lon="9.351403570055387"><ele>2273.9</ele></trkpt><trkpt lat="46.53901956142654" lon="9.351442569898646"><ele>2274.7</ele></trkpt><trkpt lat="46.539037561288076" lon="9.351482569761169"><ele>2275.4</ele></trkpt><trkpt lat="46.539036561229224" lon="9.351534569700464"><ele>2275.7</ele></trkpt><trkpt lat="46.53903556120979" lon="9.351599569677695"><ele>2275.8</ele></trkpt><trkpt lat="46.53902556140722" lon="9.35161256987025"><ele>2274.8</ele></trkpt><trkpt lat="46.53901656150621" lon="9.351651569964831"><ele>2274.3</ele></trkpt><trkpt lat="46.539015561506396" lon="9.351690569962765"><ele>2274.3</ele></trkpt><trkpt lat="46.539032561505806" lon="9.351730569960498"><ele>2274.3</ele></trkpt><trkpt lat="46.539032561604444" lon="9.35176957005501"><ele>2273.8</ele></trkpt><trkpt lat="46.53904056176187" lon="9.351834570206018"><ele>2273.0</ele></trkpt><trkpt lat="46.539030561860905" lon="9.3518605703013"><ele>2272.5</ele></trkpt><trkpt lat="46.53904756189986" lon="9.3519395703356"><ele>2272.3</ele></trkpt><trkpt lat="46.53907256209612" lon="9.352044570522981"><ele>2271.3</ele></trkpt><trkpt lat="46.539080562155085" lon="9.35211057057737"><ele>2271.0</ele></trkpt><trkpt lat="46.53908956215483" lon="9.352136570575913"><ele>2271.0</ele></trkpt><trkpt lat="46.5391065622527" lon="9.35216357067092"><ele>2270.5</ele></trkpt><trkpt lat="46.539106562292154" lon="9.352189570708175"><ele>2270.3</ele></trkpt><trkpt lat="46.539105562390866" lon="9.352241570802015"><ele>2269.8</ele></trkpt><trkpt lat="46.53911356244976" lon="9.352280570857832"><ele>2269.5</ele></trkpt><trkpt lat="46.53916656238876" lon="9.352373570794507"><ele>2269.8</ele></trkpt><trkpt lat="46.53921856244598" lon="9.35245457084773"><ele>2269.5</ele></trkpt><trkpt lat="46.53925356244482" lon="9.352546570842563"><ele>2269.5</ele></trkpt><trkpt lat="46.53924356248481" lon="9.352598570878524"><ele>2269.3</ele></trkpt><trkpt lat="46.53924256254414" lon="9.35265057093373"><ele>2269.0</ele></trkpt><trkpt lat="46.5392245626434" lon="9.352649571030527"><ele>2268.5</ele></trkpt><trkpt lat="46.5392245626434" lon="9.352649571030527"><ele>2268.5</ele></trkpt><trkpt lat="46.53924256254414" lon="9.35265057093373"><ele>2269.0</ele></trkpt><trkpt lat="46.53924356248481" lon="9.352598570878524"><ele>2269.3</ele></trkpt><trkpt lat="46.53925356244482" lon="9.352546570842563"><ele>2269.5</ele></trkpt><trkpt lat="46.53921856244598" lon="9.35245457084773"><ele>2269.5</ele></trkpt><trkpt lat="46.53916656238876" lon="9.352373570794507"><ele>2269.8</ele></trkpt><trkpt lat="46.53911356244976" lon="9.352280570857832"><ele>2269.5</ele></trkpt><trkpt lat="46.539105562390866" lon="9.352241570802015"><ele>2269.8</ele></trkpt><trkpt lat="46.539106562292154" lon="9.352189570708175"><ele>2270.3</ele></trkpt><trkpt lat="46.5391065622527" lon="9.35216357067092"><ele>2270.5</ele></trkpt><trkpt lat="46.53908956215483" lon="9.352136570575913"><ele>2271.0</ele></trkpt><trkpt lat="46.539080562155085" lon="9.35211057057737"><ele>2271.0</ele></trkpt><trkpt lat="46.53907256209612" lon="9.352044570522981"><ele>2271.3</ele></trkpt><trkpt lat="46.53904756189986" lon="9.3519395703356"><ele>2272.3</ele></trkpt><trkpt lat="46.539030561860905" lon="9.3518605703013"><ele>2272.5</ele></trkpt><trkpt lat="46.53904056176187" lon="9.351834570206018"><ele>2273.0</ele></trkpt><trkpt lat="46.539032561604444" lon="9.35176957005501"><ele>2273.8</ele></trkpt><trkpt lat="46.539032561505806" lon="9.351730569960498"><ele>2274.3</ele></trkpt><trkpt lat="46.539015561506396" lon="9.351690569962765"><ele>2274.3</ele></trkpt><trkpt lat="46.53901656150621" lon="9.351651569964831"><ele>2274.3</ele></trkpt><trkpt lat="46.53902556140722" lon="9.35161256987025"><ele>2274.8</ele></trkpt><trkpt lat="46.53903556120979" lon="9.351599569677695"><ele>2275.8</ele></trkpt><trkpt lat="46.539036561229224" lon="9.351534569700464"><ele>2275.7</ele></trkpt><trkpt lat="46.539037561288076" lon="9.351482569761169"><ele>2275.4</ele></trkpt><trkpt lat="46.53901956142654" lon="9.351442569898646"><ele>2274.7</ele></trkpt><trkpt lat="46.539002561584724" lon="9.351403570055387"><ele>2273.9</ele></trkpt><trkpt lat="46.53900256168306" lon="9.351377570153343"><ele>2273.4</ele></trkpt><trkpt lat="46.53901356187917" lon="9.351260570352615"><ele>2272.4</ele></trkpt><trkpt lat="46.53901456191841" lon="9.35123457039262"><ele>2272.2</ele></trkpt><trkpt lat="46.53899656201767" lon="9.351233570489397"><ele>2271.7</ele></trkpt><trkpt lat="46.538987562077104" lon="9.351233570547413"><ele>2271.4</ele></trkpt><trkpt lat="46.538969562274765" lon="9.351219570741453"><ele>2270.4</ele></trkpt><trkpt lat="46.538952562413286" lon="9.351192570878233"><ele>2269.7</ele></trkpt><trkpt lat="46.538952562570664" lon="9.351140571035508"><ele>2268.9</ele></trkpt><trkpt lat="46.5389355626698" lon="9.351126571132966"><ele>2268.4</ele></trkpt><trkpt lat="46.53892656276844" lon="9.351074571232365"><ele>2267.9</ele></trkpt><trkpt lat="46.53892756276832" lon="9.351048571233733"><ele>2267.9</ele></trkpt><trkpt lat="46.538945562905425" lon="9.351036571369423"><ele>2267.2</ele></trkpt><trkpt lat="46.5389725630027" lon="9.351023571466456"><ele>2266.7</ele></trkpt><trkpt lat="46.53899956306074" lon="9.351037571523433"><ele>2266.4</ele></trkpt><trkpt lat="46.539026563098936" lon="9.351025571562474"><ele>2266.2</ele></trkpt><trkpt lat="46.53902756325632" lon="9.35098657171904"><ele>2265.4</ele></trkpt><trkpt lat="46.539045563294835" lon="9.350961571758848"><ele>2265.2</ele></trkpt><trkpt lat="46.53905556345188" lon="9.350922571915339"><ele>2264.4</ele></trkpt><trkpt lat="46.53902856359082" lon="9.350895572052195"><ele>2263.7</ele></trkpt><trkpt lat="46.53900256374932" lon="9.350855572209037"><ele>2262.9</ele></trkpt><trkpt lat="46.5389855638878" lon="9.350828572345804"><ele>2262.2</ele></trkpt><trkpt lat="46.53895856404644" lon="9.350814572501282"><ele>2261.4</ele></trkpt><trkpt lat="46.53894056414564" lon="9.350801572598685"><ele>2260.9</ele></trkpt><trkpt lat="46.53895056424359" lon="9.350775572696538"><ele>2260.4</ele></trkpt><trkpt lat="46.538968564242836" lon="9.350776572696342"><ele>2260.4</ele></trkpt><trkpt lat="46.538969564537986" lon="9.35071057298952"><ele>2258.9</ele></trkpt><trkpt lat="46.53895156467648" lon="9.350671573126926"><ele>2258.2</ele></trkpt><trkpt lat="46.53890856522939" lon="9.350565573673645"><ele>2255.4</ele></trkpt><trkpt lat="46.538909565524584" lon="9.35050057396676"><ele>2253.9</ele></trkpt><trkpt lat="46.53888356562403" lon="9.35047357406496"><ele>2253.4</ele></trkpt><trkpt lat="46.538883565761765" lon="9.350434574202207"><ele>2252.7</ele></trkpt><trkpt lat="46.5389035663121" lon="9.35034357474759"><ele>2249.9</ele></trkpt><trkpt lat="46.53889456650933" lon="9.350304574942841"><ele>2248.9</ele></trkpt><trkpt lat="46.5388775666084" lon="9.350277575040959"><ele>2248.4</ele></trkpt><trkpt lat="46.53886956680552" lon="9.350237575236255"><ele>2247.4</ele></trkpt><trkpt lat="46.53885156694411" lon="9.350224575372275"><ele>2246.7</ele></trkpt><trkpt lat="46.538842566944446" lon="9.350210575373085"><ele>2246.7</ele></trkpt><trkpt lat="46.53885256729831" lon="9.350146575723985"><ele>2244.9</ele></trkpt><trkpt lat="46.53887056733691" lon="9.350133575763138"><ele>2244.7</ele></trkpt><trkpt lat="46.53888856749372" lon="9.350134575917437"><ele>2243.9</ele></trkpt><trkpt lat="46.53887156778975" lon="9.350094576209358"><ele>2242.4</ele></trkpt><trkpt lat="46.53887156792755" lon="9.350068576345912"><ele>2241.7</ele></trkpt><trkpt lat="46.53883656808644" lon="9.350041576502106"><ele>2240.9</ele></trkpt><trkpt lat="46.53884756881437" lon="9.349924577222682"><ele>2237.2</ele></trkpt><trkpt lat="46.538821568972836" lon="9.349884577379475"><ele>2236.4</ele></trkpt><trkpt lat="46.53880356926895" lon="9.349870577670035"><ele>2234.9</ele></trkpt><trkpt lat="46.5387855694075" lon="9.34984357780677"><ele>2234.2</ele></trkpt><trkpt lat="46.53878656956487" lon="9.349804577963294"><ele>2233.4</ele></trkpt><trkpt lat="46.53880456970202" lon="9.349805578098273"><ele>2232.7</ele></trkpt><trkpt lat="46.538831569760035" lon="9.349819578155257"><ele>2232.4</ele></trkpt><trkpt lat="46.53884056989742" lon="9.34979357829172"><ele>2231.7</ele></trkpt><trkpt lat="46.53886857015213" lon="9.3497425785452"><ele>2230.4</ele></trkpt><trkpt lat="46.53885957025091" lon="9.349716578643182"><ele>2229.9</ele></trkpt><trkpt lat="46.53884257038936" lon="9.349676578780588"><ele>2229.2</ele></trkpt><trkpt lat="46.538843570448186" lon="9.349611578841898"><ele>2228.9</ele></trkpt><trkpt lat="46.53885357044759" lon="9.34955957884452"><ele>2228.9</ele></trkpt><trkpt lat="46.538881570465946" lon="9.349508578866256"><ele>2228.8</ele></trkpt><trkpt lat="46.538936570502784" lon="9.349418578909116"><ele>2228.6</ele></trkpt><trkpt lat="46.53897357044202" lon="9.349380578852855"><ele>2228.9</ele></trkpt><trkpt lat="46.53900157049975" lon="9.349329578913219"><ele>2228.6</ele></trkpt><trkpt lat="46.53901957051875" lon="9.349330578932326"><ele>2228.5</ele></trkpt><trkpt lat="46.53902857059701" lon="9.349291579011526"><ele>2228.1</ele></trkpt><trkpt lat="46.53902057069571" lon="9.349252579110171"><ele>2227.6</ele></trkpt><trkpt lat="46.53903957087209" lon="9.34922657928516"><ele>2226.7</ele></trkpt><trkpt lat="46.53904857106852" lon="9.349175579480844"><ele>2225.7</ele></trkpt><trkpt lat="46.53904957120613" lon="9.349122579618765"><ele>2225.0</ele></trkpt><trkpt lat="46.539041571285104" lon="9.34907057969877"><ele>2224.6</ele></trkpt><trkpt lat="46.539033571285366" lon="9.349044579700188"><ele>2224.6</ele></trkpt><trkpt lat="46.53900657122726" lon="9.34901757964388"><ele>2224.9</ele></trkpt><trkpt lat="46.53898957122777" lon="9.348964579646774"><ele>2224.9</ele></trkpt><trkpt lat="46.53893657158436" lon="9.348923579996908"><ele>2223.1</ele></trkpt><trkpt lat="46.53890057172366" lon="9.348908580133154"><ele>2222.4</ele></trkpt><trkpt lat="46.53889157172406" lon="9.348921580132549"><ele>2222.4</ele></trkpt><trkpt lat="46.53887357188238" lon="9.348921580287172"><ele>2221.6</ele></trkpt><trkpt lat="46.53881857206207" lon="9.348971580458812"><ele>2220.7</ele></trkpt><trkpt lat="46.53877257228084" lon="9.34903458066833"><ele>2219.6</ele></trkpt><trkpt lat="46.538736572499005" lon="9.34904658088041"><ele>2218.5</ele></trkpt><trkpt lat="46.538718572657295" lon="9.34903258103576"><ele>2217.7</ele></trkpt><trkpt lat="46.53869157295368" lon="9.34900558132702"><ele>2216.2</ele></trkpt><trkpt lat="46.53869257311111" lon="9.34896658148351"><ele>2215.4</ele></trkpt><trkpt lat="46.538720573424975" lon="9.3489285817942"><ele>2213.8</ele></trkpt><trkpt lat="46.538757573935364" lon="9.348864582299258"><ele>2211.2</ele></trkpt><trkpt lat="46.53877657399348" lon="9.348813582359666"><ele>2210.9</ele></trkpt><trkpt lat="46.53880357403168" lon="9.34878858239936"><ele>2210.7</ele></trkpt><trkpt lat="46.538803574070926" lon="9.348762582439317"><ele>2210.5</ele></trkpt><trkpt lat="46.53881357416896" lon="9.348736582537123"><ele>2210.0</ele></trkpt><trkpt lat="46.538831574227274" lon="9.348723582595575"><ele>2209.7</ele></trkpt><trkpt lat="46.53882257434577" lon="9.348710582712174"><ele>2209.1</ele></trkpt><trkpt lat="46.538841574463014" lon="9.348659582830507"><ele>2208.5</ele></trkpt><trkpt lat="46.53886957463889" lon="9.348594583007412"><ele>2207.6</ele></trkpt><trkpt lat="46.538879574815574" lon="9.34854358318374"><ele>2206.7</ele></trkpt><trkpt lat="46.53888957487418" lon="9.348517583242925"><ele>2206.4</ele></trkpt><trkpt lat="46.538916574813854" lon="9.348479583186736"><ele>2206.7</ele></trkpt><trkpt lat="46.53894357485209" lon="9.348467583225755"><ele>2206.5</ele></trkpt><trkpt lat="46.53903457486791" lon="9.348418583246856"><ele>2206.4</ele></trkpt><trkpt lat="46.539035575084405" lon="9.348379583461249"><ele>2205.3</ele></trkpt><trkpt lat="46.53908057514159" lon="9.348354583520095"><ele>2205.0</ele></trkpt><trkpt lat="46.53908957527905" lon="9.348341583655852"><ele>2204.3</ele></trkpt><trkpt lat="46.5390995754164" lon="9.348316583792215"><ele>2203.6</ele></trkpt><trkpt lat="46.53912757574992" lon="9.348251584123574"><ele>2201.9</ele></trkpt><trkpt lat="46.53913757592656" lon="9.348200584299885"><ele>2201.0</ele></trkpt><trkpt lat="46.53914657606402" lon="9.348174584436306"><ele>2200.3</ele></trkpt><trkpt lat="46.539165576338874" lon="9.348135584708468"><ele>2198.9</ele></trkpt><trkpt lat="46.53920157643582" lon="9.348111584805952"><ele>2198.4</ele></trkpt><trkpt lat="46.539201576514586" lon="9.348098584883852"><ele>2198.0</ele></trkpt><trkpt lat="46.53920257663258" lon="9.348058585001743"><ele>2197.4</ele></trkpt><trkpt lat="46.53917657688949" lon="9.347992585256335"><ele>2196.1</ele></trkpt><trkpt lat="46.539168577145766" lon="9.347953585509403"><ele>2194.8</ele></trkpt><trkpt lat="46.53918757736148" lon="9.347901585724292"><ele>2193.7</ele></trkpt><trkpt lat="46.5391895774201" lon="9.347797585787529"><ele>2193.4</ele></trkpt><trkpt lat="46.53919857743931" lon="9.347758585808757"><ele>2193.3</ele></trkpt><trkpt lat="46.53920757747826" lon="9.347746585847913"><ele>2193.1</ele></trkpt><trkpt lat="46.539226577516686" lon="9.347681585889706"><ele>2192.9</ele></trkpt><trkpt lat="46.539245577634" lon="9.347643586007342"><ele>2192.3</ele></trkpt><trkpt lat="46.53930057769069" lon="9.34759258606743"><ele>2192.0</ele></trkpt><trkpt lat="46.53931057769001" lon="9.347515586071294"><ele>2192.0</ele></trkpt><trkpt lat="46.539338577767516" lon="9.347463586150953"><ele>2191.6</ele></trkpt><trkpt lat="46.539412577764104" lon="9.34734958615619"><ele>2191.6</ele></trkpt><trkpt lat="46.539450577762075" lon="9.347207586163146"><ele>2191.6</ele></trkpt><trkpt lat="46.53945257782083" lon="9.347128586225095"><ele>2191.3</ele></trkpt><trkpt lat="46.53946257782028" lon="9.347077586227623"><ele>2191.3</ele></trkpt><trkpt lat="46.5394545778596" lon="9.346972586271672"><ele>2191.1</ele></trkpt><trkpt lat="46.53943857789937" lon="9.346893586314454"><ele>2190.9</ele></trkpt><trkpt lat="46.53942957795872" lon="9.346854586374436"><ele>2190.6</ele></trkpt><trkpt lat="46.53940357813692" lon="9.346814586550432"><ele>2189.7</ele></trkpt><trkpt lat="46.539376578315185" lon="9.346787586725775"><ele>2188.8</ele></trkpt><trkpt lat="46.539350578513115" lon="9.34676058692041"><ele>2187.8</ele></trkpt><trkpt lat="46.53931457881004" lon="9.346758587210376"><ele>2186.3</ele></trkpt><trkpt lat="46.53928757894896" lon="9.346744587346446"><ele>2185.6</ele></trkpt><trkpt lat="46.53927857898869" lon="9.346731587385785"><ele>2185.4</ele></trkpt><trkpt lat="46.53929757904689" lon="9.346693587445484"><ele>2185.1</ele></trkpt><trkpt lat="46.53932557910472" lon="9.34665458750517"><ele>2184.8</ele></trkpt><trkpt lat="46.53933457910425" lon="9.346629587506364"><ele>2184.8</ele></trkpt><trkpt lat="46.53935357926095" lon="9.346590587662643"><ele>2184.0</ele></trkpt><trkpt lat="46.539390579259134" lon="9.346500587666936"><ele>2184.0</ele></trkpt><trkpt lat="46.53939157929833" lon="9.346461587707525"><ele>2183.8</ele></trkpt><trkpt lat="46.539383579259166" lon="9.346422587670968"><ele>2184.0</ele></trkpt><trkpt lat="46.539357579220635" lon="9.346369587635268"><ele>2184.2</ele></trkpt><trkpt lat="46.53931357920246" lon="9.346302587619737"><ele>2184.3</ele></trkpt><trkpt lat="46.539305579104166" lon="9.346250587525933"><ele>2184.8</ele></trkpt><trkpt lat="46.53931557906406" lon="9.346172587491226"><ele>2185.0</ele></trkpt><trkpt lat="46.539306579064295" lon="9.346132587493338"><ele>2185.0</ele></trkpt><trkpt lat="46.53933557890518" lon="9.346016587344598"><ele>2185.8</ele></trkpt><trkpt lat="46.539367579493835" lon="9.345730587938009"><ele>2182.8</ele></trkpt><trkpt lat="46.53937657953282" lon="9.345717587977203"><ele>2182.6</ele></trkpt><trkpt lat="46.53939557972899" lon="9.34570558817069"><ele>2181.6</ele></trkpt><trkpt lat="46.53938657982776" lon="9.345679588268597"><ele>2181.1</ele></trkpt><trkpt lat="46.539342580183856" lon="9.3456125886198"><ele>2179.3</ele></trkpt><trkpt lat="46.53934358028222" lon="9.345586588717625"><ele>2178.8</ele></trkpt><trkpt lat="46.53935258051809" lon="9.345547588951163"><ele>2177.6</ele></trkpt><trkpt lat="46.539362580872066" lon="9.34548258930182"><ele>2175.8</ele></trkpt><trkpt lat="46.53935458091175" lon="9.34546958934115"><ele>2175.6</ele></trkpt><trkpt lat="46.53931858111" lon="9.345428589536539"><ele>2174.6</ele></trkpt><trkpt lat="46.53928358130834" lon="9.3454015897312"><ele>2173.6</ele></trkpt><trkpt lat="46.53926558150585" lon="9.345361589926389"><ele>2172.6</ele></trkpt><trkpt lat="46.53926658170272" lon="9.345335590120712"><ele>2171.6</ele></trkpt><trkpt lat="46.539276581899166" lon="9.345297590315583"><ele>2170.6</ele></trkpt><trkpt lat="46.53932158205479" lon="9.345246590472218"><ele>2169.8</ele></trkpt><trkpt lat="46.53936858260407" lon="9.345130591018153"><ele>2167.0</ele></trkpt><trkpt lat="46.539360582840615" lon="9.345091591251794"><ele>2165.8</ele></trkpt><trkpt lat="46.53936158303739" lon="9.345052591446771"><ele>2164.8</ele></trkpt><trkpt lat="46.539370583037005" lon="9.345026591448008"><ele>2164.8</ele></trkpt><trkpt lat="46.539352583273995" lon="9.344999591681132"><ele>2163.6</ele></trkpt><trkpt lat="46.539327583530834" lon="9.344933591935572"><ele>2162.3</ele></trkpt><trkpt lat="46.5393185837674" lon="9.344881592169877"><ele>2161.1</ele></trkpt><trkpt lat="46.53932958396371" lon="9.344816592366069"><ele>2160.1</ele></trkpt><trkpt lat="46.53933858416022" lon="9.344764592561624"><ele>2159.1</ele></trkpt><trkpt lat="46.539330584416426" lon="9.344712592815208"><ele>2157.8</ele></trkpt><trkpt lat="46.53932258461349" lon="9.344646593011595"><ele>2156.8</ele></trkpt><trkpt lat="46.539305584811" lon="9.344607593206693"><ele>2155.8</ele></trkpt><trkpt lat="46.53932358481027" lon="9.344594593207207"><ele>2155.8</ele></trkpt><trkpt lat="46.539324584948" lon="9.344568593343604"><ele>2155.1</ele></trkpt><trkpt lat="46.53929758500811" lon="9.344541593403077"><ele>2154.8</ele></trkpt><trkpt lat="46.53927158514691" lon="9.344514593539738"><ele>2154.1</ele></trkpt><trkpt lat="46.53922658534564" lon="9.344499593733847"><ele>2153.1</ele></trkpt><trkpt lat="46.53919958554366" lon="9.344485593927756"><ele>2152.1</ele></trkpt><trkpt lat="46.53919158570147" lon="9.344459594083522"><ele>2151.3</ele></trkpt><trkpt lat="46.53918358599692" lon="9.344367594377694"><ele>2149.8</ele></trkpt><trkpt lat="46.53917558609566" lon="9.344341594475555"><ele>2149.3</ele></trkpt><trkpt lat="46.539130586333805" lon="9.34432759470821"><ele>2148.1</ele></trkpt><trkpt lat="46.53910358641359" lon="9.344313594786318"><ele>2147.7</ele></trkpt><trkpt lat="46.539095586433355" lon="9.34423459480964"><ele>2147.6</ele></trkpt><trkpt lat="46.539059586749964" lon="9.344233595118762"><ele>2146.0</ele></trkpt><trkpt lat="46.538978586969925" lon="9.344269595329882"><ele>2144.9</ele></trkpt><trkpt lat="46.53892358712984" lon="9.34430659548286"><ele>2144.1</ele></trkpt><trkpt lat="46.53888758734792" lon="9.34430559569548"><ele>2143.0</ele></trkpt><trkpt lat="46.5388435878222" lon="9.344251596161705"><ele>2140.6</ele></trkpt><trkpt lat="46.53881658794148" lon="9.344250596277764"><ele>2140.0</ele></trkpt><trkpt lat="46.538763588219226" lon="9.344209596550412"><ele>2138.6</ele></trkpt><trkpt lat="46.53876458831751" lon="9.34417059664884"><ele>2138.1</ele></trkpt><trkpt lat="46.538773588376166" lon="9.344144596707967"><ele>2137.8</ele></trkpt><trkpt lat="46.53881958868934" lon="9.344094597018872"><ele>2136.2</ele></trkpt><trkpt lat="46.53881058882752" lon="9.344067597155382"><ele>2135.5</ele></trkpt><trkpt lat="46.53880158890661" lon="9.344054597233296"><ele>2135.1</ele></trkpt><trkpt lat="46.53875658900697" lon="9.344079597328896"><ele>2134.6</ele></trkpt><trkpt lat="46.53871158926476" lon="9.34409059757958"><ele>2133.3</ele></trkpt><trkpt lat="46.53867558946326" lon="9.344102597772256"><ele>2132.3</ele></trkpt><trkpt lat="46.538667589601296" lon="9.344049597910043"><ele>2131.6</ele></trkpt><trkpt lat="46.53868558975803" lon="9.344011598066178"><ele>2130.8</ele></trkpt><trkpt lat="46.53869658999364" lon="9.343920598302196"><ele>2129.6</ele></trkpt><trkpt lat="46.53871559048507" lon="9.343842598788374"><ele>2127.1</ele></trkpt><trkpt lat="46.53874459089723" lon="9.343739599198516"><ele>2125.0</ele></trkpt><trkpt lat="46.5387265909767" lon="9.343725599276546"><ele>2124.6</ele></trkpt><trkpt lat="46.53870859107593" lon="9.34373859937253"><ele>2124.1</ele></trkpt><trkpt lat="46.53866359127452" lon="9.343697599567887"><ele>2123.1</ele></trkpt><trkpt lat="46.538627591433716" lon="9.34373559972067"><ele>2122.3</ele></trkpt><trkpt lat="46.538608591651176" lon="9.343760599931857"><ele>2121.2</ele></trkpt><trkpt lat="46.53859259182882" lon="9.343695600108875"><ele>2120.3</ele></trkpt><trkpt lat="46.538592592183214" lon="9.343643600458805"><ele>2118.5</ele></trkpt><trkpt lat="46.53857559253829" lon="9.34360360080827"><ele>2116.7</ele></trkpt><trkpt lat="46.538576592656334" lon="9.343564600925975"><ele>2116.1</ele></trkpt><trkpt lat="46.5386045931079" lon="9.343460601374725"><ele>2113.8</ele></trkpt><trkpt lat="46.5386325934612" lon="9.34342260172373"><ele>2112.0</ele></trkpt><trkpt lat="46.53862459361903" lon="9.34338360188009"><ele>2111.2</ele></trkpt><trkpt lat="46.53862459369774" lon="9.34335760195856"><ele>2110.8</ele></trkpt><trkpt lat="46.538651593795144" lon="9.343345602055427"><ele>2110.3</ele></trkpt><trkpt lat="46.53868759387253" lon="9.343346602132284"><ele>2109.9</ele></trkpt><trkpt lat="46.538715593969876" lon="9.343334602229142"><ele>2109.4</ele></trkpt><trkpt lat="46.538724594028594" lon="9.343321602287606"><ele>2109.1</ele></trkpt><trkpt lat="46.53872459416637" lon="9.343295602423964"><ele>2108.4</ele></trkpt><trkpt lat="46.53874259416562" lon="9.343283602424416"><ele>2108.4</ele></trkpt><trkpt lat="46.538770594243296" lon="9.343271602501977"><ele>2108.0</ele></trkpt><trkpt lat="46.53880659430085" lon="9.343220602562093"><ele>2107.7</ele></trkpt><trkpt lat="46.53883459437839" lon="9.343182602640933"><ele>2107.3</ele></trkpt><trkpt lat="46.53885259439737" lon="9.343169602660728"><ele>2107.2</ele></trkpt><trkpt lat="46.53886259437708" lon="9.343117602643913"><ele>2107.3</ele></trkpt><trkpt lat="46.53887259437659" lon="9.343092602645067"><ele>2107.3</ele></trkpt><trkpt lat="46.53889959443452" lon="9.343054602704612"><ele>2107.0</ele></trkpt><trkpt lat="46.53892759451209" lon="9.343015602783499"><ele>2106.6</ele></trkpt><trkpt lat="46.53896459460902" lon="9.342964602882198"><ele>2106.1</ele></trkpt><trkpt lat="46.539084594938664" lon="9.342786603218043"><ele>2104.4</ele></trkpt><trkpt lat="46.53910259501659" lon="9.342748603296956"><ele>2104.0</ele></trkpt><trkpt lat="46.53912259515344" lon="9.34265760343634"><ele>2103.3</ele></trkpt><trkpt lat="46.53916859550596" lon="9.342580603787077"><ele>2101.5</ele></trkpt><trkpt lat="46.53921359560261" lon="9.342556603884379"><ele>2101.0</ele></trkpt><trkpt lat="46.53926059583693" lon="9.342479604119335"><ele>2099.8</ele></trkpt><trkpt lat="46.539296595992994" lon="9.342442604275233"><ele>2099.0</ele></trkpt><trkpt lat="46.539333596188435" lon="9.342404604469758"><ele>2098.0</ele></trkpt><trkpt lat="46.53936159632514" lon="9.342366604606463"><ele>2097.3</ele></trkpt><trkpt lat="46.53940659638245" lon="9.34235460466459"><ele>2097.0</ele></trkpt><trkpt lat="46.53944359657781" lon="9.342303604859751"><ele>2096.0</ele></trkpt><trkpt lat="46.539453596675756" lon="9.342251604958687"><ele>2095.5</ele></trkpt><trkpt lat="46.539526597066676" lon="9.342163605348324"><ele>2093.5</ele></trkpt><trkpt lat="46.539581597300725" lon="9.342099605582561"><ele>2092.3</ele></trkpt><trkpt lat="46.539591597556175" lon="9.342022605837064"><ele>2091.0</ele></trkpt><trkpt lat="46.53963759775127" lon="9.341984606031504"><ele>2090.0</ele></trkpt><trkpt lat="46.53974759802251" lon="9.341884606305651"><ele>2088.6</ele></trkpt><trkpt lat="46.539765598199125" lon="9.341871606479794"><ele>2087.7</ele></trkpt><trkpt lat="46.53977559837567" lon="9.341780606657794"><ele>2086.8</ele></trkpt><trkpt lat="46.53979459843395" lon="9.341755606716742"><ele>2086.5</ele></trkpt><trkpt lat="46.5398305986098" lon="9.341730606891328"><ele>2085.6</ele></trkpt><trkpt lat="46.53988659904065" lon="9.34161560732095"><ele>2083.4</ele></trkpt><trkpt lat="46.53995159931366" lon="9.341513607595516"><ele>2082.0</ele></trkpt><trkpt lat="46.54002459972435" lon="9.341437608003805"><ele>2079.9</ele></trkpt><trkpt lat="46.54003359980269" lon="9.341411608082169"><ele>2079.5</ele></trkpt><trkpt lat="46.54005359999866" lon="9.341321608279308"><ele>2078.5</ele></trkpt><trkpt lat="46.54009160035152" lon="9.341231608630652"><ele>2076.7</ele></trkpt><trkpt lat="46.54017360070266" lon="9.34112960898223"><ele>2074.9</ele></trkpt><trkpt lat="46.54025660109325" lon="9.3410416093717"><ele>2072.9</ele></trkpt><trkpt lat="46.54028360126936" lon="9.341016609546333"><ele>2072.0</ele></trkpt><trkpt lat="46.54030160136714" lon="9.340990609643912"><ele>2071.5</ele></trkpt><trkpt lat="46.54032860142523" lon="9.340991609701536"><ele>2071.2</ele></trkpt><trkpt lat="46.54034660156248" lon="9.341005609835769"><ele>2070.5</ele></trkpt><trkpt lat="46.54037360165992" lon="9.340993609932603"><ele>2070.0</ele></trkpt><trkpt lat="46.54042760197315" lon="9.341021610239519"><ele>2068.4</ele></trkpt><trkpt lat="46.540436602150066" lon="9.340995610414335"><ele>2067.5</ele></trkpt><trkpt lat="46.54045560234626" lon="9.340970610608318"><ele>2066.5</ele></trkpt><trkpt lat="46.54046460226707" lon="9.340957610531705"><ele>2066.9</ele></trkpt><trkpt lat="46.54046460226707" lon="9.340957610531705"><ele>2066.9</ele></trkpt><trkpt lat="46.54039460242707" lon="9.340863610691104"><ele>2066.1</ele></trkpt><trkpt lat="46.54033260248836" lon="9.340809610752052"><ele>2065.8</ele></trkpt><trkpt lat="46.54027860249041" lon="9.340807610752561"><ele>2065.8</ele></trkpt><trkpt lat="46.540224602492316" lon="9.340766610754946"><ele>2065.8</ele></trkpt><trkpt lat="46.54018060249389" lon="9.340725610757257"><ele>2065.8</ele></trkpt><trkpt lat="46.54011860249601" lon="9.340645610761582"><ele>2065.8</ele></trkpt><trkpt lat="46.54004960259669" lon="9.34051261086497"><ele>2065.3</ele></trkpt><trkpt lat="46.54001360259793" lon="9.340472610867167"><ele>2065.3</ele></trkpt><trkpt lat="46.53998760259888" lon="9.340445610868667"><ele>2065.3</ele></trkpt><trkpt lat="46.53995260259993" lon="9.340365610872787"><ele>2065.3</ele></trkpt><trkpt lat="46.53993460260053" lon="9.340338610874225"><ele>2065.3</ele></trkpt><trkpt lat="46.539890602641485" lon="9.340298610915067"><ele>2065.1</ele></trkpt><trkpt lat="46.539837602663084" lon="9.340257610936732"><ele>2065.0</ele></trkpt><trkpt lat="46.5397926026648" lon="9.340255610937168"><ele>2065.0</ele></trkpt><trkpt lat="46.539747602666424" lon="9.340228610938814"><ele>2065.0</ele></trkpt><trkpt lat="46.539695602668104" lon="9.340134610943736"><ele>2065.0</ele></trkpt><trkpt lat="46.53965160266963" lon="9.340094610945993"><ele>2065.0</ele></trkpt><trkpt lat="46.53954460273252" lon="9.33999961100925"><ele>2064.7</ele></trkpt><trkpt lat="46.53947360281382" lon="9.339931611090222"><ele>2064.3</ele></trkpt><trkpt lat="46.53941160275692" lon="9.339890611034798"><ele>2064.6</ele></trkpt><trkpt lat="46.5393416028578" lon="9.339796611136306"><ele>2064.1</ele></trkpt><trkpt lat="46.53930660279987" lon="9.33973061108188"><ele>2064.4</ele></trkpt><trkpt lat="46.539253602860676" lon="9.339636611144671"><ele>2064.1</ele></trkpt><trkpt lat="46.53920960286215" lon="9.339570611148181"><ele>2064.1</ele></trkpt><trkpt lat="46.53913060294363" lon="9.339476611230458"><ele>2063.7</ele></trkpt><trkpt lat="46.539050603064624" lon="9.339408611350068"><ele>2063.1</ele></trkpt><trkpt lat="46.53899760306657" lon="9.339367611352444"><ele>2063.1</ele></trkpt><trkpt lat="46.5389436031474" lon="9.339365611430098"><ele>2062.7</ele></trkpt><trkpt lat="46.53890760326687" lon="9.339337611547448"><ele>2062.1</ele></trkpt><trkpt lat="46.538881603326836" lon="9.33929761160743"><ele>2061.8</ele></trkpt><trkpt lat="46.538838603466" lon="9.339192611747817"><ele>2061.1</ele></trkpt><trkpt lat="46.538803603624814" lon="9.33915161190435"><ele>2060.3</ele></trkpt><trkpt lat="46.53869660396343" lon="9.339056612237606"><ele>2058.6</ele></trkpt><trkpt lat="46.5386526041619" lon="9.339002612433404"><ele>2057.6</ele></trkpt><trkpt lat="46.53860960461626" lon="9.338884612882982"><ele>2055.3</ele></trkpt><trkpt lat="46.538575605011104" lon="9.338752613275293"><ele>2053.3</ele></trkpt><trkpt lat="46.538531605248934" lon="9.338685613510268"><ele>2052.1</ele></trkpt><trkpt lat="46.53844360564601" lon="9.338604613900529"><ele>2050.1</ele></trkpt><trkpt lat="46.538407605804935" lon="9.338603614055133"><ele>2049.3</ele></trkpt><trkpt lat="46.53838160610123" lon="9.33855061434715"><ele>2047.8</ele></trkpt><trkpt lat="46.53831060643854" lon="9.338469614679411"><ele>2046.1</ele></trkpt><trkpt lat="46.53824060665753" lon="9.33837561489656"><ele>2045.0</ele></trkpt><trkpt lat="46.53814560762551" lon="9.338124615854198"><ele>2040.1</ele></trkpt><trkpt lat="46.538119607823376" lon="9.338084616049144"><ele>2039.1</ele></trkpt><trkpt lat="46.53810160798147" lon="9.338031616206075"><ele>2038.3</ele></trkpt><trkpt lat="46.5380666080812" lon="9.338017616303421"><ele>2037.8</ele></trkpt><trkpt lat="46.53794160871596" lon="9.337921616926018"><ele>2034.6</ele></trkpt><trkpt lat="46.53789760897354" lon="9.337881617178938"><ele>2033.3</ele></trkpt><trkpt lat="46.53787060911237" lon="9.337854617315411"><ele>2032.6</ele></trkpt><trkpt lat="46.53780960940976" lon="9.337760617609579"><ele>2031.1</ele></trkpt><trkpt lat="46.53774860996317" lon="9.337615618156837"><ele>2028.3</ele></trkpt><trkpt lat="46.537669610300576" lon="9.337494618490966"><ele>2026.6</ele></trkpt><trkpt lat="46.537644610655754" lon="9.337389618843202"><ele>2024.8</ele></trkpt><trkpt lat="46.53763661085288" lon="9.337350619037933"><ele>2023.8</ele></trkpt><trkpt lat="46.537610611050674" lon="9.337297619233453"><ele>2022.8</ele></trkpt><trkpt lat="46.53758461124836" lon="9.337218619430196"><ele>2021.8</ele></trkpt><trkpt lat="46.53754861138756" lon="9.33720361956615"><ele>2021.1</ele></trkpt><trkpt lat="46.53748661158677" lon="9.337188619760145"><ele>2020.1</ele></trkpt><trkpt lat="46.537441611785326" lon="9.33716061995462"><ele>2019.1</ele></trkpt><trkpt lat="46.53737161208308" lon="9.337067620248751"><ele>2017.6</ele></trkpt><trkpt lat="46.53733661234021" lon="9.336987620503436"><ele>2016.3</ele></trkpt><trkpt lat="46.53730161257768" lon="9.336921620738181"><ele>2015.1</ele></trkpt><trkpt lat="46.53726661273644" lon="9.336881620894573"><ele>2014.3</ele></trkpt><trkpt lat="46.53724861293396" lon="9.33685462108879"><ele>2013.3</ele></trkpt><trkpt lat="46.53717961362534" lon="9.336669621772826"><ele>2009.8</ele></trkpt><trkpt lat="46.53715361362616" lon="9.33662962177489"><ele>2009.8</ele></trkpt><trkpt lat="46.537091613864646" lon="9.336574622009294"><ele>2008.6</ele></trkpt><trkpt lat="46.537046613945066" lon="9.336560622087406"><ele>2008.2</ele></trkpt><trkpt lat="46.53699361420296" lon="9.336519622340369"><ele>2006.9</ele></trkpt><trkpt lat="46.53694961451953" lon="9.336452622652315"><ele>2005.3</ele></trkpt><trkpt lat="46.53694261475587" lon="9.336361622887985"><ele>2004.1</ele></trkpt><trkpt lat="46.53692561501235" lon="9.336295623141838"><ele>2002.8</ele></trkpt><trkpt lat="46.536899615190414" lon="9.336242623318025"><ele>2001.9</ele></trkpt><trkpt lat="46.53686361544765" lon="9.336201623570842"><ele>2000.6</ele></trkpt><trkpt lat="46.53680061564693" lon="9.336199623764198"><ele>1999.6</ele></trkpt><trkpt lat="46.53674761588517" lon="9.336184623996648"><ele>1998.4</ele></trkpt><trkpt lat="46.536658616419906" lon="9.336077624522833"><ele>1995.7</ele></trkpt><trkpt lat="46.53661561671669" lon="9.335997624816066"><ele>1994.2</ele></trkpt><trkpt lat="46.53648261725289" lon="9.335849625344453"><ele>1991.5</ele></trkpt><trkpt lat="46.53638561774854" lon="9.335728625832752"><ele>1989.0</ele></trkpt><trkpt lat="46.53630561816485" lon="9.335673626240736"><ele>1986.9</ele></trkpt><trkpt lat="46.5362166184634" lon="9.335631626532507"><ele>1985.4</ele></trkpt><trkpt lat="46.536163618859064" lon="9.335564626921563"><ele>1983.4</ele></trkpt><trkpt lat="46.53605661925677" lon="9.335534627309295"><ele>1981.4</ele></trkpt><trkpt lat="46.535939619615455" lon="9.335504627658535"><ele>1979.6</ele></trkpt><trkpt lat="46.53591261981339" lon="9.335503627851564"><ele>1978.6</ele></trkpt><trkpt lat="46.53588661989301" lon="9.33547662793011"><ele>1978.2</ele></trkpt><trkpt lat="46.53586862011027" lon="9.335462628142945"><ele>1977.1</ele></trkpt><trkpt lat="46.535797620467214" lon="9.33540862849295"><ele>1975.3</ele></trkpt><trkpt lat="46.53574362072514" lon="9.335380628745241"><ele>1974.0</ele></trkpt><trkpt lat="46.53569862078582" lon="9.335365628804096"><ele>1973.7</ele></trkpt><trkpt lat="46.53562662102473" lon="9.33536362903604"><ele>1972.5</ele></trkpt><trkpt lat="46.535555621381654" lon="9.335308629386084"><ele>1970.7</ele></trkpt><trkpt lat="46.53552062152063" lon="9.335255629523711"><ele>1970.0</ele></trkpt><trkpt lat="46.53547662173868" lon="9.33520162973856"><ele>1968.9</ele></trkpt><trkpt lat="46.535423622055596" lon="9.335173630048661"><ele>1967.3</ele></trkpt><trkpt lat="46.535379622194945" lon="9.3351196301864"><ele>1966.6</ele></trkpt><trkpt lat="46.53537162249041" lon="9.335054630478593"><ele>1965.1</ele></trkpt><trkpt lat="46.535345622707815" lon="9.334988630693845"><ele>1964.0</ele></trkpt><trkpt lat="46.53531062282708" lon="9.334934630812226"><ele>1963.4</ele></trkpt><trkpt lat="46.5352476230655" lon="9.334893631045878"><ele>1962.2</ele></trkpt><trkpt lat="46.53523062322366" lon="9.334879631200852"><ele>1961.4</ele></trkpt><trkpt lat="46.53514062346323" lon="9.334876631432955"><ele>1960.2</ele></trkpt><trkpt lat="46.53510462377964" lon="9.334875631741687"><ele>1958.6</ele></trkpt><trkpt lat="46.535024624097424" lon="9.334820632053189"><ele>1957.0</ele></trkpt><trkpt lat="46.53496262439489" lon="9.334766632345243"><ele>1955.5</ele></trkpt><trkpt lat="46.534863624674074" lon="9.334736632617187"><ele>1954.1</ele></trkpt><trkpt lat="46.534819624931515" lon="9.334682632870548"><ele>1952.8</ele></trkpt><trkpt lat="46.534774625149765" lon="9.334681633082958"><ele>1951.7</ele></trkpt><trkpt lat="46.53472162548619" lon="9.334601633414659"><ele>1950.0</ele></trkpt><trkpt lat="46.53467762564522" lon="9.334573633570452"><ele>1949.2</ele></trkpt><trkpt lat="46.53459662596314" lon="9.33454463388076"><ele>1947.6</ele></trkpt><trkpt lat="46.534525626398775" lon="9.334490634307777"><ele>1945.4</ele></trkpt><trkpt lat="46.53449962653739" lon="9.334450634444703"><ele>1944.7</ele></trkpt><trkpt lat="46.53447262659744" lon="9.334436634503357"><ele>1944.4</ele></trkpt><trkpt lat="46.53442862689426" lon="9.334395634794658"><ele>1942.9</ele></trkpt><trkpt lat="46.53439362715135" lon="9.334341635047927"><ele>1941.6</ele></trkpt><trkpt lat="46.534330627370075" lon="9.334300635262256"><ele>1940.5</ele></trkpt><trkpt lat="46.53424162776701" lon="9.334258635650285"><ele>1938.5</ele></trkpt><trkpt lat="46.53423362792466" lon="9.334206635806888"><ele>1937.7</ele></trkpt><trkpt lat="46.53422462806275" lon="9.334179635943093"><ele>1937.0</ele></trkpt><trkpt lat="46.53410862836219" lon="9.33414963623439"><ele>1935.5</ele></trkpt><trkpt lat="46.53405462854129" lon="9.334134636408926"><ele>1934.6</ele></trkpt><trkpt lat="46.533859629414216" lon="9.333997637264547"><ele>1930.2</ele></trkpt><trkpt lat="46.53380562969175" lon="9.33395663753661"><ele>1928.8</ele></trkpt><trkpt lat="46.53376162994906" lon="9.333889637790495"><ele>1927.5</ele></trkpt><trkpt lat="46.53372563006851" lon="9.333888637906439"><ele>1926.9</ele></trkpt><trkpt lat="46.53369863016797" lon="9.333900638002458"><ele>1926.4</ele></trkpt><trkpt lat="46.53368063026703" lon="9.333899638098998"><ele>1925.9</ele></trkpt><trkpt lat="46.53365363034674" lon="9.333898638176334"><ele>1925.5</ele></trkpt><trkpt lat="46.53365363034674" lon="9.333898638176334"><ele>1925.5</ele></trkpt><trkpt lat="46.53357263064498" lon="9.333896638466106"><ele>1924.0</ele></trkpt><trkpt lat="46.5334566310428" lon="9.33386563885379"><ele>1922.0</ele></trkpt><trkpt lat="46.533313631599" lon="9.333795639397595"><ele>1919.2</ele></trkpt><trkpt lat="46.53320663213424" lon="9.333726639921812"><ele>1916.5</ele></trkpt><trkpt lat="46.533144632412046" lon="9.333711640192746"><ele>1915.1</ele></trkpt><trkpt lat="46.53306363274946" lon="9.333656640523413"><ele>1913.4</ele></trkpt><trkpt lat="46.532816634017564" lon="9.333400641769998"><ele>1907.0</ele></trkpt><trkpt lat="46.532727634414286" lon="9.33333164215913"><ele>1905.0</ele></trkpt><trkpt lat="46.53271063457228" lon="9.33329264231516"><ele>1904.2</ele></trkpt><trkpt lat="46.532647634712205" lon="9.333250642452368"><ele>1903.5</ele></trkpt><trkpt lat="46.53262163490992" lon="9.333210642647042"><ele>1902.5</ele></trkpt><trkpt lat="46.532577635265625" lon="9.333131642997742"><ele>1900.7</ele></trkpt><trkpt lat="46.532462635800975" lon="9.333035643523127"><ele>1898.0</ele></trkpt><trkpt lat="46.53237363605986" lon="9.332967643777277"><ele>1896.7</ele></trkpt><trkpt lat="46.53223963669443" lon="9.33292364439684"><ele>1893.5</ele></trkpt><trkpt lat="46.53212263697404" lon="9.33289364466877"><ele>1892.1</ele></trkpt><trkpt lat="46.53195363776721" lon="9.332796645445056"><ele>1888.1</ele></trkpt><trkpt lat="46.53188163810432" lon="9.332780645773866"><ele>1886.4</ele></trkpt><trkpt lat="46.53180163844174" lon="9.33273864610387"><ele>1884.7</ele></trkpt><trkpt lat="46.53173963868002" lon="9.332697646337342"><ele>1883.5</ele></trkpt><trkpt lat="46.53164963897834" lon="9.332655646628865"><ele>1882.0</ele></trkpt><trkpt lat="46.531444640028575" lon="9.332543647656513"><ele>1876.7</ele></trkpt><trkpt lat="46.53141864014755" lon="9.332529647772926"><ele>1876.1</ele></trkpt><trkpt lat="46.53131964056428" lon="9.332487648180111"><ele>1874.0</ele></trkpt><trkpt lat="46.531213641118946" lon="9.332405648723974"><ele>1871.2</ele></trkpt><trkpt lat="46.531186641356044" lon="9.33237864895657"><ele>1870.0</ele></trkpt><trkpt lat="46.53111564155521" lon="9.332336649151584"><ele>1869.0</ele></trkpt><trkpt lat="46.531043641852975" lon="9.332321649441775"><ele>1867.5</ele></trkpt><trkpt lat="46.53092764230954" lon="9.332264649888247"><ele>1865.2</ele></trkpt><trkpt lat="46.530865642547894" lon="9.332236650121118"><ele>1864.0</ele></trkpt><trkpt lat="46.530793642806216" lon="9.332221650372766"><ele>1862.7</ele></trkpt><trkpt lat="46.53073964304427" lon="9.332193650605582"><ele>1861.5</ele></trkpt><trkpt lat="46.5306416435003" lon="9.33216365105074"><ele>1859.2</ele></trkpt><trkpt lat="46.53058764373836" lon="9.332148651282987"><ele>1858.0</ele></trkpt><trkpt lat="46.53057064377818" lon="9.332122651322765"><ele>1857.8</ele></trkpt><trkpt lat="46.53051664409493" lon="9.332081651633208"><ele>1856.2</ele></trkpt><trkpt lat="46.53047264429313" lon="9.332027651828529"><ele>1855.2</ele></trkpt><trkpt lat="46.53043764456984" lon="9.332000652099696"><ele>1853.8</ele></trkpt><trkpt lat="46.53032964488842" lon="9.331970652410025"><ele>1852.2</ele></trkpt><trkpt lat="46.53022264540381" lon="9.331940652913028"><ele>1849.6</ele></trkpt><trkpt lat="46.53018664554281" lon="9.331939653048192"><ele>1848.9</ele></trkpt><trkpt lat="46.53010564601805" lon="9.331936653511319"><ele>1846.5</ele></trkpt><trkpt lat="46.53005164621671" lon="9.331934653704456"><ele>1845.5</ele></trkpt><trkpt lat="46.52999764645463" lon="9.331893653937803"><ele>1844.3</ele></trkpt><trkpt lat="46.52980164720903" lon="9.331782654676081"><ele>1840.5</ele></trkpt><trkpt lat="46.52972164760527" lon="9.331727655064336"><ele>1838.5</ele></trkpt><trkpt lat="46.52960564810128" lon="9.331710655547544"><ele>1836.0</ele></trkpt><trkpt lat="46.52955164829989" lon="9.331695655741227"><ele>1835.0</ele></trkpt><trkpt lat="46.529470648696275" lon="9.331679656127811"><ele>1833.0</ele></trkpt><trkpt lat="46.529389648994304" lon="9.33170265641639"><ele>1831.5</ele></trkpt><trkpt lat="46.5293076493121" lon="9.331738656723694"><ele>1829.9</ele></trkpt><trkpt lat="46.529262649530104" lon="9.331737656935989"><ele>1828.8</ele></trkpt><trkpt lat="46.52922664970856" lon="9.331762657108577"><ele>1827.9</ele></trkpt><trkpt lat="46.529190649887006" lon="9.331773657281756"><ele>1827.0</ele></trkpt><trkpt lat="46.52911865016499" lon="9.331771657552082"><ele>1825.6</ele></trkpt><trkpt lat="46.529064650363544" lon="9.33174365774631"><ele>1824.6</ele></trkpt><trkpt lat="46.529011650621015" lon="9.33166365800054"><ele>1823.3</ele></trkpt><trkpt lat="46.528958650898204" lon="9.331609658272932"><ele>1821.9</ele></trkpt><trkpt lat="46.52892365109612" lon="9.331582658466985"><ele>1820.9</ele></trkpt><trkpt lat="46.52886965129475" lon="9.331580658660105"><ele>1819.9</ele></trkpt><trkpt lat="46.52878865167137" lon="9.331564659027404"><ele>1818.0</ele></trkpt><trkpt lat="46.528734651850286" lon="9.331549659201801"><ele>1817.1</ele></trkpt><trkpt lat="46.528627652286865" lon="9.331532659627117"><ele>1814.9</ele></trkpt><trkpt lat="46.52854665264382" lon="9.33151665997514"><ele>1813.1</ele></trkpt><trkpt lat="46.52847565288226" lon="9.331475660208547"><ele>1811.9</ele></trkpt><trkpt lat="46.52841265319922" lon="9.331446660518461"><ele>1810.3</ele></trkpt><trkpt lat="46.52831365365513" lon="9.331430660962932"><ele>1808.0</ele></trkpt><trkpt lat="46.528188654092226" lon="9.331399661388934"><ele>1805.8</ele></trkpt><trkpt lat="46.528063654726026" lon="9.331330662009197"><ele>1802.6</ele></trkpt><trkpt lat="46.527974655122435" lon="9.33127566239742"><ele>1800.6</ele></trkpt><trkpt lat="46.52793065537968" lon="9.33123466264989"><ele>1799.3</ele></trkpt><trkpt lat="46.52782565595343" lon="9.331061663216532"><ele>1796.4</ele></trkpt><trkpt lat="46.527746656428036" lon="9.330928663684986"><ele>1794.0</ele></trkpt><trkpt lat="46.527642657277156" lon="9.330702664523493"><ele>1789.7</ele></trkpt><trkpt lat="46.52760765747495" lon="9.330623664719658"><ele>1788.7</ele></trkpt><trkpt lat="46.52758165747571" lon="9.330596664720954"><ele>1788.7</ele></trkpt><trkpt lat="46.52754565753578" lon="9.330556664780648"><ele>1788.4</ele></trkpt><trkpt lat="46.527492657537415" lon="9.330515664782704"><ele>1788.4</ele></trkpt><trkpt lat="46.52743865753917" lon="9.330500664783683"><ele>1788.4</ele></trkpt><trkpt lat="46.52738565754079" lon="9.330459664785739"><ele>1788.4</ele></trkpt><trkpt lat="46.52734965754196" lon="9.330444664786597"><ele>1788.4</ele></trkpt><trkpt lat="46.527304657602464" lon="9.330430664845272"><ele>1788.1</ele></trkpt><trkpt lat="46.52726065774158" lon="9.330402664981573"><ele>1787.4</ele></trkpt><trkpt lat="46.52722465799847" lon="9.330362665233903"><ele>1786.1</ele></trkpt><trkpt lat="46.527153658197534" lon="9.330307665429299"><ele>1785.1</ele></trkpt><trkpt lat="46.52712665825743" lon="9.330306665487305"><ele>1784.8</ele></trkpt><trkpt lat="46.527082658435866" lon="9.330279665662093"><ele>1783.9</ele></trkpt><trkpt lat="46.52702865843766" lon="9.330277665662532"><ele>1783.9</ele></trkpt><trkpt lat="46.52697465863621" lon="9.330275665855604"><ele>1782.9</ele></trkpt><trkpt lat="46.5269296587754" lon="9.330247665991909"><ele>1782.2</ele></trkpt><trkpt lat="46.52685765889589" lon="9.33025866610751"><ele>1781.6</ele></trkpt><trkpt lat="46.52683965903423" lon="9.330257666242517"><ele>1780.9</ele></trkpt><trkpt lat="46.52677665915437" lon="9.330255666358594"><ele>1780.3</ele></trkpt><trkpt lat="46.5267316592149" lon="9.330266666416223"><ele>1780.0</ele></trkpt><trkpt lat="46.526695659294795" lon="9.330252666494093"><ele>1779.6</ele></trkpt><trkpt lat="46.526632659277105" lon="9.330250666475328"><ele>1779.7</ele></trkpt><trkpt lat="46.526632659277105" lon="9.330250666475328"><ele>1779.7</ele></trkpt><trkpt lat="46.52660665933691" lon="9.330210666534942"><ele>1779.4</ele></trkpt><trkpt lat="46.5265616595155" lon="9.330208666708689"><ele>1778.5</ele></trkpt><trkpt lat="46.52646265979435" lon="9.330231666978083"><ele>1777.1</ele></trkpt><trkpt lat="46.52644465983424" lon="9.330217667017306"><ele>1776.9</ele></trkpt><trkpt lat="46.526390659934385" lon="9.3302026671146"><ele>1776.4</ele></trkpt><trkpt lat="46.52636365999428" lon="9.330214667172067"><ele>1776.1</ele></trkpt><trkpt lat="46.526309660094476" lon="9.330226667268244"><ele>1775.6</ele></trkpt><trkpt lat="46.52627265983998" lon="9.330263667016535"><ele>1776.9</ele></trkpt><trkpt lat="46.526218659841746" lon="9.33026266701693"><ele>1776.9</ele></trkpt><trkpt lat="46.5261736599023" lon="9.330286667074025"><ele>1776.6</ele></trkpt><trkpt lat="46.52608366000362" lon="9.33027066717159"><ele>1776.1</ele></trkpt><trkpt lat="46.52600266010476" lon="9.330293667267489"><ele>1775.6</ele></trkpt><trkpt lat="46.525993660203426" lon="9.330293667363867"><ele>1775.1</ele></trkpt><trkpt lat="46.525966660342064" lon="9.33030566749839"><ele>1774.4</ele></trkpt><trkpt lat="46.525939660441296" lon="9.330291667595462"><ele>1773.9</ele></trkpt><trkpt lat="46.52591266063898" lon="9.330290667788319"><ele>1772.9</ele></trkpt><trkpt lat="46.525885660738176" lon="9.330263667885921"><ele>1772.4</ele></trkpt><trkpt lat="46.52582266107478" lon="9.330261668213891"><ele>1770.7</ele></trkpt><trkpt lat="46.52579666127233" lon="9.33024766840727"><ele>1769.7</ele></trkpt><trkpt lat="46.52575166152952" lon="9.33021966865914"><ele>1768.4</ele></trkpt><trkpt lat="46.52571666162891" lon="9.330179668757332"><ele>1767.9</ele></trkpt><trkpt lat="46.52568066172849" lon="9.330164668854497"><ele>1767.4</ele></trkpt><trkpt lat="46.52564566176881" lon="9.330111668895432"><ele>1767.2</ele></trkpt><trkpt lat="46.52561066182886" lon="9.330058668955623"><ele>1766.9</ele></trkpt><trkpt lat="46.5255846618885" lon="9.329966669017361"><ele>1766.6</ele></trkpt><trkpt lat="46.525577661927805" lon="9.329848669060773"><ele>1766.4</ele></trkpt><trkpt lat="46.525577661927805" lon="9.329848669060773"><ele>1766.4</ele></trkpt><trkpt lat="46.525460661872685" lon="9.329896669001782"><ele>1766.7</ele></trkpt><trkpt lat="46.525460661872685" lon="9.329896669001782"><ele>1766.7</ele></trkpt><trkpt lat="46.52539666179609" lon="9.329907668924696"><ele>1767.1</ele></trkpt><trkpt lat="46.52539666179609" lon="9.329907668924696"><ele>1767.1</ele></trkpt><trkpt lat="46.5252516616239" lon="9.329967668749815"><ele>1768.0</ele></trkpt><trkpt lat="46.5252516616239" lon="9.329967668749815"><ele>1768.0</ele></trkpt><trkpt lat="46.524690660816375" lon="9.330195667935069"><ele>1772.2</ele></trkpt><trkpt lat="46.52457266066291" lon="9.330217667780833"><ele>1773.0</ele></trkpt><trkpt lat="46.52450966056659" lon="9.330228667684478"><ele>1773.5</ele></trkpt><trkpt lat="46.52450966056659" lon="9.330228667684478"><ele>1773.5</ele></trkpt><trkpt lat="46.5245476606044" lon="9.330125667727001"><ele>1773.3</ele></trkpt><trkpt lat="46.524575660465615" lon="9.330061667594617"><ele>1774.0</ele></trkpt><trkpt lat="46.52465865999028" lon="9.329920667137598"><ele>1776.4</ele></trkpt><trkpt lat="46.52474265957395" lon="9.329767666738867"><ele>1778.5</ele></trkpt><trkpt lat="46.52479865929631" lon="9.329651666473634"><ele>1779.9</ele></trkpt><trkpt lat="46.524808659138344" lon="9.32956066632324"><ele>1780.7</ele></trkpt><trkpt lat="46.524810658980584" lon="9.329443666173987"><ele>1781.5</ele></trkpt><trkpt lat="46.52479565884296" lon="9.32929966604522"><ele>1782.2</ele></trkpt><trkpt lat="46.52479565884296" lon="9.32929966604522"><ele>1782.2</ele></trkpt><trkpt lat="46.52479665884274" lon="9.329247666047369"><ele>1782.2</ele></trkpt><trkpt lat="46.524805658862" lon="9.32919566606872"><ele>1782.1</ele></trkpt><trkpt lat="46.524833658821606" lon="9.329144666032134"><ele>1782.3</ele></trkpt><trkpt lat="46.52487965880035" lon="9.329120666013564"><ele>1782.4</ele></trkpt><trkpt lat="46.524933658739506" lon="9.329109665955883"><ele>1782.7</ele></trkpt><trkpt lat="46.52503265861807" lon="9.329073665841163"><ele>1783.3</ele></trkpt><trkpt lat="46.52511465857589" lon="9.329011665804671"><ele>1783.5</ele></trkpt><trkpt lat="46.52526965857042" lon="9.328886665808835"><ele>1783.5</ele></trkpt><trkpt lat="46.52534365858743" lon="9.328810665830757"><ele>1783.4</ele></trkpt><trkpt lat="46.52544465864286" lon="9.328683665893138"><ele>1783.1</ele></trkpt><trkpt lat="46.52553565861995" lon="9.328595665876927"><ele>1783.2</ele></trkpt><trkpt lat="46.52563565863618" lon="9.3285336658981"><ele>1783.1</ele></trkpt><trkpt lat="46.52563565863618" lon="9.3285336658981"><ele>1783.1</ele></trkpt><trkpt lat="46.525644658616216" lon="9.32853466587874"><ele>1783.2</ele></trkpt><trkpt lat="46.52567165871372" lon="9.328548665974276"><ele>1782.7</ele></trkpt><trkpt lat="46.52571665877133" lon="9.328562666031178"><ele>1782.4</ele></trkpt><trkpt lat="46.52575265877009" lon="9.328537666031979"><ele>1782.4</ele></trkpt><trkpt lat="46.52580765884692" lon="9.328513666109648"><ele>1782.0</ele></trkpt><trkpt lat="46.52588865896231" lon="9.328503666225084"><ele>1781.4</ele></trkpt><trkpt lat="46.526015659056334" lon="9.32844266632307"><ele>1780.9</ele></trkpt><trkpt lat="46.52615065911085" lon="9.328395666381901"><ele>1780.6</ele></trkpt><trkpt lat="46.52627765936244" lon="9.328373666632348"><ele>1779.3</ele></trkpt><trkpt lat="46.52652065964962" lon="9.328356666920344"><ele>1777.8</ele></trkpt><trkpt lat="46.52661965972507" lon="9.32834666699714"><ele>1777.4</ele></trkpt><trkpt lat="46.52671965989876" lon="9.328284667172376"><ele>1776.5</ele></trkpt><trkpt lat="46.52684666013055" lon="9.328224667405125"><ele>1775.3</ele></trkpt><trkpt lat="46.52696566022483" lon="9.32812366750481"><ele>1774.8</ele></trkpt><trkpt lat="46.527002660262816" lon="9.328073667545148"><ele>1774.6</ele></trkpt><trkpt lat="46.527038660359935" lon="9.328035667642771"><ele>1774.1</ele></trkpt><trkpt lat="46.527093660279334" lon="9.327998667566902"><ele>1774.5</ele></trkpt><trkpt lat="46.527166660217766" lon="9.327948667510716"><ele>1774.8</ele></trkpt><trkpt lat="46.52726766021412" lon="9.327821667515291"><ele>1774.8</ele></trkpt><trkpt lat="46.52731366017312" lon="9.327771667478537"><ele>1775.0</ele></trkpt><trkpt lat="46.52737766017087" lon="9.327708667480717"><ele>1775.0</ele></trkpt><trkpt lat="46.52745966016789" lon="9.32760666748439"><ele>1775.0</ele></trkpt><trkpt lat="46.52751566032329" lon="9.327517667641754"><ele>1774.2</ele></trkpt><trkpt lat="46.52755266042035" lon="9.3274666677399"><ele>1773.7</ele></trkpt><trkpt lat="46.527588660596166" lon="9.32741566791508"><ele>1772.8</ele></trkpt><trkpt lat="46.52760766075291" lon="9.327390668070047"><ele>1772.0</ele></trkpt><trkpt lat="46.52763466081106" lon="9.327378668128135"><ele>1771.7</ele></trkpt><trkpt lat="46.52767166084914" lon="9.327340668167972"><ele>1771.5</ele></trkpt><trkpt lat="46.52768066077005" lon="9.327327668091419"><ele>1771.9</ele></trkpt><trkpt lat="46.52774366055143" lon="9.327290667880703"><ele>1773.0</ele></trkpt><trkpt lat="46.52779866029371" lon="9.32727966763046"><ele>1774.3</ele></trkpt><trkpt lat="46.527897660526676" lon="9.327283667860726"><ele>1773.1</ele></trkpt><trkpt lat="46.52801366060169" lon="9.32731366793576"><ele>1772.7</ele></trkpt><trkpt lat="46.52808566083561" lon="9.327341668165223"><ele>1771.5</ele></trkpt><trkpt lat="46.52813066089314" lon="9.327330668223155"><ele>1771.2</ele></trkpt><trkpt lat="46.52815766095134" lon="9.327331668280708"><ele>1770.9</ele></trkpt><trkpt lat="46.52824666116503" lon="9.327360668490762"><ele>1769.8</ele></trkpt><trkpt lat="46.52831866126117" lon="9.327388668585428"><ele>1769.3</ele></trkpt><trkpt lat="46.528389661377034" lon="9.327417668699317"><ele>1768.7</ele></trkpt><trkpt lat="46.52856066162737" lon="9.327436668947767"><ele>1767.4</ele></trkpt><trkpt lat="46.5286956619773" lon="9.32744166929332"><ele>1765.6</ele></trkpt><trkpt lat="46.5288026624463" lon="9.327458669754112"><ele>1763.2</ele></trkpt><trkpt lat="46.528857662660954" lon="9.327433669966615"><ele>1762.1</ele></trkpt><trkpt lat="46.52892166309179" lon="9.327383670391916"><ele>1759.9</ele></trkpt><trkpt lat="46.52904866379613" lon="9.327310671087348"><ele>1756.3</ele></trkpt><trkpt lat="46.52923066487256" lon="9.327173672150913"><ele>1750.8</ele></trkpt><trkpt lat="46.529285665047745" lon="9.327122672325947"><ele>1749.9</ele></trkpt><trkpt lat="46.52930466516518" lon="9.327084672442915"><ele>1749.3</ele></trkpt><trkpt lat="46.52939566567379" lon="9.326996672946587"><ele>1746.7</ele></trkpt><trkpt lat="46.52951466612245" lon="9.326870673393836"><ele>1744.4</ele></trkpt><trkpt lat="46.52959766651319" lon="9.326755673783097"><ele>1742.4</ele></trkpt><trkpt lat="46.52963466662992" lon="9.326691673900987"><ele>1741.8</ele></trkpt><trkpt lat="46.52972566688271" lon="9.326616674153767"><ele>1740.5</ele></trkpt><trkpt lat="46.52975366699988" lon="9.326591674270134"><ele>1739.9</ele></trkpt><trkpt lat="46.52977166707794" lon="9.326553674348581"><ele>1739.5</ele></trkpt><trkpt lat="46.529790667077314" lon="9.326540674348989"><ele>1739.5</ele></trkpt><trkpt lat="46.52983566723332" lon="9.326529674503192"><ele>1738.7</ele></trkpt><trkpt lat="46.52986266727176" lon="9.326517674542012"><ele>1738.5</ele></trkpt><trkpt lat="46.52991566760483" lon="9.326545674867898"><ele>1736.8</ele></trkpt><trkpt lat="46.53001566787721" lon="9.326535675137245"><ele>1735.4</ele></trkpt><trkpt lat="46.53005166797452" lon="9.326536675233253"><ele>1734.9</ele></trkpt><trkpt lat="46.530159668266315" lon="9.326514675522294"><ele>1733.4</ele></trkpt><trkpt lat="46.53030366865542" lon="9.32650667590682"><ele>1731.4</ele></trkpt><trkpt lat="46.53048366890554" lon="9.326486676156806"><ele>1730.1</ele></trkpt><trkpt lat="46.53055566906077" lon="9.326489676310272"><ele>1729.3</ele></trkpt><trkpt lat="46.53058266911902" lon="9.326490676367829"><ele>1729.0</ele></trkpt><trkpt lat="46.530654669274206" lon="9.326492676521337"><ele>1728.2</ele></trkpt><trkpt lat="46.5307266692719" lon="9.32648267652128"><ele>1728.2</ele></trkpt><trkpt lat="46.5308076694268" lon="9.326484676674733"><ele>1727.4</ele></trkpt><trkpt lat="46.53083466948506" lon="9.32649867673177"><ele>1727.1</ele></trkpt><trkpt lat="46.530870669543056" lon="9.326526676788182"><ele>1726.8</ele></trkpt><trkpt lat="46.530968669756575" lon="9.32655567699822"><ele>1725.7</ele></trkpt><trkpt lat="46.53101366979451" lon="9.326544677036887"><ele>1725.5</ele></trkpt><trkpt lat="46.53112267000745" lon="9.326482677250498"><ele>1724.4</ele></trkpt><trkpt lat="46.53120467012286" lon="9.326433677367481"><ele>1723.8</ele></trkpt><trkpt lat="46.5312686701798" lon="9.326396677426322"><ele>1723.5</ele></trkpt><trkpt lat="46.53129567021823" lon="9.326371677465662"><ele>1723.3</ele></trkpt><trkpt lat="46.531376670432294" lon="9.32638767767633"><ele>1722.2</ele></trkpt><trkpt lat="46.531520670919924" lon="9.326379678157144"><ele>1719.7</ele></trkpt><trkpt lat="46.53159267109478" lon="9.32634267833147"><ele>1718.8</ele></trkpt><trkpt lat="46.53167467134814" lon="9.326332678581682"><ele>1717.5</ele></trkpt><trkpt lat="46.53171967152386" lon="9.326308678755662"><ele>1716.6</ele></trkpt><trkpt lat="46.531755671562124" lon="9.326309678793905"><ele>1716.4</ele></trkpt><trkpt lat="46.53179167173814" lon="9.326310678966946"><ele>1715.5</ele></trkpt><trkpt lat="46.5318186718357" lon="9.326285679064053"><ele>1715.0</ele></trkpt><trkpt lat="46.53186367199184" lon="9.326300679217224"><ele>1714.2</ele></trkpt><trkpt lat="46.531909672167515" lon="9.326275679391234"><ele>1713.3</ele></trkpt><trkpt lat="46.531972672441164" lon="9.32626467966086"><ele>1711.9</ele></trkpt><trkpt lat="46.53211767243632" lon="9.326165679663879"><ele>1711.9</ele></trkpt><trkpt lat="46.53222667237368" lon="9.32611767960733"><ele>1712.2</ele></trkpt><trkpt lat="46.532280672312844" lon="9.326093679550176"><ele>1712.5</ele></trkpt><trkpt lat="46.53230867223315" lon="9.32606767947401"><ele>1712.9</ele></trkpt><trkpt lat="46.532335672173254" lon="9.326081679415513"><ele>1713.2</ele></trkpt><trkpt lat="46.53235367203481" lon="9.326056679281601"><ele>1713.9</ele></trkpt><trkpt lat="46.53238967209276" lon="9.326070679338583"><ele>1713.6</ele></trkpt><trkpt lat="46.532442672229" lon="9.326098679471926"><ele>1712.9</ele></trkpt><trkpt lat="46.53254167230473" lon="9.32612867954713"><ele>1712.5</ele></trkpt><trkpt lat="46.53261367240096" lon="9.326130679642876"><ele>1712.0</ele></trkpt><trkpt lat="46.532721672673155" lon="9.326121679912136"><ele>1710.6</ele></trkpt><trkpt lat="46.53277567282905" lon="9.326123680065765"><ele>1709.8</ele></trkpt><trkpt lat="46.5328646731611" lon="9.326178680390381"><ele>1708.1</ele></trkpt><trkpt lat="46.532926673277416" lon="9.326206680504416"><ele>1707.5</ele></trkpt><trkpt lat="46.53295367339466" lon="9.326207680619747"><ele>1706.9</ele></trkpt><trkpt lat="46.53299067347221" lon="9.326169680698044"><ele>1706.5</ele></trkpt><trkpt lat="46.53303667360849" lon="9.326119680834534"><ele>1705.8</ele></trkpt><trkpt lat="46.53310067372449" lon="9.326069680951651"><ele>1705.2</ele></trkpt><trkpt lat="46.53323567373986" lon="9.326022680971919"><ele>1705.1</ele></trkpt><trkpt lat="46.533389674089406" lon="9.326001681318393"><ele>1703.3</ele></trkpt><trkpt lat="46.53348867440137" lon="9.325991681626265"><ele>1701.7</ele></trkpt><trkpt lat="46.533578674457615" lon="9.32599468168335"><ele>1701.4</ele></trkpt><trkpt lat="46.53365067435687" lon="9.325984681587006"><ele>1701.9</ele></trkpt><trkpt lat="46.53367767429698" lon="9.325972681529546"><ele>1702.2</ele></trkpt><trkpt lat="46.53376767427444" lon="9.32598868150909"><ele>1702.3</ele></trkpt><trkpt lat="46.5338576745474" lon="9.32600468177748"><ele>1700.9</ele></trkpt><trkpt lat="46.53396467454409" lon="9.326021681776139"><ele>1700.9</ele></trkpt><trkpt lat="46.53408167459953" lon="9.326025681833015"><ele>1700.6</ele></trkpt><trkpt lat="46.5341446749915" lon="9.326053682216644"><ele>1698.6</ele></trkpt><trkpt lat="46.53422467518611" lon="9.326121682406033"><ele>1697.6</ele></trkpt><trkpt lat="46.53427767524358" lon="9.326136682462876"><ele>1697.3</ele></trkpt><trkpt lat="46.534636675311376" lon="9.326214682534577"><ele>1696.9</ele></trkpt><trkpt lat="46.53469067532944" lon="9.326229682552905"><ele>1696.8</ele></trkpt><trkpt lat="46.53470767534863" lon="9.326255682571029"><ele>1696.7</ele></trkpt><trkpt lat="46.53470767534863" lon="9.326255682571029"><ele>1696.7</ele></trkpt><trkpt lat="46.534752675386585" lon="9.326244682609694"><ele>1696.5</ele></trkpt><trkpt lat="46.53480667538492" lon="9.326259682608766"><ele>1696.5</ele></trkpt><trkpt lat="46.535613676226795" lon="9.326417683444832"><ele>1692.1</ele></trkpt><trkpt lat="46.53580267643762" lon="9.326437683654706"><ele>1691.0</ele></trkpt><trkpt lat="46.53589267649388" lon="9.32642768371231"><ele>1690.7</ele></trkpt><trkpt lat="46.53599267656954" lon="9.326404683789624"><ele>1690.3</ele></trkpt><trkpt lat="46.53599267656954" lon="9.326404683789624"><ele>1690.3</ele></trkpt><trkpt lat="46.536028676607735" lon="9.326393683828343"><ele>1690.1</ele></trkpt><trkpt lat="46.536236676798104" lon="9.326322684022413"><ele>1689.1</ele></trkpt><trkpt lat="46.536553677122804" lon="9.326202684352518"><ele>1687.4</ele></trkpt><trkpt lat="46.53670767725579" lon="9.326143684488676"><ele>1686.7</ele></trkpt><trkpt lat="46.53690667746607" lon="9.326071684702095"><ele>1685.6</ele></trkpt><trkpt lat="46.53690667746607" lon="9.326071684702095"><ele>1685.6</ele></trkpt><trkpt lat="46.536914677466" lon="9.326124684699964"><ele>1685.6</ele></trkpt><trkpt lat="46.536877677743064" lon="9.326175684967815"><ele>1684.2</ele></trkpt><trkpt lat="46.536831678197764" lon="9.326264685407558"><ele>1681.9</ele></trkpt><trkpt lat="46.5368126783955" lon="9.326303685598742"><ele>1680.9</ele></trkpt><trkpt lat="46.53681167853352" lon="9.326342685732033"><ele>1680.2</ele></trkpt><trkpt lat="46.53681167853352" lon="9.326342685732033"><ele>1680.2</ele></trkpt><trkpt lat="46.53684767884766" lon="9.326369686038895"><ele>1678.6</ele></trkpt><trkpt lat="46.537017679807875" lon="9.326440686978755"><ele>1673.7</ele></trkpt><trkpt lat="46.537080679983276" lon="9.326442687151612"><ele>1672.8</ele></trkpt><trkpt lat="46.53744068103594" lon="9.326416688190372"><ele>1667.4</ele></trkpt><trkpt lat="46.537621681463754" lon="9.326383688614234"><ele>1665.2</ele></trkpt><trkpt lat="46.53800968216083" lon="9.32627968930918"><ele>1661.6</ele></trkpt><trkpt lat="46.53819968258831" lon="9.326208689734443"><ele>1659.4</ele></trkpt><trkpt lat="46.53848168322944" lon="9.326035690374901"><ele>1656.1</ele></trkpt><trkpt lat="46.53871768375397" lon="9.325913690898123"><ele>1653.4</ele></trkpt><trkpt lat="46.5388626840252" lon="9.325840691169642"><ele>1652.0</ele></trkpt><trkpt lat="46.539062684609924" lon="9.325716691750914"><ele>1649.0</ele></trkpt><trkpt lat="46.53918968503947" lon="9.325668692175652"><ele>1646.8</ele></trkpt><trkpt lat="46.53930668562699" lon="9.325659692753014"><ele>1643.8</ele></trkpt><trkpt lat="46.53955868674266" lon="9.325694693847863"><ele>1638.1</ele></trkpt><trkpt lat="46.53971968766401" lon="9.325713694751302"><ele>1633.4</ele></trkpt><trkpt lat="46.53984568825149" lon="9.325743695327153"><ele>1630.4</ele></trkpt><trkpt lat="46.54009568970243" lon="9.32584369674701"><ele>1623.0</ele></trkpt><trkpt lat="46.540336690818826" lon="9.325956697839077"><ele>1617.3</ele></trkpt><trkpt lat="46.54059569199384" lon="9.326083698988334"><ele>1611.3</ele></trkpt><trkpt lat="46.54089869322693" lon="9.32628970019222"><ele>1605.0</ele></trkpt><trkpt lat="46.54124469451815" lon="9.32656270145122"><ele>1598.4</ele></trkpt><trkpt lat="46.54140469488815" lon="9.32668570181168"><ele>1596.5</ele></trkpt><trkpt lat="46.54161869525662" lon="9.326796702172272"><ele>1594.6</ele></trkpt><trkpt lat="46.54169869553036" lon="9.32686470243895"><ele>1593.2</ele></trkpt><trkpt lat="46.54177769574508" lon="9.326971702646414"><ele>1592.1</ele></trkpt><trkpt lat="46.54187469605794" lon="9.327118702948619"><ele>1590.5</ele></trkpt><trkpt lat="46.54191769627378" lon="9.327237703155864"><ele>1589.4</ele></trkpt><trkpt lat="46.5419496966084" lon="9.327434703475893"><ele>1587.7</ele></trkpt><trkpt lat="46.54199169698207" lon="9.327631703834408"><ele>1585.8</ele></trkpt><trkpt lat="46.5420266970798" lon="9.327697703928097"><ele>1585.3</ele></trkpt><trkpt lat="46.542079697295144" lon="9.327738704138186"><ele>1584.2</ele></trkpt><trkpt lat="46.54211569751097" lon="9.327753704349329"><ele>1583.1</ele></trkpt><trkpt lat="46.54234069880522" lon="9.327734705620149"><ele>1576.5</ele></trkpt><trkpt lat="46.54258469988213" lon="9.327678706680306"><ele>1571.0</ele></trkpt><trkpt lat="46.54285670099755" lon="9.327570707780714"><ele>1565.3</ele></trkpt><trkpt lat="46.543065701917655" lon="9.327421708690308"><ele>1560.6</ele></trkpt><trkpt lat="46.54316670222986" lon="9.327307709002069"><ele>1559.0</ele></trkpt><trkpt lat="46.5435157035594" lon="9.32691571032409"><ele>1552.2</ele></trkpt><trkpt lat="46.54366270414616" lon="9.32672471090799"><ele>1549.2</ele></trkpt><trkpt lat="46.543827704633806" lon="9.326521711395888"><ele>1546.7</ele></trkpt><trkpt lat="46.54409370559153" lon="9.326218712349032"><ele>1541.8</ele></trkpt><trkpt lat="46.544304706353905" lon="9.325977713107616"><ele>1537.9</ele></trkpt><trkpt lat="46.544533707155175" lon="9.325737713904543"><ele>1533.8</ele></trkpt><trkpt lat="46.5447347077406" lon="9.325575714486964"><ele>1530.8</ele></trkpt><trkpt lat="46.54496270799006" lon="9.325387714742714"><ele>1529.5</ele></trkpt><trkpt lat="46.545107708261774" lon="9.32528871501503"><ele>1528.1</ele></trkpt><trkpt lat="46.54526170859253" lon="9.325241715343237"><ele>1526.4</ele></trkpt><trkpt lat="46.54545170896167" lon="9.325183715710143"><ele>1524.5</ele></trkpt><trkpt lat="46.545560709431726" lon="9.32514771617303"><ele>1522.1</ele></trkpt><trkpt lat="46.54566970968478" lon="9.325047716426312"><ele>1520.8</ele></trkpt><trkpt lat="46.54566970968478" lon="9.325047716426312"><ele>1520.8</ele></trkpt><trkpt lat="46.54577971003634" lon="9.324920716776829"><ele>1519.0</ele></trkpt><trkpt lat="46.54591671038721" lon="9.324808717126661"><ele>1517.2</ele></trkpt><trkpt lat="46.54603571067938" lon="9.324694717418877"><ele>1515.7</ele></trkpt><trkpt lat="46.54623571116646" lon="9.324558717903983"><ele>1513.2</ele></trkpt><trkpt lat="46.54631771134148" lon="9.324482718079514"><ele>1512.3</ele></trkpt><trkpt lat="46.54640071159532" lon="9.324394718332483"><ele>1511.0</ele></trkpt><trkpt lat="46.54653871202488" lon="9.32420371876207"><ele>1508.8</ele></trkpt><trkpt lat="46.546695712493225" lon="9.323961719231814"><ele>1506.4</ele></trkpt><trkpt lat="46.546695712493225" lon="9.323961719231814"><ele>1506.4</ele></trkpt><trkpt lat="46.546917713176434" lon="9.323577719917948"><ele>1502.9</ele></trkpt><trkpt lat="46.54755271386704" lon="9.322765720635829"><ele>1499.3</ele></trkpt><trkpt lat="46.547606713786564" lon="9.322728720559793"><ele>1499.7</ele></trkpt><trkpt lat="46.547606713786564" lon="9.322728720559793"><ele>1499.7</ele></trkpt><trkpt lat="46.547581713747675" lon="9.322648720524201"><ele>1499.9</ele></trkpt><trkpt lat="46.547581713747675" lon="9.322648720524201"><ele>1499.9</ele></trkpt><trkpt lat="46.547599713747054" lon="9.322610720525423"><ele>1499.9</ele></trkpt><trkpt lat="46.54761071388458" lon="9.322493720664204"><ele>1499.2</ele></trkpt><trkpt lat="46.54762071398278" lon="9.322441720762223"><ele>1498.7</ele></trkpt><trkpt lat="46.547630714080974" lon="9.322376720860692"><ele>1498.2</ele></trkpt><trkpt lat="46.54766871421776" lon="9.32228672099838"><ele>1497.5</ele></trkpt><trkpt lat="46.54766871421776" lon="9.32228672099838"><ele>1497.5</ele></trkpt><trkpt lat="46.54773971431449" lon="9.32231572109325"><ele>1497.0</ele></trkpt><trkpt lat="46.54781071456909" lon="9.322383721340799"><ele>1495.7</ele></trkpt><trkpt lat="46.54788171474466" lon="9.322411721512719"><ele>1494.8</ele></trkpt><trkpt lat="46.54793571507853" lon="9.322439721838773"><ele>1493.1</ele></trkpt><trkpt lat="46.54804471513459" lon="9.322391721897588"><ele>1492.8</ele></trkpt><trkpt lat="46.54808971517278" lon="9.32237972193626"><ele>1492.6</ele></trkpt><trkpt lat="46.548152715289355" lon="9.322368722051818"><ele>1492.0</ele></trkpt><trkpt lat="46.54825171581922" lon="9.322398722570098"><ele>1489.3</ele></trkpt><trkpt lat="46.54828771585766" lon="9.322386722608817"><ele>1489.1</ele></trkpt><trkpt lat="46.54831471589634" lon="9.322374722647588"><ele>1488.9</ele></trkpt><trkpt lat="46.54841471603156" lon="9.322338722783057"><ele>1488.2</ele></trkpt><trkpt lat="46.54843271607056" lon="9.322339722821429"><ele>1488.0</ele></trkpt><trkpt lat="46.54848571620721" lon="9.32236772295495"><ele>1487.3</ele></trkpt><trkpt lat="46.548503716206746" lon="9.322381722954372"><ele>1487.3</ele></trkpt><trkpt lat="46.54852971632446" lon="9.322408723068824"><ele>1486.7</ele></trkpt><trkpt lat="46.548609716637934" lon="9.322463723374561"><ele>1485.1</ele></trkpt><trkpt lat="46.548690716734434" lon="9.322504723468978"><ele>1484.6</ele></trkpt><trkpt lat="46.54873571679238" lon="9.322506723526418"><ele>1484.3</ele></trkpt><trkpt lat="46.548807716908726" lon="9.322482723642377"><ele>1483.7</ele></trkpt><trkpt lat="46.548844716907674" lon="9.322458723642997"><ele>1483.7</ele></trkpt><trkpt lat="46.54892471712242" lon="9.322460723854283"><ele>1482.6</ele></trkpt><trkpt lat="46.548987717179955" lon="9.322476723911157"><ele>1482.3</ele></trkpt><trkpt lat="46.54905971751331" lon="9.322504724237124"><ele>1480.6</ele></trkpt><trkpt lat="46.549076717631266" lon="9.322518724352081"><ele>1480.0</ele></trkpt><trkpt lat="46.5491307176891" lon="9.3225727244077"><ele>1479.7</ele></trkpt><trkpt lat="46.54915671772792" lon="9.3226127244447"><ele>1479.5</ele></trkpt><trkpt lat="46.54920071772676" lon="9.322640724443499"><ele>1479.5</ele></trkpt><trkpt lat="46.549227717726076" lon="9.322654724442868"><ele>1479.5</ele></trkpt><trkpt lat="46.54929071754692" lon="9.322682724268263"><ele>1480.4</ele></trkpt><trkpt lat="46.54933471740771" lon="9.322709724132308"><ele>1481.1</ele></trkpt><trkpt lat="46.54933471740771" lon="9.322709724132308"><ele>1481.1</ele></trkpt><trkpt lat="46.54932671750647" lon="9.322683724229517"><ele>1480.6</ele></trkpt><trkpt lat="46.54929971772409" lon="9.322643724442846"><ele>1479.5</ele></trkpt><trkpt lat="46.54929171780311" lon="9.322604724521245"><ele>1479.1</ele></trkpt><trkpt lat="46.54928271778357" lon="9.322577724502969"><ele>1479.2</ele></trkpt><trkpt lat="46.549319717841755" lon="9.322565724560938"><ele>1478.9</ele></trkpt><trkpt lat="46.54937271793895" lon="9.32258072465641"><ele>1478.4</ele></trkpt><trkpt lat="46.54945471809448" lon="9.32257072481034"><ele>1477.6</ele></trkpt><trkpt lat="46.54951771817161" lon="9.32254672488784"><ele>1477.2</ele></trkpt><trkpt lat="46.5496167183465" lon="9.322550725060456"><ele>1476.3</ele></trkpt><trkpt lat="46.54967971834475" lon="9.32253972506048"><ele>1476.3</ele></trkpt><trkpt lat="46.54974371824431" lon="9.32248972496556"><ele>1476.8</ele></trkpt><trkpt lat="46.54979771851898" lon="9.322491725234768"><ele>1475.4</ele></trkpt><trkpt lat="46.54983271859702" lon="9.322518725310676"><ele>1475.0</ele></trkpt><trkpt lat="46.54989471865458" lon="9.322572725366253"><ele>1474.7</ele></trkpt><trkpt lat="46.549966718751264" lon="9.322575725462032"><ele>1474.2</ele></trkpt><trkpt lat="46.55006671890635" lon="9.322552725616314"><ele>1473.4</ele></trkpt><trkpt lat="46.5501747192584" lon="9.322504725963952"><ele>1471.6</ele></trkpt><trkpt lat="46.550247719433905" lon="9.322480726137664"><ele>1470.7</ele></trkpt><trkpt lat="46.55027571947243" lon="9.322416726178204"><ele>1470.5</ele></trkpt><trkpt lat="46.550339719667804" lon="9.322327726373429"><ele>1469.5</ele></trkpt><trkpt lat="46.550367719903655" lon="9.322276726606068"><ele>1468.3</ele></trkpt><trkpt lat="46.550386719942516" lon="9.322237726645799"><ele>1468.1</ele></trkpt><trkpt lat="46.550386719942516" lon="9.322237726645799"><ele>1468.1</ele></trkpt><trkpt lat="46.55043072005979" lon="9.322278726759695"><ele>1467.5</ele></trkpt><trkpt lat="46.55048472017672" lon="9.322293726874424"><ele>1466.9</ele></trkpt><trkpt lat="46.55055672033262" lon="9.322295727027997"><ele>1466.1</ele></trkpt><trkpt lat="46.55055672033262" lon="9.322295727027997"><ele>1466.1</ele></trkpt><trkpt lat="46.55059272044995" lon="9.322271727144148"><ele>1465.5</ele></trkpt><trkpt lat="46.550638720626125" lon="9.322207727319363"><ele>1464.6</ele></trkpt><trkpt lat="46.55067672082214" lon="9.322104727515189"><ele>1463.6</ele></trkpt><trkpt lat="46.550714721018124" lon="9.321988727711451"><ele>1462.6</ele></trkpt><trkpt lat="46.55077072119395" lon="9.321886727887888"><ele>1461.7</ele></trkpt><trkpt lat="46.55084372136929" lon="9.321771728064668"><ele>1460.8</ele></trkpt><trkpt lat="46.55084372136929" lon="9.321771728064668"><ele>1460.8</ele></trkpt><trkpt lat="46.5509347215049" lon="9.321735728200164"><ele>1460.1</ele></trkpt><trkpt lat="46.55098972158216" lon="9.321685728278563"><ele>1459.7</ele></trkpt><trkpt lat="46.551145721577626" lon="9.32150772828373"><ele>1459.7</ele></trkpt><trkpt lat="46.55119172157632" lon="9.321457728285171"><ele>1459.7</ele></trkpt><trkpt lat="46.55122772157528" lon="9.32143272828582"><ele>1459.7</ele></trkpt><trkpt lat="46.55126372157428" lon="9.321420728286029"><ele>1459.7</ele></trkpt><trkpt lat="46.55129972157327" lon="9.321408728286237"><ele>1459.7</ele></trkpt><trkpt lat="46.55132672157261" lon="9.321422728285613"><ele>1459.7</ele></trkpt><trkpt lat="46.551362721571664" lon="9.321437728284918"><ele>1459.7</ele></trkpt><trkpt lat="46.55140672161004" lon="9.32149072832139"><ele>1459.5</ele></trkpt><trkpt lat="46.55140672161004" lon="9.32149072832139"><ele>1459.5</ele></trkpt><trkpt lat="46.551493721588365" lon="9.32165072829626"><ele>1459.6</ele></trkpt><trkpt lat="46.551493721588365" lon="9.32165072829626"><ele>1459.6</ele></trkpt><trkpt lat="46.55159072172419" lon="9.32181072842511"><ele>1458.9</ele></trkpt><trkpt lat="46.551695721938806" lon="9.3219837286305"><ele>1457.8</ele></trkpt><trkpt lat="46.55174772201655" lon="9.32210272870322"><ele>1457.4</ele></trkpt><trkpt lat="46.55174772201655" lon="9.32210272870322"><ele>1457.4</ele></trkpt><trkpt lat="46.5517737220752" lon="9.322168728758621"><ele>1457.1</ele></trkpt><trkpt lat="46.55178172207502" lon="9.322208728757227"><ele>1457.1</ele></trkpt><trkpt lat="46.55179672201588" lon="9.322391728693209"><ele>1457.4</ele></trkpt><trkpt lat="46.55183672191681" lon="9.322705728586122"><ele>1457.9</ele></trkpt><trkpt lat="46.551876721896654" lon="9.323007728556455"><ele>1458.0</ele></trkpt><trkpt lat="46.55190872189634" lon="9.323243728548317"><ele>1458.0</ele></trkpt><trkpt lat="46.55190672189666" lon="9.32336072854438"><ele>1458.0</ele></trkpt><trkpt lat="46.55190672189666" lon="9.32336072854438"><ele>1458.0</ele></trkpt><trkpt lat="46.55208672191157" lon="9.32336672856246"><ele>1457.9</ele></trkpt><trkpt lat="46.55208672191157" lon="9.32336672856246"><ele>1457.9</ele></trkpt><trkpt lat="46.5522037219084" lon="9.323357728562124"><ele>1457.9</ele></trkpt><trkpt lat="46.55239272188357" lon="9.323364728541604"><ele>1458.0</ele></trkpt><trkpt lat="46.55239272188357" lon="9.323364728541604"><ele>1458.0</ele></trkpt><trkpt lat="46.552473721901166" lon="9.323367728560317"><ele>1457.9</ele></trkpt><trkpt lat="46.552473721901166" lon="9.323367728560317"><ele>1457.9</ele></trkpt><trkpt lat="46.55277072189318" lon="9.323351728559244"><ele>1457.9</ele></trkpt><trkpt lat="46.55277072189318" lon="9.323351728559244"><ele>1457.9</ele></trkpt><trkpt lat="46.552833721852" lon="9.323353728520315"><ele>1458.1</ele></trkpt></trkseg></trk></gpx>