<?xml version="1.0" encoding="utf-8"?><gpx version="1.1" creator="MySchweizMobil - https://map.schweizmobil.ch/" xmlns:xsi="http://www.w3.org/2001/XMLSchema-instance" xmlns="http://www.topografix.com/GPX/1/1" xsi:schemaLocation="http://www.topografix.com/GPX/1/1 http://www.topografix.com/GPX/1/1/gpx.xsd"><metadata><name>260721_pesciuem-tremorgio</name><bounds minlat="46.48178037209436" minlon="8.607500310987234" maxlat="46.51381034916267" maxlon="8.725320337805897" /></metadata><trk><name>260721_pesciuem-tremorgio</name><trkseg><trkpt lat="46.51381034916267" lon="8.607500310987234"><ele>1726.6499938964844</ele></trkpt><trkpt lat="46.51379034901038" lon="8.607550310902297"><ele>1725.9299926757812</ele></trkpt><trkpt lat="46.51378034893423" lon="8.607590310741216"><ele>1725.6699829101562</ele></trkpt><trkpt lat="46.513760349247605" lon="8.60766031080857"><ele>1725.3599853515625</ele></trkpt><trkpt lat="46.51373034901917" lon="8.607720310799778"><ele>1724.8499755859375</ele></trkpt><trkpt lat="46.513700348790735" lon="8.607780310790986"><ele>1724.1299743652344</ele></trkpt><trkpt lat="46.51369034871459" lon="8.60781031055376"><ele>1723.47998046875</ele></trkpt><trkpt lat="46.51369034871459" lon="8.607850310392678"><ele>1722.8699951171875</ele></trkpt><trkpt lat="46.51369034824893" lon="8.607930310070515"><ele>1721.8799743652344</ele></trkpt><trkpt lat="46.51369034824893" lon="8.60798031045124"><ele>1721.5799865722656</ele></trkpt><trkpt lat="46.513680348172784" lon="8.608050310052931"><ele>1721.1499938964844</ele></trkpt><trkpt lat="46.51367034809664" lon="8.60809030989185"><ele>1720.3599853515625</ele></trkpt><trkpt lat="46.51367034809664" lon="8.608100309967995"><ele>1720.0299987792969</ele></trkpt><trkpt lat="46.51365034794435" lon="8.608120309654623"><ele>1719.4599914550781</ele></trkpt><trkpt lat="46.513600347563624" lon="8.608140309806913"><ele>1718.1399841308594</ele></trkpt><trkpt lat="46.5135503471829" lon="8.608140309341252"><ele>1716.969970703125</ele></trkpt><trkpt lat="46.513520347420126" lon="8.608140309341252"><ele>1716.1999816894531</ele></trkpt><trkpt lat="46.51348034711555" lon="8.608120309188962"><ele>1715.1899719238281</ele></trkpt><trkpt lat="46.51343034673482" lon="8.608150308951735"><ele>1714.0</ele></trkpt><trkpt lat="46.51341034658253" lon="8.608180308714509"><ele>1713.739990234375</ele></trkpt><trkpt lat="46.51338034681976" lon="8.608240308705717"><ele>1713.7699890136719</ele></trkpt><trkpt lat="46.51334034698084" lon="8.608300308696926"><ele>1714.0</ele></trkpt><trkpt lat="46.513330346904695" lon="8.60833030892536"><ele>1714.0499877929688</ele></trkpt><trkpt lat="46.513310346752405" lon="8.608390308916569"><ele>1714.3199768066406</ele></trkpt><trkpt lat="46.51324034715071" lon="8.60856030927971"><ele>1715.47998046875</ele></trkpt><trkpt lat="46.513200347311795" lon="8.608590309042484"><ele>1715.8699951171875</ele></trkpt><trkpt lat="46.51319034723565" lon="8.608610309194773"><ele>1716.1299743652344</ele></trkpt><trkpt lat="46.51319034723565" lon="8.608630309347063"><ele>1716.3299865722656</ele></trkpt><trkpt lat="46.513180347159505" lon="8.608660309575498"><ele>1716.5899963378906</ele></trkpt><trkpt lat="46.51311034755781" lon="8.60875030932948"><ele>1717.0999755859375</ele></trkpt><trkpt lat="46.51310034748167" lon="8.608780309557915"><ele>1717.1399841308594</ele></trkpt><trkpt lat="46.51309034740552" lon="8.608810309320688"><ele>1717.2099914550781</ele></trkpt><trkpt lat="46.51308034732938" lon="8.608870309777558"><ele>1717.5699768066406</ele></trkpt><trkpt lat="46.513090347871184" lon="8.608990309759974"><ele>1718.47998046875</ele></trkpt><trkpt lat="46.51308034779504" lon="8.609090309590101"><ele>1718.1799926757812</ele></trkpt><trkpt lat="46.51306034764275" lon="8.60915030958131"><ele>1717.6599731445312</ele></trkpt><trkpt lat="46.512990347109735" lon="8.609240309335291"><ele>1716.4299926757812</ele></trkpt><trkpt lat="46.51295034727082" lon="8.609270309563726"><ele>1716.3599853515625</ele></trkpt><trkpt lat="46.51293034711853" lon="8.609290309250355"><ele>1716.0599975585938</ele></trkpt><trkpt lat="46.51292034704238" lon="8.60932030947879"><ele>1716.25</ele></trkpt><trkpt lat="46.5129103474319" lon="8.609340309165418"><ele>1716.4499816894531</ele></trkpt><trkpt lat="46.51292034704238" lon="8.609390309080482"><ele>1715.9199829101562</ele></trkpt><trkpt lat="46.51293034711853" lon="8.60945030907169"><ele>1715.4599914550781</ele></trkpt><trkpt lat="46.51294034719467" lon="8.609500308986753"><ele>1715.0899963378906</ele></trkpt><trkpt lat="46.512950346805155" lon="8.609550309367478"><ele>1715.0599975585938</ele></trkpt><trkpt lat="46.51298034703359" lon="8.609600309282541"><ele>1715.0199890136719</ele></trkpt><trkpt lat="46.512990347109735" lon="8.609630309045315"><ele>1715.0599975585938</ele></trkpt><trkpt lat="46.51300034718588" lon="8.609690309036523"><ele>1715.5699768066406</ele></trkpt><trkpt lat="46.513010347262025" lon="8.60985030932352"><ele>1717.0899963378906</ele></trkpt><trkpt lat="46.51300034718588" lon="8.6098903096281"><ele>1716.75</ele></trkpt><trkpt lat="46.512970346957445" lon="8.609970309305936"><ele>1715.8799743652344</ele></trkpt><trkpt lat="46.51296034734696" lon="8.610020309221"><ele>1716.0999755859375</ele></trkpt><trkpt lat="46.51296034734696" lon="8.610070309601724"><ele>1716.7099914550781</ele></trkpt><trkpt lat="46.51295034727082" lon="8.610140309669077"><ele>1717.5799865722656</ele></trkpt><trkpt lat="46.51295034727082" lon="8.610200309660286"><ele>1717.4099731445312</ele></trkpt><trkpt lat="46.51296034734696" lon="8.610340309329331"><ele>1716.9199829101562</ele></trkpt><trkpt lat="46.51298034703359" lon="8.610420309472829"><ele>1716.4099731445312</ele></trkpt><trkpt lat="46.51300034718588" lon="8.610480309464037"><ele>1715.7699890136719</ele></trkpt><trkpt lat="46.51302034687251" lon="8.610620309133083"><ele>1715.3099975585938</ele></trkpt><trkpt lat="46.51308034686372" lon="8.610920309089124"><ele>1713.5999755859375</ele></trkpt><trkpt lat="46.51311034662649" lon="8.611050309147686"><ele>1713.3399963378906</ele></trkpt><trkpt lat="46.51313034677878" lon="8.611170309130102"><ele>1713.2999877929688</ele></trkpt><trkpt lat="46.51313034677878" lon="8.611240308731794"><ele>1713.25</ele></trkpt><trkpt lat="46.51313034677878" lon="8.611350309103727"><ele>1713.3299865722656</ele></trkpt><trkpt lat="46.51313034677878" lon="8.611530309077352"><ele>1713.3399963378906</ele></trkpt><trkpt lat="46.513140346854925" lon="8.611620308831334"><ele>1713.6799926757812</ele></trkpt><trkpt lat="46.513160347007215" lon="8.611720309127122"><ele>1714.3399963378906</ele></trkpt><trkpt lat="46.51317034708336" lon="8.611890309024602"><ele>1715.0399780273438</ele></trkpt><trkpt lat="46.513180347159505" lon="8.611980309244245"><ele>1715.8599853515625</ele></trkpt><trkpt lat="46.513160347472876" lon="8.612130309455097"><ele>1717.4299926757812</ele></trkpt><trkpt lat="46.513160347472876" lon="8.612210309598595"><ele>1717.8599853515625</ele></trkpt><trkpt lat="46.513160347472876" lon="8.612290309742093"><ele>1718.2099914550781</ele></trkpt><trkpt lat="46.513160347472876" lon="8.612340309657156"><ele>1718.47998046875</ele></trkpt><trkpt lat="46.51317034801468" lon="8.612420309800655"><ele>1719.2999877929688</ele></trkpt><trkpt lat="46.51318034809083" lon="8.612560310401022"><ele>1720.9499816894531</ele></trkpt><trkpt lat="46.513190348632634" lon="8.612690310459584"><ele>1722.75</ele></trkpt><trkpt lat="46.51320034870878" lon="8.612790310755372"><ele>1724.0799865722656</ele></trkpt><trkpt lat="46.51323034893721" lon="8.612900311127305"><ele>1725.1699829101562</ele></trkpt><trkpt lat="46.513250349555165" lon="8.613090311177075"><ele>1726.969970703125</ele></trkpt><trkpt lat="46.51326034916565" lon="8.6131403115578"><ele>1727.1599731445312</ele></trkpt><trkpt lat="46.51327034924179" lon="8.613200311549008"><ele>1727.25</ele></trkpt><trkpt lat="46.51329034939408" lon="8.613380311522633"><ele>1728.0799865722656</ele></trkpt><trkpt lat="46.513290349859744" lon="8.613430311437696"><ele>1728.3999938964844</ele></trkpt><trkpt lat="46.51332035008818" lon="8.61354031180963"><ele>1729.7699890136719</ele></trkpt><trkpt lat="46.513350350316614" lon="8.613630312029272"><ele>1730.9299926757812</ele></trkpt><trkpt lat="46.51336035039276" lon="8.61373031232506"><ele>1731.4499816894531</ele></trkpt><trkpt lat="46.513310350477695" lon="8.614000312518328"><ele>1732.2899780273438</ele></trkpt><trkpt lat="46.513310350477695" lon="8.614060312509537"><ele>1732.4499816894531</ele></trkpt><trkpt lat="46.513310350477695" lon="8.614220312330872"><ele>1733.1299743652344</ele></trkpt><trkpt lat="46.51330035086721" lon="8.614310312550515"><ele>1734.3199768066406</ele></trkpt><trkpt lat="46.51329035125673" lon="8.614440313074738"><ele>1735.8899841308594</ele></trkpt><trkpt lat="46.51328035118058" lon="8.6145703131333"><ele>1737.1699829101562</ele></trkpt><trkpt lat="46.513260351493955" lon="8.614820313639939"><ele>1738.8299865722656</ele></trkpt><trkpt lat="46.51325035188347" lon="8.614910313859582"><ele>1739.2699890136719</ele></trkpt><trkpt lat="46.51323035173118" lon="8.615010313689709"><ele>1739.75</ele></trkpt><trkpt lat="46.513190352357924" lon="8.61518031405285"><ele>1741.22998046875</ele></trkpt><trkpt lat="46.513170352671295" lon="8.615320314187557"><ele>1743.1199951171875</ele></trkpt><trkpt lat="46.51314035244286" lon="8.615490314085037"><ele>1742.1799926757812</ele></trkpt><trkpt lat="46.51310035260394" lon="8.615610314067453"><ele>1742.4599914550781</ele></trkpt><trkpt lat="46.51308035245165" lon="8.615660314448178"><ele>1742.469970703125</ele></trkpt><trkpt lat="46.51305035222322" lon="8.61577031435445"><ele>1742.2799987792969</ele></trkpt><trkpt lat="46.51303035253659" lon="8.615850314497948"><ele>1742.6799926757812</ele></trkpt><trkpt lat="46.51303035253659" lon="8.615880314260721"><ele>1742.6999816894531</ele></trkpt><trkpt lat="46.513040352612734" lon="8.61592031409964"><ele>1742.4099731445312</ele></trkpt><trkpt lat="46.513040352612734" lon="8.61594031425193"><ele>1742.3999938964844</ele></trkpt><trkpt lat="46.51303035253659" lon="8.61596031440422"><ele>1742.3699951171875</ele></trkpt><trkpt lat="46.5130103523843" lon="8.615970314014703"><ele>1742.1999816894531</ele></trkpt><trkpt lat="46.513000352308154" lon="8.615990314166993"><ele>1741.9399719238281</ele></trkpt><trkpt lat="46.513000352308154" lon="8.616000314243138"><ele>1741.8899841308594</ele></trkpt><trkpt lat="46.51303035253659" lon="8.616140314377844"><ele>1742.5999755859375</ele></trkpt><trkpt lat="46.513040352612734" lon="8.616180314216763"><ele>1742.6199951171875</ele></trkpt><trkpt lat="46.513040352612734" lon="8.616220314521343"><ele>1742.9599914550781</ele></trkpt><trkpt lat="46.513040352612734" lon="8.616250314284116"><ele>1742.7999877929688</ele></trkpt><trkpt lat="46.513020352460444" lon="8.616370314266533"><ele>1742.8899841308594</ele></trkpt><trkpt lat="46.51299035269767" lon="8.61649031424895"><ele>1743.0699768066406</ele></trkpt><trkpt lat="46.512980352155864" lon="8.616550314240158"><ele>1742.4099731445312</ele></trkpt><trkpt lat="46.51299035223201" lon="8.616580314002931"><ele>1742.1599731445312</ele></trkpt><trkpt lat="46.512980352155864" lon="8.616610314231366"><ele>1742.0</ele></trkpt><trkpt lat="46.51297035207972" lon="8.616650314070284"><ele>1741.9499816894531</ele></trkpt><trkpt lat="46.512940352316946" lon="8.61668031429872"><ele>1741.5899963378906</ele></trkpt><trkpt lat="46.5129303522408" lon="8.616730314213783"><ele>1741.47998046875</ele></trkpt><trkpt lat="46.512920352164656" lon="8.616780314128846"><ele>1741.3599853515625</ele></trkpt><trkpt lat="46.512900352012366" lon="8.616820313967764"><ele>1741.25</ele></trkpt><trkpt lat="46.512900352012366" lon="8.616840314120054"><ele>1741.3099975585938</ele></trkpt><trkpt lat="46.51289035240188" lon="8.616870313882828"><ele>1741.3699951171875</ele></trkpt><trkpt lat="46.51291035208851" lon="8.61698031425476"><ele>1741.4299926757812</ele></trkpt><trkpt lat="46.51291035208851" lon="8.61702031409368"><ele>1740.8099975585938</ele></trkpt><trkpt lat="46.512900352012366" lon="8.617060313932598"><ele>1740.469970703125</ele></trkpt><trkpt lat="46.512900352012366" lon="8.617080314084888"><ele>1740.2699890136719</ele></trkpt><trkpt lat="46.51286035217345" lon="8.61715031415224"><ele>1740.6099853515625</ele></trkpt><trkpt lat="46.51286035217345" lon="8.61719031399116"><ele>1740.8699951171875</ele></trkpt><trkpt lat="46.5128503520973" lon="8.617260314058512"><ele>1741.3499755859375</ele></trkpt><trkpt lat="46.5128503520973" lon="8.617280314210802"><ele>1741.5</ele></trkpt><trkpt lat="46.51286035217345" lon="8.617330314125866"><ele>1741.8099975585938</ele></trkpt><trkpt lat="46.51286035217345" lon="8.617370313964784"><ele>1741.5999755859375</ele></trkpt><trkpt lat="46.5128503520973" lon="8.617400314193219"><ele>1741.25</ele></trkpt><trkpt lat="46.51283035194501" lon="8.6174903139472"><ele>1740.8199768066406</ele></trkpt><trkpt lat="46.512810352258384" lon="8.617590313777328"><ele>1740.739990234375</ele></trkpt><trkpt lat="46.512810352258384" lon="8.617620314005762"><ele>1740.989990234375</ele></trkpt><trkpt lat="46.512790352106094" lon="8.61770031414926"><ele>1740.8899841308594</ele></trkpt><trkpt lat="46.512750351801515" lon="8.617840313818306"><ele>1740.469970703125</ele></trkpt><trkpt lat="46.51274035219103" lon="8.617930314037949"><ele>1740.6199951171875</ele></trkpt><trkpt lat="46.51274035219103" lon="8.617970313876867"><ele>1740.6899719238281</ele></trkpt><trkpt lat="46.51274035219103" lon="8.618010314181447"><ele>1740.8099975585938</ele></trkpt><trkpt lat="46.512730352114886" lon="8.618030313868076"><ele>1740.5599975585938</ele></trkpt><trkpt lat="46.51272035203874" lon="8.61806031409651"><ele>1740.5299987792969</ele></trkpt><trkpt lat="46.51272035203874" lon="8.618090313859284"><ele>1740.5899963378906</ele></trkpt><trkpt lat="46.51270035188645" lon="8.618180314078927"><ele>1739.8999938964844</ele></trkpt><trkpt lat="46.51268035173416" lon="8.618250313680619"><ele>1739.2999877929688</ele></trkpt><trkpt lat="46.512690351810306" lon="8.618310313671827"><ele>1738.5999755859375</ele></trkpt><trkpt lat="46.5126803512685" lon="8.61838031327352"><ele>1737.3599853515625</ele></trkpt><trkpt lat="46.512650351040065" lon="8.618490313179791"><ele>1735.3099975585938</ele></trkpt><trkpt lat="46.51260035065934" lon="8.6186803127639"><ele>1733.5599975585938</ele></trkpt><trkpt lat="46.512590350583196" lon="8.61872031306848"><ele>1733.989990234375</ele></trkpt><trkpt lat="46.51257035089657" lon="8.618760312907398"><ele>1734.4099731445312</ele></trkpt><trkpt lat="46.51257035089657" lon="8.61887031281367"><ele>1734.7099914550781</ele></trkpt><trkpt lat="46.51255035074428" lon="8.618950312957168"><ele>1734.6899719238281</ele></trkpt><trkpt lat="46.51253035105765" lon="8.619050313252956"><ele>1736.5399780273438</ele></trkpt><trkpt lat="46.51249035075307" lon="8.619360312819481"><ele>1733.75</ele></trkpt><trkpt lat="46.51247035060078" lon="8.619440312962979"><ele>1733.2699890136719</ele></trkpt><trkpt lat="46.51241034967825" lon="8.61970031214878"><ele>1729.8199768066406</ele></trkpt><trkpt lat="46.512360349763185" lon="8.619920311961323"><ele>1728.72998046875</ele></trkpt><trkpt lat="46.51231034984812" lon="8.620030311867595"><ele>1728.9199829101562</ele></trkpt><trkpt lat="46.51228034961969" lon="8.620110312011093"><ele>1729.2999877929688</ele></trkpt><trkpt lat="46.51226034993306" lon="8.620160312391818"><ele>1729.72998046875</ele></trkpt><trkpt lat="46.51224034978077" lon="8.620260312221944"><ele>1729.7799987792969</ele></trkpt><trkpt lat="46.51224034978077" lon="8.620330312289298"><ele>1729.9499816894531</ele></trkpt><trkpt lat="46.512190350331366" lon="8.620430312585086"><ele>1731.489990234375</ele></trkpt><trkpt lat="46.51218035025522" lon="8.620470312424004"><ele>1731.6399841308594</ele></trkpt><trkpt lat="46.51218035025522" lon="8.620520312339067"><ele>1731.3799743652344</ele></trkpt><trkpt lat="46.512170350179076" lon="8.620550312567502"><ele>1731.739990234375</ele></trkpt><trkpt lat="46.51216035010293" lon="8.620630312711"><ele>1731.739990234375</ele></trkpt><trkpt lat="46.512150350026786" lon="8.62074031215161"><ele>1730.6599731445312</ele></trkpt><trkpt lat="46.512080350425094" lon="8.620910312514752"><ele>1731.8599853515625</ele></trkpt><trkpt lat="46.51203035004437" lon="8.621060312725604"><ele>1731.4299926757812</ele></trkpt><trkpt lat="46.512020349968225" lon="8.62112031225115"><ele>1729.6999816894531</ele></trkpt><trkpt lat="46.5120203490369" lon="8.621230311691761"><ele>1726.0799865722656</ele></trkpt><trkpt lat="46.51195034896955" lon="8.621400311589241"><ele>1726.4599914550781</ele></trkpt><trkpt lat="46.51193034928292" lon="8.62146031204611"><ele>1727.5399780273438</ele></trkpt><trkpt lat="46.51193034928292" lon="8.621490311808884"><ele>1727.47998046875</ele></trkpt><trkpt lat="46.511940349359065" lon="8.621540311723948"><ele>1727.0</ele></trkpt><trkpt lat="46.51193034928292" lon="8.621600311715156"><ele>1727.1699829101562</ele></trkpt><trkpt lat="46.51187034929171" lon="8.621730311773717"><ele>1727.219970703125</ele></trkpt><trkpt lat="46.51183034898713" lon="8.621890311595052"><ele>1726.2899780273438</ele></trkpt><trkpt lat="46.511810349300504" lon="8.621930311433971"><ele>1726.1799926757812</ele></trkpt><trkpt lat="46.51181034883484" lon="8.62199031142518"><ele>1724.8599853515625</ele></trkpt><trkpt lat="46.51181034883484" lon="8.622060311492532"><ele>1724.489990234375</ele></trkpt><trkpt lat="46.51177034853026" lon="8.622240311000496"><ele>1723.25</ele></trkpt><trkpt lat="46.51174034830183" lon="8.622360310982913"><ele>1722.3499755859375</ele></trkpt><trkpt lat="46.51174034830183" lon="8.622410310897976"><ele>1721.8099975585938</ele></trkpt><trkpt lat="46.51173034822568" lon="8.622450310736895"><ele>1721.4499816894531</ele></trkpt><trkpt lat="46.51172034814954" lon="8.62248031096533"><ele>1722.239990234375</ele></trkpt><trkpt lat="46.511710348539054" lon="8.62252031126991"><ele>1723.4099731445312</ele></trkpt><trkpt lat="46.511690348386765" lon="8.62263031117618"><ele>1723.5299987792969</ele></trkpt><trkpt lat="46.51166034862399" lon="8.622770310845226"><ele>1722.8199768066406</ele></trkpt><trkpt lat="46.511650348547846" lon="8.622810311149806"><ele>1722.2899780273438</ele></trkpt><trkpt lat="46.511630348395556" lon="8.622870311141014"><ele>1722.4099731445312</ele></trkpt><trkpt lat="46.511630348395556" lon="8.622900310903788"><ele>1721.5799865722656</ele></trkpt><trkpt lat="46.511630347929895" lon="8.622960310429335"><ele>1720.0999755859375</ele></trkpt><trkpt lat="46.51162034785375" lon="8.62299031065777"><ele>1720.2699890136719</ele></trkpt><trkpt lat="46.511610348243266" lon="8.62301031081006"><ele>1720.6999816894531</ele></trkpt><trkpt lat="46.51159034809098" lon="8.623040311038494"><ele>1721.3399963378906</ele></trkpt><trkpt lat="46.51158034848049" lon="8.623070310801268"><ele>1722.3399963378906</ele></trkpt><trkpt lat="46.51158034801483" lon="8.623120310716331"><ele>1721.5999755859375</ele></trkpt><trkpt lat="46.51158034848049" lon="8.623150310944766"><ele>1722.0499877929688</ele></trkpt><trkpt lat="46.51155034825206" lon="8.623210310935974"><ele>1722.2899780273438</ele></trkpt><trkpt lat="46.511520348489285" lon="8.623280311003327"><ele>1723.5199890136719</ele></trkpt><trkpt lat="46.5115103488788" lon="8.623320311307907"><ele>1723.8499755859375</ele></trkpt><trkpt lat="46.51149034872651" lon="8.623380311299115"><ele>1724.8699951171875</ele></trkpt><trkpt lat="46.51147034903988" lon="8.623420311603695"><ele>1726.6899719238281</ele></trkpt><trkpt lat="46.51137035014108" lon="8.623480312991887"><ele>1732.5799865722656</ele></trkpt><trkpt lat="46.511360350530595" lon="8.623470312915742"><ele>1733.4599914550781</ele></trkpt><trkpt lat="46.511360350530595" lon="8.623490313068032"><ele>1733.9299926757812</ele></trkpt><trkpt lat="46.51137035060674" lon="8.623510313220322"><ele>1734.1799926757812</ele></trkpt><trkpt lat="46.511360350996256" lon="8.623540313448757"><ele>1735.47998046875</ele></trkpt><trkpt lat="46.511360350996256" lon="8.623580313287675"><ele>1735.969970703125</ele></trkpt><trkpt lat="46.511380351148546" lon="8.623600313439965"><ele>1736.3399963378906</ele></trkpt><trkpt lat="46.511380351148546" lon="8.62361031351611"><ele>1736.75</ele></trkpt><trkpt lat="46.51136035146192" lon="8.623620313592255"><ele>1737.1299743652344</ele></trkpt><trkpt lat="46.51134035130963" lon="8.6236303136684"><ele>1737.6399841308594</ele></trkpt><trkpt lat="46.511290351860225" lon="8.62367031397298"><ele>1739.5099792480469</ele></trkpt><trkpt lat="46.5112703521736" lon="8.62369031412527"><ele>1740.72998046875</ele></trkpt><trkpt lat="46.5112703521736" lon="8.62371031427756"><ele>1741.0599975585938</ele></trkpt><trkpt lat="46.51126035209745" lon="8.62373031442985"><ele>1741.5899963378906</ele></trkpt><trkpt lat="46.51125035202131" lon="8.62373031442985"><ele>1741.9599914550781</ele></trkpt><trkpt lat="46.51123035233468" lon="8.623740314505994"><ele>1742.6899719238281</ele></trkpt><trkpt lat="46.51122035225853" lon="8.62373031489551"><ele>1743.0999755859375</ele></trkpt><trkpt lat="46.51121035264805" lon="8.623700314667076"><ele>1743.7599792480469</ele></trkpt><trkpt lat="46.511180352885276" lon="8.623670314904302"><ele>1745.2599792480469</ele></trkpt><trkpt lat="46.5111503531225" lon="8.623680315446109"><ele>1746.6399841308594</ele></trkpt><trkpt lat="46.51112035335973" lon="8.623710315674543"><ele>1748.1699829101562</ele></trkpt><trkpt lat="46.5111003536731" lon="8.623760316055268"><ele>1750.4499816894531</ele></trkpt><trkpt lat="46.51110035460442" lon="8.62391031626612"><ele>1752.989990234375</ele></trkpt><trkpt lat="46.51110035460442" lon="8.624040316324681"><ele>1753.5099792480469</ele></trkpt><trkpt lat="46.51110035413876" lon="8.62425031606108"><ele>1751.4499816894531</ele></trkpt><trkpt lat="46.511110353749245" lon="8.624340315815061"><ele>1750.7999877929688</ele></trkpt><trkpt lat="46.5111003536731" lon="8.624440315645188"><ele>1749.0299987792969</ele></trkpt><trkpt lat="46.51110035320744" lon="8.624500315636396"><ele>1748.1599731445312</ele></trkpt><trkpt lat="46.51108035305515" lon="8.624580315314233"><ele>1746.7999877929688</ele></trkpt><trkpt lat="46.51106035290286" lon="8.624650315381587"><ele>1745.719970703125</ele></trkpt><trkpt lat="46.511050352826715" lon="8.624700314830989"><ele>1744.8299865722656</ele></trkpt><trkpt lat="46.511030352674425" lon="8.624730315059423"><ele>1744.469970703125</ele></trkpt><trkpt lat="46.510990352369845" lon="8.624770314898342"><ele>1743.7099914550781</ele></trkpt><trkpt lat="46.510970352217555" lon="8.62481031473726"><ele>1742.9399719238281</ele></trkpt><trkpt lat="46.510950352065265" lon="8.624830314423889"><ele>1742.2899780273438</ele></trkpt><trkpt lat="46.51091035222635" lon="8.624890314415097"><ele>1741.0499877929688</ele></trkpt><trkpt lat="46.51089035207406" lon="8.62494031433016"><ele>1740.719970703125</ele></trkpt><trkpt lat="46.51088035199791" lon="8.624980314169079"><ele>1740.5099792480469</ele></trkpt><trkpt lat="46.510820352006704" lon="8.625060314312577"><ele>1741.1499938964844</ele></trkpt><trkpt lat="46.51079035224393" lon="8.62513031437993"><ele>1741.3999938964844</ele></trkpt><trkpt lat="46.510760352015495" lon="8.625220314599574"><ele>1741.9099731445312</ele></trkpt><trkpt lat="46.51074035232887" lon="8.625250314828008"><ele>1742.4299926757812</ele></trkpt><trkpt lat="46.51072035217658" lon="8.625280314590782"><ele>1743.0399780273438</ele></trkpt><trkpt lat="46.51070035248995" lon="8.625290314666927"><ele>1743.4599914550781</ele></trkpt><trkpt lat="46.510650352574885" lon="8.625290315132588"><ele>1744.5399780273438</ele></trkpt><trkpt lat="46.510630352888256" lon="8.625310314819217"><ele>1744.6799926757812</ele></trkpt><trkpt lat="46.51059035258368" lon="8.625300314743072"><ele>1744.0899963378906</ele></trkpt><trkpt lat="46.51039035152644" lon="8.625220314133912"><ele>1739.2599792480469</ele></trkpt><trkpt lat="46.51033035200089" lon="8.625240314286202"><ele>1740.0899963378906</ele></trkpt><trkpt lat="46.51028035208583" lon="8.625270314514637"><ele>1742.0699768066406</ele></trkpt><trkpt lat="46.510250352323055" lon="8.625270314980298"><ele>1743.3099975585938</ele></trkpt><trkpt lat="46.51020035287365" lon="8.625240315217525"><ele>1745.0899963378906</ele></trkpt><trkpt lat="46.51017035311088" lon="8.62521031498909"><ele>1745.5499877929688</ele></trkpt><trkpt lat="46.510120352730155" lon="8.625140314921737"><ele>1745.4599914550781</ele></trkpt><trkpt lat="46.51002035290003" lon="8.625030315015465"><ele>1744.6699829101562</ele></trkpt><trkpt lat="46.5099203530699" lon="8.624940315261483"><ele>1745.6899719238281</ele></trkpt><trkpt lat="46.509800353087485" lon="8.62485031504184"><ele>1745.8799743652344</ele></trkpt><trkpt lat="46.50971035286784" lon="8.624790315050632"><ele>1746.1099853515625</ele></trkpt><trkpt lat="46.50955035304651" lon="8.62470031529665"><ele>1746.2799987792969</ele></trkpt><trkpt lat="46.50943035306409" lon="8.624620315153152"><ele>1746.1699829101562</ele></trkpt><trkpt lat="46.50935035338625" lon="8.624560315627605"><ele>1747.8099975585938</ele></trkpt><trkpt lat="46.5092303538695" lon="8.624450315721333"><ele>1749.969970703125</ele></trkpt><trkpt lat="46.50902035459876" lon="8.624190316535532"><ele>1753.5699768066406</ele></trkpt><trkpt lat="46.50895035499707" lon="8.624090316705406"><ele>1755.3099975585938</ele></trkpt><trkpt lat="46.50885035516694" lon="8.623940316960216"><ele>1756.25</ele></trkpt><trkpt lat="46.508790355175734" lon="8.623870316892862"><ele>1756.8799743652344</ele></trkpt><trkpt lat="46.508730355184525" lon="8.623810317367315"><ele>1757.2899780273438</ele></trkpt><trkpt lat="46.50868035526946" lon="8.62380031729117"><ele>1757.3999938964844</ele></trkpt><trkpt lat="46.50861035520211" lon="8.62380031729117"><ele>1757.4599914550781</ele></trkpt><trkpt lat="46.508580354973674" lon="8.623810317367315"><ele>1757.489990234375</ele></trkpt><trkpt lat="46.50853035505861" lon="8.62380031729117"><ele>1757.3499755859375</ele></trkpt><trkpt lat="46.50840035500005" lon="8.623810316901654"><ele>1757.0999755859375</ele></trkpt><trkpt lat="46.50817035511136" lon="8.623870316892862"><ele>1757.0299987792969</ele></trkpt><trkpt lat="46.50793035514653" lon="8.623940316960216"><ele>1757.5099792480469</ele></trkpt><trkpt lat="46.50770035525784" lon="8.624000316951424"><ele>1757.0599975585938</ele></trkpt><trkpt lat="46.50770035525784" lon="8.624000316951424"><ele>1757.0599975585938</ele></trkpt><trkpt lat="46.50760035542771" lon="8.62395031703636"><ele>1757.739990234375</ele></trkpt><trkpt lat="46.507500355597585" lon="8.623880317434669"><ele>1758.5799865722656</ele></trkpt><trkpt lat="46.507390355691314" lon="8.623770317994058"><ele>1760.8899841308594</ele></trkpt><trkpt lat="46.507200356572866" lon="8.623680318240076"><ele>1764.4599914550781</ele></trkpt><trkpt lat="46.50714035658166" lon="8.623630318325013"><ele>1764.4599914550781</ele></trkpt><trkpt lat="46.507090356666595" lon="8.623570318333805"><ele>1764.4599914550781</ele></trkpt><trkpt lat="46.5070103565231" lon="8.623530318494886"><ele>1764.4599914550781</ele></trkpt><trkpt lat="46.50694035645574" lon="8.623480318579823"><ele>1764.6899719238281</ele></trkpt><trkpt lat="46.50678035663441" lon="8.623490318190306"><ele>1764.22998046875</ele></trkpt><trkpt lat="46.50668035633862" lon="8.623460318427533"><ele>1764.22998046875</ele></trkpt><trkpt lat="46.50653035659343" lon="8.62339031836018"><ele>1765.3799743652344</ele></trkpt><trkpt lat="46.50647035660222" lon="8.623370318673551"><ele>1766.0699768066406</ele></trkpt><trkpt lat="46.50636035716161" lon="8.623390318825841"><ele>1766.7599792480469</ele></trkpt><trkpt lat="46.50633035693318" lon="8.623400318901986"><ele>1767.1799926757812</ele></trkpt><trkpt lat="46.50625035725534" lon="8.623420319054276"><ele>1768.1499938964844</ele></trkpt><trkpt lat="46.50621035741642" lon="8.62345031881705"><ele>1768.1499938964844</ele></trkpt><trkpt lat="46.50617035711184" lon="8.623460318893194"><ele>1767.6899719238281</ele></trkpt><trkpt lat="46.5061603570357" lon="8.623520318884403"><ele>1766.7599792480469</ele></trkpt><trkpt lat="46.50611035665497" lon="8.623610318172723"><ele>1764.4599914550781</ele></trkpt><trkpt lat="46.506100356113166" lon="8.623650318011642"><ele>1763.0799865722656</ele></trkpt><trkpt lat="46.506100356113166" lon="8.623750317841768"><ele>1761.9299926757812</ele></trkpt><trkpt lat="46.506080355495214" lon="8.623850317671895"><ele>1760.3199768066406</ele></trkpt><trkpt lat="46.50605035526678" lon="8.623920317273587"><ele>1758.9399719238281</ele></trkpt><trkpt lat="46.50603035511449" lon="8.624020317103714"><ele>1758.0199890136719</ele></trkpt><trkpt lat="46.50595035497099" lon="8.624300316907465"><ele>1756.1799926757812</ele></trkpt><trkpt lat="46.50592035474256" lon="8.6244603167288"><ele>1755.0199890136719</ele></trkpt><trkpt lat="46.505830354522914" lon="8.624620316550136"><ele>1753.6099853515625</ele></trkpt><trkpt lat="46.505790354218334" lon="8.624750316143036"><ele>1752.6599731445312</ele></trkpt><trkpt lat="46.50578035414219" lon="8.624830316286534"><ele>1752.3399963378906</ele></trkpt><trkpt lat="46.50578035414219" lon="8.624910315964371"><ele>1751.6399841308594</ele></trkpt><trkpt lat="46.5057603539899" lon="8.62497031595558"><ele>1751.3299865722656</ele></trkpt><trkpt lat="46.50572035368532" lon="8.625000316184014"><ele>1751.3199768066406</ele></trkpt><trkpt lat="46.50570035399869" lon="8.625060316175222"><ele>1751.7099914550781</ele></trkpt><trkpt lat="46.505710354074836" lon="8.625130316242576"><ele>1752.0899963378906</ele></trkpt><trkpt lat="46.505730354227126" lon="8.625260316301137"><ele>1752.7799987792969</ele></trkpt><trkpt lat="46.50572035461664" lon="8.625360316596925"><ele>1753.9199829101562</ele></trkpt><trkpt lat="46.5057103545405" lon="8.625400316901505"><ele>1754.5099792480469</ele></trkpt><trkpt lat="46.5057103545405" lon="8.625460316892713"><ele>1754.7999877929688</ele></trkpt><trkpt lat="46.50569035485387" lon="8.625590316951275"><ele>1755.75</ele></trkpt><trkpt lat="46.50568035477772" lon="8.625670317094773"><ele>1756.25</ele></trkpt><trkpt lat="46.50567035516724" lon="8.625720317009836"><ele>1756.8599853515625</ele></trkpt><trkpt lat="46.50567035516724" lon="8.625770317390561"><ele>1757.3499755859375</ele></trkpt><trkpt lat="46.50565035501495" lon="8.625850317068398"><ele>1756.8199768066406</ele></trkpt><trkpt lat="46.50562035525218" lon="8.626040317118168"><ele>1757.3699951171875</ele></trkpt><trkpt lat="46.50560035509989" lon="8.62617031764239"><ele>1758.5299987792969</ele></trkpt><trkpt lat="46.50558035541326" lon="8.626270317472517"><ele>1758.9199829101562</ele></trkpt><trkpt lat="46.505550355650485" lon="8.62634031753987"><ele>1759.25</ele></trkpt><trkpt lat="46.50550035526976" lon="8.626420317683369"><ele>1759.0499877929688</ele></trkpt><trkpt lat="46.50546035543084" lon="8.62651031743735"><ele>1758.9199829101562</ele></trkpt><trkpt lat="46.50542035559192" lon="8.626650317572057"><ele>1759.1499938964844</ele></trkpt><trkpt lat="46.50540035543963" lon="8.626770317554474"><ele>1759.0299987792969</ele></trkpt><trkpt lat="46.50539035536349" lon="8.626790317706764"><ele>1759.1799926757812</ele></trkpt><trkpt lat="46.50537035567686" lon="8.626850317697972"><ele>1759.5699768066406</ele></trkpt><trkpt lat="46.505340355448425" lon="8.626920317765325"><ele>1759.8399963378906</ele></trkpt><trkpt lat="46.50531035568565" lon="8.626970317680389"><ele>1760.4599914550781</ele></trkpt><trkpt lat="46.50529035553336" lon="8.627010317984968"><ele>1760.969970703125</ele></trkpt><trkpt lat="46.50528035592288" lon="8.627070317976177"><ele>1761.8899841308594</ele></trkpt><trkpt lat="46.505270356312394" lon="8.627120318356901"><ele>1762.6299743652344</ele></trkpt><trkpt lat="46.50526035670191" lon="8.627250318415463"><ele>1764.7799987792969</ele></trkpt><trkpt lat="46.505270356778055" lon="8.627310318872333"><ele>1765.7099914550781</ele></trkpt><trkpt lat="46.505330356769264" lon="8.627450319007039"><ele>1767.0999755859375</ele></trkpt><trkpt lat="46.5053603569977" lon="8.627570318989456"><ele>1768.1899719238281</ele></trkpt><trkpt lat="46.50541035737842" lon="8.627690319437534"><ele>1768.9399719238281</ele></trkpt><trkpt lat="46.50546035775915" lon="8.627880319487303"><ele>1770.2699890136719</ele></trkpt><trkpt lat="46.50551035767421" lon="8.627970319706947"><ele>1771.6699829101562</ele></trkpt><trkpt lat="46.50555035797879" lon="8.628030320163816"><ele>1772.8999938964844</ele></trkpt><trkpt lat="46.50561035843566" lon="8.628120319917798"><ele>1773.3599853515625</ele></trkpt><trkpt lat="46.505640358198434" lon="8.628200320061296"><ele>1773.5299987792969</ele></trkpt><trkpt lat="46.505660358350724" lon="8.628280320204794"><ele>1773.2099914550781</ele></trkpt><trkpt lat="46.50568035803735" lon="8.628350320272148"><ele>1772.9399719238281</ele></trkpt><trkpt lat="46.50570035772398" lon="8.62859031977132"><ele>1772.0399780273438</ele></trkpt><trkpt lat="46.50572035787627" lon="8.628710319753736"><ele>1771.5099792480469</ele></trkpt><trkpt lat="46.5057403575629" lon="8.62880031997338"><ele>1771.1199951171875</ele></trkpt><trkpt lat="46.50576035771519" lon="8.628900319803506"><ele>1770.8499755859375</ele></trkpt><trkpt lat="46.50583035778254" lon="8.629190319683403"><ele>1770.219970703125</ele></trkpt><trkpt lat="46.5059503572993" lon="8.629580319393426"><ele>1769.0099792480469</ele></trkpt><trkpt lat="46.50600035721436" lon="8.629720319528133"><ele>1768.219970703125</ele></trkpt><trkpt lat="46.50600035721436" lon="8.629810319282115"><ele>1767.5899963378906</ele></trkpt><trkpt lat="46.50600035721436" lon="8.62982031935826"><ele>1767.5</ele></trkpt><trkpt lat="46.5060003567487" lon="8.629940318875015"><ele>1766.6199951171875</ele></trkpt><trkpt lat="46.5060003567487" lon="8.629960319027305"><ele>1766.4499816894531</ele></trkpt><trkpt lat="46.5060003567487" lon="8.630050318781286"><ele>1766.239990234375</ele></trkpt><trkpt lat="46.50602035690099" lon="8.630200318992138"><ele>1766.0799865722656</ele></trkpt><trkpt lat="46.50604035658762" lon="8.63031031889841"><ele>1766.2599792480469</ele></trkpt><trkpt lat="46.5060803568922" lon="8.630410319194198"><ele>1766.4199829101562</ele></trkpt><trkpt lat="46.50609035696834" lon="8.630440318956971"><ele>1766.1599731445312</ele></trkpt><trkpt lat="46.50612035673112" lon="8.63050031894818"><ele>1765.47998046875</ele></trkpt><trkpt lat="46.506140356417745" lon="8.630600318778306"><ele>1764.5199890136719</ele></trkpt><trkpt lat="46.50615035602823" lon="8.630680318456143"><ele>1763.2799987792969</ele></trkpt><trkpt lat="46.50615035602823" lon="8.63078031828627"><ele>1762.3499755859375</ele></trkpt><trkpt lat="46.50615035556257" lon="8.630950317718089"><ele>1760.0299987792969</ele></trkpt><trkpt lat="46.50615035556257" lon="8.631050318013877"><ele>1759.219970703125</ele></trkpt><trkpt lat="46.50614035502076" lon="8.631190317682922"><ele>1757.8699951171875</ele></trkpt><trkpt lat="46.50613035494462" lon="8.631350317038596"><ele>1756.0599975585938</ele></trkpt><trkpt lat="46.506130354478955" lon="8.631520316936076"><ele>1753.7699890136719</ele></trkpt><trkpt lat="46.50614035408944" lon="8.631690316367894"><ele>1751.4099731445312</ele></trkpt><trkpt lat="46.506130354013294" lon="8.631790316198021"><ele>1750.9299926757812</ele></trkpt><trkpt lat="46.50610035378486" lon="8.631940316408873"><ele>1750.469970703125</ele></trkpt><trkpt lat="46.50606035348028" lon="8.632060315925628"><ele>1748.9299926757812</ele></trkpt><trkpt lat="46.5060203531757" lon="8.632130315992981"><ele>1747.7599792480469</ele></trkpt><trkpt lat="46.50598035287112" lon="8.6321703158319"><ele>1747.1199951171875</ele></trkpt><trkpt lat="46.505950352642685" lon="8.632210315670818"><ele>1745.9299926757812</ele></trkpt><trkpt lat="46.50587035249919" lon="8.632270315196365"><ele>1744.5399780273438</ele></trkpt><trkpt lat="46.50583035219461" lon="8.632300314959139"><ele>1743.989990234375</ele></trkpt><trkpt lat="46.50563035160303" lon="8.632480314467102"><ele>1739.7599792480469</ele></trkpt><trkpt lat="46.50554035138339" lon="8.632580314297229"><ele>1738.239990234375</ele></trkpt><trkpt lat="46.50551035115495" lon="8.632620314136147"><ele>1737.7999877929688</ele></trkpt><trkpt lat="46.50549035100266" lon="8.632660313975066"><ele>1737.5399780273438</ele></trkpt><trkpt lat="46.5054403510876" lon="8.63269031373784"><ele>1737.0699768066406</ele></trkpt><trkpt lat="46.505410350859165" lon="8.632720313966274"><ele>1736.5699768066406</ele></trkpt><trkpt lat="46.50533035071567" lon="8.632800313644111"><ele>1734.7899780273438</ele></trkpt><trkpt lat="46.5052703502588" lon="8.63284031348303"><ele>1733.5699768066406</ele></trkpt><trkpt lat="46.50526035018265" lon="8.632870313245803"><ele>1733.0599975585938</ele></trkpt><trkpt lat="46.50522034987807" lon="8.632940312847495"><ele>1731.8699951171875</ele></trkpt><trkpt lat="46.50519034964964" lon="8.633000312838703"><ele>1731.1199951171875</ele></trkpt><trkpt lat="46.505140349734575" lon="8.633080312982202"><ele>1731.0799865722656</ele></trkpt><trkpt lat="46.50513034965843" lon="8.633130312897265"><ele>1730.8399963378906</ele></trkpt><trkpt lat="46.50513034965843" lon="8.633240312803537"><ele>1729.489990234375</ele></trkpt><trkpt lat="46.50514034926891" lon="8.633290312252939"><ele>1728.5599975585938</ele></trkpt><trkpt lat="46.5051603494212" lon="8.633330312557518"><ele>1728.1899719238281</ele></trkpt><trkpt lat="46.5051603494212" lon="8.633380312472582"><ele>1727.9199829101562</ele></trkpt><trkpt lat="46.5051603494212" lon="8.633460312150419"><ele>1727.8799743652344</ele></trkpt><trkpt lat="46.50516034895554" lon="8.633490312378854"><ele>1727.5699768066406</ele></trkpt><trkpt lat="46.50511034904048" lon="8.633560311980546"><ele>1726.3999938964844</ele></trkpt><trkpt lat="46.50509034888819" lon="8.633650312200189"><ele>1725.6299743652344</ele></trkpt><trkpt lat="46.50503034843132" lon="8.633870312012732"><ele>1725.0799865722656</ele></trkpt><trkpt lat="46.505020348820835" lon="8.633960311766714"><ele>1725.4099731445312</ele></trkpt><trkpt lat="46.505020348820835" lon="8.634030311834067"><ele>1725.3999938964844</ele></trkpt><trkpt lat="46.50501034874469" lon="8.634060312062502"><ele>1725.3199768066406</ele></trkpt><trkpt lat="46.505000348668545" lon="8.63412031205371"><ele>1725.3299865722656</ele></trkpt><trkpt lat="46.5049903485924" lon="8.634200312197208"><ele>1725.4099731445312</ele></trkpt><trkpt lat="46.50497034890577" lon="8.634230311959982"><ele>1725.3499755859375</ele></trkpt><trkpt lat="46.50495034875348" lon="8.6342703117989"><ele>1725.1599731445312</ele></trkpt><trkpt lat="46.50493034860119" lon="8.634330311790109"><ele>1725.469970703125</ele></trkpt><trkpt lat="46.50492034852505" lon="8.634370312094688"><ele>1725.5299987792969</ele></trkpt><trkpt lat="46.504890348762274" lon="8.634440312162042"><ele>1725.5099792480469</ele></trkpt><trkpt lat="46.504890348762274" lon="8.63448031200096"><ele>1725.6299743652344</ele></trkpt><trkpt lat="46.50488034868613" lon="8.634530311916023"><ele>1725.3499755859375</ele></trkpt><trkpt lat="46.504870348609984" lon="8.634580311831087"><ele>1725.2799987792969</ele></trkpt><trkpt lat="46.50484034838155" lon="8.63461031159386"><ele>1724.3499755859375</ele></trkpt><trkpt lat="46.50480034854263" lon="8.634640311822295"><ele>1724.2899780273438</ele></trkpt><trkpt lat="46.50477034877986" lon="8.634710311889648"><ele>1724.6499938964844</ele></trkpt><trkpt lat="46.50473034847528" lon="8.634770311880857"><ele>1724.8799743652344</ele></trkpt><trkpt lat="46.504680348560214" lon="8.63482031179592"><ele>1725.219970703125</ele></trkpt><trkpt lat="46.50465034879744" lon="8.634850312024355"><ele>1725.3299865722656</ele></trkpt><trkpt lat="46.504640348721296" lon="8.634900311939418"><ele>1725.3199768066406</ele></trkpt><trkpt lat="46.504640348721296" lon="8.634970312006772"><ele>1725.6999816894531</ele></trkpt><trkpt lat="46.504640348721296" lon="8.635020311921835"><ele>1726.0499877929688</ele></trkpt><trkpt lat="46.50462034903467" lon="8.63509031245485"><ele>1727.0699768066406</ele></trkpt><trkpt lat="46.50460034934804" lon="8.63528031250462"><ele>1729.1699829101562</ele></trkpt><trkpt lat="46.50461034942418" lon="8.635330312885344"><ele>1729.5299987792969</ele></trkpt><trkpt lat="46.504590349737555" lon="8.63547031302005"><ele>1730.4499816894531</ele></trkpt><trkpt lat="46.5046003498137" lon="8.635600313078612"><ele>1730.5699768066406</ele></trkpt><trkpt lat="46.504610349889845" lon="8.635740313213319"><ele>1731.0499877929688</ele></trkpt><trkpt lat="46.504630350042135" lon="8.63587031327188"><ele>1731.8599853515625</ele></trkpt><trkpt lat="46.50462034996599" lon="8.635950313415378"><ele>1732.7099914550781</ele></trkpt><trkpt lat="46.504610350355506" lon="8.636000313330442"><ele>1733.2099914550781</ele></trkpt><trkpt lat="46.50458035012707" lon="8.636070313397795"><ele>1733.8099975585938</ele></trkpt><trkpt lat="46.5045503503643" lon="8.636170313693583"><ele>1734.5299987792969</ele></trkpt><trkpt lat="46.504540350753814" lon="8.636220313608646"><ele>1735.0899963378906</ele></trkpt><trkpt lat="46.50453035067767" lon="8.636300313752145"><ele>1735.5199890136719</ele></trkpt><trkpt lat="46.50453035067767" lon="8.636400314047933"><ele>1736.219970703125</ele></trkpt><trkpt lat="46.50453035114333" lon="8.636490314267576"><ele>1736.7099914550781</ele></trkpt><trkpt lat="46.50453035114333" lon="8.636580314021558"><ele>1737.5999755859375</ele></trkpt><trkpt lat="46.50455035176128" lon="8.636770314536989"><ele>1740.239990234375</ele></trkpt><trkpt lat="46.504560351837426" lon="8.636850314680487"><ele>1740.9199829101562</ele></trkpt><trkpt lat="46.50458035245538" lon="8.637050315272063"><ele>1743.8099975585938</ele></trkpt><trkpt lat="46.50460035260767" lon="8.637170315720141"><ele>1745.8999938964844</ele></trkpt><trkpt lat="46.50460035307333" lon="8.637270316015929"><ele>1746.989990234375</ele></trkpt><trkpt lat="46.50460035353899" lon="8.63744031637907"><ele>1749.8899841308594</ele></trkpt><trkpt lat="46.50462035369128" lon="8.637520316522568"><ele>1750.9099731445312</ele></trkpt><trkpt lat="46.504670354072005" lon="8.637700316961855"><ele>1753.47998046875</ele></trkpt><trkpt lat="46.50468035461381" lon="8.63775031734258"><ele>1754.3199768066406</ele></trkpt><trkpt lat="46.50468035461381" lon="8.637790317181498"><ele>1755.5099792480469</ele></trkpt><trkpt lat="46.504640355240554" lon="8.637890317942947"><ele>1758.6099853515625</ele></trkpt><trkpt lat="46.50463035563007" lon="8.637940318323672"><ele>1759.5599975585938</ele></trkpt><trkpt lat="46.50463035563007" lon="8.638070318382233"><ele>1761.6799926757812</ele></trkpt><trkpt lat="46.50465035578236" lon="8.63823031866923"><ele>1762.2699890136719</ele></trkpt><trkpt lat="46.50467035593465" lon="8.638350318651646"><ele>1762.0899963378906</ele></trkpt><trkpt lat="46.50467035593465" lon="8.638450318947434"><ele>1762.7899780273438</ele></trkpt><trkpt lat="46.50467035640031" lon="8.638520319014788"><ele>1763.3899841308594</ele></trkpt><trkpt lat="46.5046903565526" lon="8.638640318997204"><ele>1764.0999755859375</ele></trkpt><trkpt lat="46.50471035623923" lon="8.638750318903476"><ele>1764.5799865722656</ele></trkpt><trkpt lat="46.504720356315374" lon="8.638860319275409"><ele>1765.1099853515625</ele></trkpt><trkpt lat="46.504720356315374" lon="8.638940318953246"><ele>1765.0899963378906</ele></trkpt><trkpt lat="46.50471035670489" lon="8.639070319011807"><ele>1764.9599914550781</ele></trkpt><trkpt lat="46.50471035670489" lon="8.639190319459885"><ele>1765.8499755859375</ele></trkpt><trkpt lat="46.50471035670489" lon="8.639310319442302"><ele>1766.5899963378906</ele></trkpt><trkpt lat="46.50471035717055" lon="8.63943031989038"><ele>1768.2099914550781</ele></trkpt><trkpt lat="46.5047203572467" lon="8.639500319957733"><ele>1768.5499877929688</ele></trkpt><trkpt lat="46.5047203572467" lon="8.63960031978786"><ele>1769.47998046875</ele></trkpt><trkpt lat="46.50472035771236" lon="8.639700320083648"><ele>1770.2099914550781</ele></trkpt><trkpt lat="46.50472035771236" lon="8.639860320370644"><ele>1771.9299926757812</ele></trkpt><trkpt lat="46.504710358101875" lon="8.640010320581496"><ele>1773.5099792480469</ele></trkpt><trkpt lat="46.50470035849139" lon="8.640110320877284"><ele>1774.9199829101562</ele></trkpt><trkpt lat="46.504710358567536" lon="8.640190321020782"><ele>1775.9099731445312</ele></trkpt><trkpt lat="46.504710358567536" lon="8.640300321392715"><ele>1776.6699829101562</ele></trkpt><trkpt lat="46.50469035888091" lon="8.640380321536213"><ele>1777.1999816894531</ele></trkpt><trkpt lat="46.504660359118134" lon="8.640470321290195"><ele>1777.7599792480469</ele></trkpt><trkpt lat="46.504660359118134" lon="8.640550321433693"><ele>1777.6299743652344</ele></trkpt><trkpt lat="46.50465035904199" lon="8.640660321339965"><ele>1776.8299865722656</ele></trkpt><trkpt lat="46.504620358813554" lon="8.640780321322381"><ele>1776.5699768066406</ele></trkpt><trkpt lat="46.504600358661264" lon="8.64084032131359"><ele>1776.469970703125</ele></trkpt><trkpt lat="46.50457035889849" lon="8.640880321152508"><ele>1776.7599792480469</ele></trkpt><trkpt lat="46.5045503587462" lon="8.640910321380943"><ele>1776.3999938964844</ele></trkpt><trkpt lat="46.504540358670056" lon="8.640960321296006"><ele>1775.9599914550781</ele></trkpt><trkpt lat="46.50453035859391" lon="8.64101032121107"><ele>1775.5899963378906</ele></trkpt><trkpt lat="46.504500358365476" lon="8.641080321278423"><ele>1775.469970703125</ele></trkpt><trkpt lat="46.50449035875499" lon="8.641130321193486"><ele>1775.8499755859375</ele></trkpt><trkpt lat="46.5044703586027" lon="8.641290321014822"><ele>1775.2799987792969</ele></trkpt><trkpt lat="46.50445035845041" lon="8.64135032100603"><ele>1774.4499816894531</ele></trkpt><trkpt lat="46.50440035806969" lon="8.641420320607722"><ele>1773.8399963378906</ele></trkpt><trkpt lat="46.50438035838306" lon="8.641460320912302"><ele>1773.72998046875</ele></trkpt><trkpt lat="46.50436035823077" lon="8.641520320437849"><ele>1772.8499755859375</ele></trkpt><trkpt lat="46.50434035761282" lon="8.641670320183039"><ele>1771.0799865722656</ele></trkpt><trkpt lat="46.50433035753667" lon="8.641770320478827"><ele>1770.75</ele></trkpt><trkpt lat="46.50433035753667" lon="8.641870320308954"><ele>1770.2099914550781</ele></trkpt><trkpt lat="46.504310357384384" lon="8.64195031998679"><ele>1769.8899841308594</ele></trkpt><trkpt lat="46.50430035730824" lon="8.641980320215225"><ele>1769.9399719238281</ele></trkpt><trkpt lat="46.504290357232094" lon="8.642130319960415"><ele>1768.8499755859375</ele></trkpt><trkpt lat="46.504290357232094" lon="8.642240319866687"><ele>1768.0999755859375</ele></trkpt><trkpt lat="46.504270357079804" lon="8.642320319544524"><ele>1767.6799926757812</ele></trkpt><trkpt lat="46.50426035700366" lon="8.642380319535732"><ele>1767.0299987792969</ele></trkpt><trkpt lat="46.504230356775224" lon="8.642430319450796"><ele>1766.9399719238281</ele></trkpt><trkpt lat="46.50422035669908" lon="8.642470319755375"><ele>1767.1499938964844</ele></trkpt><trkpt lat="46.504210357088596" lon="8.642520319670439"><ele>1767.0699768066406</ele></trkpt><trkpt lat="46.50422035716474" lon="8.642690319567919"><ele>1767.8699951171875</ele></trkpt><trkpt lat="46.50421035755426" lon="8.642930319998413"><ele>1769.6799926757812</ele></trkpt><trkpt lat="46.50420035794377" lon="8.64313032058999"><ele>1771.5299987792969</ele></trkpt><trkpt lat="46.50419035786763" lon="8.64328032080084"><ele>1772.489990234375</ele></trkpt><trkpt lat="46.504180358257145" lon="8.643360320944339"><ele>1773.0599975585938</ele></trkpt><trkpt lat="46.50415035802871" lon="8.64345032069832"><ele>1773.72998046875</ele></trkpt><trkpt lat="46.504120358265936" lon="8.643520320765674"><ele>1773.9399719238281</ele></trkpt><trkpt lat="46.50408035842702" lon="8.643600320909172"><ele>1774.239990234375</ele></trkpt><trkpt lat="46.50407035835087" lon="8.64364032074809"><ele>1774.1199951171875</ele></trkpt><trkpt lat="46.50407035835087" lon="8.643700320739299"><ele>1774.0299987792969</ele></trkpt><trkpt lat="46.50405035819858" lon="8.643820320721716"><ele>1773.6699829101562</ele></trkpt><trkpt lat="46.50404035812244" lon="8.643930320627987"><ele>1773.1299743652344</ele></trkpt><trkpt lat="46.50404035765678" lon="8.644070320297033"><ele>1771.5</ele></trkpt><trkpt lat="46.50404035765678" lon="8.644180320668966"><ele>1771.1799926757812</ele></trkpt><trkpt lat="46.50403035758063" lon="8.644280320499092"><ele>1771.0399780273438</ele></trkpt><trkpt lat="46.50401035742834" lon="8.644330320414156"><ele>1770.6099853515625</ele></trkpt><trkpt lat="46.503950357437134" lon="8.64449032023549"><ele>1769.0199890136719</ele></trkpt><trkpt lat="46.50394035736099" lon="8.644560319837183"><ele>1768.5099792480469</ele></trkpt><trkpt lat="46.503930357284844" lon="8.644600320141762"><ele>1768.2899780273438</ele></trkpt><trkpt lat="46.5039203572087" lon="8.644640319980681"><ele>1768.6199951171875</ele></trkpt><trkpt lat="46.50388035736978" lon="8.64472032012418"><ele>1769.47998046875</ele></trkpt><trkpt lat="46.503850357141346" lon="8.644810320343822"><ele>1769.5999755859375</ele></trkpt><trkpt lat="46.50383035745472" lon="8.644900320097804"><ele>1769.1499938964844</ele></trkpt><trkpt lat="46.50381035730243" lon="8.644960320089012"><ele>1768.7999877929688</ele></trkpt><trkpt lat="46.50377035746351" lon="8.645030320156366"><ele>1769.3899841308594</ele></trkpt><trkpt lat="46.503720357548445" lon="8.645090320147574"><ele>1770.5299987792969</ele></trkpt><trkpt lat="46.50369035732001" lon="8.645170320291072"><ele>1769.5399780273438</ele></trkpt><trkpt lat="46.50367035716772" lon="8.645260320045054"><ele>1767.5499877929688</ele></trkpt><trkpt lat="46.50365035654977" lon="8.645450319629163"><ele>1765.47998046875</ele></trkpt><trkpt lat="46.503640356473625" lon="8.645490319468081"><ele>1765.2999877929688</ele></trkpt><trkpt lat="46.503600356634706" lon="8.64555031945929"><ele>1765.1799926757812</ele></trkpt><trkpt lat="46.50353035610169" lon="8.645640319213271"><ele>1764.469970703125</ele></trkpt><trkpt lat="46.50344035634771" lon="8.64570031920448"><ele>1763.47998046875</ele></trkpt><trkpt lat="46.50336035620421" lon="8.645770318806171"><ele>1762.8099975585938</ele></trkpt><trkpt lat="46.50319035630673" lon="8.645840319339186"><ele>1763.2699890136719</ele></trkpt><trkpt lat="46.50310035608709" lon="8.645880319178104"><ele>1763.6299743652344</ele></trkpt><trkpt lat="46.50302035594359" lon="8.645940319169313"><ele>1763.3499755859375</ele></trkpt><trkpt lat="46.50294035580009" lon="8.646010319236666"><ele>1762.8199768066406</ele></trkpt><trkpt lat="46.502840355504304" lon="8.646100318524987"><ele>1760.9099731445312</ele></trkpt><trkpt lat="46.502780355513096" lon="8.64615031844005"><ele>1760.3499755859375</ele></trkpt><trkpt lat="46.50271035544574" lon="8.646210318431258"><ele>1759.969970703125</ele></trkpt><trkpt lat="46.50266035553068" lon="8.646220318507403"><ele>1760.3899841308594</ele></trkpt><trkpt lat="46.50258035585284" lon="8.646250318735838"><ele>1761.7899780273438</ele></trkpt><trkpt lat="46.50247035594657" lon="8.646300319116563"><ele>1763.6799926757812</ele></trkpt><trkpt lat="46.502370356116444" lon="8.646350319031626"><ele>1763.3299865722656</ele></trkpt><trkpt lat="46.50228035636246" lon="8.646390319336206"><ele>1764.1399841308594</ele></trkpt><trkpt lat="46.502200356218964" lon="8.646390319336206"><ele>1764.6599731445312</ele></trkpt><trkpt lat="46.50209035677835" lon="8.646390319801867"><ele>1766.5399780273438</ele></trkpt><trkpt lat="46.501960357651114" lon="8.6463703205809"><ele>1770.5999755859375</ele></trkpt><trkpt lat="46.50184035813436" lon="8.646330320741981"><ele>1772.739990234375</ele></trkpt><trkpt lat="46.501790357753634" lon="8.646320320665836"><ele>1773.1399841308594</ele></trkpt><trkpt lat="46.50174035783857" lon="8.646310321055353"><ele>1773.3299865722656</ele></trkpt><trkpt lat="46.50167035777122" lon="8.646320320665836"><ele>1772.75</ele></trkpt><trkpt lat="46.50161035778001" lon="8.646310321055353"><ele>1773.0699768066406</ele></trkpt><trkpt lat="46.50154035817832" lon="8.646300320979208"><ele>1774.4399719238281</ele></trkpt><trkpt lat="46.50148035865277" lon="8.646300321444869"><ele>1775.4499816894531</ele></trkpt><trkpt lat="46.50142035866156" lon="8.646310321521014"><ele>1776.1699829101562</ele></trkpt><trkpt lat="46.50133035844192" lon="8.646340321283787"><ele>1775.3799743652344</ele></trkpt><trkpt lat="46.50123035814613" lon="8.646310321055353"><ele>1773.8399963378906</ele></trkpt><trkpt lat="46.50119035784155" lon="8.646300320979208"><ele>1773.5699768066406</ele></trkpt><trkpt lat="46.50115035800263" lon="8.646320321131498"><ele>1773.5</ele></trkpt><trkpt lat="46.50102035747841" lon="8.646440320648253"><ele>1771.239990234375</ele></trkpt><trkpt lat="46.50098035763949" lon="8.646470320411026"><ele>1770.8299865722656</ele></trkpt><trkpt lat="46.50087035726756" lon="8.646530320402235"><ele>1770.8199768066406</ele></trkpt><trkpt lat="46.500820357352495" lon="8.646560320165008"><ele>1770.3599853515625</ele></trkpt><trkpt lat="46.500760356895626" lon="8.646600320003927"><ele>1768.7099914550781</ele></trkpt><trkpt lat="46.50072035705671" lon="8.646640319842845"><ele>1768.4299926757812</ele></trkpt><trkpt lat="46.50070035737008" lon="8.64671032037586"><ele>1769.2999877929688</ele></trkpt><trkpt lat="46.50068035721779" lon="8.646740320138633"><ele>1769.5</ele></trkpt><trkpt lat="46.50064035737887" lon="8.646750320214778"><ele>1770.0399780273438</ele></trkpt><trkpt lat="46.50059035746381" lon="8.646720320452005"><ele>1770.7899780273438</ele></trkpt><trkpt lat="46.50054035754874" lon="8.646720320452005"><ele>1771.6599731445312</ele></trkpt><trkpt lat="46.500480357557535" lon="8.646760320756584"><ele>1772.1699829101562</ele></trkpt><trkpt lat="46.50042035803199" lon="8.64675032068044"><ele>1773.1099853515625</ele></trkpt><trkpt lat="46.50029035843909" lon="8.64679032145068"><ele>1775.6699829101562</ele></trkpt><trkpt lat="46.5002703582868" lon="8.646800321526825"><ele>1775.7599792480469</ele></trkpt><trkpt lat="46.500220358371735" lon="8.64679032145068"><ele>1775.7599792480469</ele></trkpt><trkpt lat="46.50019035860896" lon="8.646760321222246"><ele>1776.1399841308594</ele></trkpt><trkpt lat="46.500160358380526" lon="8.646760321222246"><ele>1776.3299865722656</ele></trkpt><trkpt lat="46.500030358787626" lon="8.646840321365744"><ele>1776.5699768066406</ele></trkpt><trkpt lat="46.4999803584069" lon="8.646890321280807"><ele>1776.47998046875</ele></trkpt><trkpt lat="46.49989035818726" lon="8.64694032119587"><ele>1775.3799743652344</ele></trkpt><trkpt lat="46.499840358272195" lon="8.64696032134816"><ele>1775.5799865722656</ele></trkpt><trkpt lat="46.49981035850942" lon="8.64694032119587"><ele>1775.5199890136719</ele></trkpt><trkpt lat="46.49979035835713" lon="8.646920321509242"><ele>1775.6799926757812</ele></trkpt><trkpt lat="46.49978035828099" lon="8.64692032104358"><ele>1775.3499755859375</ele></trkpt><trkpt lat="46.49975035805255" lon="8.646950321272016"><ele>1774.5299987792969</ele></trkpt><trkpt lat="46.49970035813749" lon="8.646980321034789"><ele>1773.5199890136719</ele></trkpt><trkpt lat="46.49964035768062" lon="8.646990320645273"><ele>1772.7799987792969</ele></trkpt><trkpt lat="46.49953035777435" lon="8.646990320645273"><ele>1771.8499755859375</ele></trkpt><trkpt lat="46.49949035746977" lon="8.647000320721418"><ele>1771.6999816894531</ele></trkpt><trkpt lat="46.499460357706994" lon="8.647020320408046"><ele>1771.2899780273438</ele></trkpt><trkpt lat="46.499420357402414" lon="8.64707032032311"><ele>1770.239990234375</ele></trkpt><trkpt lat="46.499380357097834" lon="8.647150320466608"><ele>1769.5499877929688</ele></trkpt><trkpt lat="46.49933035718277" lon="8.647200320381671"><ele>1768.97998046875</ele></trkpt><trkpt lat="46.499300356954336" lon="8.647250319831073"><ele>1768.3399963378906</ele></trkpt><trkpt lat="46.499300356954336" lon="8.647300319746137"><ele>1767.9099731445312</ele></trkpt><trkpt lat="46.499260356649756" lon="8.647340320050716"><ele>1767.5499877929688</ele></trkpt><trkpt lat="46.49925035657361" lon="8.64739031996578"><ele>1767.0999755859375</ele></trkpt><trkpt lat="46.49925035657361" lon="8.647430319804698"><ele>1766.6899719238281</ele></trkpt><trkpt lat="46.49921035673469" lon="8.647510319948196"><ele>1766.8799743652344</ele></trkpt><trkpt lat="46.4991903565824" lon="8.647560319397599"><ele>1765.75</ele></trkpt><trkpt lat="46.49915035581216" lon="8.647680318914354"><ele>1763.0</ele></trkpt><trkpt lat="46.49913035565987" lon="8.647720319218934"><ele>1762.3999938964844</ele></trkpt><trkpt lat="46.499090355820954" lon="8.647740319371223"><ele>1763.0699768066406</ele></trkpt><trkpt lat="46.49908035574481" lon="8.647760319057852"><ele>1762.6399841308594</ele></trkpt><trkpt lat="46.49908035574481" lon="8.647790318820626"><ele>1762.4599914550781</ele></trkpt><trkpt lat="46.4991003558971" lon="8.64782031904906"><ele>1763.0999755859375</ele></trkpt><trkpt lat="46.49914035573602" lon="8.647870318964124"><ele>1762.8399963378906</ele></trkpt><trkpt lat="46.49917035596445" lon="8.647900319192559"><ele>1762.8599853515625</ele></trkpt><trkpt lat="46.49923035549" lon="8.647960318718106"><ele>1761.75</ele></trkpt><trkpt lat="46.49925035564229" lon="8.648010318633169"><ele>1761.2799987792969</ele></trkpt><trkpt lat="46.499260355718434" lon="8.648080318700522"><ele>1761.4599914550781</ele></trkpt><trkpt lat="46.49930035555735" lon="8.648150318767875"><ele>1760.3799743652344</ele></trkpt><trkpt lat="46.499310355167836" lon="8.648200318682939"><ele>1760.3599853515625</ele></trkpt><trkpt lat="46.4993103556335" lon="8.648270318750292"><ele>1761.3799743652344</ele></trkpt><trkpt lat="46.499300356023014" lon="8.648330319207162"><ele>1764.1499938964844</ele></trkpt><trkpt lat="46.4993203561753" lon="8.648400319274515"><ele>1764.739990234375</ele></trkpt><trkpt lat="46.49934035632759" lon="8.648520319722593"><ele>1765.8799743652344</ele></trkpt><trkpt lat="46.49935035640374" lon="8.648600319866091"><ele>1766.0499877929688</ele></trkpt><trkpt lat="46.49933035671711" lon="8.64864031970501"><ele>1766.6699829101562</ele></trkpt><trkpt lat="46.499320356640965" lon="8.648690319620073"><ele>1766.5099792480469</ele></trkpt><trkpt lat="46.49929035641253" lon="8.648800319992006"><ele>1766.6599731445312</ele></trkpt><trkpt lat="46.499260356649756" lon="8.648840319830924"><ele>1765.9499816894531</ele></trkpt><trkpt lat="46.49923035642132" lon="8.648870319593698"><ele>1765.239990234375</ele></trkpt><trkpt lat="46.49919035611674" lon="8.64896031934768"><ele>1765.1499938964844</ele></trkpt><trkpt lat="46.49908035621047" lon="8.649160319473594"><ele>1764.5</ele></trkpt><trkpt lat="46.499050355982035" lon="8.649250319227576"><ele>1763.969970703125</ele></trkpt><trkpt lat="46.49900035560131" lon="8.649390318896621"><ele>1762.5099792480469</ele></trkpt><trkpt lat="46.49893035553396" lon="8.649590318556875"><ele>1760.5</ele></trkpt><trkpt lat="46.498820355162024" lon="8.649890318512917"><ele>1758.3599853515625</ele></trkpt><trkpt lat="46.49878035439178" lon="8.650040317792445"><ele>1755.5799865722656</ele></trkpt><trkpt lat="46.498760354239494" lon="8.650140318088233"><ele>1755.2699890136719</ele></trkpt><trkpt lat="46.498740354552865" lon="8.650280317757279"><ele>1755.5999755859375</ele></trkpt><trkpt lat="46.498740354087204" lon="8.65041031781584"><ele>1754.6399841308594</ele></trkpt><trkpt lat="46.49873035447672" lon="8.650670317932963"><ele>1756.739990234375</ele></trkpt><trkpt lat="46.498740355018526" lon="8.650770318228751"><ele>1757.8799743652344</ele></trkpt><trkpt lat="46.49885035539046" lon="8.651070319116116"><ele>1761.5699768066406</ele></trkpt><trkpt lat="46.4988903561607" lon="8.651240319479257"><ele>1763.6899719238281</ele></trkpt><trkpt lat="46.4988903561607" lon="8.651300319470465"><ele>1764.4299926757812</ele></trkpt><trkpt lat="46.49891035631299" lon="8.651390319690108"><ele>1765.1699829101562</ele></trkpt><trkpt lat="46.49891035677865" lon="8.65152031974867"><ele>1766.75</ele></trkpt><trkpt lat="46.49889035709202" lon="8.651650320272893"><ele>1768.25</ele></trkpt><trkpt lat="46.49886035732925" lon="8.65175032056868"><ele>1769.2799987792969</ele></trkpt><trkpt lat="46.498810357414186" lon="8.651940321084112"><ele>1771.7899780273438</ele></trkpt><trkpt lat="46.49882035795599" lon="8.652050320990384"><ele>1773.3199768066406</ele></trkpt><trkpt lat="46.49882035795599" lon="8.652160321362317"><ele>1774.489990234375</ele></trkpt><trkpt lat="46.498800358269364" lon="8.65225032158196"><ele>1775.7099914550781</ele></trkpt><trkpt lat="46.4987003589049" lon="8.652490322012454"><ele>1779.239990234375</ele></trkpt><trkpt lat="46.498650359455496" lon="8.652600322384387"><ele>1781.5199890136719</ele></trkpt><trkpt lat="46.49861035961658" lon="8.65271032275632"><ele>1783.0699768066406</ele></trkpt><trkpt lat="46.49855036009103" lon="8.652890323195606"><ele>1784.719970703125</ele></trkpt><trkpt lat="46.49852036032826" lon="8.652920323424041"><ele>1785.1799926757812</ele></trkpt><trkpt lat="46.498410360421985" lon="8.652950323652476"><ele>1786.489990234375</ele></trkpt><trkpt lat="46.498320360668004" lon="8.652960323728621"><ele>1788.0199890136719</ele></trkpt><trkpt lat="46.498260360676795" lon="8.652970323804766"><ele>1788.6199951171875</ele></trkpt><trkpt lat="46.49821036122739" lon="8.6530003240332"><ele>1789.4599914550781</ele></trkpt><trkpt lat="46.498130361083895" lon="8.653070324100554"><ele>1790.3699951171875</ele></trkpt><trkpt lat="46.49805036140606" lon="8.653170324396342"><ele>1791.5299987792969</ele></trkpt><trkpt lat="46.497980361804366" lon="8.653220324777067"><ele>1792.8299865722656</ele></trkpt><trkpt lat="46.49790036166087" lon="8.653240324929357"><ele>1793.4399719238281</ele></trkpt><trkpt lat="46.497810361906886" lon="8.653230324853212"><ele>1794.5099792480469</ele></trkpt><trkpt lat="46.49778036214411" lon="8.653200325090438"><ele>1795.1399841308594</ele></trkpt><trkpt lat="46.49775036238134" lon="8.653170325327665"><ele>1796.0399780273438</ele></trkpt><trkpt lat="46.49773036269471" lon="8.653050325345248"><ele>1797.5</ele></trkpt><trkpt lat="46.497720362618566" lon="8.652960325591266"><ele>1798.1899719238281</ele></trkpt><trkpt lat="46.49769036285579" lon="8.652870325371623"><ele>1798.4299926757812</ele></trkpt><trkpt lat="46.49766036262736" lon="8.652770325541496"><ele>1798.5399780273438</ele></trkpt><trkpt lat="46.49769036285579" lon="8.652870325371623"><ele>1798.4299926757812</ele></trkpt><trkpt lat="46.497720362618566" lon="8.652960325591266"><ele>1798.1899719238281</ele></trkpt><trkpt lat="46.49773036269471" lon="8.653050325345248"><ele>1797.5</ele></trkpt><trkpt lat="46.49775036238134" lon="8.653170325327665"><ele>1796.0399780273438</ele></trkpt><trkpt lat="46.497760362457484" lon="8.653240324929357"><ele>1795.6199951171875</ele></trkpt><trkpt lat="46.49777036206797" lon="8.653340325225145"><ele>1795.5699768066406</ele></trkpt><trkpt lat="46.49781036237255" lon="8.653400325216353"><ele>1795.2999877929688</ele></trkpt><trkpt lat="46.49786036228761" lon="8.653420324902982"><ele>1795.6299743652344</ele></trkpt><trkpt lat="46.497950362507254" lon="8.653480325359851"><ele>1795.6899719238281</ele></trkpt><trkpt lat="46.49802036257461" lon="8.653560325037688"><ele>1796.22998046875</ele></trkpt><trkpt lat="46.49807036248967" lon="8.653650325257331"><ele>1796.1199951171875</ele></trkpt><trkpt lat="46.49812036193907" lon="8.65382032468915"><ele>1794.3199768066406</ele></trkpt><trkpt lat="46.49816036177799" lon="8.653890324756503"><ele>1793.8199768066406</ele></trkpt><trkpt lat="46.498250361997634" lon="8.653990325052291"><ele>1793.969970703125</ele></trkpt><trkpt lat="46.4983003619127" lon="8.654080324806273"><ele>1793.6799926757812</ele></trkpt><trkpt lat="46.49833036167547" lon="8.654130324721336"><ele>1793.6199951171875</ele></trkpt><trkpt lat="46.49839036213234" lon="8.654150324873626"><ele>1793.97998046875</ele></trkpt><trkpt lat="46.49843036197126" lon="8.654190325178206"><ele>1794.5</ele></trkpt><trkpt lat="46.498460362199694" lon="8.65422032494098"><ele>1795.0699768066406</ele></trkpt><trkpt lat="46.49851036258042" lon="8.654300325084478"><ele>1796.1799926757812</ele></trkpt><trkpt lat="46.49858036264777" lon="8.654450325295329"><ele>1796.739990234375</ele></trkpt><trkpt lat="46.498630362562835" lon="8.654490325599909"><ele>1797.2799987792969</ele></trkpt><trkpt lat="46.498670362867415" lon="8.654520325362682"><ele>1797.6699829101562</ele></trkpt><trkpt lat="46.4986803624779" lon="8.654570325743407"><ele>1797.72998046875</ele></trkpt><trkpt lat="46.4986803624779" lon="8.654630325268954"><ele>1797.4499816894531</ele></trkpt><trkpt lat="46.498670362867415" lon="8.654690325725824"><ele>1797.5199890136719</ele></trkpt><trkpt lat="46.498670362867415" lon="8.654750325717032"><ele>1797.4399719238281</ele></trkpt><trkpt lat="46.49870036263019" lon="8.654830325394869"><ele>1797.3699951171875</ele></trkpt><trkpt lat="46.49873036239296" lon="8.654880325309932"><ele>1797.1799926757812</ele></trkpt><trkpt lat="46.49885036237538" lon="8.654920325614512"><ele>1796.8799743652344</ele></trkpt><trkpt lat="46.49898036243394" lon="8.655020324978977"><ele>1795.3899841308594</ele></trkpt><trkpt lat="46.49906036211178" lon="8.655050325207412"><ele>1794.719970703125</ele></trkpt><trkpt lat="46.49913036217913" lon="8.65511032473296"><ele>1794.1099853515625</ele></trkpt><trkpt lat="46.49923036200926" lon="8.655230324715376"><ele>1793.3499755859375</ele></trkpt><trkpt lat="46.49934036144987" lon="8.65543032484129"><ele>1792.3099975585938</ele></trkpt><trkpt lat="46.499440361745656" lon="8.6556203244254"><ele>1791.6899719238281</ele></trkpt><trkpt lat="46.4995003612712" lon="8.655720324255526"><ele>1791.0499877929688</ele></trkpt><trkpt lat="46.499570361338556" lon="8.65579032432288"><ele>1790.6699829101562</ele></trkpt><trkpt lat="46.49967036116868" lon="8.655840324237943"><ele>1790.1599731445312</ele></trkpt><trkpt lat="46.49975036131218" lon="8.655860323924571"><ele>1789.4599914550781</ele></trkpt><trkpt lat="46.49977036099881" lon="8.655860323924571"><ele>1789.3499755859375</ele></trkpt><trkpt lat="46.499800361227244" lon="8.655850324314088"><ele>1789.1799926757812</ele></trkpt><trkpt lat="46.49984036106616" lon="8.655830324161798"><ele>1789.0899963378906</ele></trkpt><trkpt lat="46.499890360981226" lon="8.655780324246734"><ele>1788.97998046875</ele></trkpt><trkpt lat="46.49994036089629" lon="8.6557503240183"><ele>1788.6599731445312</ele></trkpt><trkpt lat="46.49998036073521" lon="8.655740323942155"><ele>1788.5199890136719</ele></trkpt><trkpt lat="46.50002036103979" lon="8.6557503240183"><ele>1788.5399780273438</ele></trkpt><trkpt lat="46.500080361030996" lon="8.655790323857218"><ele>1788.4099731445312</ele></trkpt><trkpt lat="46.500120360869914" lon="8.655840323772281"><ele>1787.9399719238281</ele></trkpt><trkpt lat="46.50014036055654" lon="8.655870324000716"><ele>1787.4199829101562</ele></trkpt><trkpt lat="46.50017036078498" lon="8.65590032376349"><ele>1786.7099914550781</ele></trkpt><trkpt lat="46.50032036006451" lon="8.65597032289952"><ele>1783.47998046875</ele></trkpt><trkpt lat="46.50041035981849" lon="8.65599032305181"><ele>1782.3499755859375</ele></trkpt><trkpt lat="46.50045035965741" lon="8.655990322586149"><ele>1781.6299743652344</ele></trkpt><trkpt lat="46.5005203592591" lon="8.655970322433859"><ele>1780.6699829101562</ele></trkpt><trkpt lat="46.50061035901308" lon="8.65593032259494"><ele>1779.8599853515625</ele></trkpt><trkpt lat="46.50065035931766" lon="8.655920322518796"><ele>1779.4199829101562</ele></trkpt><trkpt lat="46.50067035900429" lon="8.65593032212928"><ele>1779.2099914550781</ele></trkpt><trkpt lat="46.500700359232724" lon="8.655970322433859"><ele>1778.9199829101562</ele></trkpt><trkpt lat="46.50074035907164" lon="8.656010322272778"><ele>1778.4199829101562</ele></trkpt><trkpt lat="46.50078035891056" lon="8.656040322035551"><ele>1778.1099853515625</ele></trkpt><trkpt lat="46.50086035905406" lon="8.656070322263986"><ele>1777.9099731445312</ele></trkpt><trkpt lat="46.500940358731896" lon="8.656090321950614"><ele>1777.239990234375</ele></trkpt><trkpt lat="46.50099035864696" lon="8.656110322102904"><ele>1776.7699890136719</ele></trkpt><trkpt lat="46.501130358316004" lon="8.656260321382433"><ele>1774.6699829101562</ele></trkpt><trkpt lat="46.50121035799384" lon="8.656330321449786"><ele>1774.1499938964844</ele></trkpt><trkpt lat="46.50125035783276" lon="8.656370321288705"><ele>1773.7099914550781</ele></trkpt><trkpt lat="46.50129035813734" lon="8.656430321279913"><ele>1773.0299987792969</ele></trkpt><trkpt lat="46.50136035773903" lon="8.656490321271122"><ele>1772.8199768066406</ele></trkpt><trkpt lat="46.50144035788253" lon="8.65651032095775"><ele>1771.8999938964844</ele></trkpt><trkpt lat="46.50146035756916" lon="8.656520321033895"><ele>1771.4599914550781</ele></trkpt><trkpt lat="46.50149035733193" lon="8.656560320872813"><ele>1770.6299743652344</ele></trkpt><trkpt lat="46.501520357094705" lon="8.656610320787877"><ele>1769.75</ele></trkpt><trkpt lat="46.50156035693362" lon="8.65666032070294"><ele>1769.0499877929688</ele></trkpt><trkpt lat="46.50168035645038" lon="8.656810319982469"><ele>1765.6999816894531</ele></trkpt><trkpt lat="46.50175035605207" lon="8.656930319499224"><ele>1763.3099975585938</ele></trkpt><trkpt lat="46.50181035557762" lon="8.656990319490433"><ele>1761.97998046875</ele></trkpt><trkpt lat="46.5020303549245" lon="8.657230318523943"><ele>1757.5799865722656</ele></trkpt><trkpt lat="46.50220035435632" lon="8.657370318192989"><ele>1755.3299865722656</ele></trkpt><trkpt lat="46.50225035427138" lon="8.657430318184197"><ele>1754.3099975585938</ele></trkpt><trkpt lat="46.50231035426259" lon="8.657470318023115"><ele>1753.6099853515625</ele></trkpt><trkpt lat="46.502430353779346" lon="8.657500317320228"><ele>1751.5899963378906</ele></trkpt><trkpt lat="46.50248035369441" lon="8.657520317472517"><ele>1750.4099731445312</ele></trkpt><trkpt lat="46.50253035314381" lon="8.657560317311436"><ele>1749.3099975585938</ele></trkpt><trkpt lat="46.50259035313502" lon="8.65759031707421"><ele>1748.2099914550781</ele></trkpt><trkpt lat="46.50266035273671" lon="8.657600316684693"><ele>1747.2799987792969</ele></trkpt><trkpt lat="46.50279035232961" lon="8.657600316219032"><ele>1744.3699951171875</ele></trkpt><trkpt lat="46.50291035184637" lon="8.657590315677226"><ele>1742.0099792480469</ele></trkpt><trkpt lat="46.50305035151541" lon="8.657570315524936"><ele>1739.5399780273438</ele></trkpt><trkpt lat="46.503120351117104" lon="8.657540315296501"><ele>1737.8099975585938</ele></trkpt><trkpt lat="46.50330035015941" lon="8.65748031437397"><ele>1733.2899780273438</ele></trkpt><trkpt lat="46.503380349837244" lon="8.65746031422168"><ele>1731.4499816894531</ele></trkpt><trkpt lat="46.50344034936279" lon="8.657440313603729"><ele>1730.1899719238281</ele></trkpt><trkpt lat="46.50353034911677" lon="8.657410313375294"><ele>1728.4399719238281</ele></trkpt><trkpt lat="46.503560348879546" lon="8.657410313375294"><ele>1727.7099914550781</ele></trkpt><trkpt lat="46.5036303489469" lon="8.657410312909633"><ele>1726.0599975585938</ele></trkpt><trkpt lat="46.50379034783691" lon="8.657420312520117"><ele>1722.2699890136719</ele></trkpt><trkpt lat="46.504250346217304" lon="8.65746031049639"><ele>1712.469970703125</ele></trkpt><trkpt lat="46.50433034589514" lon="8.657480310183018"><ele>1710.6499938964844</ele></trkpt><trkpt lat="46.504360345657915" lon="8.657480310183018"><ele>1709.8899841308594</ele></trkpt><trkpt lat="46.50441034510732" lon="8.657470310106874"><ele>1708.6199951171875</ele></trkpt><trkpt lat="46.50461034430191" lon="8.657410309184343"><ele>1704.219970703125</ele></trkpt><trkpt lat="46.50467034429312" lon="8.657410308718681"><ele>1702.72998046875</ele></trkpt><trkpt lat="46.50483034364879" lon="8.657420308329165"><ele>1699.6499938964844</ele></trkpt><trkpt lat="46.504860343411565" lon="8.657440308015794"><ele>1698.75</ele></trkpt><trkpt lat="46.5049403430894" lon="8.657500308007002"><ele>1696.6499938964844</ele></trkpt><trkpt lat="46.50500034261495" lon="8.657580307684839"><ele>1695.1599731445312</ele></trkpt><trkpt lat="46.50502034230158" lon="8.657640307676047"><ele>1694.3699951171875</ele></trkpt><trkpt lat="46.50507034221664" lon="8.657780307345092"><ele>1692.5899963378906</ele></trkpt><trkpt lat="46.50512034166604" lon="8.657890306785703"><ele>1690.97998046875</ele></trkpt><trkpt lat="46.505170341581106" lon="8.658000306691974"><ele>1689.6299743652344</ele></trkpt><trkpt lat="46.5052403411828" lon="8.658090306445956"><ele>1688.219970703125</ele></trkpt><trkpt lat="46.505340341012925" lon="8.658220306038857"><ele>1686.3299865722656</ele></trkpt><trkpt lat="46.50536034069955" lon="8.65827030595392"><ele>1685.5099792480469</ele></trkpt><trkpt lat="46.50539034046233" lon="8.658290305640548"><ele>1684.9599914550781</ele></trkpt><trkpt lat="46.50541034061462" lon="8.658280305564404"><ele>1684.6199951171875</ele></trkpt><trkpt lat="46.50543034076691" lon="8.65827030595392"><ele>1684.3899841308594</ele></trkpt><trkpt lat="46.50544034037739" lon="8.658240305725485"><ele>1684.1599731445312</ele></trkpt><trkpt lat="46.50540034007281" lon="8.658130305353552"><ele>1682.6699829101562</ele></trkpt><trkpt lat="46.505370339844376" lon="8.65802030498162"><ele>1681.3999938964844</ele></trkpt><trkpt lat="46.50536033976823" lon="8.657820304855704"><ele>1679.47998046875</ele></trkpt><trkpt lat="46.50536033930257" lon="8.657780305016786"><ele>1679.1499938964844</ele></trkpt><trkpt lat="46.50538033945486" lon="8.657750304788351"><ele>1678.75</ele></trkpt><trkpt lat="46.50540033960715" lon="8.657750304788351"><ele>1678.47998046875</ele></trkpt><trkpt lat="46.50543033936992" lon="8.657780304551125"><ele>1677.97998046875</ele></trkpt><trkpt lat="46.50547033920884" lon="8.657870304305106"><ele>1676.7999877929688</ele></trkpt><trkpt lat="46.50551033904776" lon="8.657910304144025"><ele>1676.2099914550781</ele></trkpt><trkpt lat="46.50556033896282" lon="8.657950303982943"><ele>1675.6599731445312</ele></trkpt><trkpt lat="46.50562033895403" lon="8.657960304059088"><ele>1675.1599731445312</ele></trkpt><trkpt lat="46.50568033847958" lon="8.657970304135233"><ele>1674.2099914550781</ele></trkpt><trkpt lat="46.50577033823356" lon="8.657970303669572"><ele>1673.4199829101562</ele></trkpt><trkpt lat="46.50579033838585" lon="8.657970303669572"><ele>1672.6399841308594</ele></trkpt><trkpt lat="46.50581033807248" lon="8.657970303669572"><ele>1672.3699951171875</ele></trkpt><trkpt lat="46.50586033798754" lon="8.657980303745717"><ele>1672.1999816894531</ele></trkpt><trkpt lat="46.50591033836827" lon="8.658020303584635"><ele>1672.1999816894531</ele></trkpt><trkpt lat="46.50592033797875" lon="8.658090303651989"><ele>1672.3899841308594</ele></trkpt><trkpt lat="46.50594033813104" lon="8.65818030340597"><ele>1672.2599792480469</ele></trkpt><trkpt lat="46.50596033828333" lon="8.658290303777903"><ele>1672.4299926757812</ele></trkpt><trkpt lat="46.505970338359475" lon="8.658340303692967"><ele>1672.5</ele></trkpt><trkpt lat="46.50598033843562" lon="8.658460303675383"><ele>1672.7999877929688</ele></trkpt><trkpt lat="46.505990338511765" lon="8.658490303903818"><ele>1672.9099731445312</ele></trkpt><trkpt lat="46.506010338198394" lon="8.658530303742737"><ele>1673.0999755859375</ele></trkpt><trkpt lat="46.50604033842683" lon="8.658550303895026"><ele>1673.469970703125</ele></trkpt><trkpt lat="46.50608033873141" lon="8.658570304047316"><ele>1674.1699829101562</ele></trkpt><trkpt lat="46.50611033849418" lon="8.65860030381009"><ele>1674.2999877929688</ele></trkpt><trkpt lat="46.50613033864647" lon="8.658650304190814"><ele>1674.47998046875</ele></trkpt><trkpt lat="46.506140338722616" lon="8.658720304258168"><ele>1674.6499938964844</ele></trkpt><trkpt lat="46.506140338722616" lon="8.658780304249376"><ele>1674.7599792480469</ele></trkpt><trkpt lat="46.50613033864647" lon="8.658870304003358"><ele>1674.6899719238281</ele></trkpt><trkpt lat="46.506160338874906" lon="8.659240304492414"><ele>1675.97998046875</ele></trkpt><trkpt lat="46.50615033879876" lon="8.659450304228812"><ele>1676.2599792480469</ele></trkpt><trkpt lat="46.506160338874906" lon="8.659660304430872"><ele>1676.5899963378906</ele></trkpt><trkpt lat="46.50617033895105" lon="8.659860304556787"><ele>1677.0799865722656</ele></trkpt><trkpt lat="46.506180339027196" lon="8.660040304530412"><ele>1677.3299865722656</ele></trkpt><trkpt lat="46.50619033910334" lon="8.66012030467391"><ele>1677.6999816894531</ele></trkpt><trkpt lat="46.506200339179486" lon="8.660270304884762"><ele>1677.989990234375</ele></trkpt><trkpt lat="46.506200339179486" lon="8.660390304867178"><ele>1678.3499755859375</ele></trkpt><trkpt lat="46.506240339484066" lon="8.660680304747075"><ele>1679.1799926757812</ele></trkpt><trkpt lat="46.506260339636356" lon="8.660770304966718"><ele>1679.0799865722656</ele></trkpt><trkpt lat="46.50625033956021" lon="8.660870304796845"><ele>1679.2099914550781</ele></trkpt><trkpt lat="46.50618034042418" lon="8.66132030589506"><ele>1683.2899780273438</ele></trkpt><trkpt lat="46.50614034105092" lon="8.661680306307971"><ele>1686.72998046875</ele></trkpt><trkpt lat="46.506120341364294" lon="8.661880306433886"><ele>1688.2799987792969</ele></trkpt><trkpt lat="46.506100341212004" lon="8.662000306416303"><ele>1688.6099853515625</ele></trkpt><trkpt lat="46.506080341525376" lon="8.662070306483656"><ele>1688.7999877929688</ele></trkpt><trkpt lat="46.50603034161031" lon="8.6621603067033"><ele>1689.1499938964844</ele></trkpt><trkpt lat="46.50601034145802" lon="8.662220306694508"><ele>1689.3699951171875</ele></trkpt><trkpt lat="46.505910341627896" lon="8.6625403072685"><ele>1690.7599792480469</ele></trkpt><trkpt lat="46.50589034194127" lon="8.662630307022482"><ele>1691.219970703125</ele></trkpt><trkpt lat="46.50588034186512" lon="8.66275030747056"><ele>1691.7899780273438</ele></trkpt><trkpt lat="46.50585034210235" lon="8.66290030721575"><ele>1692.5399780273438</ele></trkpt><trkpt lat="46.505820342339575" lon="8.663060307502747"><ele>1693.3199768066406</ele></trkpt><trkpt lat="46.50575034273788" lon="8.663370307534933"><ele>1694.3199768066406</ele></trkpt><trkpt lat="46.50572034250945" lon="8.66351030766964"><ele>1694.5</ele></trkpt><trkpt lat="46.505690342746675" lon="8.663630307652056"><ele>1694.6299743652344</ele></trkpt><trkpt lat="46.505670342594385" lon="8.663750307634473"><ele>1694.969970703125</ele></trkpt><trkpt lat="46.50564034283161" lon="8.663960307836533"><ele>1695.2799987792969</ele></trkpt><trkpt lat="46.50561034306884" lon="8.6642303080298"><ele>1696.1699829101562</ele></trkpt><trkpt lat="46.50559034291655" lon="8.66446030838415"><ele>1696.97998046875</ele></trkpt><trkpt lat="46.50557034322992" lon="8.664680308662355"><ele>1698.469970703125</ele></trkpt><trkpt lat="46.505540343467146" lon="8.664890308864415"><ele>1699.8899841308594</ele></trkpt><trkpt lat="46.50550034362823" lon="8.665110308676958"><ele>1700.5</ele></trkpt><trkpt lat="46.505450343713164" lon="8.665330308955163"><ele>1701.3999938964844</ele></trkpt><trkpt lat="46.505410343874246" lon="8.66549030924216"><ele>1701.6799926757812</ele></trkpt><trkpt lat="46.505390343721956" lon="8.665590309072286"><ele>1701.489990234375</ele></trkpt><trkpt lat="46.50538034364581" lon="8.665670309215784"><ele>1701.1499938964844</ele></trkpt><trkpt lat="46.50538034364581" lon="8.66583030903712"><ele>1700.4299926757812</ele></trkpt><trkpt lat="46.50538034364581" lon="8.66596030863002"><ele>1699.8499755859375</ele></trkpt><trkpt lat="46.505350342951715" lon="8.666260308586061"><ele>1697.3799743652344</ele></trkpt><trkpt lat="46.505330342799425" lon="8.666420308407396"><ele>1696.9299926757812</ele></trkpt><trkpt lat="46.505310342647135" lon="8.666510308161378"><ele>1696.1599731445312</ele></trkpt><trkpt lat="46.505270342342556" lon="8.666640307754278"><ele>1694.3499755859375</ele></trkpt><trkpt lat="46.50526034226641" lon="8.666700307745486"><ele>1693.4599914550781</ele></trkpt><trkpt lat="46.50526034180075" lon="8.666840307414532"><ele>1691.6399841308594</ele></trkpt><trkpt lat="46.50524034164846" lon="8.666970307007432"><ele>1690.75</ele></trkpt><trkpt lat="46.505230341572315" lon="8.667140306904912"><ele>1689.6999816894531</ele></trkpt><trkpt lat="46.50522034149617" lon="8.667270306963474"><ele>1688.6799926757812</ele></trkpt><trkpt lat="46.50520034134388" lon="8.667430306784809"><ele>1688.2599792480469</ele></trkpt><trkpt lat="46.50518034119159" lon="8.667620306834579"><ele>1687.5999755859375</ele></trkpt><trkpt lat="46.505170341115445" lon="8.667700306512415"><ele>1687.4599914550781</ele></trkpt><trkpt lat="46.50514034088701" lon="8.667810306418687"><ele>1687.1099853515625</ele></trkpt><trkpt lat="46.50505034066737" lon="8.668130306527019"><ele>1685.7099914550781</ele></trkpt><trkpt lat="46.50504034059122" lon="8.66820030612871"><ele>1685.0099792480469</ele></trkpt><trkpt lat="46.50504034059122" lon="8.668230306357145"><ele>1684.7099914550781</ele></trkpt><trkpt lat="46.50501034036279" lon="8.668320306111127"><ele>1683.7699890136719</ele></trkpt><trkpt lat="46.50498034013435" lon="8.66850030561909"><ele>1681.5699768066406</ele></trkpt><trkpt lat="46.5049603395164" lon="8.668630305211991"><ele>1679.7099914550781</ele></trkpt><trkpt lat="46.50496033905074" lon="8.668790305033326"><ele>1677.5099792480469</ele></trkpt><trkpt lat="46.50494033889845" lon="8.668910304550081"><ele>1675.6099853515625</ele></trkpt><trkpt lat="46.504910338204354" lon="8.669000304304063"><ele>1673.7999877929688</ele></trkpt><trkpt lat="46.50486033828929" lon="8.669110304210335"><ele>1672.0699768066406</ele></trkpt><trkpt lat="46.50480033783242" lon="8.66923030372709"><ele>1670.2599792480469</ele></trkpt><trkpt lat="46.50476033752784" lon="8.669260303489864"><ele>1669.2599792480469</ele></trkpt><trkpt lat="46.50471033714712" lon="8.669260303489864"><ele>1668.2599792480469</ele></trkpt><trkpt lat="46.50466033723205" lon="8.669250302948058"><ele>1666.719970703125</ele></trkpt><trkpt lat="46.50461033685133" lon="8.669240302871913"><ele>1665.25</ele></trkpt><trkpt lat="46.50455033639446" lon="8.669260302558541"><ele>1663.97998046875</ele></trkpt><trkpt lat="46.504520336166024" lon="8.669310302473605"><ele>1663.3399963378906</ele></trkpt><trkpt lat="46.504480336327106" lon="8.669360302388668"><ele>1662.6199951171875</ele></trkpt><trkpt lat="46.504460336174816" lon="8.669380302075297"><ele>1662.0</ele></trkpt><trkpt lat="46.50436033541337" lon="8.669400301761925"><ele>1659.2899780273438</ele></trkpt><trkpt lat="46.5043103354983" lon="8.669440301600844"><ele>1658.1599731445312</ele></trkpt><trkpt lat="46.50426033511758" lon="8.669470301363617"><ele>1657.1999816894531</ele></trkpt><trkpt lat="46.504190334584564" lon="8.669590300880373"><ele>1654.8799743652344</ele></trkpt><trkpt lat="46.504130334127694" lon="8.669720300473273"><ele>1652.7899780273438</ele></trkpt><trkpt lat="46.504110333975405" lon="8.66984030045569"><ele>1650.8599853515625</ele></trkpt><trkpt lat="46.50409033335745" lon="8.669930300209671"><ele>1649.4299926757812</ele></trkpt><trkpt lat="46.50406033312902" lon="8.670020299963653"><ele>1648.1999816894531</ele></trkpt><trkpt lat="46.50404033297673" lon="8.670140299480408"><ele>1646.5399780273438</ele></trkpt><trkpt lat="46.50402033282444" lon="8.670220299158245"><ele>1645.22998046875</ele></trkpt><trkpt lat="46.50397033197805" lon="8.670420298818499"><ele>1641.4299926757812</ele></trkpt><trkpt lat="46.50393033167347" lon="8.67051029810682"><ele>1639.6299743652344</ele></trkpt><trkpt lat="46.50389033136889" lon="8.670580298174173"><ele>1638.1599731445312</ele></trkpt><trkpt lat="46.50388033129275" lon="8.670630298089236"><ele>1637.219970703125</ele></trkpt><trkpt lat="46.50386033114046" lon="8.670720297843218"><ele>1635.989990234375</ele></trkpt><trkpt lat="46.50385033059865" lon="8.670800297521055"><ele>1634.8499755859375</ele></trkpt><trkpt lat="46.50382033037022" lon="8.671000297181308"><ele>1632.1199951171875</ele></trkpt><trkpt lat="46.50381032982841" lon="8.671110296621919"><ele>1630.5199890136719</ele></trkpt><trkpt lat="46.50381032936275" lon="8.671360296197236"><ele>1627.0699768066406</ele></trkpt><trkpt lat="46.503800328820944" lon="8.671450295951217"><ele>1625.8399963378906</ele></trkpt><trkpt lat="46.5037903287448" lon="8.671550295781344"><ele>1624.5899963378906</ele></trkpt><trkpt lat="46.50377032859251" lon="8.671600295696408"><ele>1624.0199890136719</ele></trkpt><trkpt lat="46.50375032844022" lon="8.671680295374244"><ele>1623.0999755859375</ele></trkpt><trkpt lat="46.503720328211784" lon="8.671750295441598"><ele>1622.3099975585938</ele></trkpt><trkpt lat="46.503680327907205" lon="8.671870294958353"><ele>1620.7899780273438</ele></trkpt><trkpt lat="46.503640327602625" lon="8.672020294703543"><ele>1619.1899719238281</ele></trkpt><trkpt lat="46.503620327450335" lon="8.672110294457525"><ele>1618.2899780273438</ele></trkpt><trkpt lat="46.503600327298045" lon="8.67229029443115"><ele>1616.7899780273438</ele></trkpt><trkpt lat="46.50355032645166" lon="8.672580293845385"><ele>1614.3199768066406</ele></trkpt><trkpt lat="46.50351032661274" lon="8.672720293980092"><ele>1613.4499816894531</ele></trkpt><trkpt lat="46.50345032615587" lon="8.672920293640345"><ele>1611.8499755859375</ele></trkpt><trkpt lat="46.50340032577515" lon="8.673120293300599"><ele>1610.6499938964844</ele></trkpt><trkpt lat="46.50336032593623" lon="8.673310293350369"><ele>1609.8399963378906</ele></trkpt><trkpt lat="46.50334032578394" lon="8.67338029295206"><ele>1609.4399719238281</ele></trkpt><trkpt lat="46.50332032563165" lon="8.673450293019414"><ele>1609.1699829101562</ele></trkpt><trkpt lat="46.503270325716585" lon="8.673540292773396"><ele>1608.6899719238281</ele></trkpt><trkpt lat="46.503230325412005" lon="8.673620292916894"><ele>1608.4299926757812</ele></trkpt><trkpt lat="46.50316032534465" lon="8.67372029274702"><ele>1608.0499877929688</ele></trkpt><trkpt lat="46.50313032511622" lon="8.673770292662084"><ele>1607.6899719238281</ele></trkpt><trkpt lat="46.50311032542959" lon="8.673810292966664"><ele>1607.5399780273438</ele></trkpt><trkpt lat="46.5030903252773" lon="8.673880292568356"><ele>1607.0399780273438</ele></trkpt><trkpt lat="46.503060325048864" lon="8.674050292465836"><ele>1605.5399780273438</ele></trkpt><trkpt lat="46.50303032482043" lon="8.674140292219818"><ele>1605.0299987792969</ele></trkpt><trkpt lat="46.503000324591994" lon="8.67425029212609"><ele>1604.2599792480469</ele></trkpt><trkpt lat="46.50295032421127" lon="8.674350291956216"><ele>1603.2599792480469</ele></trkpt><trkpt lat="46.502900324296206" lon="8.674430292099714"><ele>1602.3199768066406</ele></trkpt><trkpt lat="46.50279032392427" lon="8.67455029161647"><ele>1600.7899780273438</ele></trkpt><trkpt lat="46.50274032354355" lon="8.674640291370451"><ele>1599.3899841308594</ele></trkpt><trkpt lat="46.502710323315114" lon="8.674730291124433"><ele>1598.3499755859375</ele></trkpt><trkpt lat="46.502670323010534" lon="8.674870290793478"><ele>1596.8499755859375</ele></trkpt><trkpt lat="46.502610322553664" lon="8.675050290767103"><ele>1594.6499938964844</ele></trkpt><trkpt lat="46.50258032232523" lon="8.675170290283859"><ele>1593.1599731445312</ele></trkpt><trkpt lat="46.502510322257876" lon="8.675310289952904"><ele>1591.1799926757812</ele></trkpt><trkpt lat="46.50242032157257" lon="8.675500289537013"><ele>1588.7699890136719</ele></trkpt><trkpt lat="46.50232032081112" lon="8.67571028880775"><ele>1585.9099731445312</ele></trkpt><trkpt lat="46.502240320667624" lon="8.675870288629085"><ele>1583.72998046875</ele></trkpt><trkpt lat="46.50215031998232" lon="8.676170288119465"><ele>1580.3199768066406</ele></trkpt><trkpt lat="46.50211031967774" lon="8.676270287949592"><ele>1579.3499755859375</ele></trkpt><trkpt lat="46.50204031961039" lon="8.676350287627429"><ele>1577.7999877929688</ele></trkpt><trkpt lat="46.50196031900123" lon="8.676450287457556"><ele>1576.0899963378906</ele></trkpt><trkpt lat="46.501890318933874" lon="8.676550286822021"><ele>1574.3999938964844</ele></trkpt><trkpt lat="46.50186031870544" lon="8.676620286889374"><ele>1573.5399780273438</ele></trkpt><trkpt lat="46.50186031823978" lon="8.676680286880583"><ele>1572.8699951171875</ele></trkpt><trkpt lat="46.50186031823978" lon="8.676770286634564"><ele>1571.6799926757812</ele></trkpt><trkpt lat="46.50187031785026" lon="8.676970286294818"><ele>1571.1799926757812</ele></trkpt><trkpt lat="46.5018703173846" lon="8.6771902856417"><ele>1567.1999816894531</ele></trkpt><trkpt lat="46.50185031676665" lon="8.67736028553918"><ele>1565.1899719238281</ele></trkpt><trkpt lat="46.50183031661436" lon="8.677500285208225"><ele>1563.72998046875</ele></trkpt><trkpt lat="46.50179031630978" lon="8.67766028502956"><ele>1561.9199829101562</ele></trkpt><trkpt lat="46.501720315776765" lon="8.677800284232944"><ele>1559.3599853515625</ele></trkpt><trkpt lat="46.50165031524375" lon="8.67792028421536"><ele>1557.8799743652344</ele></trkpt><trkpt lat="46.50161031540483" lon="8.678000283893198"><ele>1556.7699890136719</ele></trkpt><trkpt lat="46.501580314710736" lon="8.67809028364718"><ele>1555.3599853515625</ele></trkpt><trkpt lat="46.50148031441495" lon="8.678320283070207"><ele>1552.0799865722656</ele></trkpt><trkpt lat="46.501430314034224" lon="8.678430282976478"><ele>1550.7599792480469</ele></trkpt><trkpt lat="46.50140031380579" lon="8.678490282967687"><ele>1550.0499877929688</ele></trkpt><trkpt lat="46.501390313729644" lon="8.67852028273046"><ele>1549.7099914550781</ele></trkpt><trkpt lat="46.50140031380579" lon="8.678560282569379"><ele>1549.469970703125</ele></trkpt><trkpt lat="46.50127031374723" lon="8.678830282762647"><ele>1549.25</ele></trkpt><trkpt lat="46.50123031390831" lon="8.678940282668918"><ele>1549.6499938964844</ele></trkpt><trkpt lat="46.501220313832164" lon="8.678990282583982"><ele>1550.0399780273438</ele></trkpt><trkpt lat="46.50121031375602" lon="8.679040282964706"><ele>1550.3199768066406</ele></trkpt><trkpt lat="46.5012503140606" lon="8.679190282709897"><ele>1550.4499816894531</ele></trkpt><trkpt lat="46.50129031389952" lon="8.679240283090621"><ele>1550.6099853515625</ele></trkpt><trkpt lat="46.501390314195305" lon="8.67930028308183"><ele>1551.1699829101562</ele></trkpt><trkpt lat="46.5016303146258" lon="8.67947028344497"><ele>1553.5999755859375</ele></trkpt><trkpt lat="46.5017103147693" lon="8.67953028343618"><ele>1554.5599975585938</ele></trkpt><trkpt lat="46.50173031492159" lon="8.679570283740759"><ele>1554.9499816894531</ele></trkpt><trkpt lat="46.50174031499773" lon="8.679610283579677"><ele>1555.1699829101562</ele></trkpt><trkpt lat="46.50175031507388" lon="8.679650283884257"><ele>1555.2599792480469</ele></trkpt><trkpt lat="46.50174031499773" lon="8.679710283875465"><ele>1555.5799865722656</ele></trkpt><trkpt lat="46.50173031492159" lon="8.679740283638239"><ele>1555.75</ele></trkpt><trkpt lat="46.50173031492159" lon="8.679780283942819"><ele>1555.9299926757812</ele></trkpt><trkpt lat="46.50175031507388" lon="8.679840283934027"><ele>1556.2099914550781</ele></trkpt><trkpt lat="46.50177031522617" lon="8.679900283925235"><ele>1556.719970703125</ele></trkpt><trkpt lat="46.50179031537846" lon="8.67993028415367"><ele>1556.8699951171875</ele></trkpt><trkpt lat="46.501850315369666" lon="8.680050284136087"><ele>1558.0499877929688</ele></trkpt><trkpt lat="46.501870315521955" lon="8.68012028420344"><ele>1558.8499755859375</ele></trkpt><trkpt lat="46.501870315521955" lon="8.68018028466031"><ele>1559.3899841308594</ele></trkpt><trkpt lat="46.50187031598762" lon="8.680230284575373"><ele>1559.739990234375</ele></trkpt><trkpt lat="46.5018303161487" lon="8.680320284795016"><ele>1560.6399841308594</ele></trkpt><trkpt lat="46.501780316233635" lon="8.680450284853578"><ele>1561.9299926757812</ele></trkpt><trkpt lat="46.501650316640735" lon="8.680690285284072"><ele>1564.1699829101562</ele></trkpt><trkpt lat="46.50159031711519" lon="8.680850285571069"><ele>1565.3499755859375</ele></trkpt><trkpt lat="46.50153031712398" lon="8.681080285925418"><ele>1567.0199890136719</ele></trkpt><trkpt lat="46.50149031728506" lon="8.681260286364704"><ele>1568.4099731445312</ele></trkpt><trkpt lat="46.501410318072885" lon="8.681500286329538"><ele>1570.219970703125</ele></trkpt><trkpt lat="46.50140031799674" lon="8.68157028639689"><ele>1570.6599731445312</ele></trkpt><trkpt lat="46.501410318072885" lon="8.681670286692679"><ele>1571.3799743652344</ele></trkpt><trkpt lat="46.501410318072885" lon="8.681740286760032"><ele>1571.7999877929688</ele></trkpt><trkpt lat="46.50139031838626" lon="8.68178028659895"><ele>1572.0299987792969</ele></trkpt><trkpt lat="46.50135031808168" lon="8.681810286827385"><ele>1572.2999877929688</ele></trkpt><trkpt lat="46.501280318479985" lon="8.681860286742449"><ele>1572.8799743652344</ele></trkpt><trkpt lat="46.50125031825155" lon="8.681900287047029"><ele>1573.3399963378906</ele></trkpt><trkpt lat="46.50123031856492" lon="8.681950286962092"><ele>1573.8099975585938</ele></trkpt><trkpt lat="46.50123031856492" lon="8.681960287038237"><ele>1573.9299926757812</ele></trkpt><trkpt lat="46.50123031856492" lon="8.682000287342817"><ele>1574.3999938964844</ele></trkpt><trkpt lat="46.50123031903058" lon="8.682100287638605"><ele>1575.6499938964844</ele></trkpt><trkpt lat="46.50124031910673" lon="8.682240287773311"><ele>1577.4199829101562</ele></trkpt><trkpt lat="46.501230319961905" lon="8.682430288288742"><ele>1580.239990234375</ele></trkpt><trkpt lat="46.50124032003805" lon="8.682570288423449"><ele>1582.2699890136719</ele></trkpt><trkpt lat="46.50125032057986" lon="8.682640288956463"><ele>1583.2899780273438</ele></trkpt><trkpt lat="46.50127032073215" lon="8.682730289176106"><ele>1584.5099792480469</ele></trkpt><trkpt lat="46.50130032096058" lon="8.68282028939575"><ele>1585.8499755859375</ele></trkpt><trkpt lat="46.50138032156974" lon="8.683020289987326"><ele>1589.1799926757812</ele></trkpt><trkpt lat="46.501450322102755" lon="8.683190290350467"><ele>1591.8699951171875</ele></trkpt><trkpt lat="46.501450322102755" lon="8.683240290731192"><ele>1592.7599792480469</ele></trkpt><trkpt lat="46.50145032256842" lon="8.68328029057011"><ele>1593.3899841308594</ele></trkpt><trkpt lat="46.50143032241613" lon="8.683390290942043"><ele>1594.2099914550781</ele></trkpt><trkpt lat="46.50142032280564" lon="8.68349029077217"><ele>1594.989990234375</ele></trkpt><trkpt lat="46.50152032310143" lon="8.68374029127881"><ele>1597.8899841308594</ele></trkpt><trkpt lat="46.50154032325372" lon="8.683800291735679"><ele>1598.5599975585938</ele></trkpt><trkpt lat="46.50155032379553" lon="8.683900291565806"><ele>1599.489990234375</ele></trkpt><trkpt lat="46.50156032387167" lon="8.684030292090029"><ele>1600.2799987792969</ele></trkpt><trkpt lat="46.50156032387167" lon="8.684090292081237"><ele>1600.8999938964844</ele></trkpt><trkpt lat="46.501540324185044" lon="8.6841402919963"><ele>1601.3399963378906</ele></trkpt><trkpt lat="46.50136032421142" lon="8.684290292672813"><ele>1603.5899963378906</ele></trkpt><trkpt lat="46.50126032484695" lon="8.684380292892456"><ele>1604.989990234375</ele></trkpt><trkpt lat="46.50117032509297" lon="8.684510292951018"><ele>1606.0699768066406</ele></trkpt><trkpt lat="46.50113032478839" lon="8.68460029317066"><ele>1606.4199829101562</ele></trkpt><trkpt lat="46.50111032510176" lon="8.684690292924643"><ele>1606.8699951171875</ele></trkpt><trkpt lat="46.501090325415134" lon="8.684840293135494"><ele>1607.72998046875</ele></trkpt><trkpt lat="46.50108032533899" lon="8.685050293337554"><ele>1608.7699890136719</ele></trkpt><trkpt lat="46.501070325728506" lon="8.685490293893963"><ele>1610.7899780273438</ele></trkpt><trkpt lat="46.50106032611802" lon="8.68563029402867"><ele>1611.3999938964844</ele></trkpt><trkpt lat="46.501020326279104" lon="8.686040294356644"><ele>1613.22998046875</ele></trkpt><trkpt lat="46.500980326440185" lon="8.686210294254124"><ele>1614.1099853515625</ele></trkpt><trkpt lat="46.50096032675356" lon="8.68635029438883"><ele>1614.7899780273438</ele></trkpt><trkpt lat="46.50093032699078" lon="8.686680294573307"><ele>1615.8899841308594</ele></trkpt><trkpt lat="46.5009203273803" lon="8.6870002951473"><ele>1617.5699768066406</ele></trkpt><trkpt lat="46.5009203273803" lon="8.68738029524684"><ele>1619.1499938964844</ele></trkpt><trkpt lat="46.500910327769816" lon="8.687450295314193"><ele>1619.7999877929688</ele></trkpt><trkpt lat="46.50088032754138" lon="8.68755029560998"><ele>1620.2599792480469</ele></trkpt><trkpt lat="46.50084032770246" lon="8.68772029550746"><ele>1621.0399780273438</ele></trkpt><trkpt lat="46.50083032809198" lon="8.68778029596433"><ele>1621.6199951171875</ele></trkpt><trkpt lat="46.500840328168124" lon="8.687820295803249"><ele>1621.6099853515625</ele></trkpt><trkpt lat="46.5008703279309" lon="8.687980296090245"><ele>1622.4199829101562</ele></trkpt><trkpt lat="46.50087032839656" lon="8.688050296157598"><ele>1622.9299926757812</ele></trkpt><trkpt lat="46.50087032839656" lon="8.688100296072662"><ele>1622.8099975585938</ele></trkpt><trkpt lat="46.500860328320414" lon="8.688150295987725"><ele>1622.5899963378906</ele></trkpt><trkpt lat="46.500820328015834" lon="8.688210295978934"><ele>1622.6999816894531</ele></trkpt><trkpt lat="46.500780328176916" lon="8.688270295970142"><ele>1623.4399719238281</ele></trkpt><trkpt lat="46.50076032849029" lon="8.688320296350867"><ele>1623.6399841308594</ele></trkpt><trkpt lat="46.500710328575224" lon="8.688550296239555"><ele>1624.8199768066406</ele></trkpt><trkpt lat="46.50064032897353" lon="8.688830296508968"><ele>1626.0399780273438</ele></trkpt><trkpt lat="46.5006103287451" lon="8.6889402968809"><ele>1626.5099792480469</ele></trkpt><trkpt lat="46.50056032883003" lon="8.689090296626091"><ele>1627.0799865722656</ele></trkpt><trkpt lat="46.50051032938063" lon="8.689240296836942"><ele>1627.8799743652344</ele></trkpt><trkpt lat="46.5004803291522" lon="8.689360296819359"><ele>1628.1799926757812</ele></trkpt><trkpt lat="46.50046032946557" lon="8.689460297115147"><ele>1628.3299865722656</ele></trkpt><trkpt lat="46.50046032946557" lon="8.689580297097564"><ele>1628.6999816894531</ele></trkpt><trkpt lat="46.50046032946557" lon="8.689750297460705"><ele>1629.469970703125</ele></trkpt><trkpt lat="46.50045032938942" lon="8.689830297138542"><ele>1629.3599853515625</ele></trkpt><trkpt lat="46.500430329702795" lon="8.689970297273248"><ele>1629.7899780273438</ele></trkpt><trkpt lat="46.50042032962665" lon="8.690080297645181"><ele>1630.4599914550781</ele></trkpt><trkpt lat="46.50042032962665" lon="8.6901202974841"><ele>1630.5699768066406</ele></trkpt><trkpt lat="46.500390329863876" lon="8.690180297475308"><ele>1630.7799987792969</ele></trkpt><trkpt lat="46.50033032987267" lon="8.690270297694951"><ele>1630.9599914550781</ele></trkpt><trkpt lat="46.500200329814106" lon="8.69050029758364"><ele>1631.8799743652344</ele></trkpt><trkpt lat="46.50017033005133" lon="8.690580297727138"><ele>1632.7799987792969</ele></trkpt><trkpt lat="46.500110330060124" lon="8.6907102977857"><ele>1632.9499816894531</ele></trkpt><trkpt lat="46.50006033014506" lon="8.690800298005342"><ele>1633.3899841308594</ele></trkpt><trkpt lat="46.499900330323726" lon="8.690930298063904"><ele>1633.5</ele></trkpt><trkpt lat="46.49968033051118" lon="8.6910902983509"><ele>1634.3099975585938</ele></trkpt><trkpt lat="46.49944033054635" lon="8.691210298333317"><ele>1634.8299865722656</ele></trkpt><trkpt lat="46.49921033065766" lon="8.691310298163444"><ele>1635.0099792480469</ele></trkpt><trkpt lat="46.499030330684036" lon="8.691370298620313"><ele>1635.4299926757812</ele></trkpt><trkpt lat="46.49894033046439" lon="8.691400298383087"><ele>1635.7699890136719</ele></trkpt><trkpt lat="46.498880330473185" lon="8.691410298459232"><ele>1635.9199829101562</ele></trkpt><trkpt lat="46.49878033064306" lon="8.691400298383087"><ele>1636.1099853515625</ele></trkpt><trkpt lat="46.498710330575705" lon="8.691400298383087"><ele>1636.22998046875</ele></trkpt><trkpt lat="46.49860033066943" lon="8.691430298611522"><ele>1636.5299987792969</ele></trkpt><trkpt lat="46.498500330839306" lon="8.691500298678875"><ele>1636.9199829101562</ele></trkpt><trkpt lat="46.49836033117026" lon="8.691620298661292"><ele>1637.2799987792969</ele></trkpt><trkpt lat="46.49828033102676" lon="8.6916802986525"><ele>1637.5399780273438</ele></trkpt><trkpt lat="46.49817033112049" lon="8.691730299033225"><ele>1637.739990234375</ele></trkpt><trkpt lat="46.49810033105314" lon="8.691770298872143"><ele>1637.9399719238281</ele></trkpt><trkpt lat="46.498050331138074" lon="8.691820298787206"><ele>1638.0899963378906</ele></trkpt><trkpt lat="46.498010331299156" lon="8.691900298930705"><ele>1638.2699890136719</ele></trkpt><trkpt lat="46.49795033130795" lon="8.692200298886746"><ele>1638.9199829101562</ele></trkpt><trkpt lat="46.49789033131674" lon="8.692510299384594"><ele>1639.47998046875</ele></trkpt><trkpt lat="46.497880331706256" lon="8.692660299129784"><ele>1640.0899963378906</ele></trkpt><trkpt lat="46.4978903317824" lon="8.692830299492925"><ele>1641.25</ele></trkpt><trkpt lat="46.497900331858546" lon="8.692930299788713"><ele>1641.9499816894531</ele></trkpt><trkpt lat="46.49789033224806" lon="8.693140299990773"><ele>1643.719970703125</ele></trkpt><trkpt lat="46.49787033256143" lon="8.693370300345123"><ele>1645.469970703125</ele></trkpt><trkpt lat="46.49787033256143" lon="8.69347030017525"><ele>1646.25</ele></trkpt><trkpt lat="46.49790033278987" lon="8.693630300462246"><ele>1647.7699890136719</ele></trkpt><trkpt lat="46.4979303330183" lon="8.693760300986469"><ele>1648.9499816894531</ele></trkpt><trkpt lat="46.49796033324674" lon="8.69387030089274"><ele>1649.8399963378906</ele></trkpt><trkpt lat="46.49798033386469" lon="8.694040301255882"><ele>1651.1199951171875</ele></trkpt><trkpt lat="46.49800033401698" lon="8.694190301466733"><ele>1652.3399963378906</ele></trkpt><trkpt lat="46.49802033416927" lon="8.694360301829875"><ele>1653.6599731445312</ele></trkpt><trkpt lat="46.49806033447385" lon="8.69456030195579"><ele>1655.3499755859375</ele></trkpt><trkpt lat="46.49808033462614" lon="8.69475030247122"><ele>1657.0799865722656</ele></trkpt><trkpt lat="46.498090335167944" lon="8.694900302682072"><ele>1658.3999938964844</ele></trkpt><trkpt lat="46.498090335167944" lon="8.695060302969068"><ele>1659.8099975585938</ele></trkpt><trkpt lat="46.49812033539638" lon="8.69517030287534"><ele>1660.72998046875</ele></trkpt><trkpt lat="46.498150335624814" lon="8.695260303094983"><ele>1661.5599975585938</ele></trkpt><trkpt lat="46.49818033585325" lon="8.695330303162336"><ele>1662.25</ele></trkpt><trkpt lat="46.4982503359206" lon="8.69544030353427"><ele>1663.5599975585938</ele></trkpt><trkpt lat="46.49832033645362" lon="8.695600303821266"><ele>1664.989990234375</ele></trkpt><trkpt lat="46.498360336758196" lon="8.695760304108262"><ele>1667.1899719238281</ele></trkpt><trkpt lat="46.498400337062776" lon="8.69584030425176"><ele>1667.8199768066406</ele></trkpt><trkpt lat="46.49845033697784" lon="8.695930304471403"><ele>1668.4399719238281</ele></trkpt><trkpt lat="46.49851033743471" lon="8.696060304529965"><ele>1669.5699768066406</ele></trkpt><trkpt lat="46.498540337663144" lon="8.696140304673463"><ele>1670.3399963378906</ele></trkpt><trkpt lat="46.49855033773929" lon="8.696210304740816"><ele>1671.1199951171875</ele></trkpt><trkpt lat="46.498560337815434" lon="8.696350304875523"><ele>1672.1299743652344</ele></trkpt><trkpt lat="46.49855033820495" lon="8.696590305771679"><ele>1674.6099853515625</ele></trkpt><trkpt lat="46.49859033897519" lon="8.697070306167006"><ele>1678.719970703125</ele></trkpt><trkpt lat="46.49859033944085" lon="8.697270306292921"><ele>1679.8099975585938</ele></trkpt><trkpt lat="46.498600339517" lon="8.697330306749791"><ele>1680.0199890136719</ele></trkpt><trkpt lat="46.49862033966929" lon="8.697420306503773"><ele>1680.4599914550781</ele></trkpt><trkpt lat="46.498660339508206" lon="8.69752030679956"><ele>1680.5099792480469</ele></trkpt><trkpt lat="46.49867033958435" lon="8.697580306790769"><ele>1680.5099792480469</ele></trkpt><trkpt lat="46.49867033958435" lon="8.69771030684933"><ele>1680.5799865722656</ele></trkpt><trkpt lat="46.49869033927098" lon="8.697810306679457"><ele>1680.6999816894531</ele></trkpt><trkpt lat="46.498720339499414" lon="8.697890306822956"><ele>1680.5899963378906</ele></trkpt><trkpt lat="46.49880033964291" lon="8.697950306814164"><ele>1680.989990234375</ele></trkpt><trkpt lat="46.498870339710265" lon="8.698010306805372"><ele>1682.2999877929688</ele></trkpt><trkpt lat="46.49892034009099" lon="8.698080307338387"><ele>1683.8599853515625</ele></trkpt><trkpt lat="46.49894034024328" lon="8.69813030725345"><ele>1684.5699768066406</ele></trkpt><trkpt lat="46.498950340319425" lon="8.698200307320803"><ele>1685.3099975585938</ele></trkpt><trkpt lat="46.498930340632796" lon="8.698320307768881"><ele>1686.8199768066406</ele></trkpt><trkpt lat="46.498860341496766" lon="8.698640308342874"><ele>1690.489990234375</ele></trkpt><trkpt lat="46.49883034173399" lon="8.698860308621079"><ele>1692.25</ele></trkpt><trkpt lat="46.49881034204736" lon="8.698970308993012"><ele>1693.8899841308594</ele></trkpt><trkpt lat="46.498770342208445" lon="8.699110309127718"><ele>1694.8499755859375</ele></trkpt><trkpt lat="46.49872034275904" lon="8.69930030964315"><ele>1696.3599853515625</ele></trkpt><trkpt lat="46.49867034284398" lon="8.699520309921354"><ele>1698.6899719238281</ele></trkpt><trkpt lat="46.49863034300506" lon="8.699630309827626"><ele>1699.239990234375</ele></trkpt><trkpt lat="46.49854034371674" lon="8.699840310495347"><ele>1701.5399780273438</ele></trkpt><trkpt lat="46.498460344038904" lon="8.700080310925841"><ele>1704.2899780273438</ele></trkpt><trkpt lat="46.49837034475058" lon="8.700290311593562"><ele>1706.5699768066406</ele></trkpt><trkpt lat="46.4982803449966" lon="8.700570311862975"><ele>1709.4099731445312</ele></trkpt><trkpt lat="46.49812034610659" lon="8.701120312791318"><ele>1714.2699890136719</ele></trkpt><trkpt lat="46.49808034626767" lon="8.701290313154459"><ele>1715.3799743652344</ele></trkpt><trkpt lat="46.49804034642875" lon="8.701430313289165"><ele>1716.3899841308594</ele></trkpt><trkpt lat="46.497980346903205" lon="8.701570313423872"><ele>1717.6399841308594</ele></trkpt><trkpt lat="46.49793034698814" lon="8.701610313728452"><ele>1718.5999755859375</ele></trkpt><trkpt lat="46.49789034714922" lon="8.701680313795805"><ele>1720.2999877929688</ele></trkpt><trkpt lat="46.49784034769982" lon="8.701770314015448"><ele>1722.3399963378906</ele></trkpt><trkpt lat="46.49781034793705" lon="8.701850314158946"><ele>1722.8099975585938</ele></trkpt><trkpt lat="46.49777034809813" lon="8.701950314454734"><ele>1723.469970703125</ele></trkpt><trkpt lat="46.49771034810692" lon="8.702040314674377"><ele>1724.6399841308594</ele></trkpt><trkpt lat="46.49766034865752" lon="8.702120314817876"><ele>1726.3499755859375</ele></trkpt><trkpt lat="46.4976203488186" lon="8.702180315274745"><ele>1727.5199890136719</ele></trkpt><trkpt lat="46.497610348742455" lon="8.702240315265954"><ele>1728.9099731445312</ele></trkpt><trkpt lat="46.49761034920812" lon="8.702300315722823"><ele>1730.2899780273438</ele></trkpt><trkpt lat="46.49761034920812" lon="8.702360315714031"><ele>1731.25</ele></trkpt><trkpt lat="46.49757034983486" lon="8.702510316390544"><ele>1734.4499816894531</ele></trkpt><trkpt lat="46.49753035092726" lon="8.702700317371637"><ele>1739.0899963378906</ele></trkpt><trkpt lat="46.49740035273135" lon="8.703130318783224"><ele>1747.25</ele></trkpt><trkpt lat="46.49729035422206" lon="8.703430320136249"><ele>1755.25</ele></trkpt><trkpt lat="46.49727035406977" lon="8.703430320136249"><ele>1755.969970703125</ele></trkpt><trkpt lat="46.497260354459286" lon="8.703420320525765"><ele>1756.2599792480469</ele></trkpt><trkpt lat="46.497260354459286" lon="8.703380320221186"><ele>1756.4399719238281</ele></trkpt><trkpt lat="46.497260354459286" lon="8.703330320771784"><ele>1757.719970703125</ele></trkpt><trkpt lat="46.49720035493374" lon="8.703190321102738"><ele>1759.5699768066406</ele></trkpt><trkpt lat="46.497060355730355" lon="8.702940321527421"><ele>1762.9599914550781</ele></trkpt><trkpt lat="46.49703035596758" lon="8.702900321688503"><ele>1764.0999755859375</ele></trkpt><trkpt lat="46.49701035581529" lon="8.702900321688503"><ele>1764.6499938964844</ele></trkpt><trkpt lat="46.49699035612866" lon="8.702900322154164"><ele>1765.6199951171875</ele></trkpt><trkpt lat="46.496970356442034" lon="8.702940321993083"><ele>1765.969970703125</ele></trkpt><trkpt lat="46.49694035667926" lon="8.703050322365016"><ele>1768.239990234375</ele></trkpt><trkpt lat="46.49693035753444" lon="8.703200323041528"><ele>1771.9299926757812</ele></trkpt><trkpt lat="46.49695035815239" lon="8.703380323480815"><ele>1774.8299865722656</ele></trkpt><trkpt lat="46.496980358380824" lon="8.703570323996246"><ele>1776.2599792480469</ele></trkpt><trkpt lat="46.49699035938829" lon="8.703800324816257"><ele>1781.2899780273438</ele></trkpt><trkpt lat="46.49699035985395" lon="8.704000325407833"><ele>1784.989990234375</ele></trkpt><trkpt lat="46.49696036055684" lon="8.704190325923264"><ele>1787.6899719238281</ele></trkpt><trkpt lat="46.49693036125973" lon="8.704360326286405"><ele>1790.5999755859375</ele></trkpt><trkpt lat="46.49689036188647" lon="8.704530327115208"><ele>1794.5999755859375</ele></trkpt><trkpt lat="46.49687036173418" lon="8.704600327182561"><ele>1794.7599792480469</ele></trkpt><trkpt lat="46.496810362208635" lon="8.70466032717377"><ele>1795.239990234375</ele></trkpt><trkpt lat="46.49676036229357" lon="8.704670327715576"><ele>1797.3199768066406</ele></trkpt><trkpt lat="46.49677036283538" lon="8.70453032804653"><ele>1798.5599975585938</ele></trkpt><trkpt lat="46.49677036283538" lon="8.704440327826887"><ele>1799.3699951171875</ele></trkpt><trkpt lat="46.496760363224894" lon="8.704330328386277"><ele>1800.8099975585938</ele></trkpt><trkpt lat="46.49673036346212" lon="8.704220328480005"><ele>1802.5599975585938</ele></trkpt><trkpt lat="46.4966903636232" lon="8.704160328488797"><ele>1803.2999877929688</ele></trkpt><trkpt lat="46.49665036378428" lon="8.704120328649879"><ele>1804.0699768066406</ele></trkpt><trkpt lat="46.49655036395416" lon="8.704090329352766"><ele>1806.1299743652344</ele></trkpt><trkpt lat="46.496460364200175" lon="8.704080329276621"><ele>1807.489990234375</ele></trkpt><trkpt lat="46.496460364200175" lon="8.704080329276621"><ele>1807.5799865722656</ele></trkpt><trkpt lat="46.496370364911854" lon="8.704110329970717"><ele>1809.5099792480469</ele></trkpt><trkpt lat="46.49628036515787" lon="8.704170329961926"><ele>1811.0799865722656</ele></trkpt><trkpt lat="46.496200365480036" lon="8.704230330418795"><ele>1812.5699768066406</ele></trkpt><trkpt lat="46.49615036556497" lon="8.704290330410004"><ele>1813.7899780273438</ele></trkpt><trkpt lat="46.49614036548883" lon="8.704350330401212"><ele>1814.1899719238281</ele></trkpt><trkpt lat="46.4961203658022" lon="8.70449033100158"><ele>1814.97998046875</ele></trkpt><trkpt lat="46.49610036611557" lon="8.704540330916643"><ele>1815.4299926757812</ele></trkpt><trkpt lat="46.49608036596328" lon="8.704570330679417"><ele>1815.5699768066406</ele></trkpt><trkpt lat="46.49606036581099" lon="8.704570330679417"><ele>1815.7099914550781</ele></trkpt><trkpt lat="46.49603036604822" lon="8.704550330992788"><ele>1815.9199829101562</ele></trkpt><trkpt lat="46.495960366446525" lon="8.704420330934227"><ele>1817.1999816894531</ele></trkpt><trkpt lat="46.495920366607606" lon="8.704380331095308"><ele>1818.0499877929688</ele></trkpt><trkpt lat="46.49587036669254" lon="8.704350331332535"><ele>1819.1699829101562</ele></trkpt><trkpt lat="46.49584036692977" lon="8.704350331798196"><ele>1819.8099975585938</ele></trkpt><trkpt lat="46.495810366701335" lon="8.704350331798196"><ele>1820.1799926757812</ele></trkpt><trkpt lat="46.495770366862416" lon="8.704370331950486"><ele>1820.8199768066406</ele></trkpt><trkpt lat="46.4957303670235" lon="8.704420331865549"><ele>1821.72998046875</ele></trkpt><trkpt lat="46.49567036749795" lon="8.704460332170129"><ele>1822.8999938964844</ele></trkpt><trkpt lat="46.495640367269516" lon="8.704470332246274"><ele>1823.3199768066406</ele></trkpt><trkpt lat="46.49561036750674" lon="8.704480332322419"><ele>1823.8499755859375</ele></trkpt><trkpt lat="46.495590367820114" lon="8.704470332246274"><ele>1824.1499938964844</ele></trkpt><trkpt lat="46.495550367515534" lon="8.704520332626998"><ele>1824.5499877929688</ele></trkpt><trkpt lat="46.49548036791384" lon="8.704580332618207"><ele>1825.2999877929688</ele></trkpt><trkpt lat="46.49539036815986" lon="8.70463033253327"><ele>1826.0499877929688</ele></trkpt><trkpt lat="46.49530036840588" lon="8.704710332676768"><ele>1826.8999938964844</ele></trkpt><trkpt lat="46.495250368025154" lon="8.704730332829058"><ele>1827.1099853515625</ele></trkpt><trkpt lat="46.49522036826238" lon="8.704760333057493"><ele>1827.3799743652344</ele></trkpt><trkpt lat="46.49519036849961" lon="8.704820333048701"><ele>1828.3899841308594</ele></trkpt><trkpt lat="46.49515036866069" lon="8.704880333505571"><ele>1829.1899719238281</ele></trkpt><trkpt lat="46.49511036882177" lon="8.704910333268344"><ele>1829.8899841308594</ele></trkpt><trkpt lat="46.49502036906779" lon="8.705020333640277"><ele>1830.3499755859375</ele></trkpt><trkpt lat="46.49499036883935" lon="8.705080333631486"><ele>1831.0099792480469</ele></trkpt><trkpt lat="46.49496036907658" lon="8.705130333546549"><ele>1831.2699890136719</ele></trkpt><trkpt lat="46.494930368848145" lon="8.705150333698839"><ele>1831.1699829101562</ele></trkpt><trkpt lat="46.49490036908537" lon="8.705180333461612"><ele>1831.2699890136719</ele></trkpt><trkpt lat="46.49487036885694" lon="8.705220333766192"><ele>1831.5399780273438</ele></trkpt><trkpt lat="46.494800369255245" lon="8.705340333748609"><ele>1832.5</ele></trkpt><trkpt lat="46.494760369416326" lon="8.705380334053189"><ele>1833.25</ele></trkpt><trkpt lat="46.49473036965355" lon="8.705430333968252"><ele>1833.4099731445312</ele></trkpt><trkpt lat="46.49469036934897" lon="8.705480334348977"><ele>1833.72998046875</ele></trkpt><trkpt lat="46.494670369662344" lon="8.705540334340185"><ele>1833.9399719238281</ele></trkpt><trkpt lat="46.494630369823426" lon="8.705580334179103"><ele>1834.2099914550781</ele></trkpt><trkpt lat="46.494610369671136" lon="8.705600334331393"><ele>1833.9399719238281</ele></trkpt><trkpt lat="46.49460036959499" lon="8.705630334094167"><ele>1834.3099975585938</ele></trkpt><trkpt lat="46.494590369518846" lon="8.705650334246457"><ele>1834.5699768066406</ele></trkpt><trkpt lat="46.49456036975607" lon="8.70572033431381"><ele>1834.9499816894531</ele></trkpt><trkpt lat="46.49454036960378" lon="8.705750334542245"><ele>1835.1099853515625</ele></trkpt><trkpt lat="46.49451036984101" lon="8.705790334381163"><ele>1835.3299865722656</ele></trkpt><trkpt lat="46.49447037000209" lon="8.705880334600806"><ele>1835.75</ele></trkpt><trkpt lat="46.49442037008703" lon="8.705900334753096"><ele>1835.8599853515625</ele></trkpt><trkpt lat="46.49439036985859" lon="8.70593033451587"><ele>1835.969970703125</ele></trkpt><trkpt lat="46.49426037026569" lon="8.706110334489495"><ele>1836.8899841308594</ele></trkpt><trkpt lat="46.4942403701134" lon="8.70616033487022"><ele>1837.2999877929688</ele></trkpt><trkpt lat="46.49423037050292" lon="8.706190335098654"><ele>1837.989990234375</ele></trkpt><trkpt lat="46.49421037035063" lon="8.706230334937572"><ele>1838.3099975585938</ele></trkpt><trkpt lat="46.494180370587856" lon="8.706270334776491"><ele>1838.469970703125</ele></trkpt><trkpt lat="46.494140370283276" lon="8.706340334843844"><ele>1838.3599853515625</ele></trkpt><trkpt lat="46.49413037067279" lon="8.706450335215777"><ele>1840.7099914550781</ele></trkpt><trkpt lat="46.49408037122339" lon="8.706500335596502"><ele>1841.6199951171875</ele></trkpt><trkpt lat="46.49408037122339" lon="8.706530335359275"><ele>1841.5599975585938</ele></trkpt><trkpt lat="46.49408037122339" lon="8.706570335663855"><ele>1841.9399719238281</ele></trkpt><trkpt lat="46.494070371147245" lon="8.706620335578918"><ele>1842.739990234375</ele></trkpt><trkpt lat="46.49405037146062" lon="8.706650335807353"><ele>1843.5399780273438</ele></trkpt><trkpt lat="46.49402037169784" lon="8.706670335959643"><ele>1844.2799987792969</ele></trkpt><trkpt lat="46.49399037146941" lon="8.706730335950851"><ele>1844.4399719238281</ele></trkpt><trkpt lat="46.4940103716217" lon="8.70683033624664"><ele>1844.3899841308594</ele></trkpt><trkpt lat="46.49402037169784" lon="8.706970336381346"><ele>1845.0299987792969</ele></trkpt><trkpt lat="46.49408037215471" lon="8.707130336668342"><ele>1846.8999938964844</ele></trkpt><trkpt lat="46.49415037268773" lon="8.707300337031484"><ele>1849.6199951171875</ele></trkpt><trkpt lat="46.49423037329689" lon="8.707550337538123"><ele>1853.47998046875</ele></trkpt><trkpt lat="46.49428037367761" lon="8.707680338062346"><ele>1855.7699890136719</ele></trkpt><trkpt lat="46.49431037437171" lon="8.707800338510424"><ele>1858.2999877929688</ele></trkpt><trkpt lat="46.49432037444785" lon="8.707840338815004"><ele>1858.4299926757812</ele></trkpt><trkpt lat="46.49432037444785" lon="8.707890338730067"><ele>1858.5799865722656</ele></trkpt><trkpt lat="46.49432037444785" lon="8.708000338636339"><ele>1858.5299987792969</ele></trkpt><trkpt lat="46.494280374608934" lon="8.70815033884719"><ele>1859.5299987792969</ele></trkpt><trkpt lat="46.494260374456644" lon="8.708250338677317"><ele>1859.2099914550781</ele></trkpt><trkpt lat="46.494220374617726" lon="8.70832033874467"><ele>1859.1599731445312</ele></trkpt><trkpt lat="46.49419037438929" lon="8.70836033904925"><ele>1859.8499755859375</ele></trkpt><trkpt lat="46.49414037493989" lon="8.708440339192748"><ele>1862.5699768066406</ele></trkpt><trkpt lat="46.49408037541434" lon="8.708490339573473"><ele>1864.1699829101562</ele></trkpt><trkpt lat="46.49404037557542" lon="8.708510339725763"><ele>1864.219970703125</ele></trkpt><trkpt lat="46.49397037550807" lon="8.708580339793116"><ele>1865.469970703125</ele></trkpt><trkpt lat="46.49387037567794" lon="8.708740340080112"><ele>1866.2999877929688</ele></trkpt><trkpt lat="46.493810376152396" lon="8.708830340299755"><ele>1866.75</ele></trkpt><trkpt lat="46.49377037584782" lon="8.708960339892656"><ele>1865.7699890136719</ele></trkpt><trkpt lat="46.49374037561938" lon="8.709020339883864"><ele>1865.8699951171875</ele></trkpt><trkpt lat="46.49368037562817" lon="8.709090339951217"><ele>1866.0899963378906</ele></trkpt><trkpt lat="46.49361037602648" lon="8.70914033986628"><ele>1866.3499755859375</ele></trkpt><trkpt lat="46.49348037643358" lon="8.709260340314358"><ele>1868.8099975585938</ele></trkpt><trkpt lat="46.49342037644237" lon="8.709300340618938"><ele>1870.1699829101562</ele></trkpt><trkpt lat="46.493340376764536" lon="8.709390340838581"><ele>1870.3899841308594</ele></trkpt><trkpt lat="46.49327037669718" lon="8.70949034113437"><ele>1871.2599792480469</ele></trkpt><trkpt lat="46.4931803769432" lon="8.709630340803415"><ele>1871.1599731445312</ele></trkpt><trkpt lat="46.4931003767997" lon="8.709730341099203"><ele>1871.2999877929688</ele></trkpt><trkpt lat="46.49305037688464" lon="8.709780341014266"><ele>1872.5299987792969</ele></trkpt><trkpt lat="46.493000376969576" lon="8.7098103412427"><ele>1873.0999755859375</ele></trkpt><trkpt lat="46.492950377520174" lon="8.70983034139499"><ele>1873.8699951171875</ele></trkpt><trkpt lat="46.4928403776139" lon="8.709800341632217"><ele>1875.9499816894531</ele></trkpt><trkpt lat="46.492780378088355" lon="8.709800342097878"><ele>1877.9299926757812</ele></trkpt><trkpt lat="46.49273037817329" lon="8.709790342487395"><ele>1878.6199951171875</ele></trkpt><trkpt lat="46.49270037841052" lon="8.70980034256354"><ele>1879.5799865722656</ele></trkpt><trkpt lat="46.49264037888497" lon="8.709830342791975"><ele>1881.3399963378906</ele></trkpt><trkpt lat="46.49260037904605" lon="8.709850342944264"><ele>1882.8499755859375</ele></trkpt><trkpt lat="46.492560379207134" lon="8.709900343324989"><ele>1883.5899963378906</ele></trkpt><trkpt lat="46.49253037944436" lon="8.709910343401134"><ele>1883.7999877929688</ele></trkpt><trkpt lat="46.492500379215926" lon="8.709910343401134"><ele>1884.5999755859375</ele></trkpt><trkpt lat="46.49246037937701" lon="8.709950343240052"><ele>1885.0299987792969</ele></trkpt><trkpt lat="46.492430379614234" lon="8.709990343544632"><ele>1885.4599914550781</ele></trkpt><trkpt lat="46.49240037985146" lon="8.710020343773067"><ele>1885.8899841308594</ele></trkpt><trkpt lat="46.4923503799364" lon="8.710010343696922"><ele>1887.4299926757812</ele></trkpt><trkpt lat="46.492300380486995" lon="8.710020344238728"><ele>1889.7899780273438</ele></trkpt><trkpt lat="46.49227038072422" lon="8.710040344391018"><ele>1890.7099914550781</ele></trkpt><trkpt lat="46.49222038080916" lon="8.710090344306082"><ele>1890.8599853515625</ele></trkpt><trkpt lat="46.49212038097903" lon="8.710110344458371"><ele>1891.7599792480469</ele></trkpt><trkpt lat="46.49209038121626" lon="8.710130345076323"><ele>1893.3599853515625</ele></trkpt><trkpt lat="46.492060381453484" lon="8.710170344915241"><ele>1894.3799743652344</ele></trkpt><trkpt lat="46.492020381614566" lon="8.710240345448256"><ele>1895.6499938964844</ele></trkpt><trkpt lat="46.49201038153842" lon="8.7102503455244"><ele>1896.1499938964844</ele></trkpt><trkpt lat="46.49201038153842" lon="8.710260345600545"><ele>1896.1399841308594</ele></trkpt><trkpt lat="46.49203038169071" lon="8.710290345363319"><ele>1896.7799987792969</ele></trkpt><trkpt lat="46.49203038215637" lon="8.710320345591754"><ele>1897.3999938964844</ele></trkpt><trkpt lat="46.49203038215637" lon="8.710330345667899"><ele>1898.1799926757812</ele></trkpt><trkpt lat="46.49202038208023" lon="8.710340345744044"><ele>1899.0899963378906</ele></trkpt><trkpt lat="46.491990382317454" lon="8.710340346209705"><ele>1900.22998046875</ele></trkpt><trkpt lat="46.49196038255468" lon="8.710330346599221"><ele>1901.5299987792969</ele></trkpt><trkpt lat="46.49194038286805" lon="8.710300346370786"><ele>1902.7599792480469</ele></trkpt><trkpt lat="46.49193038325757" lon="8.710290346760303"><ele>1903.239990234375</ele></trkpt><trkpt lat="46.49192038318142" lon="8.710290346760303"><ele>1903.5199890136719</ele></trkpt><trkpt lat="46.49192038318142" lon="8.710290346760303"><ele>1903.7599792480469</ele></trkpt><trkpt lat="46.49193038325757" lon="8.710340347141027"><ele>1904.9199829101562</ele></trkpt><trkpt lat="46.49193038372323" lon="8.710360347293317"><ele>1905.5499877929688</ele></trkpt><trkpt lat="46.491920383647084" lon="8.710370347369462"><ele>1906.0199890136719</ele></trkpt><trkpt lat="46.49191038357094" lon="8.710370347369462"><ele>1906.6999816894531</ele></trkpt><trkpt lat="46.49186038412154" lon="8.710290347691625"><ele>1908.5799865722656</ele></trkpt><trkpt lat="46.49185038404539" lon="8.71028034761548"><ele>1908.7599792480469</ele></trkpt><trkpt lat="46.49184038443491" lon="8.71028034761548"><ele>1909.1899719238281</ele></trkpt><trkpt lat="46.49184038443491" lon="8.710290347691625"><ele>1909.5299987792969</ele></trkpt><trkpt lat="46.491850384511054" lon="8.710330347996205"><ele>1910.8599853515625</ele></trkpt><trkpt lat="46.491850384511054" lon="8.71034034807235"><ele>1911.2899780273438</ele></trkpt><trkpt lat="46.491850384511054" lon="8.710350348148495"><ele>1911.6599731445312</ele></trkpt><trkpt lat="46.49180038506165" lon="8.710300348699093"><ele>1913.6999816894531</ele></trkpt><trkpt lat="46.49175038561225" lon="8.710280349012464"><ele>1916.0299987792969</ele></trkpt><trkpt lat="46.491740385536104" lon="8.710280349012464"><ele>1916.1799926757812</ele></trkpt><trkpt lat="46.491740385536104" lon="8.710300349164754"><ele>1916.3999938964844</ele></trkpt><trkpt lat="46.491780386306345" lon="8.710400349460542"><ele>1919.7799987792969</ele></trkpt><trkpt lat="46.4917703862302" lon="8.710410349536687"><ele>1919.7099914550781</ele></trkpt><trkpt lat="46.49175038654357" lon="8.710480350069702"><ele>1921.7899780273438</ele></trkpt><trkpt lat="46.49174038693309" lon="8.710520350374281"><ele>1923.6599731445312</ele></trkpt><trkpt lat="46.49172038724646" lon="8.710540350526571"><ele>1924.1799926757812</ele></trkpt><trkpt lat="46.491690387483686" lon="8.71062035067007"><ele>1926.4099731445312</ele></trkpt><trkpt lat="46.4916803878732" lon="8.710710350889713"><ele>1926.8999938964844</ele></trkpt><trkpt lat="46.4916803878732" lon="8.71083035087213"><ele>1927.9399719238281</ele></trkpt><trkpt lat="46.491700388491154" lon="8.71108035184443"><ele>1931.5499877929688</ele></trkpt><trkpt lat="46.491700388956815" lon="8.711180352140218"><ele>1932.6999816894531</ele></trkpt><trkpt lat="46.49169038888067" lon="8.711230352055281"><ele>1933.5699768066406</ele></trkpt><trkpt lat="46.4916603891179" lon="8.711280352436006"><ele>1934.739990234375</ele></trkpt><trkpt lat="46.49164038943127" lon="8.711290352512151"><ele>1935.219970703125</ele></trkpt><trkpt lat="46.49162038974464" lon="8.711260352749377"><ele>1936.5499877929688</ele></trkpt><trkpt lat="46.49157039029524" lon="8.711190353147686"><ele>1938.9499816894531</ele></trkpt><trkpt lat="46.491540390532464" lon="8.711090353317559"><ele>1941.4099731445312</ele></trkpt><trkpt lat="46.49151039076969" lon="8.711030353792012"><ele>1943.0699768066406</ele></trkpt><trkpt lat="46.49148039147258" lon="8.710990353953093"><ele>1945.0399780273438</ele></trkpt><trkpt lat="46.49142039194703" lon="8.71085035474971"><ele>1948.2699890136719</ele></trkpt><trkpt lat="46.4914003922604" lon="8.71083035459742"><ele>1948.9099731445312</ele></trkpt><trkpt lat="46.4914003922604" lon="8.71083035506308"><ele>1949.25</ele></trkpt><trkpt lat="46.49137039249763" lon="8.710890355054289"><ele>1951.219970703125</ele></trkpt><trkpt lat="46.491340392734855" lon="8.710930355358869"><ele>1951.4199829101562</ele></trkpt><trkpt lat="46.49131039297208" lon="8.710930355358869"><ele>1952.489990234375</ele></trkpt><trkpt lat="46.49127039313316" lon="8.710950355511159"><ele>1954.0299987792969</ele></trkpt><trkpt lat="46.49126039305702" lon="8.710950355511159"><ele>1954.1199951171875</ele></trkpt><trkpt lat="46.49124039337039" lon="8.71093035582453"><ele>1954.6799926757812</ele></trkpt><trkpt lat="46.49119039392099" lon="8.710850356146693"><ele>1957.4099731445312</ele></trkpt><trkpt lat="46.49118039384484" lon="8.710850356612355"><ele>1957.7999877929688</ele></trkpt><trkpt lat="46.491120393853635" lon="8.71084035653621"><ele>1959.1299743652344</ele></trkpt><trkpt lat="46.491120394319296" lon="8.71084035653621"><ele>1959.4099731445312</ele></trkpt><trkpt lat="46.491120394319296" lon="8.710830356925726"><ele>1959.9499816894531</ele></trkpt><trkpt lat="46.49113039439544" lon="8.710810356773436"><ele>1960.25</ele></trkpt><trkpt lat="46.49117039470002" lon="8.710760357324034"><ele>1962.8299865722656</ele></trkpt><trkpt lat="46.49118039524183" lon="8.710740357637405"><ele>1964.2599792480469</ele></trkpt><trkpt lat="46.49118039524183" lon="8.710720357485116"><ele>1964.5899963378906</ele></trkpt><trkpt lat="46.49118039524183" lon="8.710700357798487"><ele>1964.7599792480469</ele></trkpt><trkpt lat="46.49117039563134" lon="8.710640357807279"><ele>1966.0</ele></trkpt><trkpt lat="46.49111039657146" lon="8.710540358908474"><ele>1971.0399780273438</ele></trkpt><trkpt lat="46.491080396808684" lon="8.710450359154493"><ele>1973.6699829101562</ele></trkpt><trkpt lat="46.49104039743543" lon="8.71061035990715"><ele>1976.8299865722656</ele></trkpt><trkpt lat="46.49100039806217" lon="8.710540360305458"><ele>1979.8499755859375</ele></trkpt><trkpt lat="46.49097039876506" lon="8.710430360864848"><ele>1983.0</ele></trkpt><trkpt lat="46.49095039907843" lon="8.71037036087364"><ele>1984.2699890136719</ele></trkpt><trkpt lat="46.4909303993918" lon="8.710420361254364"><ele>1986.1599731445312</ele></trkpt><trkpt lat="46.49091039970517" lon="8.710480361711234"><ele>1987.8899841308594</ele></trkpt><trkpt lat="46.4908803999424" lon="8.710510361939669"><ele>1989.469970703125</ele></trkpt><trkpt lat="46.49083040095866" lon="8.71036036266014"><ele>1994.2699890136719</ele></trkpt><trkpt lat="46.49076040182263" lon="8.710510363802314"><ele>1999.7599792480469</ele></trkpt><trkpt lat="46.49073040205985" lon="8.710540364030749"><ele>2000.4099731445312</ele></trkpt><trkpt lat="46.49070040229708" lon="8.710550364106894"><ele>2000.3299865722656</ele></trkpt><trkpt lat="46.49064040230587" lon="8.710550364106894"><ele>2001.47998046875</ele></trkpt><trkpt lat="46.490580402780324" lon="8.71054036449641"><ele>2003.469970703125</ele></trkpt><trkpt lat="46.49045040272176" lon="8.7105603646487"><ele>2004.3099975585938</ele></trkpt><trkpt lat="46.49034040328115" lon="8.71060036495328"><ele>2005.6099853515625</ele></trkpt><trkpt lat="46.4902704032138" lon="8.710670365020633"><ele>2006.8199768066406</ele></trkpt><trkpt lat="46.4902204037644" lon="8.710740365553647"><ele>2008.1799926757812</ele></trkpt><trkpt lat="46.49020040361211" lon="8.710800365544856"><ele>2008.8799743652344</ele></trkpt><trkpt lat="46.49018040392548" lon="8.710860365536064"><ele>2010.3299865722656</ele></trkpt><trkpt lat="46.49016040423885" lon="8.710910365916789"><ele>2011.75</ele></trkpt><trkpt lat="46.4900904041715" lon="8.71100036567077"><ele>2011.2099914550781</ele></trkpt><trkpt lat="46.49004040425643" lon="8.71104036597535"><ele>2011.5899963378906</ele></trkpt><trkpt lat="46.48999040434137" lon="8.711070366203785"><ele>2012.7099914550781</ele></trkpt><trkpt lat="46.48995040450245" lon="8.711110366042703"><ele>2013.0799865722656</ele></trkpt><trkpt lat="46.48990040458739" lon="8.711240366566926"><ele>2013.8799743652344</ele></trkpt><trkpt lat="46.489890404976904" lon="8.71129036648199"><ele>2014.25</ele></trkpt><trkpt lat="46.489890404976904" lon="8.711370366625488"><ele>2014.9499816894531</ele></trkpt><trkpt lat="46.48988040536642" lon="8.711440366692841"><ele>2015.6899719238281</ele></trkpt><trkpt lat="46.489870405290276" lon="8.711490367073566"><ele>2016.7599792480469</ele></trkpt><trkpt lat="46.4898404055275" lon="8.711520367302"><ele>2017.8199768066406</ele></trkpt><trkpt lat="46.48981040576473" lon="8.711550367064774"><ele>2018.7599792480469</ele></trkpt><trkpt lat="46.489760405849665" lon="8.711570367217064"><ele>2019.47998046875</ele></trkpt><trkpt lat="46.48972040601075" lon="8.711610367521644"><ele>2020.3299865722656</ele></trkpt><trkpt lat="46.489670406561345" lon="8.711680368054658"><ele>2022.1399841308594</ele></trkpt><trkpt lat="46.48964040633291" lon="8.711760368198156"><ele>2022.8899841308594</ele></trkpt><trkpt lat="46.48962040664628" lon="8.71183036826551"><ele>2024.4399719238281</ele></trkpt><trkpt lat="46.489580407273024" lon="8.711950368713588"><ele>2026.3599853515625</ele></trkpt><trkpt lat="46.489560407120734" lon="8.711990368552506"><ele>2026.6199951171875</ele></trkpt><trkpt lat="46.489520407281816" lon="8.71202036878094"><ele>2026.9399719238281</ele></trkpt><trkpt lat="46.48947040736675" lon="8.71206036861986"><ele>2026.9399719238281</ele></trkpt><trkpt lat="46.48944040713832" lon="8.712110368534923"><ele>2027.0499877929688</ele></trkpt><trkpt lat="46.48942040745169" lon="8.712110368534923"><ele>2026.8899841308594</ele></trkpt><trkpt lat="46.48938040714711" lon="8.712100368458778"><ele>2025.8199768066406</ele></trkpt><trkpt lat="46.48928040685132" lon="8.712130368221551"><ele>2024.969970703125</ele></trkpt><trkpt lat="46.489180407021195" lon="8.71219036867842"><ele>2025.5</ele></trkpt><trkpt lat="46.48910040734336" lon="8.712280368432403"><ele>2026.25</ele></trkpt><trkpt lat="46.48904040735215" lon="8.712310368660837"><ele>2026.4599914550781</ele></trkpt><trkpt lat="46.488990407437086" lon="8.712330368813127"><ele>2026.72998046875</ele></trkpt><trkpt lat="46.48896040720865" lon="8.712390368804336"><ele>2026.5699768066406</ele></trkpt><trkpt lat="46.48891040729359" lon="8.712430368643254"><ele>2026.8899841308594</ele></trkpt><trkpt lat="46.488880407530814" lon="8.712480368558317"><ele>2027.2099914550781</ele></trkpt><trkpt lat="46.4887604075484" lon="8.712580368854105"><ele>2028.5399780273438</ele></trkpt><trkpt lat="46.48870040755719" lon="8.712650368921459"><ele>2028.1199951171875</ele></trkpt><trkpt lat="46.48866040771827" lon="8.712710368912667"><ele>2028.3299865722656</ele></trkpt><trkpt lat="46.48862040787935" lon="8.712740369141102"><ele>2028.8599853515625</ele></trkpt><trkpt lat="46.48857040796429" lon="8.712760369293392"><ele>2029.1299743652344</ele></trkpt><trkpt lat="46.48853040765971" lon="8.712810369208455"><ele>2029.3999938964844</ele></trkpt><trkpt lat="46.48851040750742" lon="8.712860369123518"><ele>2028.9199829101562</ele></trkpt><trkpt lat="46.48849040782079" lon="8.712890369351953"><ele>2029.8999938964844</ele></trkpt><trkpt lat="46.48846040805802" lon="8.712930369190872"><ele>2029.75</ele></trkpt><trkpt lat="46.48843040782958" lon="8.712980369105935"><ele>2029.0199890136719</ele></trkpt><trkpt lat="46.48841040767729" lon="8.713060369249433"><ele>2028.969970703125</ele></trkpt><trkpt lat="46.488390407525" lon="8.713090369012207"><ele>2028.969970703125</ele></trkpt><trkpt lat="46.488350407686085" lon="8.713120369240642"><ele>2029.0199890136719</ele></trkpt><trkpt lat="46.48830040777102" lon="8.713170369155705"><ele>2029.1299743652344</ele></trkpt><trkpt lat="46.48828040761873" lon="8.713210368994623"><ele>2029.1299743652344</ele></trkpt><trkpt lat="46.48817040771246" lon="8.713360369205475"><ele>2028.8899841308594</ele></trkpt><trkpt lat="46.48808040749282" lon="8.713450368959457"><ele>2028.1599731445312</ele></trkpt><trkpt lat="46.48802040750161" lon="8.713490368798375"><ele>2027.4099731445312</ele></trkpt><trkpt lat="46.48792040720582" lon="8.713540368713439"><ele>2026.25</ele></trkpt><trkpt lat="46.48785040713847" lon="8.713600368704647"><ele>2025.5599975585938</ele></trkpt><trkpt lat="46.48783040698618" lon="8.713640368543565"><ele>2025.6099853515625</ele></trkpt><trkpt lat="46.487780407071114" lon="8.713690368458629"><ele>2025.5</ele></trkpt><trkpt lat="46.48777040699497" lon="8.713750368449837"><ele>2025.1299743652344</ele></trkpt><trkpt lat="46.487740406766534" lon="8.71382036851719"><ele>2024.3299865722656</ele></trkpt><trkpt lat="46.48773040669039" lon="8.713870368432254"><ele>2023.6399841308594</ele></trkpt><trkpt lat="46.487700406461954" lon="8.713920368347317"><ele>2023.4199829101562</ele></trkpt><trkpt lat="46.48769040638581" lon="8.713980368338525"><ele>2023.1599731445312</ele></trkpt><trkpt lat="46.487680406309664" lon="8.714090368244797"><ele>2023.0399780273438</ele></trkpt><trkpt lat="46.48765040654689" lon="8.714160367846489"><ele>2022.8199768066406</ele></trkpt><trkpt lat="46.487550406716764" lon="8.714370368048549"><ele>2023.8599853515625</ele></trkpt><trkpt lat="46.487510406412184" lon="8.714410368353128"><ele>2023.7599792480469</ele></trkpt><trkpt lat="46.487490406725556" lon="8.714450368192047"><ele>2023.7799987792969</ele></trkpt><trkpt lat="46.48745040688664" lon="8.714560368098319"><ele>2023.8899841308594</ele></trkpt><trkpt lat="46.48740040650591" lon="8.714680368546396"><ele>2024.1099853515625</ele></trkpt><trkpt lat="46.48737040674314" lon="8.714750368148088"><ele>2024.3499755859375</ele></trkpt><trkpt lat="46.487360406666994" lon="8.714800368528813"><ele>2023.9599914550781</ele></trkpt><trkpt lat="46.48735040659085" lon="8.71488036820665"><ele>2023.8699951171875</ele></trkpt><trkpt lat="46.48735040659085" lon="8.714960368350148"><ele>2024.2499694824219</ele></trkpt><trkpt lat="46.487340406514704" lon="8.715020368341357"><ele>2024.0999755859375</ele></trkpt><trkpt lat="46.487340406514704" lon="8.71505036810413"><ele>2024.0199890136719</ele></trkpt><trkpt lat="46.487340406980366" lon="8.715140368323773"><ele>2025.25</ele></trkpt><trkpt lat="46.487340406980366" lon="8.715210368391126"><ele>2024.8699951171875</ele></trkpt><trkpt lat="46.487360406666994" lon="8.715250368695706"><ele>2024.989990234375</ele></trkpt><trkpt lat="46.48739040689543" lon="8.715330368839204"><ele>2025.6399841308594</ele></trkpt><trkpt lat="46.487420407123864" lon="8.715360368601978"><ele>2025.1699829101562</ele></trkpt><trkpt lat="46.48746040696278" lon="8.715410368517041"><ele>2024.9199829101562</ele></trkpt><trkpt lat="46.48747040703893" lon="8.715450368821621"><ele>2025.4299926757812</ele></trkpt><trkpt lat="46.48748040711507" lon="8.715520368888974"><ele>2026.0999755859375</ele></trkpt><trkpt lat="46.48747040703893" lon="8.715620368719101"><ele>2024.7799987792969</ele></trkpt><trkpt lat="46.487470406573266" lon="8.715670368168503"><ele>2024.1399841308594</ele></trkpt><trkpt lat="46.4874204066582" lon="8.715770368464291"><ele>2024.0599975585938</ele></trkpt><trkpt lat="46.48738040635362" lon="8.715920368209481"><ele>2023.3699951171875</ele></trkpt><trkpt lat="46.487360406666994" lon="8.716010368429124"><ele>2023.3199768066406</ele></trkpt><trkpt lat="46.48733040643856" lon="8.716090368106961"><ele>2023.47998046875</ele></trkpt><trkpt lat="46.48733040643856" lon="8.716140368487686"><ele>2023.6099853515625</ele></trkpt><trkpt lat="46.48733040643856" lon="8.71619036840275"><ele>2023.739990234375</ele></trkpt><trkpt lat="46.48733040643856" lon="8.716310368385166"><ele>2023.8899841308594</ele></trkpt><trkpt lat="46.48733040643856" lon="8.716410368215293"><ele>2024.0099792480469</ele></trkpt><trkpt lat="46.48735040705651" lon="8.71655036881566"><ele>2025.3999938964844</ele></trkpt><trkpt lat="46.487360407132655" lon="8.716620368883014"><ele>2026.72998046875</ele></trkpt><trkpt lat="46.48737040767446" lon="8.716740369331092"><ele>2027.9599914550781</ele></trkpt><trkpt lat="46.48737040767446" lon="8.716850369237363"><ele>2029.0699768066406</ele></trkpt><trkpt lat="46.48736040759832" lon="8.716930369380862"><ele>2029.4499816894531</ele></trkpt><trkpt lat="46.48733040783554" lon="8.717000369448215"><ele>2029.6599731445312</ele></trkpt><trkpt lat="46.4873204077594" lon="8.71701036952436"><ele>2029.6399841308594</ele></trkpt><trkpt lat="46.48728040792048" lon="8.717060369439423"><ele>2029.5499877929688</ele></trkpt><trkpt lat="46.487250407692045" lon="8.717110369354486"><ele>2029.3999938964844</ele></trkpt><trkpt lat="46.48722040792927" lon="8.717130369506776"><ele>2029.5499877929688</ele></trkpt><trkpt lat="46.48712040763348" lon="8.717150369193405"><ele>2029.5499877929688</ele></trkpt><trkpt lat="46.48700040765107" lon="8.717190369497985"><ele>2029.8199768066406</ele></trkpt><trkpt lat="46.48692040797323" lon="8.717250369489193"><ele>2029.7699890136719</ele></trkpt><trkpt lat="46.486870407592505" lon="8.717260369565338"><ele>2029.5499877929688</ele></trkpt><trkpt lat="46.48678040737286" lon="8.717280369251966"><ele>2028.6499938964844</ele></trkpt><trkpt lat="46.48675040761009" lon="8.717280369251966"><ele>2028.3799743652344</ele></trkpt><trkpt lat="46.48671040730551" lon="8.71733036916703"><ele>2027.4199829101562</ele></trkpt><trkpt lat="46.48669040715322" lon="8.717350368853658"><ele>2027.47998046875</ele></trkpt><trkpt lat="46.48663040762767" lon="8.717360368929803"><ele>2028.0099792480469</ele></trkpt><trkpt lat="46.486550407484174" lon="8.717400369234383"><ele>2028.2699890136719</ele></trkpt><trkpt lat="46.486510407645255" lon="8.717430369462818"><ele>2028.719970703125</ele></trkpt><trkpt lat="46.48642040742561" lon="8.717480369377881"><ele>2029.0699768066406</ele></trkpt><trkpt lat="46.486360407900065" lon="8.717550369445235"><ele>2029.7599792480469</ele></trkpt><trkpt lat="46.48630040790886" lon="8.717660369351506"><ele>2029.5299987792969</ele></trkpt><trkpt lat="46.486170407850295" lon="8.717960369773209"><ele>2030.4399719238281</ele></trkpt><trkpt lat="46.48614040808752" lon="8.718100369907916"><ele>2031.4499816894531</ele></trkpt><trkpt lat="46.48611040832475" lon="8.718250370118767"><ele>2032.2599792480469</ele></trkpt><trkpt lat="46.48607040848583" lon="8.718380370177329"><ele>2034.0899963378906</ele></trkpt><trkpt lat="46.486040408723056" lon="8.718480370473117"><ele>2035.0699768066406</ele></trkpt><trkpt lat="46.48601040896028" lon="8.71853037038818"><ele>2035.72998046875</ele></trkpt><trkpt lat="46.4859204092063" lon="8.718600370921195"><ele>2038.0699768066406</ele></trkpt><trkpt lat="46.48590040951967" lon="8.718640371225774"><ele>2039.1599731445312</ele></trkpt><trkpt lat="46.4858704097569" lon="8.718680371530354"><ele>2039.8299865722656</ele></trkpt><trkpt lat="46.48583040945232" lon="8.718720371369272"><ele>2039.1399841308594</ele></trkpt><trkpt lat="46.48581040930003" lon="8.71878037136048"><ele>2038.8299865722656</ele></trkpt><trkpt lat="46.48577040946111" lon="8.718890370801091"><ele>2037.9999694824219</ele></trkpt><trkpt lat="46.485740409232676" lon="8.719000370707363"><ele>2037.1999816894531</ele></trkpt><trkpt lat="46.485700408928096" lon="8.71912037068978"><ele>2036.2599792480469</ele></trkpt><trkpt lat="46.48566040862352" lon="8.719220370519906"><ele>2035.2699890136719</ele></trkpt><trkpt lat="46.48563040839508" lon="8.71927037043497"><ele>2034.0999755859375</ele></trkpt><trkpt lat="46.48561040824279" lon="8.719280370045453"><ele>2033.4599914550781</ele></trkpt><trkpt lat="46.48559040855616" lon="8.719280370045453"><ele>2033.1999816894531</ele></trkpt><trkpt lat="46.48557040840387" lon="8.71925037028268"><ele>2032.6599731445312</ele></trkpt><trkpt lat="46.48556040786207" lon="8.7192103699781"><ele>2031.3799743652344</ele></trkpt><trkpt lat="46.48556040786207" lon="8.719160369597375"><ele>2030.8499755859375</ele></trkpt><trkpt lat="46.48554040770978" lon="8.719100369606167"><ele>2030.0999755859375</ele></trkpt><trkpt lat="46.485560407396406" lon="8.719050369225442"><ele>2029.1399841308594</ele></trkpt><trkpt lat="46.485560407396406" lon="8.718950368929654"><ele>2027.6499938964844</ele></trkpt><trkpt lat="46.485560406930745" lon="8.718910369090736"><ele>2026.4099731445312</ele></trkpt><trkpt lat="46.485560406930745" lon="8.718860368710011"><ele>2025.4599914550781</ele></trkpt><trkpt lat="46.4855504068546" lon="8.718800368718803"><ele>2024.3599853515625</ele></trkpt><trkpt lat="46.485520406160504" lon="8.718760368414223"><ele>2022.4499816894531</ele></trkpt><trkpt lat="46.485500406008214" lon="8.718770368024707"><ele>2021.7799987792969</ele></trkpt><trkpt lat="46.485460406169295" lon="8.718810367863625"><ele>2020.989990234375</ele></trkpt><trkpt lat="46.485400405712426" lon="8.718920367769897"><ele>2018.8299865722656</ele></trkpt><trkpt lat="46.485380405560136" lon="8.71895036753267"><ele>2018.1599731445312</ele></trkpt><trkpt lat="46.4853504053317" lon="8.71895036753267"><ele>2017.2599792480469</ele></trkpt><trkpt lat="46.485340405255556" lon="8.718940366990864"><ele>2016.6199951171875</ele></trkpt><trkpt lat="46.48533040517941" lon="8.71891036722809"><ele>2016.0399780273438</ele></trkpt><trkpt lat="46.485340404789895" lon="8.718880366999656"><ele>2015.7999877929688</ele></trkpt><trkpt lat="46.485360404942185" lon="8.718830367084593"><ele>2015.0499877929688</ele></trkpt><trkpt lat="46.48537040455267" lon="8.718780366703868"><ele>2013.719970703125</ele></trkpt><trkpt lat="46.48536040401086" lon="8.718720366246998"><ele>2012.0499877929688</ele></trkpt><trkpt lat="46.48535040393472" lon="8.718670365866274"><ele>2010.219970703125</ele></trkpt><trkpt lat="46.48534040385857" lon="8.718630366027355"><ele>2009.6299743652344</ele></trkpt><trkpt lat="46.48532040370628" lon="8.718540365807712"><ele>2008.239990234375</ele></trkpt><trkpt lat="46.48530040308833" lon="8.718420365359634"><ele>2006.5899963378906</ele></trkpt><trkpt lat="46.485290403012186" lon="8.718380365520716"><ele>2006.1699829101562</ele></trkpt><trkpt lat="46.485270402859896" lon="8.718310364987701"><ele>2004.7799987792969</ele></trkpt><trkpt lat="46.48525040270761" lon="8.718270365148783"><ele>2004.2499694824219</ele></trkpt><trkpt lat="46.48525040270761" lon="8.718210364691913"><ele>2003.5999755859375</ele></trkpt><trkpt lat="46.48522040247917" lon="8.718150364700705"><ele>2003.0199890136719</ele></trkpt><trkpt lat="46.48518040217459" lon="8.718080364633352"><ele>2002.489990234375</ele></trkpt><trkpt lat="46.48517040209845" lon="8.718040364794433"><ele>2002.2699890136719</ele></trkpt><trkpt lat="46.48515040194616" lon="8.717940364498645"><ele>2001.5299987792969</ele></trkpt><trkpt lat="46.48511040210724" lon="8.717870364431292"><ele>2001.1499938964844</ele></trkpt><trkpt lat="46.485080401878804" lon="8.717820364050567"><ele>2000.4599914550781</ele></trkpt><trkpt lat="46.48505040165037" lon="8.717800364363939"><ele>2000.0299987792969</ele></trkpt><trkpt lat="46.48503040196374" lon="8.717740363907069"><ele>1999.4499816894531</ele></trkpt><trkpt lat="46.485020401887596" lon="8.71772036422044"><ele>1999.1299743652344</ele></trkpt><trkpt lat="46.485000401735306" lon="8.717710364144295"><ele>1998.6499938964844</ele></trkpt><trkpt lat="46.484980401583016" lon="8.71766036376357"><ele>1998.1099853515625</ele></trkpt><trkpt lat="46.48491040151566" lon="8.717580363620073"><ele>1997.3199768066406</ele></trkpt><trkpt lat="46.48487040121108" lon="8.717540363315493"><ele>1996.2099914550781</ele></trkpt><trkpt lat="46.48481040075421" lon="8.717480363324285"><ele>1995.4599914550781</ele></trkpt><trkpt lat="46.484770400915295" lon="8.71747036324814"><ele>1994.8799743652344</ele></trkpt><trkpt lat="46.484730400610715" lon="8.71745036309585"><ele>1994.239990234375</ele></trkpt><trkpt lat="46.484710400458425" lon="8.71745036309585"><ele>1993.9199829101562</ele></trkpt><trkpt lat="46.48470040038228" lon="8.717470362782478"><ele>1993.4399719238281</ele></trkpt><trkpt lat="46.484710400458425" lon="8.717510363087058"><ele>1992.739990234375</ele></trkpt><trkpt lat="46.48472040053457" lon="8.717540362849832"><ele>1992.3799743652344</ele></trkpt><trkpt lat="46.48476039990783" lon="8.717630362603813"><ele>1990.0499877929688</ele></trkpt><trkpt lat="46.484800399746746" lon="8.717720361892134"><ele>1988.2699890136719</ele></trkpt><trkpt lat="46.48482039896771" lon="8.717870361637324"><ele>1985.4499816894531</ele></trkpt><trkpt lat="46.48484039865434" lon="8.717950361315161"><ele>1984.1699829101562</ele></trkpt><trkpt lat="46.48484039865434" lon="8.718030360992998"><ele>1982.7899780273438</ele></trkpt><trkpt lat="46.48486039834097" lon="8.718100361060351"><ele>1982.6799926757812</ele></trkpt><trkpt lat="46.484870397951454" lon="8.718220361042768"><ele>1980.969970703125</ele></trkpt><trkpt lat="46.484870397951454" lon="8.71829036064446"><ele>1980.2899780273438</ele></trkpt><trkpt lat="46.48489039763808" lon="8.71842036023736"><ele>1978.7099914550781</ele></trkpt><trkpt lat="46.48488039756194" lon="8.718500360380858"><ele>1977.25</ele></trkpt><trkpt lat="46.48486039740965" lon="8.718600360210985"><ele>1976.3499755859375</ele></trkpt><trkpt lat="46.48485039686784" lon="8.718670359812677"><ele>1975.4199829101562</ele></trkpt><trkpt lat="46.484860396943986" lon="8.718760359566659"><ele>1974.0199890136719</ele></trkpt><trkpt lat="46.484860396478325" lon="8.718840359244496"><ele>1973.2099914550781</ele></trkpt><trkpt lat="46.48482039663941" lon="8.718960359226912"><ele>1972.5099792480469</ele></trkpt><trkpt lat="46.48479039641097" lon="8.719010359141976"><ele>1972.469970703125</ele></trkpt><trkpt lat="46.48476039618254" lon="8.719090359285474"><ele>1971.5499877929688</ele></trkpt><trkpt lat="46.48474039603025" lon="8.719130359124392"><ele>1970.1599731445312</ele></trkpt><trkpt lat="46.48472039587796" lon="8.719140358734876"><ele>1969.6299743652344</ele></trkpt><trkpt lat="46.48470039572567" lon="8.71919035864994"><ele>1968.989990234375</ele></trkpt><trkpt lat="46.48470039572567" lon="8.719240358565003"><ele>1968.6099853515625</ele></trkpt><trkpt lat="46.48469039564952" lon="8.719300358556211"><ele>1968.2899780273438</ele></trkpt><trkpt lat="46.48469039564952" lon="8.71936035854742"><ele>1968.1399841308594</ele></trkpt><trkpt lat="46.48469039564952" lon="8.719420358538628"><ele>1967.7099914550781</ele></trkpt><trkpt lat="46.48466039542109" lon="8.71949035814032"><ele>1966.5899963378906</ele></trkpt><trkpt lat="46.48462039511651" lon="8.719550358131528"><ele>1964.97998046875</ele></trkpt><trkpt lat="46.48459039488807" lon="8.719570357818156"><ele>1964.3899841308594</ele></trkpt><trkpt lat="46.48457039473578" lon="8.719630357809365"><ele>1963.5</ele></trkpt><trkpt lat="46.48455039458349" lon="8.719720357563347"><ele>1962.8299865722656</ele></trkpt><trkpt lat="46.48454039450735" lon="8.719820357393473"><ele>1962.2999877929688</ele></trkpt><trkpt lat="46.484510394278914" lon="8.719890357460827"><ele>1961.8399963378906</ele></trkpt><trkpt lat="46.48448039405048" lon="8.719930357299745"><ele>1961.2699890136719</ele></trkpt><trkpt lat="46.48444039421156" lon="8.719960357062519"><ele>1960.6899719238281</ele></trkpt><trkpt lat="46.48442039405927" lon="8.720010356977582"><ele>1960.0999755859375</ele></trkpt><trkpt lat="46.484410393517464" lon="8.72009035712108"><ele>1958.3899841308594</ele></trkpt><trkpt lat="46.484390393365175" lon="8.72022035671398"><ele>1956.2599792480469</ele></trkpt><trkpt lat="46.48436039267108" lon="8.720270356163383"><ele>1954.6099853515625</ele></trkpt><trkpt lat="46.48432039283216" lon="8.720320356078446"><ele>1953.3799743652344</ele></trkpt><trkpt lat="46.484250392299145" lon="8.72037035599351"><ele>1952.5999755859375</ele></trkpt><trkpt lat="46.48421039246023" lon="8.720430355519056"><ele>1951.7599792480469</ele></trkpt><trkpt lat="46.48415039200336" lon="8.720540355425328"><ele>1950.9299926757812</ele></trkpt><trkpt lat="46.48409039201215" lon="8.720630355644971"><ele>1950.5199890136719</ele></trkpt><trkpt lat="46.484080391936004" lon="8.720640355721116"><ele>1950.4499816894531</ele></trkpt><trkpt lat="46.48401039186865" lon="8.720710355322808"><ele>1950.0799865722656</ele></trkpt><trkpt lat="46.4838303909637" lon="8.720920354593545"><ele>1945.5899963378906</ele></trkpt><trkpt lat="46.48378039058298" lon="8.721010354347527"><ele>1944.2099914550781</ele></trkpt><trkpt lat="46.483750390820205" lon="8.721100354101509"><ele>1943.25</ele></trkpt><trkpt lat="46.48374039074406" lon="8.721180354245007"><ele>1943.1999816894531</ele></trkpt><trkpt lat="46.48374039074406" lon="8.72123035416007"><ele>1943.0899963378906</ele></trkpt><trkpt lat="46.483730390667915" lon="8.721270353998989"><ele>1942.969970703125</ele></trkpt><trkpt lat="46.48370039043948" lon="8.721350354142487"><ele>1941.9399719238281</ele></trkpt><trkpt lat="46.483670390211046" lon="8.721430353820324"><ele>1940.25</ele></trkpt><trkpt lat="46.48356038890779" lon="8.721530352719128"><ele>1934.9499816894531</ele></trkpt><trkpt lat="46.483510388527066" lon="8.721610352396965"><ele>1933.1099853515625</ele></trkpt><trkpt lat="46.48346038814634" lon="8.721650351770222"><ele>1929.75</ele></trkpt><trkpt lat="46.48338038707152" lon="8.721760351210833"><ele>1925.6199951171875</ele></trkpt><trkpt lat="46.48334038676694" lon="8.721780350897461"><ele>1924.2999877929688</ele></trkpt><trkpt lat="46.483310386538506" lon="8.721770350355655"><ele>1922.3199768066406</ele></trkpt><trkpt lat="46.483290386386216" lon="8.721710350364447"><ele>1921.1399841308594</ele></trkpt><trkpt lat="46.4833003859967" lon="8.721540350001305"><ele>1919.1699829101562</ele></trkpt><trkpt lat="46.48331038560718" lon="8.721400349866599"><ele>1917.989990234375</ele></trkpt><trkpt lat="46.48332038568333" lon="8.721280349418521"><ele>1917.239990234375</ele></trkpt><trkpt lat="46.48335038498044" lon="8.721030349377543"><ele>1914.7599792480469</ele></trkpt><trkpt lat="46.48337038466707" lon="8.720930349081755"><ele>1913.4299926757812</ele></trkpt><trkpt lat="46.48341038450599" lon="8.720830348785967"><ele>1911.989990234375</ele></trkpt><trkpt lat="46.48344038426876" lon="8.720740348566324"><ele>1911.8999938964844</ele></trkpt><trkpt lat="46.483470384031534" lon="8.7206103480421"><ele>1909.3399963378906</ele></trkpt><trkpt lat="46.48348038364202" lon="8.720500347670168"><ele>1907.5599975585938</ele></trkpt><trkpt lat="46.48351038293913" lon="8.720350347459316"><ele>1905.1099853515625</ele></trkpt><trkpt lat="46.483500382862985" lon="8.720290347002447"><ele>1903.6699829101562</ele></trkpt><trkpt lat="46.483500382862985" lon="8.720240347087383"><ele>1902.8699951171875</ele></trkpt><trkpt lat="46.4835303821601" lon="8.72013034671545"><ele>1901.2099914550781</ele></trkpt><trkpt lat="46.48354038223624" lon="8.720030346419662"><ele>1899.6799926757812</ele></trkpt><trkpt lat="46.483550381846726" lon="8.719930346123874"><ele>1898.3899841308594</ele></trkpt><trkpt lat="46.48356038145721" lon="8.719830345828086"><ele>1897.3799743652344</ele></trkpt><trkpt lat="46.48359038121998" lon="8.719750345684588"><ele>1895.8299865722656</ele></trkpt><trkpt lat="46.48360038083047" lon="8.719660345464945"><ele>1894.4399719238281</ele></trkpt><trkpt lat="46.48361038090661" lon="8.719600345473737"><ele>1893.5899963378906</ele></trkpt><trkpt lat="46.48360038083047" lon="8.719550345093012"><ele>1892.8399963378906</ele></trkpt><trkpt lat="46.48359038075432" lon="8.71942034503445"><ele>1892.1099853515625</ele></trkpt><trkpt lat="46.483600380364805" lon="8.719280344899744"><ele>1889.9399719238281</ele></trkpt><trkpt lat="46.483600379899144" lon="8.719200344756246"><ele>1889.3499755859375</ele></trkpt><trkpt lat="46.483580379746854" lon="8.719140344299376"><ele>1888.9199829101562</ele></trkpt><trkpt lat="46.483500379137695" lon="8.718940344173461"><ele>1886.0599975585938</ele></trkpt><trkpt lat="46.483480378985405" lon="8.718910343945026"><ele>1884.9499816894531</ele></trkpt><trkpt lat="46.483460378833115" lon="8.718860343564302"><ele>1883.989990234375</ele></trkpt><trkpt lat="46.483440378680825" lon="8.718830343335867"><ele>1882.5499877929688</ele></trkpt><trkpt lat="46.48337037814781" lon="8.718770342878997"><ele>1879.7799987792969</ele></trkpt><trkpt lat="46.483360378071666" lon="8.718720342963934"><ele>1879.239990234375</ele></trkpt><trkpt lat="46.483360377606004" lon="8.718660342507064"><ele>1878.22998046875</ele></trkpt><trkpt lat="46.483340377453715" lon="8.71863034227863"><ele>1877.3199768066406</ele></trkpt><trkpt lat="46.483320377301425" lon="8.718600342050195"><ele>1876.5799865722656</ele></trkpt><trkpt lat="46.483280376996845" lon="8.718560342211276"><ele>1874.9499816894531</ele></trkpt><trkpt lat="46.483260376844555" lon="8.718490341678262"><ele>1873.6599731445312</ele></trkpt><trkpt lat="46.483240376692265" lon="8.718440341297537"><ele>1872.2699890136719</ele></trkpt><trkpt lat="46.48321037646383" lon="8.718520341441035"><ele>1870.6799926757812</ele></trkpt><trkpt lat="46.483180376235396" lon="8.718560340814292"><ele>1869.4599914550781</ele></trkpt><trkpt lat="46.48317037615925" lon="8.718590341042727"><ele>1868.6899719238281</ele></trkpt><trkpt lat="46.483160375617445" lon="8.71866034064442"><ele>1867.3299865722656</ele></trkpt><trkpt lat="46.483140375465155" lon="8.718700340483338"><ele>1866.3699951171875</ele></trkpt><trkpt lat="46.48309037461877" lon="8.718890339601785"><ele>1862.2999877929688</ele></trkpt><trkpt lat="46.48307037446648" lon="8.718940339516848"><ele>1861.0999755859375</ele></trkpt><trkpt lat="46.48308037407696" lon="8.719010339584202"><ele>1860.3199768066406</ele></trkpt><trkpt lat="46.48307037400082" lon="8.719070339109749"><ele>1859.6699829101562</ele></trkpt><trkpt lat="46.48305037384853" lon="8.719120339024812"><ele>1858.7899780273438</ele></trkpt><trkpt lat="46.48302037362009" lon="8.719190339092165"><ele>1857.6699829101562</ele></trkpt><trkpt lat="46.4830003734678" lon="8.719270338770002"><ele>1856.4399719238281</ele></trkpt><trkpt lat="46.48299037339166" lon="8.71933033829555"><ele>1855.1599731445312</ele></trkpt><trkpt lat="46.48298037284985" lon="8.719410338439047"><ele>1854.1299743652344</ele></trkpt><trkpt lat="46.48297037277371" lon="8.719520337879658"><ele>1852.6399841308594</ele></trkpt><trkpt lat="46.48294037254527" lon="8.719620337709785"><ele>1851.3399963378906</ele></trkpt><trkpt lat="46.4828803720884" lon="8.719750337302685"><ele>1848.9199829101562</ele></trkpt><trkpt lat="46.48287037201226" lon="8.71978033753112"><ele>1848.6299743652344</ele></trkpt><trkpt lat="46.48287037201226" lon="8.719820337370038"><ele>1848.25</ele></trkpt><trkpt lat="46.48285037185997" lon="8.719860337208956"><ele>1847.9399719238281</ele></trkpt><trkpt lat="46.48283037170768" lon="8.719900337047875"><ele>1848.1799926757812</ele></trkpt><trkpt lat="46.482800371944904" lon="8.720040337648243"><ele>1849.3999938964844</ele></trkpt><trkpt lat="46.48277037218213" lon="8.720130337867886"><ele>1850.6899719238281</ele></trkpt><trkpt lat="46.48277037264779" lon="8.72016033809632"><ele>1851.6799926757812</ele></trkpt><trkpt lat="46.48276037257165" lon="8.720200337935239"><ele>1851.3399963378906</ele></trkpt><trkpt lat="46.48274037241936" lon="8.720220338087529"><ele>1851.4599914550781</ele></trkpt><trkpt lat="46.482650372199714" lon="8.720250337850302"><ele>1850.8199768066406</ele></trkpt><trkpt lat="46.482610372360796" lon="8.72031033784151"><ele>1851.0999755859375</ele></trkpt><trkpt lat="46.48259037267417" lon="8.72035033768043"><ele>1851.2999877929688</ele></trkpt><trkpt lat="46.48255037236959" lon="8.720380337908864"><ele>1850.3199768066406</ele></trkpt><trkpt lat="46.48249037191272" lon="8.720420337282121"><ele>1847.8299865722656</ele></trkpt><trkpt lat="46.48246037168428" lon="8.72044033696875"><ele>1846.3699951171875</ele></trkpt><trkpt lat="46.48244037153199" lon="8.720500336959958"><ele>1845.969970703125</ele></trkpt><trkpt lat="46.48241037130356" lon="8.720580336637795"><ele>1845.2899780273438</ele></trkpt><trkpt lat="46.48240037122741" lon="8.72059033671394"><ele>1845.22998046875</ele></trkpt><trkpt lat="46.48239037115127" lon="8.720640336629003"><ele>1845.0</ele></trkpt><trkpt lat="46.48238037107512" lon="8.720730336848646"><ele>1844.3799743652344</ele></trkpt><trkpt lat="46.48235037084669" lon="8.72076033661142"><ele>1843.22998046875</ele></trkpt><trkpt lat="46.482320370618254" lon="8.720900336280465"><ele>1841.7999877929688</ele></trkpt><trkpt lat="46.48229037038982" lon="8.720950336195529"><ele>1841.0099792480469</ele></trkpt><trkpt lat="46.48221037024632" lon="8.721100335940719"><ele>1839.7799987792969</ele></trkpt><trkpt lat="46.482140369713306" lon="8.721250335685909"><ele>1838.3199768066406</ele></trkpt><trkpt lat="46.48209036979824" lon="8.721350335516036"><ele>1837.9099731445312</ele></trkpt><trkpt lat="46.4820803697221" lon="8.721420335583389"><ele>1837.6999816894531</ele></trkpt><trkpt lat="46.48209036979824" lon="8.721490335650742"><ele>1837.6199951171875</ele></trkpt><trkpt lat="46.48210036987439" lon="8.721710335463285"><ele>1837.2899780273438</ele></trkpt><trkpt lat="46.48210036987439" lon="8.721860335674137"><ele>1837.8899841308594</ele></trkpt><trkpt lat="46.48209036979824" lon="8.721950335428119"><ele>1838.1099853515625</ele></trkpt><trkpt lat="46.48208037018776" lon="8.722000335808843"><ele>1839.0299987792969</ele></trkpt><trkpt lat="46.4820803697221" lon="8.722170335240662"><ele>1836.5</ele></trkpt><trkpt lat="46.48208036925644" lon="8.722220335155725"><ele>1835.4499816894531</ele></trkpt><trkpt lat="46.48209036933258" lon="8.722320334985852"><ele>1834.6999816894531</ele></trkpt><trkpt lat="46.48209036886692" lon="8.72253033472225"><ele>1833.8399963378906</ele></trkpt><trkpt lat="46.48207036918029" lon="8.722750335000455"><ele>1834.0299987792969</ele></trkpt><trkpt lat="46.48205036949366" lon="8.722870334982872"><ele>1835.6299743652344</ele></trkpt><trkpt lat="46.48203036934137" lon="8.722940335050225"><ele>1835.0899963378906</ele></trkpt><trkpt lat="46.48203036887571" lon="8.722990334965289"><ele>1833.5299987792969</ele></trkpt><trkpt lat="46.48204036895186" lon="8.723050334490836"><ele>1832.9299926757812</ele></trkpt><trkpt lat="46.482060368638486" lon="8.723170334473252"><ele>1832.5499877929688</ele></trkpt><trkpt lat="46.48207036871463" lon="8.723300334531814"><ele>1832.5999755859375</ele></trkpt><trkpt lat="46.482080368790776" lon="8.723540334496647"><ele>1832.0399780273438</ele></trkpt><trkpt lat="46.48209036886692" lon="8.723570334725082"><ele>1831.969970703125</ele></trkpt><trkpt lat="46.48209036840126" lon="8.723650334402919"><ele>1831.3699951171875</ele></trkpt><trkpt lat="46.482100368477404" lon="8.723730334546417"><ele>1830.72998046875</ele></trkpt><trkpt lat="46.48214036831632" lon="8.723880334291607"><ele>1830.0999755859375</ele></trkpt><trkpt lat="46.48214036831632" lon="8.723920334130526"><ele>1829.7599792480469</ele></trkpt><trkpt lat="46.482080368325114" lon="8.724000334274024"><ele>1829.7599792480469</ele></trkpt><trkpt lat="46.48203036841005" lon="8.724090334493667"><ele>1830.5899963378906</ele></trkpt><trkpt lat="46.48201036872342" lon="8.724150334484875"><ele>1831.1699829101562</ele></trkpt><trkpt lat="46.48201036872342" lon="8.724200334399939"><ele>1831.6199951171875</ele></trkpt><trkpt lat="46.48201036872342" lon="8.724290334619582"><ele>1832.4499816894531</ele></trkpt><trkpt lat="46.48203036887571" lon="8.72437033476308"><ele>1833.4599914550781</ele></trkpt><trkpt lat="46.48206036910415" lon="8.72443033521995"><ele>1834.3299865722656</ele></trkpt><trkpt lat="46.48208036925644" lon="8.724480335135013"><ele>1834.8899841308594</ele></trkpt><trkpt lat="46.482140369247645" lon="8.724560335278511"><ele>1835.9199829101562</ele></trkpt><trkpt lat="46.48217036947608" lon="8.72464033542201"><ele>1837.1799926757812</ele></trkpt><trkpt lat="46.482240370474756" lon="8.724820335861295"><ele>1840.1599731445312</ele></trkpt><trkpt lat="46.48231037100777" lon="8.724970336537808"><ele>1843.719970703125</ele></trkpt><trkpt lat="46.48237037146464" lon="8.725100337062031"><ele>1846.0</ele></trkpt><trkpt lat="46.482400371693075" lon="8.725190337281674"><ele>1847.1999816894531</ele></trkpt><trkpt lat="46.48241037223488" lon="8.725310337729752"><ele>1849.6699829101562</ele></trkpt><trkpt lat="46.482400372158736" lon="8.725320337805897"><ele>1849.6499938964844</ele></trkpt><trkpt lat="46.482380372006446" lon="8.725290337577462"><ele>1849.6399841308594</ele></trkpt><trkpt lat="46.48235037224367" lon="8.725170338060707"><ele>1850.0499877929688</ele></trkpt><trkpt lat="46.4823203724809" lon="8.725100337993354"><ele>1850.47998046875</ele></trkpt><trkpt lat="46.4822403723374" lon="8.725020337849855"><ele>1849.8599853515625</ele></trkpt><trkpt lat="46.48218037234619" lon="8.724970337934792"><ele>1850.489990234375</ele></trkpt><trkpt lat="46.48213037243113" lon="8.724910337943584"><ele>1850.4399719238281</ele></trkpt><trkpt lat="46.482080372516066" lon="8.724880337715149"><ele>1850.4399719238281</ele></trkpt><trkpt lat="46.48205037228763" lon="8.72486033802852"><ele>1850.3299865722656</ele></trkpt><trkpt lat="46.48203037213534" lon="8.72482033772394"><ele>1850.25</ele></trkpt><trkpt lat="46.48200037237257" lon="8.724780337885022"><ele>1850.2599792480469</ele></trkpt><trkpt lat="46.48194037238136" lon="8.724740338046104"><ele>1850.5299987792969</ele></trkpt><trkpt lat="46.48190037254244" lon="8.724710337817669"><ele>1850.8499755859375</ele></trkpt><trkpt lat="46.48183037247509" lon="8.724680338054895"><ele>1850.5</ele></trkpt><trkpt lat="46.48180037224665" lon="8.724640337750316"><ele>1849.9099731445312</ele></trkpt><trkpt lat="46.48178037209436" lon="8.72463033767417"><ele>1849.5099792480469</ele></trkpt></trkseg></trk></gpx>