<?xml version="1.0" encoding="utf-8"?><gpx version="1.1" creator="MySchweizMobil - https://map.schweizmobil.ch/" xmlns:xsi="http://www.w3.org/2001/XMLSchema-instance" xmlns="http://www.topografix.com/GPX/1/1" xsi:schemaLocation="http://www.topografix.com/GPX/1/1 http://www.topografix.com/GPX/1/1/gpx.xsd"><metadata><name>260721_hohen_raethien</name><bounds minlat="46.6345301955007" minlon="9.43963014986366" maxlat="46.69726014742628" maxlon="9.456120186019689" /></metadata><trk><name>260721_hohen_raethien</name><trkseg><trkpt lat="46.69726014742628" lon="9.440940145868808"><ele>697.489990234375</ele></trkpt><trkpt lat="46.697130147367716" lon="9.441020145546645"><ele>697.5199890136719</ele></trkpt><trkpt lat="46.69706014730036" lon="9.44107014592737"><ele>697.5</ele></trkpt><trkpt lat="46.696980147156864" lon="9.441110145766288"><ele>697.5</ele></trkpt><trkpt lat="46.696410147473216" lon="9.441360145807266"><ele>697.6499938964844</ele></trkpt><trkpt lat="46.69608014728874" lon="9.441510146018118"><ele>698.0999755859375</ele></trkpt><trkpt lat="46.69601014768705" lon="9.441530146170408"><ele>698.5</ele></trkpt><trkpt lat="46.695960147771984" lon="9.441540146246552"><ele>698.8999938964844</ele></trkpt><trkpt lat="46.69591014785692" lon="9.441540146246552"><ele>699.239990234375</ele></trkpt><trkpt lat="46.695900147780776" lon="9.441540146246552"><ele>699.3999938964844</ele></trkpt><trkpt lat="46.695560147985816" lon="9.441550146788359"><ele>701.6999816894531</ele></trkpt><trkpt lat="46.69553014822304" lon="9.441560146864504"><ele>701.9499816894531</ele></trkpt><trkpt lat="46.695450148079544" lon="9.441560146864504"><ele>702.5</ele></trkpt><trkpt lat="46.69542014831677" lon="9.441560146864504"><ele>702.8299865722656</ele></trkpt><trkpt lat="46.69537014840171" lon="9.441550146788359"><ele>703.3999938964844</ele></trkpt><trkpt lat="46.69521014858037" lon="9.44153014710173"><ele>705.1999816894531</ele></trkpt><trkpt lat="46.695170148741454" lon="9.441530147567391"><ele>705.7999877929688</ele></trkpt><trkpt lat="46.69516014913097" lon="9.441480147652328"><ele>705.9099731445312</ele></trkpt><trkpt lat="46.69516014913097" lon="9.44142014766112"><ele>706.0</ele></trkpt><trkpt lat="46.69516014913097" lon="9.44140014750883"><ele>706.0999755859375</ele></trkpt><trkpt lat="46.69516014913097" lon="9.441370147280395"><ele>706.1999816894531</ele></trkpt><trkpt lat="46.69514014897868" lon="9.441330147441477"><ele>706.3999938964844</ele></trkpt><trkpt lat="46.69511014921591" lon="9.441280147526413"><ele>707.0</ele></trkpt><trkpt lat="46.69506014930084" lon="9.441190147772431"><ele>707.8099975585938</ele></trkpt><trkpt lat="46.695040149614215" lon="9.441140147857368"><ele>708.1899719238281</ele></trkpt><trkpt lat="46.695040149614215" lon="9.441140147857368"><ele>708.1999816894531</ele></trkpt><trkpt lat="46.69503014953807" lon="9.441150147933513"><ele>708.25</ele></trkpt><trkpt lat="46.69498014962301" lon="9.441170148085803"><ele>708.5999755859375</ele></trkpt><trkpt lat="46.69490014947951" lon="9.441240148153156"><ele>708.97998046875</ele></trkpt><trkpt lat="46.69481014972553" lon="9.441330147907138"><ele>709.3599853515625</ele></trkpt><trkpt lat="46.69481014972553" lon="9.441330147907138"><ele>709.3999938964844</ele></trkpt><trkpt lat="46.6947101498954" lon="9.44114014832303"><ele>709.5599975585938</ele></trkpt><trkpt lat="46.69460014952347" lon="9.440920148044825"><ele>709.7999877929688</ele></trkpt><trkpt lat="46.69460014952347" lon="9.440920148044825"><ele>709.7999877929688</ele></trkpt><trkpt lat="46.69454014953226" lon="9.440900148358196"><ele>709.8699951171875</ele></trkpt><trkpt lat="46.694490149617195" lon="9.440890148282051"><ele>709.8999938964844</ele></trkpt><trkpt lat="46.6944201500155" lon="9.440860148519278"><ele>712.3999938964844</ele></trkpt><trkpt lat="46.69439015071839" lon="9.440900149289519"><ele>714.3999938964844</ele></trkpt><trkpt lat="46.69434015080333" lon="9.440930149052292"><ele>714.6999816894531</ele></trkpt><trkpt lat="46.69433015072718" lon="9.440910149365664"><ele>714.8599853515625</ele></trkpt><trkpt lat="46.69428015081212" lon="9.440850149374455"><ele>715.3999938964844</ele></trkpt><trkpt lat="46.694140151143074" lon="9.440640149638057"><ele>717.0799865722656</ele></trkpt><trkpt lat="46.69409015122801" lon="9.440570149570704"><ele>717.5499877929688</ele></trkpt><trkpt lat="46.69402015116066" lon="9.440480149816722"><ele>718.1999816894531</ele></trkpt><trkpt lat="46.69387015141547" lon="9.440300149843097"><ele>719.0</ele></trkpt><trkpt lat="46.69377015158534" lon="9.440160150174052"><ele>719.469970703125</ele></trkpt><trkpt lat="46.69374015182257" lon="9.440130149945617"><ele>719.5999755859375</ele></trkpt><trkpt lat="46.69373015174642" lon="9.440100150182843"><ele>719.6899719238281</ele></trkpt><trkpt lat="46.69372015167028" lon="9.440070149954408"><ele>719.7999877929688</ele></trkpt><trkpt lat="46.69372015167028" lon="9.440070149954408"><ele>719.7599792480469</ele></trkpt><trkpt lat="46.69373015174642" lon="9.440060150343925"><ele>719.7999877929688</ele></trkpt><trkpt lat="46.69373015174642" lon="9.44005015026778"><ele>719.8199768066406</ele></trkpt><trkpt lat="46.69374015182257" lon="9.440020150039345"><ele>719.9399719238281</ele></trkpt><trkpt lat="46.69375015189871" lon="9.4400101499632"><ele>719.8999938964844</ele></trkpt><trkpt lat="46.69375015189871" lon="9.440000150352716"><ele>720.0099792480469</ele></trkpt><trkpt lat="46.69375015189871" lon="9.439960150048137"><ele>720.1199951171875</ele></trkpt><trkpt lat="46.69375015189871" lon="9.439940150361508"><ele>720.0999755859375</ele></trkpt><trkpt lat="46.69374015182257" lon="9.439920150209218"><ele>720.1999816894531</ele></trkpt><trkpt lat="46.69373015174642" lon="9.439910150133073"><ele>720.22998046875</ele></trkpt><trkpt lat="46.69373015174642" lon="9.439900150056928"><ele>720.1999816894531</ele></trkpt><trkpt lat="46.69372015167028" lon="9.439890149980783"><ele>720.1999816894531</ele></trkpt><trkpt lat="46.69368015183136" lon="9.43986015021801"><ele>720.0999755859375</ele></trkpt><trkpt lat="46.693650151602924" lon="9.43986015021801"><ele>719.9599914550781</ele></trkpt><trkpt lat="46.693630151916295" lon="9.43986015021801"><ele>719.8999938964844</ele></trkpt><trkpt lat="46.69362015184015" lon="9.439870150294155"><ele>719.7999877929688</ele></trkpt><trkpt lat="46.69360015168786" lon="9.439890149980783"><ele>719.7899780273438</ele></trkpt><trkpt lat="46.69360015168786" lon="9.439890149980783"><ele>719.7999877929688</ele></trkpt><trkpt lat="46.69360015168786" lon="9.439880149904639"><ele>719.7799987792969</ele></trkpt><trkpt lat="46.69351015146822" lon="9.439730150159448"><ele>719.2999877929688</ele></trkpt><trkpt lat="46.693480151705444" lon="9.439710150007159"><ele>719.1999816894531</ele></trkpt><trkpt lat="46.69345015147701" lon="9.439680149778724"><ele>719.0999755859375</ele></trkpt><trkpt lat="46.69345015147701" lon="9.43967015016824"><ele>719.0999755859375</ele></trkpt><trkpt lat="46.69341015163809" lon="9.439660150092095"><ele>718.8999938964844</ele></trkpt><trkpt lat="46.693380151409656" lon="9.439640149939805"><ele>718.7999877929688</ele></trkpt><trkpt lat="46.69337015133351" lon="9.439640149939805"><ele>718.7599792480469</ele></trkpt><trkpt lat="46.69333015149459" lon="9.43963014986366"><ele>718.5999755859375</ele></trkpt><trkpt lat="46.693210151512176" lon="9.439640149939805"><ele>718.3999938964844</ele></trkpt><trkpt lat="46.693080151453614" lon="9.439660149626434"><ele>717.7999877929688</ele></trkpt><trkpt lat="46.69299015123397" lon="9.439680149778724"><ele>717.2999877929688</ele></trkpt><trkpt lat="46.692960151005536" lon="9.439700149465352"><ele>717.0699768066406</ele></trkpt><trkpt lat="46.69295015092939" lon="9.439700149465352"><ele>716.969970703125</ele></trkpt><trkpt lat="46.69292015116662" lon="9.439730149693787"><ele>716.7999877929688</ele></trkpt><trkpt lat="46.69291015109047" lon="9.43974014930427"><ele>716.7599792480469</ele></trkpt><trkpt lat="46.69289015093818" lon="9.439770149532706"><ele>716.5999755859375</ele></trkpt><trkpt lat="46.69289015093818" lon="9.43978014960885"><ele>716.5599975585938</ele></trkpt><trkpt lat="46.69287015078589" lon="9.439830149523914"><ele>716.3099975585938</ele></trkpt><trkpt lat="46.69286015117541" lon="9.439860149286687"><ele>716.0999755859375</ele></trkpt><trkpt lat="46.69286015117541" lon="9.439860149286687"><ele>716.1499938964844</ele></trkpt><trkpt lat="46.692850151099265" lon="9.43991014920175"><ele>715.8999938964844</ele></trkpt><trkpt lat="46.692850151099265" lon="9.43993014935404"><ele>715.7799987792969</ele></trkpt><trkpt lat="46.6928501506336" lon="9.440010149031878"><ele>715.3699951171875</ele></trkpt><trkpt lat="46.69284015102312" lon="9.440030149184167"><ele>715.2999877929688</ele></trkpt><trkpt lat="46.6928501506336" lon="9.44008014909923"><ele>715.0</ele></trkpt><trkpt lat="46.69286015070975" lon="9.440090149175376"><ele>714.9299926757812</ele></trkpt><trkpt lat="46.69289015047252" lon="9.440180148929358"><ele>714.3499755859375</ele></trkpt><trkpt lat="46.69290015054867" lon="9.440200149081647"><ele>714.2699890136719</ele></trkpt><trkpt lat="46.69293015031144" lon="9.440240148920566"><ele>713.8999938964844</ele></trkpt><trkpt lat="46.69314015004784" lon="9.440570148639381"><ele>711.4499816894531</ele></trkpt><trkpt lat="46.693280149716884" lon="9.440800148062408"><ele>709.7099914550781</ele></trkpt><trkpt lat="46.6933201495558" lon="9.440880148205906"><ele>709.0999755859375</ele></trkpt><trkpt lat="46.693390149157494" lon="9.441020147874951"><ele>708.1999816894531</ele></trkpt><trkpt lat="46.69342014938593" lon="9.441120147705078"><ele>707.3999938964844</ele></trkpt><trkpt lat="46.6934501491487" lon="9.441240147687495"><ele>706.5999755859375</ele></trkpt><trkpt lat="46.69347014883533" lon="9.44136014720425"><ele>705.8999938964844</ele></trkpt><trkpt lat="46.69349014852196" lon="9.441600147169083"><ele>704.5</ele></trkpt><trkpt lat="46.693500148598105" lon="9.441730147227645"><ele>703.8699951171875</ele></trkpt><trkpt lat="46.693500148598105" lon="9.441780147142708"><ele>703.6999816894531</ele></trkpt><trkpt lat="46.69350014813244" lon="9.441940146964043"><ele>702.8999938964844</ele></trkpt><trkpt lat="46.69352014828473" lon="9.442070146556944"><ele>702.5</ele></trkpt><trkpt lat="46.69356014812365" lon="9.442460146732628"><ele>701.1899719238281</ele></trkpt><trkpt lat="46.6935701481998" lon="9.442490146495402"><ele>701.0999755859375</ele></trkpt><trkpt lat="46.69360014796257" lon="9.4427001462318"><ele>700.3999938964844</ele></trkpt><trkpt lat="46.69367014756426" lon="9.443010146263987"><ele>700.1999816894531</ele></trkpt><trkpt lat="46.69362014811486" lon="9.443040146492422"><ele>701.2999877929688</ele></trkpt><trkpt lat="46.693650148343295" lon="9.443130146712065"><ele>701.8199768066406</ele></trkpt><trkpt lat="46.69368014810607" lon="9.443250146694481"><ele>702.5</ele></trkpt><trkpt lat="46.69368014810607" lon="9.443280146922916"><ele>702.9399719238281</ele></trkpt><trkpt lat="46.69369014818221" lon="9.443320146761835"><ele>703.2999877929688</ele></trkpt><trkpt lat="46.69370014872402" lon="9.44339014729485"><ele>704.5999755859375</ele></trkpt><trkpt lat="46.693690148647875" lon="9.443410147447139"><ele>704.7999877929688</ele></trkpt><trkpt lat="46.69368014903739" lon="9.443410147447139"><ele>705.2999877929688</ele></trkpt><trkpt lat="46.6936601488851" lon="9.44339014729485"><ele>705.989990234375</ele></trkpt><trkpt lat="46.69364014919847" lon="9.443380147684366"><ele>706.8999938964844</ele></trkpt><trkpt lat="46.693620149511844" lon="9.443340147845447"><ele>708.0</ele></trkpt><trkpt lat="46.6936101494357" lon="9.443310148082674"><ele>708.8999938964844</ele></trkpt><trkpt lat="46.69359014974907" lon="9.443290147930384"><ele>709.1599731445312</ele></trkpt><trkpt lat="46.69357014959678" lon="9.44326014816761"><ele>709.7999877929688</ele></trkpt><trkpt lat="46.6935601499863" lon="9.443220148328692"><ele>710.219970703125</ele></trkpt><trkpt lat="46.69355014991015" lon="9.443190148565918"><ele>710.5</ele></trkpt><trkpt lat="46.69353015022352" lon="9.443180148489773"><ele>711.2899780273438</ele></trkpt><trkpt lat="46.69352015014738" lon="9.443170148413628"><ele>711.8999938964844</ele></trkpt><trkpt lat="46.69350015046075" lon="9.44317014887929"><ele>713.2999877929688</ele></trkpt><trkpt lat="46.693490150850266" lon="9.443130149040371"><ele>714.4499816894531</ele></trkpt><trkpt lat="46.693470150697976" lon="9.443100149277598"><ele>715.0999755859375</ele></trkpt><trkpt lat="46.693470150697976" lon="9.443100149277598"><ele>715.469970703125</ele></trkpt><trkpt lat="46.69345015101135" lon="9.443070149514824"><ele>716.5999755859375</ele></trkpt><trkpt lat="46.693420151248574" lon="9.443050149828196"><ele>717.4299926757812</ele></trkpt><trkpt lat="46.693400151096284" lon="9.44304014975205"><ele>717.8999938964844</ele></trkpt><trkpt lat="46.693380151409656" lon="9.443000149913132"><ele>718.5999755859375</ele></trkpt><trkpt lat="46.69336015172303" lon="9.442990149836987"><ele>718.9499816894531</ele></trkpt><trkpt lat="46.69335015164688" lon="9.442980150226504"><ele>719.1999816894531</ele></trkpt><trkpt lat="46.69334015157074" lon="9.442980150226504"><ele>719.8399963378906</ele></trkpt><trkpt lat="46.693330151960254" lon="9.442990150302649"><ele>720.5</ele></trkpt><trkpt lat="46.69332015188411" lon="9.443010150454938"><ele>720.7699890136719</ele></trkpt><trkpt lat="46.69332015188411" lon="9.443020150531083"><ele>720.7999877929688</ele></trkpt><trkpt lat="46.6933401520364" lon="9.443110150285065"><ele>721.2599792480469</ele></trkpt><trkpt lat="46.6933401520364" lon="9.443110150285065"><ele>721.3199768066406</ele></trkpt><trkpt lat="46.69336015218869" lon="9.443210151046515"><ele>723.2999877929688</ele></trkpt><trkpt lat="46.69337015226483" lon="9.443250150885433"><ele>723.6499938964844</ele></trkpt><trkpt lat="46.693390152882785" lon="9.443350151181221"><ele>724.989990234375</ele></trkpt><trkpt lat="46.693390152882785" lon="9.443360151257366"><ele>724.8999938964844</ele></trkpt><trkpt lat="46.693350153043866" lon="9.443330151494592"><ele>725.7999877929688</ele></trkpt><trkpt lat="46.693330152891576" lon="9.443300151731819"><ele>726.7899780273438</ele></trkpt><trkpt lat="46.69332015328109" lon="9.443290151655674"><ele>727.3999938964844</ele></trkpt><trkpt lat="46.69329015351832" lon="9.443250151816756"><ele>727.7999877929688</ele></trkpt><trkpt lat="46.69327015336603" lon="9.443250151816756"><ele>728.5999755859375</ele></trkpt><trkpt lat="46.69327015336603" lon="9.443250151816756"><ele>728.6399841308594</ele></trkpt><trkpt lat="46.6932501536794" lon="9.443220152053982"><ele>729.6999816894531</ele></trkpt><trkpt lat="46.69322015391663" lon="9.443190152291209"><ele>730.3099975585938</ele></trkpt><trkpt lat="46.69321015384048" lon="9.443180152215064"><ele>730.3999938964844</ele></trkpt><trkpt lat="46.69321015384048" lon="9.443170152138919"><ele>730.5799865722656</ele></trkpt><trkpt lat="46.69320015376434" lon="9.4431301523"><ele>731.0</ele></trkpt><trkpt lat="46.693150154314935" lon="9.443050152622163"><ele>732.0999755859375</ele></trkpt><trkpt lat="46.69311015447602" lon="9.442970152944326"><ele>733.0599975585938</ele></trkpt><trkpt lat="46.69309015432373" lon="9.442930152639747"><ele>733.5999755859375</ele></trkpt><trkpt lat="46.69308015471324" lon="9.442910152953118"><ele>734.1999816894531</ele></trkpt><trkpt lat="46.6930701546371" lon="9.442900152876973"><ele>734.4499816894531</ele></trkpt><trkpt lat="46.69306015456095" lon="9.442900152876973"><ele>734.5</ele></trkpt><trkpt lat="46.69306015456095" lon="9.442910152953118"><ele>734.6999816894531</ele></trkpt><trkpt lat="46.69305015448481" lon="9.442930153105408"><ele>734.8899841308594</ele></trkpt><trkpt lat="46.693040154874325" lon="9.442990153096616"><ele>735.5</ele></trkpt><trkpt lat="46.69303015526384" lon="9.443110153544694"><ele>736.8999938964844</ele></trkpt><trkpt lat="46.69302015565336" lon="9.443240154068917"><ele>738.5999755859375</ele></trkpt><trkpt lat="46.69302015565336" lon="9.443280153907835"><ele>738.5999755859375</ele></trkpt><trkpt lat="46.69303015526384" lon="9.443300153594464"><ele>738.3899841308594</ele></trkpt><trkpt lat="46.693040155339986" lon="9.443350153975189"><ele>738.6099853515625</ele></trkpt><trkpt lat="46.6930301557295" lon="9.443370154127479"><ele>739.3299865722656</ele></trkpt><trkpt lat="46.69302015565336" lon="9.443390154279768"><ele>740.2699890136719</ele></trkpt><trkpt lat="46.69304015580565" lon="9.443460154347122"><ele>741.4299926757812</ele></trkpt><trkpt lat="46.693050156347454" lon="9.44352015433833"><ele>742.22998046875</ele></trkpt><trkpt lat="46.69308015657589" lon="9.4435801547952"><ele>743.469970703125</ele></trkpt><trkpt lat="46.69308015657589" lon="9.44360015494749"><ele>743.9199829101562</ele></trkpt><trkpt lat="46.69309015665203" lon="9.443630155175924"><ele>744.3699951171875</ele></trkpt><trkpt lat="46.69311015680432" lon="9.443720155395567"><ele>746.1099853515625</ele></trkpt><trkpt lat="46.69312015734613" lon="9.443800155539066"><ele>747.6599731445312</ele></trkpt><trkpt lat="46.693130157422274" lon="9.443890155758709"><ele>749.1499938964844</ele></trkpt><trkpt lat="46.693130157887936" lon="9.444000156130642"><ele>751.0799865722656</ele></trkpt><trkpt lat="46.69314015842974" lon="9.4441601568833"><ele>754.4199829101562</ele></trkpt><trkpt lat="46.69315015897155" lon="9.444240157026798"><ele>755.5899963378906</ele></trkpt><trkpt lat="46.69317015912384" lon="9.444340157322586"><ele>756.5799865722656</ele></trkpt><trkpt lat="46.69318015919998" lon="9.444440157618374"><ele>757.7899780273438</ele></trkpt><trkpt lat="46.693180159665644" lon="9.444530157838017"><ele>759.8699951171875</ele></trkpt><trkpt lat="46.69319015974179" lon="9.444590158294886"><ele>760.8299865722656</ele></trkpt><trkpt lat="46.69318016059697" lon="9.444730158895254"><ele>763.5999755859375</ele></trkpt><trkpt lat="46.693200160283595" lon="9.444790158886462"><ele>763.2599792480469</ele></trkpt><trkpt lat="46.69321016035974" lon="9.444830158725381"><ele>763.2799987792969</ele></trkpt><trkpt lat="46.693220160435885" lon="9.44489015871659"><ele>764.0799865722656</ele></trkpt><trkpt lat="46.69321016129106" lon="9.445100159849972"><ele>768.239990234375</ele></trkpt><trkpt lat="46.69322016136721" lon="9.44516015984118"><ele>769.1299743652344</ele></trkpt><trkpt lat="46.69323016144335" lon="9.445210159756243"><ele>769.0899963378906</ele></trkpt><trkpt lat="46.69325016159564" lon="9.445260160136968"><ele>769.739990234375</ele></trkpt><trkpt lat="46.693250162061304" lon="9.445320160128176"><ele>770.6599731445312</ele></trkpt><trkpt lat="46.69326016213745" lon="9.44543016050011"><ele>772.4299926757812</ele></trkpt><trkpt lat="46.693270162213594" lon="9.445520160719752"><ele>773.1699829101562</ele></trkpt><trkpt lat="46.693270162679255" lon="9.44560016086325"><ele>773.8399963378906</ele></trkpt><trkpt lat="46.69327016361058" lon="9.446090161800385"><ele>779.6099853515625</ele></trkpt><trkpt lat="46.69329016422853" lon="9.44629016239196"><ele>781.97998046875</ele></trkpt><trkpt lat="46.69333016453311" lon="9.446580162737519"><ele>784.8299865722656</ele></trkpt><trkpt lat="46.69334016460925" lon="9.446650162804872"><ele>784.989990234375</ele></trkpt><trkpt lat="46.6933501646854" lon="9.446730163414031"><ele>785.97998046875</ele></trkpt><trkpt lat="46.69335016515106" lon="9.446840163320303"><ele>787.5699768066406</ele></trkpt><trkpt lat="46.69335016561672" lon="9.446940163616091"><ele>788.4399719238281</ele></trkpt><trkpt lat="46.69335016561672" lon="9.447050163988024"><ele>790.0099792480469</ele></trkpt><trkpt lat="46.69338016631082" lon="9.447280164808035"><ele>793.0299987792969</ele></trkpt><trkpt lat="46.69339016638696" lon="9.447350164875388"><ele>794.3099975585938</ele></trkpt><trkpt lat="46.69341016653925" lon="9.447400164790452"><ele>795.239990234375</ele></trkpt><trkpt lat="46.69343016669154" lon="9.447450165171176"><ele>795.8299865722656</ele></trkpt><trkpt lat="46.69347016699612" lon="9.44752016523853"><ele>796.3799743652344</ele></trkpt><trkpt lat="46.6935101673007" lon="9.447590165305883"><ele>797.5799865722656</ele></trkpt><trkpt lat="46.6935101673007" lon="9.447600165382028"><ele>797.8999938964844</ele></trkpt><trkpt lat="46.693540167529136" lon="9.447640165686607"><ele>798.2099914550781</ele></trkpt><trkpt lat="46.693560167681426" lon="9.44769016560167"><ele>798.97998046875</ele></trkpt><trkpt lat="46.693600167986006" lon="9.44777016621083"><ele>800.72998046875</ele></trkpt><trkpt lat="46.69361016806215" lon="9.447840166278183"><ele>802.1799926757812</ele></trkpt><trkpt lat="46.69363016821444" lon="9.447860166430473"><ele>802.1499938964844</ele></trkpt><trkpt lat="46.69361016806215" lon="9.447840166278183"><ele>802.1999816894531</ele></trkpt><trkpt lat="46.69350016862154" lon="9.447730166837573"><ele>804.5999755859375</ele></trkpt><trkpt lat="46.693380169104785" lon="9.447650167159736"><ele>807.2599792480469</ele></trkpt><trkpt lat="46.693340169265866" lon="9.447620167396963"><ele>808.3999938964844</ele></trkpt><trkpt lat="46.69330016989261" lon="9.447600168175995"><ele>810.1999816894531</ele></trkpt><trkpt lat="46.69323017029092" lon="9.447580168489367"><ele>813.0</ele></trkpt><trkpt lat="46.69312017131597" lon="9.447470169514418"><ele>817.2999877929688</ele></trkpt><trkpt lat="46.693000172264874" lon="9.447420170530677"><ele>822.5999755859375</ele></trkpt><trkpt lat="46.692980172578245" lon="9.447400170844048"><ele>823.8999938964844</ele></trkpt><trkpt lat="46.692960172425956" lon="9.447370170615613"><ele>824.5399780273438</ele></trkpt><trkpt lat="46.69295017281547" lon="9.44734017085284"><ele>825.2599792480469</ele></trkpt><trkpt lat="46.69288017321378" lon="9.447240171488374"><ele>828.5</ele></trkpt><trkpt lat="46.692870173603296" lon="9.44723017141223"><ele>828.8399963378906</ele></trkpt><trkpt lat="46.692850173451006" lon="9.447220171801746"><ele>829.3999938964844</ele></trkpt><trkpt lat="46.69284017384052" lon="9.447190172038972"><ele>830.1999816894531</ele></trkpt><trkpt lat="46.69283017376438" lon="9.447150172200054"><ele>831.1999816894531</ele></trkpt><trkpt lat="46.69281017407775" lon="9.447110172361135"><ele>831.6199951171875</ele></trkpt><trkpt lat="46.69281017407775" lon="9.44710017228499"><ele>831.6999816894531</ele></trkpt><trkpt lat="46.692800174001604" lon="9.4470801721327"><ele>832.0799865722656</ele></trkpt><trkpt lat="46.692780174314976" lon="9.447050172369927"><ele>832.6999816894531</ele></trkpt><trkpt lat="46.69277017423883" lon="9.447040172293782"><ele>833.0099792480469</ele></trkpt><trkpt lat="46.69274017447606" lon="9.447020172607154"><ele>833.6999816894531</ele></trkpt><trkpt lat="46.69273017439991" lon="9.447020172607154"><ele>833.9099731445312</ele></trkpt><trkpt lat="46.69273017439991" lon="9.447020172607154"><ele>834.0399780273438</ele></trkpt><trkpt lat="46.69272017478943" lon="9.447060172911733"><ele>835.0599975585938</ele></trkpt><trkpt lat="46.69272017478943" lon="9.447070172987878"><ele>835.4599914550781</ele></trkpt><trkpt lat="46.692690175026655" lon="9.447130173444748"><ele>837.1499938964844</ele></trkpt><trkpt lat="46.69268017541617" lon="9.447160173207521"><ele>838.0</ele></trkpt><trkpt lat="46.69267017534003" lon="9.447180173359811"><ele>838.5</ele></trkpt><trkpt lat="46.69266017572954" lon="9.447160173673183"><ele>839.3999938964844</ele></trkpt><trkpt lat="46.6926501756534" lon="9.44713017391041"><ele>839.989990234375</ele></trkpt><trkpt lat="46.692640176042914" lon="9.447050173766911"><ele>840.969970703125</ele></trkpt><trkpt lat="46.692620175890625" lon="9.4469401743263"><ele>841.8999938964844</ele></trkpt><trkpt lat="46.692620176356286" lon="9.446900174487382"><ele>842.5799865722656</ele></trkpt><trkpt lat="46.69261017628014" lon="9.446870174258947"><ele>843.1999816894531</ele></trkpt><trkpt lat="46.692600176203996" lon="9.446870174258947"><ele>843.489990234375</ele></trkpt><trkpt lat="46.69258017651737" lon="9.446870174724609"><ele>844.3099975585938</ele></trkpt><trkpt lat="46.69257017644122" lon="9.446880174800754"><ele>845.0</ele></trkpt><trkpt lat="46.69256017683074" lon="9.446900174953043"><ele>845.6999816894531</ele></trkpt><trkpt lat="46.692550177220255" lon="9.446940175257623"><ele>847.2999877929688</ele></trkpt><trkpt lat="46.69254017714411" lon="9.446950175333768"><ele>848.1999816894531</ele></trkpt><trkpt lat="46.69254017714411" lon="9.446960175409913"><ele>848.3299865722656</ele></trkpt><trkpt lat="46.69252017745748" lon="9.446970175486058"><ele>848.8999938964844</ele></trkpt><trkpt lat="46.69252017745748" lon="9.446970175486058"><ele>849.3699951171875</ele></trkpt><trkpt lat="46.69252017745748" lon="9.446960175875574"><ele>849.7999877929688</ele></trkpt><trkpt lat="46.692510177847" lon="9.44693017564714"><ele>850.5999755859375</ele></trkpt><trkpt lat="46.692500178236514" lon="9.446840176358819"><ele>852.3999938964844</ele></trkpt><trkpt lat="46.692500178236514" lon="9.446810176130384"><ele>852.75</ele></trkpt><trkpt lat="46.692480178549886" lon="9.446720176376402"><ele>854.0</ele></trkpt><trkpt lat="46.6924701789394" lon="9.446660176850855"><ele>855.6999816894531</ele></trkpt><trkpt lat="46.6924701789394" lon="9.446640176698565"><ele>856.1199951171875</ele></trkpt><trkpt lat="46.6924701789394" lon="9.446580177173018"><ele>857.5</ele></trkpt><trkpt lat="46.69249017955735" lon="9.446530177723616"><ele>859.5</ele></trkpt><trkpt lat="46.69253017986193" lon="9.446470177732408"><ele>861.0699768066406</ele></trkpt><trkpt lat="46.69257018016651" lon="9.44643017789349"><ele>861.5999755859375</ele></trkpt><trkpt lat="46.692600179929286" lon="9.446400178130716"><ele>862.1299743652344</ele></trkpt><trkpt lat="46.69261018000543" lon="9.446400178130716"><ele>862.2699890136719</ele></trkpt><trkpt lat="46.69261018047109" lon="9.446380178444088"><ele>862.9099731445312</ele></trkpt><trkpt lat="46.69261018000543" lon="9.446380178444088"><ele>862.7999877929688</ele></trkpt><trkpt lat="46.69260018039495" lon="9.446370178367943"><ele>863.3599853515625</ele></trkpt><trkpt lat="46.69252018071711" lon="9.446380178909749"><ele>865.5999755859375</ele></trkpt><trkpt lat="46.69248018087819" lon="9.446380178909749"><ele>866.0</ele></trkpt><trkpt lat="46.69248018087819" lon="9.446380178909749"><ele>866.1099853515625</ele></trkpt><trkpt lat="46.69245018111542" lon="9.446370178833604"><ele>866.6999816894531</ele></trkpt><trkpt lat="46.692420181352645" lon="9.446350179146975"><ele>867.3899841308594</ele></trkpt><trkpt lat="46.69237018143758" lon="9.446310179308057"><ele>868.8999938964844</ele></trkpt><trkpt lat="46.69235018128529" lon="9.446290179621428"><ele>869.1699829101562</ele></trkpt><trkpt lat="46.69233018159866" lon="9.446270179469138"><ele>869.5</ele></trkpt><trkpt lat="46.69231018144637" lon="9.446260179392993"><ele>869.8999938964844</ele></trkpt><trkpt lat="46.69230018183589" lon="9.446260179858655"><ele>870.2999877929688</ele></trkpt><trkpt lat="46.6922801816836" lon="9.446240179706365"><ele>870.8999938964844</ele></trkpt><trkpt lat="46.69226018199697" lon="9.446240180172026"><ele>871.7999877929688</ele></trkpt><trkpt lat="46.692250181920826" lon="9.446250180248171"><ele>872.0099792480469</ele></trkpt><trkpt lat="46.69224018231034" lon="9.446260180324316"><ele>872.3999938964844</ele></trkpt><trkpt lat="46.69224018231034" lon="9.446260179858655"><ele>872.2599792480469</ele></trkpt><trkpt lat="46.6922301822342" lon="9.446240180172026"><ele>872.5</ele></trkpt><trkpt lat="46.6922301822342" lon="9.446240180172026"><ele>872.6299743652344</ele></trkpt><trkpt lat="46.6922301822342" lon="9.446230180095881"><ele>872.6999816894531</ele></trkpt><trkpt lat="46.69224018231034" lon="9.446230180095881"><ele>872.6999816894531</ele></trkpt><trkpt lat="46.69232018245384" lon="9.44618018064648"><ele>874.3299865722656</ele></trkpt><trkpt lat="46.69234018260613" lon="9.446170180570334"><ele>874.5999755859375</ele></trkpt><trkpt lat="46.692370182834566" lon="9.446170180570334"><ele>875.0599975585938</ele></trkpt><trkpt lat="46.692390182521194" lon="9.446170180570334"><ele>875.2999877929688</ele></trkpt><trkpt lat="46.69240018259734" lon="9.44616018095985"><ele>875.6999816894531</ele></trkpt><trkpt lat="46.69240018259734" lon="9.44616018095985"><ele>875.72998046875</ele></trkpt><trkpt lat="46.69240018259734" lon="9.44616018095985"><ele>875.6999816894531</ele></trkpt><trkpt lat="46.69240018259734" lon="9.446150180883706"><ele>875.8299865722656</ele></trkpt><trkpt lat="46.69240018259734" lon="9.446150180883706"><ele>875.8999938964844</ele></trkpt><trkpt lat="46.692400183063" lon="9.44614018080756"><ele>876.219970703125</ele></trkpt><trkpt lat="46.692400183063" lon="9.446130180731416"><ele>876.1999816894531</ele></trkpt><trkpt lat="46.692370182834566" lon="9.446120181120932"><ele>876.5999755859375</ele></trkpt><trkpt lat="46.69233018299565" lon="9.446120181120932"><ele>876.8699951171875</ele></trkpt><trkpt lat="46.692240183241665" lon="9.446110181044787"><ele>877.7999877929688</ele></trkpt><trkpt lat="46.69223018316552" lon="9.446110181044787"><ele>877.969970703125</ele></trkpt><trkpt lat="46.69214018341154" lon="9.446120181586593"><ele>879.5</ele></trkpt><trkpt lat="46.69209018396214" lon="9.446140181738883"><ele>880.5999755859375</ele></trkpt><trkpt lat="46.69207018380985" lon="9.446150181815028"><ele>880.969970703125</ele></trkpt><trkpt lat="46.69204018404707" lon="9.446160181891173"><ele>881.8999938964844</ele></trkpt><trkpt lat="46.69203018397093" lon="9.446170181967318"><ele>882.3399963378906</ele></trkpt><trkpt lat="46.6920101842843" lon="9.446180182043463"><ele>883.1999816894531</ele></trkpt><trkpt lat="46.69199018413201" lon="9.446180182043463"><ele>883.4199829101562</ele></trkpt><trkpt lat="46.69197018444538" lon="9.446180182509124"><ele>883.7999877929688</ele></trkpt><trkpt lat="46.69195018429309" lon="9.44617018243298"><ele>884.0599975585938</ele></trkpt><trkpt lat="46.69194018468261" lon="9.44617018243298"><ele>884.3999938964844</ele></trkpt><trkpt lat="46.69193018460646" lon="9.44617018243298"><ele>884.4599914550781</ele></trkpt><trkpt lat="46.69182018516585" lon="9.446160182822496"><ele>886.6999816894531</ele></trkpt><trkpt lat="46.69179018493742" lon="9.44617018289864"><ele>887.1099853515625</ele></trkpt><trkpt lat="46.69173018541187" lon="9.44619018305093"><ele>888.5</ele></trkpt><trkpt lat="46.691630185581744" lon="9.446190183516592"><ele>890.7999877929688</ele></trkpt><trkpt lat="46.691610185895115" lon="9.446200183592737"><ele>891.1399841308594</ele></trkpt><trkpt lat="46.6915701860562" lon="9.446210184134543"><ele>891.8999938964844</ele></trkpt><trkpt lat="46.69153018621728" lon="9.446230184286833"><ele>893.0</ele></trkpt><trkpt lat="46.69153018621728" lon="9.446230184286833"><ele>893.0399780273438</ele></trkpt><trkpt lat="46.69153018621728" lon="9.446230184286833"><ele>893.0399780273438</ele></trkpt><trkpt lat="46.691500186454505" lon="9.446210184134543"><ele>893.2699890136719</ele></trkpt><trkpt lat="46.691500186454505" lon="9.446220184210688"><ele>893.2699890136719</ele></trkpt><trkpt lat="46.691480186302215" lon="9.446210184134543"><ele>893.489990234375</ele></trkpt><trkpt lat="46.691440186463296" lon="9.446210184134543"><ele>893.8699951171875</ele></trkpt><trkpt lat="46.69143018638715" lon="9.446170184295624"><ele>893.969970703125</ele></trkpt><trkpt lat="46.69142018631101" lon="9.446130184456706"><ele>894.3199768066406</ele></trkpt><trkpt lat="46.69139018654823" lon="9.446040184702724"><ele>895.22998046875</ele></trkpt><trkpt lat="46.69130018725991" lon="9.445870184805244"><ele>897.5999755859375</ele></trkpt><trkpt lat="46.69114018790424" lon="9.44558018585667"><ele>901.2899780273438</ele></trkpt><trkpt lat="46.69109018845484" lon="9.44545018626377"><ele>903.0899963378906</ele></trkpt><trkpt lat="46.6910601882264" lon="9.445390186272562"><ele>903.8399963378906</ele></trkpt><trkpt lat="46.69104018853977" lon="9.445290186442435"><ele>904.97998046875</ele></trkpt><trkpt lat="46.69094018964097" lon="9.444880187511444"><ele>909.5199890136719</ele></trkpt><trkpt lat="46.690910189878196" lon="9.444750187452883"><ele>911.0699768066406</ele></trkpt><trkpt lat="46.690910189878196" lon="9.44470018753782"><ele>911.5999755859375</ele></trkpt><trkpt lat="46.690910189878196" lon="9.444670187775046"><ele>911.9299926757812</ele></trkpt><trkpt lat="46.69092018995434" lon="9.4446601876989"><ele>912.1799926757812</ele></trkpt><trkpt lat="46.69094019010663" lon="9.444650188088417"><ele>912.4399719238281</ele></trkpt><trkpt lat="46.69096019025892" lon="9.444660188164562"><ele>912.6799926757812</ele></trkpt><trkpt lat="46.690970190335065" lon="9.44468018785119"><ele>913.0499877929688</ele></trkpt><trkpt lat="46.690990190487355" lon="9.444710188079625"><ele>913.4299926757812</ele></trkpt><trkpt lat="46.69106019055471" lon="9.444820188451558"><ele>915.1399841308594</ele></trkpt><trkpt lat="46.691300191916525" lon="9.445100189652294"><ele>921.0999755859375</ele></trkpt><trkpt lat="46.69143019244075" lon="9.445240190252662"><ele>924.239990234375</ele></trkpt><trkpt lat="46.69147019274533" lon="9.445270190481097"><ele>925.1299743652344</ele></trkpt><trkpt lat="46.69152019266039" lon="9.445300190709531"><ele>926.1499938964844</ele></trkpt><trkpt lat="46.691590193193406" lon="9.445330190937966"><ele>927.4099731445312</ele></trkpt><trkpt lat="46.691650193184614" lon="9.445350191090256"><ele>928.6099853515625</ele></trkpt><trkpt lat="46.691690193489194" lon="9.445360191166401"><ele>929.5699768066406</ele></trkpt><trkpt lat="46.69175019394606" lon="9.445360191632062"><ele>930.5599975585938</ele></trkpt><trkpt lat="46.69181019393727" lon="9.445350191555917"><ele>931.8499755859375</ele></trkpt><trkpt lat="46.691880194470286" lon="9.445330191869289"><ele>933.4499816894531</ele></trkpt><trkpt lat="46.69199019484222" lon="9.445290192496032"><ele>935.5899963378906</ele></trkpt><trkpt lat="46.69203019468114" lon="9.445260192733258"><ele>936.3499755859375</ele></trkpt><trkpt lat="46.69205019483343" lon="9.445240192580968"><ele>936.719970703125</ele></trkpt><trkpt lat="46.69206019490957" lon="9.44522019289434"><ele>937.1499938964844</ele></trkpt><trkpt lat="46.69207019498572" lon="9.445180193055421"><ele>937.7099914550781</ele></trkpt><trkpt lat="46.692060195375234" lon="9.445060193073004"><ele>939.47998046875</ele></trkpt><trkpt lat="46.69203019607812" lon="9.444950193632394"><ele>941.2899780273438</ele></trkpt><trkpt lat="46.69200019631535" lon="9.444870193954557"><ele>942.469970703125</ele></trkpt><trkpt lat="46.69198019616306" lon="9.444840193726122"><ele>943.0699768066406</ele></trkpt><trkpt lat="46.69196019647643" lon="9.444820194039494"><ele>943.6799926757812</ele></trkpt><trkpt lat="46.69194019632414" lon="9.444800194352865"><ele>944.1799926757812</ele></trkpt><trkpt lat="46.691910196561366" lon="9.444780194200575"><ele>944.5799865722656</ele></trkpt><trkpt lat="46.69194019632414" lon="9.444800194352865"><ele>944.1799926757812</ele></trkpt><trkpt lat="46.69196019647643" lon="9.444820194039494"><ele>943.6799926757812</ele></trkpt><trkpt lat="46.69198019616306" lon="9.444840193726122"><ele>943.0699768066406</ele></trkpt><trkpt lat="46.69200019631535" lon="9.444870193954557"><ele>942.469970703125</ele></trkpt><trkpt lat="46.69203019607812" lon="9.444950193632394"><ele>941.2899780273438</ele></trkpt><trkpt lat="46.692060195375234" lon="9.445060193073004"><ele>939.47998046875</ele></trkpt><trkpt lat="46.69207019498572" lon="9.445180193055421"><ele>937.7099914550781</ele></trkpt><trkpt lat="46.69206019490957" lon="9.44522019289434"><ele>937.1499938964844</ele></trkpt><trkpt lat="46.69205019483343" lon="9.445240192580968"><ele>936.719970703125</ele></trkpt><trkpt lat="46.69203019468114" lon="9.445260192733258"><ele>936.3499755859375</ele></trkpt><trkpt lat="46.69199019484222" lon="9.445290192496032"><ele>935.5899963378906</ele></trkpt><trkpt lat="46.691880194470286" lon="9.445330191869289"><ele>933.4499816894531</ele></trkpt><trkpt lat="46.69181019393727" lon="9.445350191555917"><ele>931.8499755859375</ele></trkpt><trkpt lat="46.69175019394606" lon="9.445360191632062"><ele>930.5599975585938</ele></trkpt><trkpt lat="46.691690193489194" lon="9.445360191166401"><ele>929.5699768066406</ele></trkpt><trkpt lat="46.691650193184614" lon="9.445350191090256"><ele>928.6099853515625</ele></trkpt><trkpt lat="46.691590193193406" lon="9.445330190937966"><ele>927.4099731445312</ele></trkpt><trkpt lat="46.69152019266039" lon="9.445300190709531"><ele>926.1499938964844</ele></trkpt><trkpt lat="46.69147019274533" lon="9.445270190481097"><ele>925.1299743652344</ele></trkpt><trkpt lat="46.69143019244075" lon="9.445240190252662"><ele>924.239990234375</ele></trkpt><trkpt lat="46.691300191916525" lon="9.445100189652294"><ele>921.0999755859375</ele></trkpt><trkpt lat="46.69106019055471" lon="9.444820188451558"><ele>915.1399841308594</ele></trkpt><trkpt lat="46.690990190487355" lon="9.444710188079625"><ele>913.4299926757812</ele></trkpt><trkpt lat="46.690970190335065" lon="9.44468018785119"><ele>913.0499877929688</ele></trkpt><trkpt lat="46.69096019025892" lon="9.444660188164562"><ele>912.6799926757812</ele></trkpt><trkpt lat="46.69094019010663" lon="9.444650188088417"><ele>912.4399719238281</ele></trkpt><trkpt lat="46.69092018995434" lon="9.4446601876989"><ele>912.1799926757812</ele></trkpt><trkpt lat="46.690910189878196" lon="9.444670187775046"><ele>911.9299926757812</ele></trkpt><trkpt lat="46.690910189878196" lon="9.44470018753782"><ele>911.5999755859375</ele></trkpt><trkpt lat="46.690910189878196" lon="9.444750187452883"><ele>911.0699768066406</ele></trkpt><trkpt lat="46.69094018964097" lon="9.444880187511444"><ele>909.5199890136719</ele></trkpt><trkpt lat="46.69104018853977" lon="9.445290186442435"><ele>904.97998046875</ele></trkpt><trkpt lat="46.6910601882264" lon="9.445390186272562"><ele>903.8399963378906</ele></trkpt><trkpt lat="46.69109018845484" lon="9.44545018626377"><ele>903.0899963378906</ele></trkpt><trkpt lat="46.69114018790424" lon="9.44558018585667"><ele>901.2899780273438</ele></trkpt><trkpt lat="46.69130018725991" lon="9.445870184805244"><ele>897.5999755859375</ele></trkpt><trkpt lat="46.69139018654823" lon="9.446040184702724"><ele>895.22998046875</ele></trkpt><trkpt lat="46.69142018631101" lon="9.446130184456706"><ele>894.3199768066406</ele></trkpt><trkpt lat="46.69143018638715" lon="9.446170184295624"><ele>893.969970703125</ele></trkpt><trkpt lat="46.691440186463296" lon="9.446210184134543"><ele>893.8699951171875</ele></trkpt><trkpt lat="46.691480186302215" lon="9.446210184134543"><ele>893.489990234375</ele></trkpt><trkpt lat="46.69153018621728" lon="9.446230184286833"><ele>893.0399780273438</ele></trkpt><trkpt lat="46.69153018621728" lon="9.446230184286833"><ele>893.0399780273438</ele></trkpt><trkpt lat="46.691610186360776" lon="9.446320184040815"><ele>893.5</ele></trkpt><trkpt lat="46.691610186360776" lon="9.446320184040815"><ele>893.5</ele></trkpt><trkpt lat="46.69162018643692" lon="9.44635018426925"><ele>893.8899841308594</ele></trkpt><trkpt lat="46.69162018643692" lon="9.44637018442154"><ele>894.1299743652344</ele></trkpt><trkpt lat="46.691630186513066" lon="9.44639018457383"><ele>894.3999938964844</ele></trkpt><trkpt lat="46.69162018643692" lon="9.446420184336603"><ele>894.8999938964844</ele></trkpt><trkpt lat="46.69159018667415" lon="9.446440184488893"><ele>895.5999755859375</ele></trkpt><trkpt lat="46.691520187072456" lon="9.446450185030699"><ele>897.7799987792969</ele></trkpt><trkpt lat="46.691450187470764" lon="9.446460185572505"><ele>899.5</ele></trkpt><trkpt lat="46.69137018779293" lon="9.446500185877085"><ele>901.8299865722656</ele></trkpt><trkpt lat="46.69137018779293" lon="9.446500185877085"><ele>902.0099792480469</ele></trkpt><trkpt lat="46.69136018818244" lon="9.446500185877085"><ele>902.2099914550781</ele></trkpt><trkpt lat="46.691300188656896" lon="9.44655018625781"><ele>904.0999755859375</ele></trkpt><trkpt lat="46.69116018898785" lon="9.446650187019259"><ele>906.6699829101562</ele></trkpt><trkpt lat="46.69105018908158" lon="9.446720187086612"><ele>908.2999877929688</ele></trkpt><trkpt lat="46.69088018964976" lon="9.44686018768698"><ele>911.2899780273438</ele></trkpt><trkpt lat="46.690780190285295" lon="9.446930188219994"><ele>912.8999938964844</ele></trkpt><trkpt lat="46.69068019045517" lon="9.447010188363492"><ele>914.239990234375</ele></trkpt><trkpt lat="46.69058019062504" lon="9.447080188430846"><ele>915.5</ele></trkpt><trkpt lat="46.69049019087106" lon="9.44713018881157"><ele>917.1099853515625</ele></trkpt><trkpt lat="46.69043019134551" lon="9.447160189040005"><ele>918.1999816894531</ele></trkpt><trkpt lat="46.69030019175261" lon="9.447220189496875"><ele>919.6999816894531</ele></trkpt><trkpt lat="46.69025019183755" lon="9.447240189649165"><ele>921.3999938964844</ele></trkpt><trkpt lat="46.690220192074776" lon="9.4472701898776"><ele>922.3599853515625</ele></trkpt><trkpt lat="46.69017019215971" lon="9.447280189953744"><ele>923.47998046875</ele></trkpt><trkpt lat="46.690130192320794" lon="9.44729019002989"><ele>923.7999877929688</ele></trkpt><trkpt lat="46.69005019264296" lon="9.44729019049555"><ele>925.5099792480469</ele></trkpt><trkpt lat="46.69003019295633" lon="9.44729019049555"><ele>925.8199768066406</ele></trkpt><trkpt lat="46.690000192727894" lon="9.447300190571696"><ele>926.3999938964844</ele></trkpt><trkpt lat="46.68995019327849" lon="9.447310191113502"><ele>927.3999938964844</ele></trkpt><trkpt lat="46.68994019320235" lon="9.447320191189647"><ele>927.969970703125</ele></trkpt><trkpt lat="46.68994019320235" lon="9.447320191189647"><ele>928.0</ele></trkpt><trkpt lat="46.68994019320235" lon="9.44733019080013"><ele>927.97998046875</ele></trkpt><trkpt lat="46.68994019320235" lon="9.44735019095242"><ele>927.97998046875</ele></trkpt><trkpt lat="46.68994019320235" lon="9.44735019095242"><ele>928.0</ele></trkpt><trkpt lat="46.68991019297391" lon="9.447340190876275"><ele>928.1299743652344</ele></trkpt><trkpt lat="46.68988019321114" lon="9.447330191265792"><ele>928.2999877929688</ele></trkpt><trkpt lat="46.68987019313499" lon="9.447330191265792"><ele>928.4099731445312</ele></trkpt><trkpt lat="46.68984019337222" lon="9.447330191265792"><ele>928.5999755859375</ele></trkpt><trkpt lat="46.68978019338101" lon="9.447320191189647"><ele>928.8499755859375</ele></trkpt><trkpt lat="46.68976019322872" lon="9.447320191189647"><ele>928.8999938964844</ele></trkpt><trkpt lat="46.68950019357726" lon="9.447290191426873"><ele>931.0</ele></trkpt><trkpt lat="46.689470193814486" lon="9.447300191503018"><ele>931.25</ele></trkpt><trkpt lat="46.689380194060504" lon="9.447320191655308"><ele>932.0699768066406</ele></trkpt><trkpt lat="46.68935019383207" lon="9.447330191731453"><ele>932.2999877929688</ele></trkpt><trkpt lat="46.68929019430652" lon="9.447360191959888"><ele>933.0999755859375</ele></trkpt><trkpt lat="46.68918019440025" lon="9.447410192340612"><ele>934.5</ele></trkpt><trkpt lat="46.68899019481614" lon="9.447460192721337"><ele>937.0</ele></trkpt><trkpt lat="46.68886019522324" lon="9.447490192949772"><ele>938.7999877929688</ele></trkpt><trkpt lat="46.688820195384324" lon="9.447500193025917"><ele>939.3099975585938</ele></trkpt><trkpt lat="46.688760195393115" lon="9.447530193254352"><ele>940.1999816894531</ele></trkpt><trkpt lat="46.6887201955542" lon="9.447540193330497"><ele>940.8199768066406</ele></trkpt><trkpt lat="46.68871019594371" lon="9.447540193330497"><ele>940.9199829101562</ele></trkpt><trkpt lat="46.68871019594371" lon="9.447540193330497"><ele>940.8999938964844</ele></trkpt><trkpt lat="46.68867019563913" lon="9.447550193872303"><ele>941.4199829101562</ele></trkpt><trkpt lat="46.68844019668177" lon="9.447630194481462"><ele>944.5999755859375</ele></trkpt><trkpt lat="46.68838019669056" lon="9.447640194557607"><ele>945.3799743652344</ele></trkpt><trkpt lat="46.68806019751355" lon="9.447660195175558"><ele>949.6999816894531</ele></trkpt><trkpt lat="46.68800019752234" lon="9.447680195327848"><ele>950.5</ele></trkpt><trkpt lat="46.687960197683424" lon="9.447700195480138"><ele>951.1999816894531</ele></trkpt><trkpt lat="46.68791019776836" lon="9.447740195784718"><ele>952.0999755859375</ele></trkpt><trkpt lat="46.68773019872606" lon="9.447910196147859"><ele>955.1999816894531</ele></trkpt><trkpt lat="46.687660198658705" lon="9.447950196452439"><ele>956.5799865722656</ele></trkpt><trkpt lat="46.687660198658705" lon="9.447960196528584"><ele>956.719970703125</ele></trkpt><trkpt lat="46.68760019913316" lon="9.447990196757019"><ele>957.6999816894531</ele></trkpt><trkpt lat="46.68754019914195" lon="9.448030197061598"><ele>958.6999816894531</ele></trkpt><trkpt lat="46.6874801996164" lon="9.448050197213888"><ele>959.5099792480469</ele></trkpt><trkpt lat="46.68715020036325" lon="9.448190198279917"><ele>964.7999877929688</ele></trkpt><trkpt lat="46.686990201007575" lon="9.448260198812932"><ele>967.5399780273438</ele></trkpt><trkpt lat="46.686880201566964" lon="9.448320199269801"><ele>969.5999755859375</ele></trkpt><trkpt lat="46.686820201575756" lon="9.44836019910872"><ele>970.3999938964844</ele></trkpt><trkpt lat="46.68681020149961" lon="9.448370199184865"><ele>970.7899780273438</ele></trkpt><trkpt lat="46.68679020181298" lon="9.448390199337155"><ele>971.2999877929688</ele></trkpt><trkpt lat="46.68676020205021" lon="9.448450199794024"><ele>972.0299987792969</ele></trkpt><trkpt lat="46.686730201821774" lon="9.448510199785233"><ele>972.7999877929688</ele></trkpt><trkpt lat="46.686710202135146" lon="9.448560200165957"><ele>973.5</ele></trkpt><trkpt lat="46.68670020252466" lon="9.44861020008102"><ele>974.1999816894531</ele></trkpt><trkpt lat="46.68670020252466" lon="9.44861020008102"><ele>974.1399841308594</ele></trkpt><trkpt lat="46.68667020229623" lon="9.448620200157166"><ele>974.3799743652344</ele></trkpt><trkpt lat="46.68665020214394" lon="9.44863020023331"><ele>973.7999877929688</ele></trkpt><trkpt lat="46.68661020183936" lon="9.448640199843794"><ele>972.3999938964844</ele></trkpt><trkpt lat="46.68659020168707" lon="9.448650199454278"><ele>971.6199951171875</ele></trkpt><trkpt lat="46.6865302012302" lon="9.448700199369341"><ele>969.8399963378906</ele></trkpt><trkpt lat="46.686440200544894" lon="9.448770198505372"><ele>966.3999938964844</ele></trkpt><trkpt lat="46.686320199631155" lon="9.448890197556466"><ele>961.1999816894531</ele></trkpt><trkpt lat="46.686260199174285" lon="9.448950197082013"><ele>958.5999755859375</ele></trkpt><trkpt lat="46.68625019909814" lon="9.448960197158158"><ele>958.1099853515625</ele></trkpt><trkpt lat="46.68623019894585" lon="9.448980196844786"><ele>957.5999755859375</ele></trkpt><trkpt lat="46.68620019918308" lon="9.449000196997076"><ele>957.3899841308594</ele></trkpt><trkpt lat="46.68617019895464" lon="9.44903019675985"><ele>957.1999816894531</ele></trkpt><trkpt lat="46.68613019911572" lon="9.449040196835995"><ele>957.0</ele></trkpt><trkpt lat="46.68602019874379" lon="9.449100196361542"><ele>955.6999816894531</ele></trkpt><trkpt lat="46.68594019860029" lon="9.449130196124315"><ele>954.5999755859375</ele></trkpt><trkpt lat="46.68589019821957" lon="9.449150196276605"><ele>953.8199768066406</ele></trkpt><trkpt lat="46.68585019791499" lon="9.449160195887089"><ele>953.0999755859375</ele></trkpt><trkpt lat="46.68582019768655" lon="9.449170195497572"><ele>951.9199829101562</ele></trkpt><trkpt lat="46.68578019738197" lon="9.449180195573717"><ele>950.0999755859375</ele></trkpt><trkpt lat="46.68576019722968" lon="9.449190195184201"><ele>949.0099792480469</ele></trkpt><trkpt lat="46.68573019700125" lon="9.44919019471854"><ele>947.6999816894531</ele></trkpt><trkpt lat="46.685660196468234" lon="9.449230194557458"><ele>945.6999816894531</ele></trkpt><trkpt lat="46.685620196629316" lon="9.449280194472522"><ele>944.6299743652344</ele></trkpt><trkpt lat="46.68559019640088" lon="9.44932019431144"><ele>943.6999816894531</ele></trkpt><trkpt lat="46.6855501960963" lon="9.449360194150358"><ele>943.2999877929688</ele></trkpt><trkpt lat="46.68551019579172" lon="9.449390193913132"><ele>942.1199951171875</ele></trkpt><trkpt lat="46.68548019556329" lon="9.449420193675905"><ele>941.3999938964844</ele></trkpt><trkpt lat="46.68543019564822" lon="9.449470193590969"><ele>940.0</ele></trkpt><trkpt lat="46.685370195191354" lon="9.449510193429887"><ele>939.6499938964844</ele></trkpt><trkpt lat="46.68534019542858" lon="9.449530193116516"><ele>939.5999755859375</ele></trkpt><trkpt lat="46.68528019543737" lon="9.449570193421096"><ele>939.7999877929688</ele></trkpt><trkpt lat="46.6852501956746" lon="9.449590193573385"><ele>939.8999938964844</ele></trkpt><trkpt lat="46.68522019544616" lon="9.449660193640739"><ele>940.5999755859375</ele></trkpt><trkpt lat="46.68522019544616" lon="9.449690193403512"><ele>940.7999877929688</ele></trkpt><trkpt lat="46.685200195759535" lon="9.4497901936993"><ele>940.7999877929688</ele></trkpt><trkpt lat="46.68519019521773" lon="9.449840193148702"><ele>939.2999877929688</ele></trkpt><trkpt lat="46.685180195141584" lon="9.44990019313991"><ele>938.6599731445312</ele></trkpt><trkpt lat="46.685180195141584" lon="9.449910193216056"><ele>938.6799926757812</ele></trkpt><trkpt lat="46.68517019506544" lon="9.449930193368345"><ele>938.7999877929688</ele></trkpt><trkpt lat="46.685140195302665" lon="9.450000193435699"><ele>939.8599853515625</ele></trkpt><trkpt lat="46.68511019553989" lon="9.450060193426907"><ele>941.0999755859375</ele></trkpt><trkpt lat="46.68509019585326" lon="9.450120193883777"><ele>941.8999938964844</ele></trkpt><trkpt lat="46.68508019577712" lon="9.450160193722695"><ele>942.4499816894531</ele></trkpt><trkpt lat="46.68504019640386" lon="9.450240194331855"><ele>943.6999816894531</ele></trkpt><trkpt lat="46.68502019625157" lon="9.450260194018483"><ele>943.8999938964844</ele></trkpt><trkpt lat="46.68496019626036" lon="9.450280194170773"><ele>944.9399719238281</ele></trkpt><trkpt lat="46.68484019767493" lon="9.45031019533053"><ele>949.8999938964844</ele></trkpt><trkpt lat="46.68478019768372" lon="9.45033019548282"><ele>950.7999877929688</ele></trkpt><trkpt lat="46.68471019761637" lon="9.450380195397884"><ele>951.1999816894531</ele></trkpt><trkpt lat="46.68465019762516" lon="9.450430195312947"><ele>950.7999877929688</ele></trkpt><trkpt lat="46.68463019747287" lon="9.450470195617527"><ele>950.6999816894531</ele></trkpt><trkpt lat="46.68459019763395" lon="9.45052019553259"><ele>950.5399780273438</ele></trkpt><trkpt lat="46.68457019748166" lon="9.450530195608735"><ele>950.5</ele></trkpt><trkpt lat="46.68455019779503" lon="9.450580195523798"><ele>950.5099792480469</ele></trkpt><trkpt lat="46.68454019771889" lon="9.450610195286572"><ele>950.5</ele></trkpt><trkpt lat="46.684530197642744" lon="9.450700195506215"><ele>951.1499938964844</ele></trkpt><trkpt lat="46.684510197956115" lon="9.450860195793211"><ele>952.7999877929688</ele></trkpt><trkpt lat="46.68450019787997" lon="9.450910196173936"><ele>953.0</ele></trkpt><trkpt lat="46.684490198269486" lon="9.45094019593671"><ele>953.0999755859375</ele></trkpt><trkpt lat="46.6844701981172" lon="9.450970196165144"><ele>952.9099731445312</ele></trkpt><trkpt lat="46.68444019788876" lon="9.451010196004063"><ele>952.7999877929688</ele></trkpt><trkpt lat="46.6843901979737" lon="9.451080196071416"><ele>953.0</ele></trkpt><trkpt lat="46.684240197297186" lon="9.451180195435882"><ele>950.2999877929688</ele></trkpt><trkpt lat="46.68420019745827" lon="9.451210195198655"><ele>949.1899719238281</ele></trkpt><trkpt lat="46.6841401970014" lon="9.451280195266008"><ele>948.2999877929688</ele></trkpt><trkpt lat="46.68412019731477" lon="9.451300194952637"><ele>948.1399841308594</ele></trkpt><trkpt lat="46.68412019684911" lon="9.451320195104927"><ele>948.0999755859375</ele></trkpt><trkpt lat="46.68410019716248" lon="9.45137019501999"><ele>947.7999877929688</ele></trkpt><trkpt lat="46.684090197086334" lon="9.451400194782764"><ele>947.72998046875</ele></trkpt><trkpt lat="46.684070196934044" lon="9.451530194841325"><ele>947.7599792480469</ele></trkpt><trkpt lat="46.684050196781754" lon="9.451690195128322"><ele>947.6999816894531</ele></trkpt><trkpt lat="46.684050197247416" lon="9.45173019496724"><ele>947.8799743652344</ele></trkpt><trkpt lat="46.684050197247416" lon="9.451760195195675"><ele>948.0999755859375</ele></trkpt><trkpt lat="46.68402019701898" lon="9.451870195101947"><ele>948.2999877929688</ele></trkpt><trkpt lat="46.684010196942836" lon="9.45192019501701"><ele>948.47998046875</ele></trkpt><trkpt lat="46.683940197341144" lon="9.45215019537136"><ele>949.3999938964844</ele></trkpt><trkpt lat="46.683920197188854" lon="9.452210195362568"><ele>949.6899719238281</ele></trkpt><trkpt lat="46.68391019757837" lon="9.452260195277631"><ele>950.0</ele></trkpt><trkpt lat="46.683900197502226" lon="9.452290195506066"><ele>950.219970703125</ele></trkpt><trkpt lat="46.683880197349936" lon="9.452310195658356"><ele>950.5399780273438</ele></trkpt><trkpt lat="46.68387019773945" lon="9.45234019542113"><ele>950.8999938964844</ele></trkpt><trkpt lat="46.683810197748244" lon="9.452420195564628"><ele>951.8999938964844</ele></trkpt><trkpt lat="46.68372019799426" lon="9.452500196173787"><ele>953.5</ele></trkpt><trkpt lat="46.68369019823149" lon="9.45253019593656"><ele>953.5999755859375</ele></trkpt><trkpt lat="46.68369019823149" lon="9.452540196012706"><ele>953.6799926757812</ele></trkpt><trkpt lat="46.68369019823149" lon="9.452600196469575"><ele>954.239990234375</ele></trkpt><trkpt lat="46.683700198773295" lon="9.452750196680427"><ele>956.0999755859375</ele></trkpt><trkpt lat="46.683700198773295" lon="9.452760196756572"><ele>956.3799743652344</ele></trkpt><trkpt lat="46.683700198773295" lon="9.452780196908861"><ele>956.6599731445312</ele></trkpt><trkpt lat="46.683700198773295" lon="9.452780196908861"><ele>956.6999816894531</ele></trkpt><trkpt lat="46.68369019869715" lon="9.452800197061151"><ele>957.1999816894531</ele></trkpt><trkpt lat="46.68362019956112" lon="9.452870197128505"><ele>959.6099853515625</ele></trkpt><trkpt lat="46.68351020012051" lon="9.452950198203325"><ele>963.0999755859375</ele></trkpt><trkpt lat="46.68339020060375" lon="9.453040198422968"><ele>965.5999755859375</ele></trkpt><trkpt lat="46.68332020100206" lon="9.453120199032128"><ele>967.5999755859375</ele></trkpt><trkpt lat="46.68328020116314" lon="9.453150199260563"><ele>968.5999755859375</ele></trkpt><trkpt lat="46.683110201731324" lon="9.453240199945867"><ele>972.0999755859375</ele></trkpt><trkpt lat="46.683070201892406" lon="9.45327019970864"><ele>972.6699829101562</ele></trkpt><trkpt lat="46.682980202138424" lon="9.45333020016551"><ele>974.1099853515625</ele></trkpt><trkpt lat="46.68295020237565" lon="9.4533502003178"><ele>974.7999877929688</ele></trkpt><trkpt lat="46.68291020253673" lon="9.45339020062238"><ele>975.5999755859375</ele></trkpt><trkpt lat="46.68290020246059" lon="9.453410200309008"><ele>975.989990234375</ele></trkpt><trkpt lat="46.68288020277396" lon="9.453440200537443"><ele>976.5999755859375</ele></trkpt><trkpt lat="46.68287020269781" lon="9.453490200918168"><ele>977.2999877929688</ele></trkpt><trkpt lat="46.68286020308733" lon="9.453540200833231"><ele>977.3999938964844</ele></trkpt><trkpt lat="46.682790202554315" lon="9.453740200493485"><ele>976.5699768066406</ele></trkpt><trkpt lat="46.682790202554315" lon="9.45375020056963"><ele>976.5</ele></trkpt><trkpt lat="46.68278020247817" lon="9.453780200798064"><ele>976.1399841308594</ele></trkpt><trkpt lat="46.682770202402025" lon="9.45388020016253"><ele>974.7999877929688</ele></trkpt><trkpt lat="46.68276020232588" lon="9.45392020046711"><ele>974.5</ele></trkpt><trkpt lat="46.682750202249736" lon="9.454020200297236"><ele>973.5999755859375</ele></trkpt><trkpt lat="46.68274020217359" lon="9.4540702002123"><ele>973.219970703125</ele></trkpt><trkpt lat="46.682730202097446" lon="9.454130199737847"><ele>972.7999877929688</ele></trkpt><trkpt lat="46.68270020186901" lon="9.454140199813992"><ele>972.72998046875</ele></trkpt><trkpt lat="46.68267020210624" lon="9.454130199737847"><ele>972.6999816894531</ele></trkpt><trkpt lat="46.68266020203009" lon="9.454120200127363"><ele>972.8099975585938</ele></trkpt><trkpt lat="46.68265020195395" lon="9.454110200051218"><ele>972.8999938964844</ele></trkpt><trkpt lat="46.68265020195395" lon="9.454090199898928"><ele>973.3899841308594</ele></trkpt><trkpt lat="46.68265020195395" lon="9.4540702002123"><ele>973.8999938964844</ele></trkpt><trkpt lat="46.682640202343464" lon="9.454010200221092"><ele>974.2999877929688</ele></trkpt><trkpt lat="46.682620202656835" lon="9.453900200780481"><ele>976.0999755859375</ele></trkpt><trkpt lat="46.682600202504545" lon="9.453850200399756"><ele>976.2999877929688</ele></trkpt><trkpt lat="46.68259020289406" lon="9.453810200560838"><ele>976.3999938964844</ele></trkpt><trkpt lat="46.68257020274177" lon="9.45379020087421"><ele>976.5999755859375</ele></trkpt><trkpt lat="46.68253020290285" lon="9.45379020087421"><ele>976.7999877929688</ele></trkpt><trkpt lat="46.682510202750564" lon="9.4538102010265"><ele>977.2999877929688</ele></trkpt><trkpt lat="46.68244020268321" lon="9.453850200865418"><ele>977.1199951171875</ele></trkpt><trkpt lat="46.68239020276815" lon="9.453890200704336"><ele>976.5199890136719</ele></trkpt><trkpt lat="46.68235020246357" lon="9.45392020046711"><ele>975.6999816894531</ele></trkpt><trkpt lat="46.682300202548504" lon="9.453980200458318"><ele>974.75</ele></trkpt><trkpt lat="46.68229020247236" lon="9.453980200458318"><ele>974.739990234375</ele></trkpt><trkpt lat="46.68225020216778" lon="9.454010200221092"><ele>974.8799743652344</ele></trkpt><trkpt lat="46.682240202557296" lon="9.454020200297236"><ele>974.8999938964844</ele></trkpt><trkpt lat="46.682240202557296" lon="9.454020200297236"><ele>974.9399719238281</ele></trkpt><trkpt lat="46.68217020248994" lon="9.454030200373381"><ele>975.0</ele></trkpt><trkpt lat="46.68212020210922" lon="9.454060200136155"><ele>974.3599853515625</ele></trkpt><trkpt lat="46.68210020242259" lon="9.454080200288445"><ele>974.0</ele></trkpt><trkpt lat="46.6819202019833" lon="9.454140200279653"><ele>973.7999877929688</ele></trkpt><trkpt lat="46.68187020206824" lon="9.454150200355798"><ele>974.1499938964844</ele></trkpt><trkpt lat="46.681750202551484" lon="9.454180200584233"><ele>975.1799926757812</ele></trkpt><trkpt lat="46.68172020232305" lon="9.454180200584233"><ele>975.0999755859375</ele></trkpt><trkpt lat="46.68170020263642" lon="9.454170200508088"><ele>975.3299865722656</ele></trkpt><trkpt lat="46.68168020248413" lon="9.454160200431943"><ele>975.4199829101562</ele></trkpt><trkpt lat="46.681650202255696" lon="9.454150200355798"><ele>975.5</ele></trkpt><trkpt lat="46.68163020256907" lon="9.454150200355798"><ele>975.5</ele></trkpt><trkpt lat="46.68159020226449" lon="9.454160200431943"><ele>975.3999938964844</ele></trkpt><trkpt lat="46.68157020257786" lon="9.454180200584233"><ele>975.1999816894531</ele></trkpt><trkpt lat="46.68153020227328" lon="9.454200200270861"><ele>974.5999755859375</ele></trkpt><trkpt lat="46.68151020212099" lon="9.454210200347006"><ele>974.6299743652344</ele></trkpt><trkpt lat="46.681500202510506" lon="9.454210200347006"><ele>974.6199951171875</ele></trkpt><trkpt lat="46.68149020243436" lon="9.454210200347006"><ele>974.6499938964844</ele></trkpt><trkpt lat="46.68147020228207" lon="9.454210200347006"><ele>974.6999816894531</ele></trkpt><trkpt lat="46.68145020212978" lon="9.454220200423151"><ele>974.6899719238281</ele></trkpt><trkpt lat="46.68139020213857" lon="9.454230200499296"><ele>974.5999755859375</ele></trkpt><trkpt lat="46.681350202299654" lon="9.45426020026207"><ele>974.489990234375</ele></trkpt><trkpt lat="46.68130020238459" lon="9.45428020041436"><ele>974.2999877929688</ele></trkpt><trkpt lat="46.6812002020888" lon="9.454320200253278"><ele>973.7999877929688</ele></trkpt><trkpt lat="46.681080202106386" lon="9.454360200092196"><ele>972.7899780273438</ele></trkpt><trkpt lat="46.68107020203024" lon="9.45437019970268"><ele>972.6999816894531</ele></trkpt><trkpt lat="46.68102020164952" lon="9.45435019955039"><ele>971.7999877929688</ele></trkpt><trkpt lat="46.6809802018106" lon="9.454320199787617"><ele>972.1999816894531</ele></trkpt><trkpt lat="46.68092020181939" lon="9.454310199711472"><ele>972.3999938964844</ele></trkpt><trkpt lat="46.68088020198047" lon="9.454280199948698"><ele>972.6299743652344</ele></trkpt><trkpt lat="46.68084020214155" lon="9.454270199872553"><ele>972.8999938964844</ele></trkpt><trkpt lat="46.68080020183697" lon="9.454260199796408"><ele>972.2999877929688</ele></trkpt><trkpt lat="46.680780201684684" lon="9.454280199483037"><ele>971.6399841308594</ele></trkpt><trkpt lat="46.68075020145625" lon="9.454290199559182"><ele>970.8999938964844</ele></trkpt><trkpt lat="46.680720201227814" lon="9.454300199169666"><ele>970.0</ele></trkpt><trkpt lat="46.680680201388896" lon="9.45429019909352"><ele>969.6299743652344</ele></trkpt><trkpt lat="46.68064020154998" lon="9.454260199330747"><ele>969.7999877929688</ele></trkpt><trkpt lat="46.68059020116925" lon="9.454240199178457"><ele>969.6999816894531</ele></trkpt><trkpt lat="46.68058020109311" lon="9.454240199178457"><ele>969.219970703125</ele></trkpt><trkpt lat="46.68054020125419" lon="9.454240199178457"><ele>968.72998046875</ele></trkpt><trkpt lat="46.680510201025754" lon="9.454230199102312"><ele>968.5</ele></trkpt><trkpt lat="46.680450201034546" lon="9.454190199263394"><ele>969.0999755859375</ele></trkpt><trkpt lat="46.68042020127177" lon="9.454170199111104"><ele>968.7599792480469</ele></trkpt><trkpt lat="46.68041020119563" lon="9.454170199111104"><ele>968.6999816894531</ele></trkpt><trkpt lat="46.68037020089105" lon="9.454170199111104"><ele>967.7999877929688</ele></trkpt><trkpt lat="46.680320200975984" lon="9.454170198645443"><ele>967.3999938964844</ele></trkpt><trkpt lat="46.680280200671405" lon="9.454180198721588"><ele>967.0</ele></trkpt><trkpt lat="46.680240200832486" lon="9.454200198873878"><ele>966.3999938964844</ele></trkpt><trkpt lat="46.68017020029947" lon="9.454240198712796"><ele>965.6499938964844</ele></trkpt><trkpt lat="46.68010020069778" lon="9.454260198865086"><ele>966.5</ele></trkpt><trkpt lat="46.680070200469345" lon="9.45429019862786"><ele>966.2999877929688</ele></trkpt><trkpt lat="46.680050200317055" lon="9.454320198390633"><ele>965.8599853515625</ele></trkpt><trkpt lat="46.67999020032585" lon="9.454390198457986"><ele>964.5999755859375</ele></trkpt><trkpt lat="46.67992020025849" lon="9.454480198211968"><ele>963.8999938964844</ele></trkpt><trkpt lat="46.67985019972548" lon="9.454610197804868"><ele>962.3999938964844</ele></trkpt><trkpt lat="46.679820199962705" lon="9.454630197957158"><ele>962.1299743652344</ele></trkpt><trkpt lat="46.679800199810416" lon="9.454660197719932"><ele>961.7999877929688</ele></trkpt><trkpt lat="46.679780199658126" lon="9.454660197719932"><ele>961.5199890136719</ele></trkpt><trkpt lat="46.679760199505836" lon="9.454670197796077"><ele>961.0999755859375</ele></trkpt><trkpt lat="46.67969019943848" lon="9.45468019740656"><ele>960.0</ele></trkpt><trkpt lat="46.67954019876197" lon="9.45466019725427"><ele>958.0</ele></trkpt><trkpt lat="46.67948019877076" lon="9.454660196788609"><ele>957.7999877929688</ele></trkpt><trkpt lat="46.67941019870341" lon="9.45462019694969"><ele>956.7999877929688</ele></trkpt><trkpt lat="46.67940019862726" lon="9.45462019694969"><ele>956.5799865722656</ele></trkpt><trkpt lat="46.67939019855112" lon="9.45462019648403"><ele>956.1999816894531</ele></trkpt><trkpt lat="46.67937019839883" lon="9.454630196560174"><ele>955.6899719238281</ele></trkpt><trkpt lat="46.679360198322684" lon="9.454630196560174"><ele>955.5999755859375</ele></trkpt><trkpt lat="46.67933019809425" lon="9.454710196238011"><ele>954.5</ele></trkpt><trkpt lat="46.679300197865814" lon="9.454800195991993"><ele>953.3999938964844</ele></trkpt><trkpt lat="46.679280197713524" lon="9.454930195584893"><ele>951.1999816894531</ele></trkpt><trkpt lat="46.67927019763738" lon="9.454960195813328"><ele>950.719970703125</ele></trkpt><trkpt lat="46.679260197561234" lon="9.455000195652246"><ele>950.0999755859375</ele></trkpt><trkpt lat="46.67922019679099" lon="9.455130195245147"><ele>947.72998046875</ele></trkpt><trkpt lat="46.67922019679099" lon="9.45516019500792"><ele>947.0999755859375</ele></trkpt><trkpt lat="46.6792001966387" lon="9.455210194922984"><ele>946.0999755859375</ele></trkpt><trkpt lat="46.67917019641027" lon="9.455250194761902"><ele>945.6999816894531</ele></trkpt><trkpt lat="46.679080196190625" lon="9.455320194363594"><ele>943.1999816894531</ele></trkpt><trkpt lat="46.67905019596219" lon="9.455350194126368"><ele>942.5899963378906</ele></trkpt><trkpt lat="46.679020195733756" lon="9.455360193736851"><ele>941.6999816894531</ele></trkpt><trkpt lat="46.67899019550532" lon="9.455370193347335"><ele>940.0999755859375</ele></trkpt><trkpt lat="46.67892019497231" lon="9.455380192957819"><ele>937.7999877929688</ele></trkpt><trkpt lat="46.67888019466773" lon="9.455400192644447"><ele>936.5899963378906</ele></trkpt><trkpt lat="46.678770194295794" lon="9.455440192483366"><ele>935.0</ele></trkpt><trkpt lat="46.678670193534344" lon="9.455510191619396"><ele>931.469970703125</ele></trkpt><trkpt lat="46.6786601934582" lon="9.455520191695541"><ele>931.3999938964844</ele></trkpt><trkpt lat="46.67862019315362" lon="9.455570191610605"><ele>930.0699768066406</ele></trkpt><trkpt lat="46.678610193543136" lon="9.45558019168675"><ele>930.0</ele></trkpt><trkpt lat="46.678570193238556" lon="9.455620191525668"><ele>929.5199890136719</ele></trkpt><trkpt lat="46.67849019309506" lon="9.45569019112736"><ele>927.5999755859375</ele></trkpt><trkpt lat="46.67847019294277" lon="9.455730190966278"><ele>927.0199890136719</ele></trkpt><trkpt lat="46.67845019279048" lon="9.455760190729052"><ele>926.6999816894531</ele></trkpt><trkpt lat="46.67843019263819" lon="9.455800191033632"><ele>926.1699829101562</ele></trkpt><trkpt lat="46.67843019263819" lon="9.455810190644115"><ele>926.1999816894531</ele></trkpt><trkpt lat="46.67844019271433" lon="9.45586019102484"><ele>926.6699829101562</ele></trkpt><trkpt lat="46.67844019271433" lon="9.455880190711468"><ele>926.7999877929688</ele></trkpt><trkpt lat="46.67844019271433" lon="9.455940191168338"><ele>927.8999938964844</ele></trkpt><trkpt lat="46.67843019310385" lon="9.455960191320628"><ele>927.6499938964844</ele></trkpt><trkpt lat="46.678420193027705" lon="9.455980191007257"><ele>927.3999938964844</ele></trkpt><trkpt lat="46.678420193027705" lon="9.455990191083401"><ele>927.3899841308594</ele></trkpt><trkpt lat="46.67843019263819" lon="9.455990191083401"><ele>927.3999938964844</ele></trkpt><trkpt lat="46.67844019271433" lon="9.456020190846175"><ele>927.2999877929688</ele></trkpt><trkpt lat="46.678460193332285" lon="9.456060191616416"><ele>929.6999816894531</ele></trkpt><trkpt lat="46.67847019340843" lon="9.45609019184485"><ele>930.7999877929688</ele></trkpt><trkpt lat="46.67847019340843" lon="9.45609019184485"><ele>930.6299743652344</ele></trkpt><trkpt lat="46.6784501937218" lon="9.45609019184485"><ele>930.6899719238281</ele></trkpt><trkpt lat="46.678440193645656" lon="9.456100191920996"><ele>930.6999816894531</ele></trkpt><trkpt lat="46.67843019356951" lon="9.45609019137919"><ele>930.0</ele></trkpt><trkpt lat="46.678340191952884" lon="9.456040190532804"><ele>923.7999877929688</ele></trkpt><trkpt lat="46.6783301923424" lon="9.456040190532804"><ele>923.7999877929688</ele></trkpt><trkpt lat="46.678300192113966" lon="9.456040190067142"><ele>923.0099792480469</ele></trkpt><trkpt lat="46.67823019158095" lon="9.456040190067142"><ele>921.8799743652344</ele></trkpt><trkpt lat="46.67821019142866" lon="9.456040190067142"><ele>921.2999877929688</ele></trkpt><trkpt lat="46.67819019127637" lon="9.456020189914852"><ele>920.7099914550781</ele></trkpt><trkpt lat="46.67818019166589" lon="9.456010189838707"><ele>920.3999938964844</ele></trkpt><trkpt lat="46.67818019166589" lon="9.456010189838707"><ele>920.4499816894531</ele></trkpt><trkpt lat="46.67817019112408" lon="9.456010189373046"><ele>919.7999877929688</ele></trkpt><trkpt lat="46.67813019128516" lon="9.456020189449191"><ele>918.9299926757812</ele></trkpt><trkpt lat="46.67810019105673" lon="9.456030189525336"><ele>918.3999938964844</ele></trkpt><trkpt lat="46.67808019090444" lon="9.456030189059675"><ele>917.7999877929688</ele></trkpt><trkpt lat="46.67804019106552" lon="9.456000189296901"><ele>917.5</ele></trkpt><trkpt lat="46.67802019091323" lon="9.455980189144611"><ele>917.0</ele></trkpt><trkpt lat="46.67798019060865" lon="9.455950188916177"><ele>916.6999816894531</ele></trkpt><trkpt lat="46.67794019076973" lon="9.455910189077258"><ele>916.7999877929688</ele></trkpt><trkpt lat="46.67793019069359" lon="9.455910189077258"><ele>916.6099853515625</ele></trkpt><trkpt lat="46.67789019038901" lon="9.455910188611597"><ele>915.2699890136719</ele></trkpt><trkpt lat="46.67789019038901" lon="9.455910188611597"><ele>915.0999755859375</ele></trkpt><trkpt lat="46.67783018993214" lon="9.45596018852666"><ele>914.0</ele></trkpt><trkpt lat="46.677820190321654" lon="9.45596018852666"><ele>913.739990234375</ele></trkpt><trkpt lat="46.67777018994093" lon="9.455980188213289"><ele>912.7999877929688</ele></trkpt><trkpt lat="46.67765018949285" lon="9.455990187823772"><ele>911.0</ele></trkpt><trkpt lat="46.67760018957779" lon="9.455990187823772"><ele>910.1499938964844</ele></trkpt><trkpt lat="46.6775801894255" lon="9.455990187823772"><ele>910.0</ele></trkpt><trkpt lat="46.67755018919706" lon="9.456010187510401"><ele>908.6999816894531</ele></trkpt><trkpt lat="46.67754018912092" lon="9.45603018719703"><ele>908.1999816894531</ele></trkpt><trkpt lat="46.67752018896863" lon="9.456020187120885"><ele>907.3999938964844</ele></trkpt><trkpt lat="46.67750018881634" lon="9.456020187120885"><ele>908.2699890136719</ele></trkpt><trkpt lat="46.67743018921465" lon="9.456000187434256"><ele>908.7999877929688</ele></trkpt><trkpt lat="46.67743018921465" lon="9.455990187358111"><ele>908.5699768066406</ele></trkpt><trkpt lat="46.67740018898621" lon="9.455990187358111"><ele>907.5</ele></trkpt><trkpt lat="46.677300188690424" lon="9.456030186731368"><ele>906.4599914550781</ele></trkpt><trkpt lat="46.67723018862307" lon="9.456050186883658"><ele>905.3999938964844</ele></trkpt><trkpt lat="46.677200188394636" lon="9.456050186417997"><ele>904.719970703125</ele></trkpt><trkpt lat="46.677180188242346" lon="9.456050186417997"><ele>904.3999938964844</ele></trkpt><trkpt lat="46.6771701881662" lon="9.456040186341852"><ele>904.3999938964844</ele></trkpt><trkpt lat="46.677160188090056" lon="9.456030186731368"><ele>904.22998046875</ele></trkpt><trkpt lat="46.67715018801391" lon="9.456010186579078"><ele>903.8999938964844</ele></trkpt><trkpt lat="46.67713018786162" lon="9.456010186579078"><ele>903.3999938964844</ele></trkpt><trkpt lat="46.67711018817499" lon="9.456020186189562"><ele>903.2999877929688</ele></trkpt><trkpt lat="46.6770901880227" lon="9.456090186256915"><ele>902.5999755859375</ele></trkpt><trkpt lat="46.67708018794656" lon="9.45610018633306"><ele>902.5199890136719</ele></trkpt><trkpt lat="46.67706018779427" lon="9.456120186019689"><ele>902.1499938964844</ele></trkpt><trkpt lat="46.67705018771812" lon="9.456120186019689"><ele>902.0</ele></trkpt><trkpt lat="46.67704018764198" lon="9.456120186019689"><ele>902.0</ele></trkpt><trkpt lat="46.67703018756583" lon="9.456110185943544"><ele>901.6999816894531</ele></trkpt><trkpt lat="46.67703018756583" lon="9.456110185943544"><ele>901.6899719238281</ele></trkpt><trkpt lat="46.67702018795535" lon="9.456070186104625"><ele>901.8999938964844</ele></trkpt><trkpt lat="46.67700018780306" lon="9.456010186113417"><ele>901.7999877929688</ele></trkpt><trkpt lat="46.67700018780306" lon="9.456000186037272"><ele>901.8199768066406</ele></trkpt><trkpt lat="46.67700018780306" lon="9.456000186037272"><ele>901.7699890136719</ele></trkpt><trkpt lat="46.67700018780306" lon="9.455990185961127"><ele>901.719970703125</ele></trkpt><trkpt lat="46.676970187574625" lon="9.455970185808837"><ele>901.3599853515625</ele></trkpt><trkpt lat="46.676950187422335" lon="9.455960185732692"><ele>901.2599792480469</ele></trkpt><trkpt lat="46.67693018773571" lon="9.455950186122209"><ele>901.3999938964844</ele></trkpt><trkpt lat="46.67693018773571" lon="9.455890186131"><ele>901.4199829101562</ele></trkpt><trkpt lat="46.67688018782064" lon="9.455790186300874"><ele>902.1999816894531</ele></trkpt><trkpt lat="46.6768701877445" lon="9.455770186148584"><ele>902.2999877929688</ele></trkpt><trkpt lat="46.676840188447386" lon="9.455700186546892"><ele>905.2999877929688</ele></trkpt><trkpt lat="46.67681018821895" lon="9.455670186784118"><ele>905.2999877929688</ele></trkpt><trkpt lat="46.676800188142806" lon="9.455670186784118"><ele>904.7599792480469</ele></trkpt><trkpt lat="46.67679018806666" lon="9.455660186242312"><ele>903.6999816894531</ele></trkpt><trkpt lat="46.67674018768594" lon="9.455600186251104"><ele>902.0999755859375</ele></trkpt><trkpt lat="46.67672018799931" lon="9.455560185946524"><ele>902.0999755859375</ele></trkpt><trkpt lat="46.67671018792316" lon="9.455540186259896"><ele>902.0699768066406</ele></trkpt><trkpt lat="46.67670018784702" lon="9.455500185955316"><ele>901.9099731445312</ele></trkpt><trkpt lat="46.67670018784702" lon="9.455470186192542"><ele>901.7999877929688</ele></trkpt><trkpt lat="46.67670018784702" lon="9.455430185887963"><ele>901.5</ele></trkpt><trkpt lat="46.67672018753365" lon="9.4553801859729"><ele>901.5599975585938</ele></trkpt><trkpt lat="46.67672018753365" lon="9.455370185896754"><ele>901.5</ele></trkpt><trkpt lat="46.6767101874575" lon="9.455330185592175"><ele>900.1999816894531</ele></trkpt><trkpt lat="46.67669018730521" lon="9.455270185600966"><ele>899.8999938964844</ele></trkpt><trkpt lat="46.67669018730521" lon="9.455270185600966"><ele>899.969970703125</ele></trkpt><trkpt lat="46.67667018761858" lon="9.455220185685903"><ele>900.5999755859375</ele></trkpt><trkpt lat="46.676650187466294" lon="9.45517018577084"><ele>901.1099853515625</ele></trkpt><trkpt lat="46.67662018770352" lon="9.455100186169147"><ele>901.6999816894531</ele></trkpt><trkpt lat="46.67657018825412" lon="9.45500018633902"><ele>904.0699768066406</ele></trkpt><trkpt lat="46.67657018825412" lon="9.454990186262876"><ele>904.1699829101562</ele></trkpt><trkpt lat="46.67655018810183" lon="9.454920186661184"><ele>904.0599975585938</ele></trkpt><trkpt lat="46.67655018810183" lon="9.454920186661184"><ele>903.9499816894531</ele></trkpt><trkpt lat="46.67654018802568" lon="9.45485018659383"><ele>904.2999877929688</ele></trkpt><trkpt lat="46.67654018802568" lon="9.45481018628925"><ele>904.2599792480469</ele></trkpt><trkpt lat="46.67655018810183" lon="9.454720186535269"><ele>904.2999877929688</ele></trkpt><trkpt lat="46.676540188491344" lon="9.454650186933577"><ele>905.5499877929688</ele></trkpt><trkpt lat="46.67653018888086" lon="9.454630186781287"><ele>906.5999755859375</ele></trkpt><trkpt lat="46.67651018919423" lon="9.45459018740803"><ele>908.1999816894531</ele></trkpt><trkpt lat="46.67646018974483" lon="9.454560188110918"><ele>913.0299987792969</ele></trkpt><trkpt lat="46.67644019052386" lon="9.454550188966095"><ele>916.0999755859375</ele></trkpt><trkpt lat="46.67641019076109" lon="9.45452018873766"><ele>916.2099914550781</ele></trkpt><trkpt lat="46.676380190532655" lon="9.454480188433081"><ele>915.2799987792969</ele></trkpt><trkpt lat="46.6763601899147" lon="9.454450188204646"><ele>913.2999877929688</ele></trkpt><trkpt lat="46.67633018922061" lon="9.454410187434405"><ele>908.2999877929688</ele></trkpt><trkpt lat="46.676330188754946" lon="9.454410187434405"><ele>907.9399719238281</ele></trkpt><trkpt lat="46.67630018852651" lon="9.454380186740309"><ele>905.6999816894531</ele></trkpt><trkpt lat="46.676270188298076" lon="9.454380186740309"><ele>905.0399780273438</ele></trkpt><trkpt lat="46.67624018806964" lon="9.454380186740309"><ele>904.3899841308594</ele></trkpt><trkpt lat="46.67621018830687" lon="9.454380186274648"><ele>904.1999816894531</ele></trkpt><trkpt lat="46.67615018831566" lon="9.454400186892599"><ele>905.1999816894531</ele></trkpt><trkpt lat="46.67611018847674" lon="9.454430187121034"><ele>906.5399780273438</ele></trkpt><trkpt lat="46.67607018863782" lon="9.454440187197179"><ele>907.5</ele></trkpt><trkpt lat="46.67602018872276" lon="9.454440187197179"><ele>907.2999877929688</ele></trkpt><trkpt lat="46.67602018872276" lon="9.454430187121034"><ele>907.6199951171875</ele></trkpt><trkpt lat="46.675990188959986" lon="9.454410187434405"><ele>908.3999938964844</ele></trkpt><trkpt lat="46.675970188807696" lon="9.45440018735826"><ele>908.5099792480469</ele></trkpt><trkpt lat="46.67596018919721" lon="9.45440018735826"><ele>908.5999755859375</ele></trkpt><trkpt lat="46.67590018874034" lon="9.454330187290907"><ele>908.0999755859375</ele></trkpt><trkpt lat="46.67587018851191" lon="9.454280186910182"><ele>907.0599975585938</ele></trkpt><trkpt lat="46.67583018820733" lon="9.454200186301023"><ele>903.5999755859375</ele></trkpt><trkpt lat="46.67579018790275" lon="9.454140186309814"><ele>902.5</ele></trkpt><trkpt lat="46.67577018775046" lon="9.454120186157525"><ele>902.0999755859375</ele></trkpt><trkpt lat="46.67573018791154" lon="9.454100186005235"><ele>902.0999755859375</ele></trkpt><trkpt lat="46.67571018775925" lon="9.45409018592909"><ele>902.3999938964844</ele></trkpt><trkpt lat="46.67568018799648" lon="9.454090186394751"><ele>903.739990234375</ele></trkpt><trkpt lat="46.6756501882337" lon="9.454100186470896"><ele>905.0999755859375</ele></trkpt><trkpt lat="46.67560018924996" lon="9.454100187402219"><ele>909.0399780273438</ele></trkpt><trkpt lat="46.675470190122724" lon="9.454090188723058"><ele>914.6999816894531</ele></trkpt><trkpt lat="46.67534019052982" lon="9.454080189112574"><ele>916.8199768066406</ele></trkpt><trkpt lat="46.675320190843195" lon="9.454070189036429"><ele>917.2999877929688</ele></trkpt><trkpt lat="46.67526019131765" lon="9.454060189425945"><ele>918.8999938964844</ele></trkpt><trkpt lat="46.67522019147873" lon="9.454040189739317"><ele>920.239990234375</ele></trkpt><trkpt lat="46.675190191250294" lon="9.454010189510882"><ele>919.9199829101562</ele></trkpt><trkpt lat="46.67518019117415" lon="9.454000189434737"><ele>919.5999755859375</ele></trkpt><trkpt lat="46.67518019070849" lon="9.453850189223886"><ele>917.8999938964844</ele></trkpt><trkpt lat="46.675170191098005" lon="9.453760189004242"><ele>918.25</ele></trkpt><trkpt lat="46.675170191098005" lon="9.453740189317614"><ele>918.4499816894531</ele></trkpt><trkpt lat="46.67516019102186" lon="9.453710189089179"><ele>918.7999877929688</ele></trkpt><trkpt lat="46.675130191259086" lon="9.453670189715922"><ele>920.7999877929688</ele></trkpt><trkpt lat="46.675130191259086" lon="9.453670189715922"><ele>920.8999938964844</ele></trkpt><trkpt lat="46.67511019157246" lon="9.45360019011423"><ele>921.7999877929688</ele></trkpt><trkpt lat="46.675100191961974" lon="9.453540190123022"><ele>922.3999938964844</ele></trkpt><trkpt lat="46.675100192427635" lon="9.453330190386623"><ele>924.5</ele></trkpt><trkpt lat="46.6751001928933" lon="9.453200191259384"><ele>927.7999877929688</ele></trkpt><trkpt lat="46.675120193045586" lon="9.453160190954804"><ele>927.8199768066406</ele></trkpt><trkpt lat="46.675140192732215" lon="9.453140191268176"><ele>928.0999755859375</ele></trkpt><trkpt lat="46.675140192732215" lon="9.453130191192031"><ele>928.0999755859375</ele></trkpt><trkpt lat="46.675140193197876" lon="9.453090191353112"><ele>928.6999816894531</ele></trkpt><trkpt lat="46.675120193045586" lon="9.453030191361904"><ele>928.5</ele></trkpt><trkpt lat="46.67511019296944" lon="9.45300019113347"><ele>928.97998046875</ele></trkpt><trkpt lat="46.67509019328281" lon="9.452970191370696"><ele>929.3999938964844</ele></trkpt><trkpt lat="46.675050193443894" lon="9.452940191607922"><ele>930.5999755859375</ele></trkpt><trkpt lat="46.675030193291605" lon="9.452930191531777"><ele>930.7799987792969</ele></trkpt><trkpt lat="46.67494019353762" lon="9.452900191769004"><ele>931.5999755859375</ele></trkpt><trkpt lat="46.67491019377485" lon="9.452880191616714"><ele>931.2999877929688</ele></trkpt><trkpt lat="46.674900193698704" lon="9.452870191540569"><ele>931.1999816894531</ele></trkpt><trkpt lat="46.674820193555206" lon="9.452840191777796"><ele>930.9099731445312</ele></trkpt><trkpt lat="46.674760193564" lon="9.45283019170165"><ele>930.6999816894531</ele></trkpt><trkpt lat="46.67464019311592" lon="9.45279019139707"><ele>930.1999816894531</ele></trkpt><trkpt lat="46.67462019342929" lon="9.45279019139707"><ele>930.0799865722656</ele></trkpt><trkpt lat="46.674610193353146" lon="9.45279019139707"><ele>930.0</ele></trkpt><trkpt lat="46.67458019312471" lon="9.452800191473216"><ele>929.969970703125</ele></trkpt><trkpt lat="46.67457019351423" lon="9.452800191473216"><ele>930.0</ele></trkpt><trkpt lat="46.674350193701684" lon="9.45285019185394"><ele>931.3699951171875</ele></trkpt><trkpt lat="46.674270193558186" lon="9.452840191777796"><ele>930.6999816894531</ele></trkpt><trkpt lat="46.674250193405896" lon="9.45285019138828"><ele>930.6799926757812</ele></trkpt><trkpt lat="46.67424019332975" lon="9.452860191464424"><ele>930.6999816894531</ele></trkpt><trkpt lat="46.674120193347335" lon="9.452880191616714"><ele>930.6799926757812</ele></trkpt><trkpt lat="46.67407019343227" lon="9.452880191616714"><ele>930.5999755859375</ele></trkpt><trkpt lat="46.67403019359335" lon="9.452890191692859"><ele>930.5699768066406</ele></trkpt><trkpt lat="46.67401019344106" lon="9.452900191769004"><ele>930.5999755859375</ele></trkpt><trkpt lat="46.67399019328877" lon="9.452900191769004"><ele>930.5399780273438</ele></trkpt><trkpt lat="46.673960193526" lon="9.452900191769004"><ele>930.5</ele></trkpt><trkpt lat="46.67394019337371" lon="9.452900191769004"><ele>930.5799865722656</ele></trkpt><trkpt lat="46.67392019322142" lon="9.452910191845149"><ele>930.6999816894531</ele></trkpt><trkpt lat="46.6738801933825" lon="9.452910191845149"><ele>930.8999938964844</ele></trkpt><trkpt lat="46.67383019346744" lon="9.452890191692859"><ele>931.0</ele></trkpt><trkpt lat="46.673800193704665" lon="9.452890191692859"><ele>931.8999938964844</ele></trkpt><trkpt lat="46.67373019410297" lon="9.452900192234665"><ele>933.1099853515625</ele></trkpt><trkpt lat="46.67368019418791" lon="9.45291019231081"><ele>933.6999816894531</ele></trkpt><trkpt lat="46.673670194111764" lon="9.452920192386955"><ele>933.6199951171875</ele></trkpt><trkpt lat="46.67366019403562" lon="9.452930191997439"><ele>933.5</ele></trkpt><trkpt lat="46.67364019388333" lon="9.452930191997439"><ele>932.8799743652344</ele></trkpt><trkpt lat="46.673630193807185" lon="9.452940192073584"><ele>932.5</ele></trkpt><trkpt lat="46.67360019357875" lon="9.453010191675276"><ele>932.1399841308594</ele></trkpt><trkpt lat="46.67358019389212" lon="9.453050191979855"><ele>932.3999938964844</ele></trkpt><trkpt lat="46.67355019366369" lon="9.453120192047209"><ele>932.0</ele></trkpt><trkpt lat="46.67352019343525" lon="9.453150191809982"><ele>931.1299743652344</ele></trkpt><trkpt lat="46.67334019206464" lon="9.453360190615058"><ele>924.5999755859375</ele></trkpt><trkpt lat="46.673300192225724" lon="9.453410190530121"><ele>924.1999816894531</ele></trkpt><trkpt lat="46.673240191768855" lon="9.453450189903378"><ele>922.7999877929688</ele></trkpt><trkpt lat="46.67306019086391" lon="9.453470189124346"><ele>916.8999938964844</ele></trkpt><trkpt lat="46.67305019078776" lon="9.453450188972056"><ele>916.5</ele></trkpt><trkpt lat="46.6730501903221" lon="9.453440188895911"><ele>915.5899963378906</ele></trkpt><trkpt lat="46.67307019000873" lon="9.453400188591331"><ele>914.3999938964844</ele></trkpt><trkpt lat="46.6731001897715" lon="9.453350188210607"><ele>912.6999816894531</ele></trkpt><trkpt lat="46.67313018953428" lon="9.453300187829882"><ele>911.1999816894531</ele></trkpt><trkpt lat="46.67314018961042" lon="9.453260187525302"><ele>910.5999755859375</ele></trkpt><trkpt lat="46.67314018914476" lon="9.453230187762529"><ele>910.0</ele></trkpt><trkpt lat="46.673130189068615" lon="9.453200187534094"><ele>909.7699890136719</ele></trkpt><trkpt lat="46.673130189068615" lon="9.453190187457949"><ele>909.7099914550781</ele></trkpt><trkpt lat="46.67312018899247" lon="9.453170187305659"><ele>909.0999755859375</ele></trkpt><trkpt lat="46.67312018899247" lon="9.453160187229514"><ele>909.1499938964844</ele></trkpt><trkpt lat="46.67310018930584" lon="9.45315018761903"><ele>909.2999877929688</ele></trkpt><trkpt lat="46.67308018915355" lon="9.453140187542886"><ele>909.2999877929688</ele></trkpt><trkpt lat="46.67308018915355" lon="9.45313018746674"><ele>909.6499938964844</ele></trkpt><trkpt lat="46.67308018915355" lon="9.45313018746674"><ele>910.1999816894531</ele></trkpt><trkpt lat="46.67307018954307" lon="9.453110187780112"><ele>910.5999755859375</ele></trkpt><trkpt lat="46.67307018954307" lon="9.453110187780112"><ele>910.5599975585938</ele></trkpt><trkpt lat="46.67307018954307" lon="9.453100187703967"><ele>910.5</ele></trkpt><trkpt lat="46.67307018954307" lon="9.453100187703967"><ele>910.489990234375</ele></trkpt><trkpt lat="46.67308018915355" lon="9.453090187627822"><ele>910.3199768066406</ele></trkpt><trkpt lat="46.67308018915355" lon="9.453090187627822"><ele>910.2799987792969</ele></trkpt><trkpt lat="46.6730901892297" lon="9.453090187627822"><ele>910.0</ele></trkpt><trkpt lat="46.67312018899247" lon="9.453080187551677"><ele>909.2999877929688</ele></trkpt><trkpt lat="46.67311018938199" lon="9.453070187475532"><ele>909.3799743652344</ele></trkpt><trkpt lat="46.67311018938199" lon="9.453050187323242"><ele>909.4099731445312</ele></trkpt><trkpt lat="46.67311018938199" lon="9.453040187247097"><ele>909.5</ele></trkpt><trkpt lat="46.67308018915355" lon="9.453010187484324"><ele>910.3999938964844</ele></trkpt><trkpt lat="46.67277018679306" lon="9.452990185469389"><ele>898.5199890136719</ele></trkpt><trkpt lat="46.67251018481329" lon="9.452970183454454"><ele>888.0999755859375</ele></trkpt><trkpt lat="46.67251018481329" lon="9.45288018323481"><ele>887.8999938964844</ele></trkpt><trkpt lat="46.672520184889436" lon="9.452830183319747"><ele>887.5</ele></trkpt><trkpt lat="46.672520184889436" lon="9.452810183167458"><ele>887.3599853515625</ele></trkpt><trkpt lat="46.672520184889436" lon="9.452780182939023"><ele>887.1299743652344</ele></trkpt><trkpt lat="46.672520184889436" lon="9.452780182939023"><ele>887.0999755859375</ele></trkpt><trkpt lat="46.672480184584856" lon="9.452720182947814"><ele>886.3999938964844</ele></trkpt><trkpt lat="46.672460184432566" lon="9.452690183185041"><ele>886.5599975585938</ele></trkpt><trkpt lat="46.672460184432566" lon="9.452670183032751"><ele>886.5399780273438</ele></trkpt><trkpt lat="46.672460184432566" lon="9.452670183032751"><ele>886.5999755859375</ele></trkpt><trkpt lat="46.672460184432566" lon="9.452630182728171"><ele>885.3999938964844</ele></trkpt><trkpt lat="46.67247018404305" lon="9.452610182575881"><ele>884.7699890136719</ele></trkpt><trkpt lat="46.67249018419534" lon="9.452580182347447"><ele>884.1999816894531</ele></trkpt><trkpt lat="46.672480184119195" lon="9.452540182508528"><ele>883.3999938964844</ele></trkpt><trkpt lat="46.672460183966905" lon="9.452510182280093"><ele>882.9299926757812</ele></trkpt><trkpt lat="46.672460183966905" lon="9.452500182203948"><ele>882.7999877929688</ele></trkpt><trkpt lat="46.67245018389076" lon="9.452470182441175"><ele>882.9099731445312</ele></trkpt><trkpt lat="46.67245018389076" lon="9.45246018236503"><ele>882.8999938964844</ele></trkpt><trkpt lat="46.67245018389076" lon="9.45242018206045"><ele>882.2799987792969</ele></trkpt><trkpt lat="46.672440183814615" lon="9.45240018190816"><ele>881.6999816894531</ele></trkpt><trkpt lat="46.67241018358618" lon="9.452370181679726"><ele>880.8999938964844</ele></trkpt><trkpt lat="46.672380183357745" lon="9.452320181764662"><ele>879.7999877929688</ele></trkpt><trkpt lat="46.672360182739794" lon="9.45215018093586"><ele>876.5999755859375</ele></trkpt><trkpt lat="46.67236018227413" lon="9.452120180707425"><ele>876.0</ele></trkpt><trkpt lat="46.67237018235028" lon="9.452040180563927"><ele>875.0999755859375</ele></trkpt><trkpt lat="46.67238018196076" lon="9.451940180268139"><ele>873.3999938964844</ele></trkpt><trkpt lat="46.6723801814951" lon="9.451830179896206"><ele>871.5</ele></trkpt><trkpt lat="46.672370181418955" lon="9.451810179743916"><ele>871.3099975585938</ele></trkpt><trkpt lat="46.67236018134281" lon="9.451780179981142"><ele>871.0</ele></trkpt><trkpt lat="46.67234018165618" lon="9.451770179904997"><ele>870.6999816894531</ele></trkpt><trkpt lat="46.67231018142775" lon="9.451750179752707"><ele>870.3199768066406</ele></trkpt><trkpt lat="46.6723001813516" lon="9.451750179752707"><ele>870.1999816894531</ele></trkpt><trkpt lat="46.67227018112317" lon="9.451770179439336"><ele>869.2099914550781</ele></trkpt><trkpt lat="46.67224018089473" lon="9.451790179591626"><ele>868.47998046875</ele></trkpt><trkpt lat="46.67220018059015" lon="9.451810179278255"><ele>867.3999938964844</ele></trkpt><trkpt lat="46.672160180751234" lon="9.451830178964883"><ele>866.4299926757812</ele></trkpt><trkpt lat="46.67207018006593" lon="9.45189017849043"><ele>864.1999816894531</ele></trkpt><trkpt lat="46.672060179989785" lon="9.45189017849043"><ele>863.7799987792969</ele></trkpt><trkpt lat="46.67201017960906" lon="9.451880178414285"><ele>862.5999755859375</ele></trkpt><trkpt lat="46.67198017984629" lon="9.451870177872479"><ele>861.7899780273438</ele></trkpt><trkpt lat="46.67193017946556" lon="9.451850177720189"><ele>860.5999755859375</ele></trkpt><trkpt lat="46.67191017931327" lon="9.451840177644044"><ele>859.8299865722656</ele></trkpt><trkpt lat="46.67182017862797" lon="9.45179017726332"><ele>857.2999877929688</ele></trkpt><trkpt lat="46.67181017855182" lon="9.451780177187175"><ele>856.8299865722656</ele></trkpt><trkpt lat="46.671730178408325" lon="9.451780176721513"><ele>855.3999938964844</ele></trkpt><trkpt lat="46.671710178256035" lon="9.451780176721513"><ele>855.0699768066406</ele></trkpt><trkpt lat="46.67165017826483" lon="9.451770176645368"><ele>853.7999877929688</ele></trkpt><trkpt lat="46.67161017796025" lon="9.451750176493078"><ele>852.6999816894531</ele></trkpt><trkpt lat="46.67156017757952" lon="9.451730175875127"><ele>850.9399719238281</ele></trkpt><trkpt lat="46.6715101771988" lon="9.451700175646693"><ele>848.8999938964844</ele></trkpt><trkpt lat="46.67150017712265" lon="9.451690175570548"><ele>848.6699829101562</ele></trkpt><trkpt lat="46.67148017697036" lon="9.451670175418258"><ele>847.6999816894531</ele></trkpt><trkpt lat="46.67146017681807" lon="9.451670175418258"><ele>847.0099792480469</ele></trkpt><trkpt lat="46.67145017674193" lon="9.451670174952596"><ele>846.5</ele></trkpt><trkpt lat="46.67143017658964" lon="9.451650174800307"><ele>845.9499816894531</ele></trkpt><trkpt lat="46.6714001763612" lon="9.451640174724162"><ele>845.0</ele></trkpt><trkpt lat="46.671320175752044" lon="9.4516401742585"><ele>842.6999816894531</ele></trkpt><trkpt lat="46.6713101756759" lon="9.45162017410621"><ele>842.1999816894531</ele></trkpt><trkpt lat="46.671320175752044" lon="9.451580174267292"><ele>841.1999816894531</ele></trkpt><trkpt lat="46.67132017528638" lon="9.451530173886567"><ele>840.0999755859375</ele></trkpt><trkpt lat="46.67133017536253" lon="9.451510173734277"><ele>839.8799743652344</ele></trkpt><trkpt lat="46.67133017536253" lon="9.451510173734277"><ele>839.7999877929688</ele></trkpt><trkpt lat="46.67132017528638" lon="9.451480173505843"><ele>839.5</ele></trkpt><trkpt lat="46.67132017528638" lon="9.451480173505843"><ele>839.5699768066406</ele></trkpt><trkpt lat="46.67127017537132" lon="9.451520173810422"><ele>839.3999938964844</ele></trkpt><trkpt lat="46.67121017538011" lon="9.451570173725486"><ele>839.25</ele></trkpt><trkpt lat="46.671050175093114" lon="9.45173017354682"><ele>838.8999938964844</ele></trkpt><trkpt lat="46.670970174949616" lon="9.451810173690319"><ele>838.5999755859375</ele></trkpt><trkpt lat="46.670860175043344" lon="9.451880173292011"><ele>838.3799743652344</ele></trkpt><trkpt lat="46.670860175043344" lon="9.451880173292011"><ele>838.3699951171875</ele></trkpt><trkpt lat="46.670800175052136" lon="9.451900173444301"><ele>838.3999938964844</ele></trkpt><trkpt lat="46.670780174899846" lon="9.451910173520446"><ele>838.3799743652344</ele></trkpt><trkpt lat="46.67075017513707" lon="9.451930173672736"><ele>838.3999938964844</ele></trkpt><trkpt lat="46.67070017522201" lon="9.45194017374888"><ele>838.5</ele></trkpt><trkpt lat="46.67062017507851" lon="9.45194017374888"><ele>838.7999877929688</ele></trkpt><trkpt lat="46.6705601750873" lon="9.451930173672736"><ele>839.1499938964844</ele></trkpt><trkpt lat="46.670520175248384" lon="9.45192017359659"><ele>839.3999938964844</ele></trkpt><trkpt lat="46.67027017567307" lon="9.451860174071044"><ele>840.8999938964844</ele></trkpt><trkpt lat="46.67004017578438" lon="9.451800174079835"><ele>841.7999877929688</ele></trkpt><trkpt lat="46.66992017580196" lon="9.45179017400369"><ele>841.7999877929688</ele></trkpt><trkpt lat="46.66988017549738" lon="9.451800174079835"><ele>841.6699829101562</ele></trkpt><trkpt lat="46.6697101755999" lon="9.45181017415598"><ele>841.1199951171875</ele></trkpt><trkpt lat="46.66964017553255" lon="9.451820174232125"><ele>841.0</ele></trkpt><trkpt lat="46.66956017538905" lon="9.451840173918754"><ele>840.7999877929688</ele></trkpt><trkpt lat="46.66947017516941" lon="9.451880173757672"><ele>840.3999938964844</ele></trkpt><trkpt lat="46.669440175406635" lon="9.451890173833817"><ele>840.3199768066406</ele></trkpt><trkpt lat="46.669420175254345" lon="9.451900173909962"><ele>840.2999877929688</ele></trkpt><trkpt lat="46.66937017533928" lon="9.451920174062252"><ele>840.1999816894531</ele></trkpt><trkpt lat="46.66930017527193" lon="9.451910173986107"><ele>840.0</ele></trkpt><trkpt lat="46.66924017528072" lon="9.451900173909962"><ele>839.8999938964844</ele></trkpt><trkpt lat="46.66909017506987" lon="9.451840173918754"><ele>839.8399963378906</ele></trkpt><trkpt lat="46.66892017517239" lon="9.451760173775256"><ele>839.9299926757812</ele></trkpt><trkpt lat="46.66884017502889" lon="9.451730174012482"><ele>839.8999938964844</ele></trkpt><trkpt lat="46.66879017511383" lon="9.451690173707902"><ele>839.9299926757812</ele></trkpt><trkpt lat="46.66867017513141" lon="9.451610174030066"><ele>840.0399780273438</ele></trkpt><trkpt lat="46.66865017544478" lon="9.451590173877776"><ele>840.0999755859375</ele></trkpt><trkpt lat="46.66856017522514" lon="9.451510173734277"><ele>840.3999938964844</ele></trkpt><trkpt lat="46.66847017547116" lon="9.451420173980296"><ele>840.6999816894531</ele></trkpt><trkpt lat="46.668380175251514" lon="9.451360173989087"><ele>840.8999938964844</ele></trkpt><trkpt lat="46.66825017565861" lon="9.451250174082816"><ele>841.1999816894531</ele></trkpt><trkpt lat="46.668190175667405" lon="9.451180174015462"><ele>841.3699951171875</ele></trkpt><trkpt lat="46.668150175362825" lon="9.451140174176544"><ele>841.5</ele></trkpt><trkpt lat="46.66810017544776" lon="9.45111017394811"><ele>841.5999755859375</ele></trkpt><trkpt lat="46.66809017537162" lon="9.45111017394811"><ele>841.6599731445312</ele></trkpt><trkpt lat="46.66799017554149" lon="9.45107017410919"><ele>842.0</ele></trkpt><trkpt lat="46.66791017586365" lon="9.451050174422562"><ele>842.5399780273438</ele></trkpt><trkpt lat="46.66777017619461" lon="9.451010174583644"><ele>843.5999755859375</ele></trkpt><trkpt lat="46.667720176279545" lon="9.450980174355209"><ele>844.0</ele></trkpt><trkpt lat="46.66766017628834" lon="9.450920174829662"><ele>844.5</ele></trkpt><trkpt lat="46.667530176229775" lon="9.4507901747711"><ele>845.469970703125</ele></trkpt><trkpt lat="46.66746017616242" lon="9.450710175093263"><ele>845.6299743652344</ele></trkpt><trkpt lat="46.6674201763235" lon="9.450670174788684"><ele>845.5999755859375</ele></trkpt><trkpt lat="46.667380176484585" lon="9.450650175102055"><ele>845.5899963378906</ele></trkpt><trkpt lat="46.667360176332295" lon="9.45064017502591"><ele>845.5999755859375</ele></trkpt><trkpt lat="46.66732017649338" lon="9.45062017487362"><ele>845.3999938964844</ele></trkpt><trkpt lat="46.667150176130235" lon="9.450590174645185"><ele>844.6999816894531</ele></trkpt><trkpt lat="46.66701017599553" lon="9.450520174577832"><ele>843.6999816894531</ele></trkpt><trkpt lat="46.66697017569095" lon="9.450490174349397"><ele>843.3199768066406</ele></trkpt><trkpt lat="46.666920175775886" lon="9.450440174434334"><ele>842.7999877929688</ele></trkpt><trkpt lat="46.66681017540395" lon="9.450380173977464"><ele>841.9599914550781</ele></trkpt><trkpt lat="46.66680017579347" lon="9.45037017390132"><ele>841.8099975585938</ele></trkpt><trkpt lat="46.666750175412744" lon="9.450330174062401"><ele>841.3999938964844</ele></trkpt><trkpt lat="46.666730175726116" lon="9.450320173986256"><ele>841.2699890136719</ele></trkpt><trkpt lat="46.66670017549768" lon="9.450310173910111"><ele>841.0999755859375</ele></trkpt><trkpt lat="46.66664017550647" lon="9.450300173833966"><ele>840.5199890136719</ele></trkpt><trkpt lat="46.66662017535418" lon="9.450300173833966"><ele>840.2999877929688</ele></trkpt><trkpt lat="46.66660017520189" lon="9.450300173833966"><ele>840.1599731445312</ele></trkpt><trkpt lat="46.66632017493248" lon="9.45035017374903"><ele>838.7999877929688</ele></trkpt><trkpt lat="46.66625017486513" lon="9.45035017374903"><ele>838.6999816894531</ele></trkpt><trkpt lat="46.66622017510235" lon="9.45033017359674"><ele>838.5999755859375</ele></trkpt><trkpt lat="46.666150175035" lon="9.45031017344445"><ele>838.5999755859375</ele></trkpt><trkpt lat="46.66602017497644" lon="9.450210173614323"><ele>839.1099853515625</ele></trkpt><trkpt lat="46.66600017528981" lon="9.450200173538178"><ele>839.1999816894531</ele></trkpt><trkpt lat="46.66596017498523" lon="9.450180173385888"><ele>838.8199768066406</ele></trkpt><trkpt lat="46.665950174909085" lon="9.450180173385888"><ele>839.0999755859375</ele></trkpt><trkpt lat="46.66594017483294" lon="9.450180173385888"><ele>839.0599975585938</ele></trkpt><trkpt lat="46.66591017507017" lon="9.450150173623115"><ele>839.0</ele></trkpt><trkpt lat="46.66589017491788" lon="9.450150173623115"><ele>839.0899963378906</ele></trkpt><trkpt lat="46.66587017523125" lon="9.45014017354697"><ele>839.1999816894531</ele></trkpt><trkpt lat="46.66583017492667" lon="9.450070173479617"><ele>838.6599731445312</ele></trkpt><trkpt lat="46.66577017493546" lon="9.449980173259974"><ele>838.0999755859375</ele></trkpt><trkpt lat="46.66568017471582" lon="9.449870173353702"><ele>838.5</ele></trkpt><trkpt lat="46.66567017510533" lon="9.449870173353702"><ele>838.6399841308594</ele></trkpt><trkpt lat="46.66567017510533" lon="9.449870173353702"><ele>838.5499877929688</ele></trkpt><trkpt lat="46.66566017502919" lon="9.449880173429847"><ele>838.4399719238281</ele></trkpt><trkpt lat="46.66562017519027" lon="9.449890173971653"><ele>840.6999816894531</ele></trkpt><trkpt lat="46.66560017550364" lon="9.449890173971653"><ele>842.1599731445312</ele></trkpt><trkpt lat="46.665560176130384" lon="9.449890174437314"><ele>843.9599914550781</ele></trkpt><trkpt lat="46.665540175978094" lon="9.449890174437314"><ele>844.5999755859375</ele></trkpt><trkpt lat="46.66551017621532" lon="9.44988017482683"><ele>845.6999816894531</ele></trkpt><trkpt lat="46.66544017661363" lon="9.449810175225139"><ele>847.0999755859375</ele></trkpt><trkpt lat="46.66541017731652" lon="9.449760175775737"><ele>850.0999755859375</ele></trkpt><trkpt lat="46.66529017779976" lon="9.449590176343918"><ele>853.5799865722656</ele></trkpt><trkpt lat="46.66528017818928" lon="9.44957017665729"><ele>854.5</ele></trkpt><trkpt lat="46.66521017905325" lon="9.449490177445114"><ele>858.9499816894531</ele></trkpt><trkpt lat="46.66519017936662" lon="9.44946017768234"><ele>860.0099792480469</ele></trkpt><trkpt lat="46.66513017984107" lon="9.449380178470165"><ele>863.0</ele></trkpt><trkpt lat="46.66511017968878" lon="9.44937017839402"><ele>863.5899963378906</ele></trkpt><trkpt lat="46.66504018055275" lon="9.449320178944618"><ele>866.8999938964844</ele></trkpt><trkpt lat="46.66502018086612" lon="9.449310179334134"><ele>867.7999877929688</ele></trkpt><trkpt lat="46.665000181179494" lon="9.44928017957136"><ele>869.0999755859375</ele></trkpt><trkpt lat="46.66489018173888" lon="9.449200180359185"><ele>873.1999816894531</ele></trkpt><trkpt lat="46.66484018182382" lon="9.44919018028304"><ele>874.0499877929688</ele></trkpt><trkpt lat="46.664830182213336" lon="9.449180180672556"><ele>874.2999877929688</ele></trkpt><trkpt lat="46.664760182611644" lon="9.449170181062073"><ele>877.7999877929688</ele></trkpt><trkpt lat="46.664740182925016" lon="9.449160181451589"><ele>879.2999877929688</ele></trkpt><trkpt lat="46.66469018300995" lon="9.449090181384236"><ele>879.8999938964844</ele></trkpt><trkpt lat="46.664670183323324" lon="9.449070181697607"><ele>880.989990234375</ele></trkpt><trkpt lat="46.66464018356055" lon="9.449060182087123"><ele>883.0</ele></trkpt><trkpt lat="46.66461018426344" lon="9.44903018232435"><ele>884.5999755859375</ele></trkpt><trkpt lat="46.66461018426344" lon="9.449010182637721"><ele>885.0399780273438</ele></trkpt><trkpt lat="46.66460018418729" lon="9.448990182485431"><ele>885.2999877929688</ele></trkpt><trkpt lat="46.66453018505126" lon="9.448930183425546"><ele>889.5999755859375</ele></trkpt><trkpt lat="46.66452018497512" lon="9.4489201833494"><ele>890.1899719238281</ele></trkpt><trkpt lat="46.664510185364634" lon="9.448910183738917"><ele>890.8999938964844</ele></trkpt><trkpt lat="46.664490185678005" lon="9.448880183976144"><ele>892.4299926757812</ele></trkpt><trkpt lat="46.66447018599138" lon="9.44885018421337"><ele>893.9199829101562</ele></trkpt><trkpt lat="46.66445018630475" lon="9.448800184763968"><ele>895.5</ele></trkpt><trkpt lat="46.6644401862286" lon="9.448780184611678"><ele>896.1399841308594</ele></trkpt><trkpt lat="46.66438018716872" lon="9.448700185399503"><ele>900.0</ele></trkpt><trkpt lat="46.664330187719315" lon="9.448620186187327"><ele>903.8699951171875</ele></trkpt><trkpt lat="46.66430018795654" lon="9.448580186348408"><ele>903.6999816894531</ele></trkpt><trkpt lat="46.66428018780425" lon="9.448550186119974"><ele>904.0999755859375</ele></trkpt><trkpt lat="46.66427018819377" lon="9.448530186433345"><ele>904.3799743652344</ele></trkpt><trkpt lat="46.66425018804148" lon="9.448480186518282"><ele>905.1999816894531</ele></trkpt><trkpt lat="46.664220188278705" lon="9.44837018661201"><ele>906.2099914550781</ele></trkpt><trkpt lat="46.66419018851593" lon="9.448270186781883"><ele>906.0</ele></trkpt><trkpt lat="46.664180188439786" lon="9.448250186629593"><ele>905.8899841308594</ele></trkpt><trkpt lat="46.6641601882875" lon="9.448210186790675"><ele>905.5999755859375</ele></trkpt><trkpt lat="46.66415018821135" lon="9.448170186486095"><ele>905.3199768066406</ele></trkpt><trkpt lat="46.66414018813521" lon="9.448150186333805"><ele>905.1999816894531</ele></trkpt><trkpt lat="46.664080188144" lon="9.44799018651247"><ele>904.5</ele></trkpt><trkpt lat="46.66407018806785" lon="9.44797018636018"><ele>904.2899780273438</ele></trkpt><trkpt lat="46.664050187915564" lon="9.4479301860556"><ele>903.8999938964844</ele></trkpt><trkpt lat="46.66404018783942" lon="9.447920185979456"><ele>903.4199829101562</ele></trkpt><trkpt lat="46.66402018768713" lon="9.447900186292827"><ele>903.0999755859375</ele></trkpt><trkpt lat="46.664010187610984" lon="9.447890186216682"><ele>903.0099792480469</ele></trkpt><trkpt lat="46.663990187924355" lon="9.447870186064392"><ele>902.8999938964844</ele></trkpt><trkpt lat="46.663890187162906" lon="9.447870185598731"><ele>899.8999938964844</ele></trkpt><trkpt lat="46.66379018640146" lon="9.44785018498078"><ele>897.4399719238281</ele></trkpt><trkpt lat="46.66365018626675" lon="9.447820184752345"><ele>895.1999816894531</ele></trkpt><trkpt lat="46.663620186038315" lon="9.447820184286684"><ele>895.0</ele></trkpt><trkpt lat="46.66357018612325" lon="9.447830184362829"><ele>894.0</ele></trkpt><trkpt lat="46.66351018473506" lon="9.447850183118135"><ele>889.0999755859375</ele></trkpt><trkpt lat="46.66345018520951" lon="9.44788018334657"><ele>889.5</ele></trkpt><trkpt lat="46.66343018505722" lon="9.447890183422714"><ele>889.7999877929688</ele></trkpt><trkpt lat="46.66343018505722" lon="9.447890183422714"><ele>889.7599792480469</ele></trkpt><trkpt lat="46.66341018490493" lon="9.44786018319428"><ele>887.9399719238281</ele></trkpt><trkpt lat="46.66341018490493" lon="9.447850183118135"><ele>888.0</ele></trkpt><trkpt lat="46.66341018443927" lon="9.447840182576329"><ele>886.0999755859375</ele></trkpt><trkpt lat="46.66341018397361" lon="9.447810182347894"><ele>884.1999816894531</ele></trkpt><trkpt lat="46.66340018250048" lon="9.447670180816203"><ele>876.3999938964844</ele></trkpt><trkpt lat="46.663390181958675" lon="9.447640180587769"><ele>875.0999755859375</ele></trkpt><trkpt lat="46.66338018188253" lon="9.447640180587769"><ele>874.75</ele></trkpt><trkpt lat="46.66334018157795" lon="9.447700179647654"><ele>871.47998046875</ele></trkpt><trkpt lat="46.663310181349516" lon="9.447740179486573"><ele>870.0399780273438</ele></trkpt><trkpt lat="46.663310181349516" lon="9.447740179486573"><ele>870.0999755859375</ele></trkpt><trkpt lat="46.66330018080771" lon="9.447740179486573"><ele>869.2099914550781</ele></trkpt><trkpt lat="46.663290180731565" lon="9.447740179486573"><ele>868.489990234375</ele></trkpt><trkpt lat="46.663290180731565" lon="9.447750179097056"><ele>868.5199890136719</ele></trkpt><trkpt lat="46.663290180731565" lon="9.447740179486573"><ele>868.8699951171875</ele></trkpt><trkpt lat="46.663290180731565" lon="9.447750179097056"><ele>868.5199890136719</ele></trkpt><trkpt lat="46.663290180731565" lon="9.447740179486573"><ele>868.489990234375</ele></trkpt><trkpt lat="46.66328018065542" lon="9.447740179486573"><ele>868.5</ele></trkpt><trkpt lat="46.66330018080771" lon="9.44763017911464"><ele>867.4499816894531</ele></trkpt><trkpt lat="46.66330018080771" lon="9.447620179038495"><ele>867.4299926757812</ele></trkpt><trkpt lat="46.66330018080771" lon="9.447620179038495"><ele>867.4099731445312</ele></trkpt><trkpt lat="46.663290180731565" lon="9.447590179275721"><ele>867.3599853515625</ele></trkpt><trkpt lat="46.663290180731565" lon="9.447590179275721"><ele>867.3999938964844</ele></trkpt><trkpt lat="46.66304018115625" lon="9.447980179917067"><ele>870.8999938964844</ele></trkpt><trkpt lat="46.66293018171564" lon="9.448160179890692"><ele>872.1999816894531</ele></trkpt><trkpt lat="46.66276018181816" lon="9.448440180160105"><ele>873.2599792480469</ele></trkpt><trkpt lat="46.66270018182695" lon="9.448530180379748"><ele>873.5999755859375</ele></trkpt><trkpt lat="46.66264018183574" lon="9.448610180523247"><ele>873.8999938964844</ele></trkpt><trkpt lat="46.66261018207297" lon="9.448630180209875"><ele>873.989990234375</ele></trkpt><trkpt lat="46.66257018176839" lon="9.448670180514455"><ele>874.1999816894531</ele></trkpt><trkpt lat="46.662520181853324" lon="9.448690180666745"><ele>874.3499755859375</ele></trkpt><trkpt lat="46.662500182166696" lon="9.448690180666745"><ele>874.3999938964844</ele></trkpt><trkpt lat="46.662480182014406" lon="9.448700180277228"><ele>874.47998046875</ele></trkpt><trkpt lat="46.662460181862116" lon="9.448700180277228"><ele>874.5399780273438</ele></trkpt><trkpt lat="46.662390182260424" lon="9.44870018074289"><ele>874.7999877929688</ele></trkpt><trkpt lat="46.66226018220186" lon="9.448690180666745"><ele>875.22998046875</ele></trkpt><trkpt lat="46.662220182362944" lon="9.4486801805906"><ele>875.3999938964844</ele></trkpt><trkpt lat="46.662140182219446" lon="9.448660180903971"><ele>875.8699951171875</ele></trkpt><trkpt lat="46.66211018245667" lon="9.448660180903971"><ele>876.0099792480469</ele></trkpt><trkpt lat="46.66207018215209" lon="9.448650180827826"><ele>876.1999816894531</ele></trkpt><trkpt lat="46.66208018222824" lon="9.448620180599391"><ele>876.1599731445312</ele></trkpt><trkpt lat="46.66208018222824" lon="9.448610180988908"><ele>876.0999755859375</ele></trkpt><trkpt lat="46.66208018222824" lon="9.448570180684328"><ele>876.0</ele></trkpt><trkpt lat="46.66207018215209" lon="9.448540180921555"><ele>875.989990234375</ele></trkpt><trkpt lat="46.662030182313174" lon="9.448470180854201"><ele>876.0999755859375</ele></trkpt><trkpt lat="46.6619201824069" lon="9.448330180719495"><ele>876.5999755859375</ele></trkpt><trkpt lat="46.66190018225461" lon="9.448330180719495"><ele>876.6899719238281</ele></trkpt><trkpt lat="46.661880182567984" lon="9.448330180719495"><ele>876.8999938964844</ele></trkpt><trkpt lat="46.661840182729065" lon="9.448350180871785"><ele>877.1999816894531</ele></trkpt><trkpt lat="46.66172018274665" lon="9.448440181091428"><ele>878.3999938964844</ele></trkpt><trkpt lat="46.66172018274665" lon="9.448450181167573"><ele>878.3999938964844</ele></trkpt><trkpt lat="46.661710182670504" lon="9.448450181167573"><ele>878.3999938964844</ele></trkpt><trkpt lat="46.66168018290773" lon="9.448450181633234"><ele>879.4099731445312</ele></trkpt><trkpt lat="46.66168018290773" lon="9.448450181633234"><ele>879.3999938964844</ele></trkpt><trkpt lat="46.66166018275544" lon="9.448490181472152"><ele>879.2999877929688</ele></trkpt><trkpt lat="46.66162018291652" lon="9.448490181472152"><ele>879.6999816894531</ele></trkpt><trkpt lat="46.66160018322989" lon="9.448500181548297"><ele>879.9399719238281</ele></trkpt><trkpt lat="46.66160018322989" lon="9.448500181548297"><ele>879.9399719238281</ele></trkpt><trkpt lat="46.661580183077604" lon="9.448500181548297"><ele>880.1699829101562</ele></trkpt><trkpt lat="46.66155018331483" lon="9.448510181624442"><ele>880.3999938964844</ele></trkpt><trkpt lat="46.661520183086395" lon="9.448530181776732"><ele>880.8699951171875</ele></trkpt><trkpt lat="46.66151018347591" lon="9.448540181852877"><ele>881.0</ele></trkpt><trkpt lat="46.66150018339977" lon="9.448550181929022"><ele>881.1699829101562</ele></trkpt><trkpt lat="46.66146018356085" lon="9.44859018176794"><ele>881.7999877929688</ele></trkpt><trkpt lat="46.66146018356085" lon="9.44859018176794"><ele>881.8299865722656</ele></trkpt><trkpt lat="46.66144018340856" lon="9.448570182081312"><ele>881.9099731445312</ele></trkpt><trkpt lat="46.66143018333241" lon="9.448550181929022"><ele>882.0</ele></trkpt><trkpt lat="46.661410183645785" lon="9.448570182081312"><ele>882.1999816894531</ele></trkpt><trkpt lat="46.66138018434867" lon="9.448600182775408"><ele>885.3599853515625</ele></trkpt><trkpt lat="46.66137018473819" lon="9.448610182851553"><ele>887.5</ele></trkpt><trkpt lat="46.661360184662044" lon="9.44862018339336"><ele>888.4399719238281</ele></trkpt><trkpt lat="46.661290185991675" lon="9.448630184400827"><ele>894.1999816894531</ele></trkpt><trkpt lat="46.661200186703354" lon="9.448700184933841"><ele>898.3999938964844</ele></trkpt><trkpt lat="46.66117018694058" lon="9.448730185162276"><ele>899.3499755859375</ele></trkpt><trkpt lat="46.661160186864436" lon="9.448740185238421"><ele>899.2999877929688</ele></trkpt><trkpt lat="46.66113018710166" lon="9.448750185314566"><ele>899.1999816894531</ele></trkpt><trkpt lat="46.66113018710166" lon="9.448750185314566"><ele>899.1099853515625</ele></trkpt><trkpt lat="46.66111018694937" lon="9.448750185314566"><ele>899.0</ele></trkpt><trkpt lat="46.66108018672094" lon="9.44878018507734"><ele>897.2999877929688</ele></trkpt><trkpt lat="46.66104018641636" lon="9.448800184763968"><ele>896.0999755859375</ele></trkpt><trkpt lat="46.66102018626407" lon="9.448790184687823"><ele>895.6499938964844</ele></trkpt><trkpt lat="46.66099018603563" lon="9.448790184687823"><ele>895.1599731445312</ele></trkpt><trkpt lat="46.66097018588334" lon="9.448790184687823"><ele>894.8999938964844</ele></trkpt><trkpt lat="46.660930186044425" lon="9.448820184450597"><ele>894.5</ele></trkpt><trkpt lat="46.660890185739845" lon="9.44883018406108"><ele>893.7999877929688</ele></trkpt><trkpt lat="46.6608801856637" lon="9.44883018406108"><ele>893.6999816894531</ele></trkpt><trkpt lat="46.66085018590093" lon="9.44883018406108"><ele>893.0</ele></trkpt><trkpt lat="46.66083018574864" lon="9.44883018406108"><ele>892.7799987792969</ele></trkpt><trkpt lat="46.66082018567249" lon="9.448840184137225"><ele>892.5999755859375</ele></trkpt><trkpt lat="46.6608001855202" lon="9.44883018406108"><ele>891.97998046875</ele></trkpt><trkpt lat="46.66077018529177" lon="9.448820183984935"><ele>891.1999816894531</ele></trkpt><trkpt lat="46.6607101848349" lon="9.448830183595419"><ele>889.2999877929688</ele></trkpt><trkpt lat="46.66070018475875" lon="9.448830183129758"><ele>889.0699768066406</ele></trkpt><trkpt lat="46.66070018475875" lon="9.448840183205903"><ele>889.0999755859375</ele></trkpt><trkpt lat="46.660680185072124" lon="9.448890183120966"><ele>888.8999938964844</ele></trkpt><trkpt lat="46.660680185072124" lon="9.448890183120966"><ele>888.9199829101562</ele></trkpt><trkpt lat="46.660680185072124" lon="9.448890183120966"><ele>888.9199829101562</ele></trkpt><trkpt lat="46.660680185072124" lon="9.448900183197111"><ele>888.9099731445312</ele></trkpt><trkpt lat="46.66065018484369" lon="9.44896018318832"><ele>888.6999816894531</ele></trkpt><trkpt lat="46.6606301846914" lon="9.448990182951093"><ele>888.0</ele></trkpt><trkpt lat="46.66059018438682" lon="9.449000182561576"><ele>885.6999816894531</ele></trkpt><trkpt lat="46.66051018377766" lon="9.44897018186748"><ele>882.2999877929688</ele></trkpt><trkpt lat="46.66049018362537" lon="9.448960181791335"><ele>882.0699768066406</ele></trkpt><trkpt lat="46.66045018332079" lon="9.448940181639045"><ele>881.5</ele></trkpt><trkpt lat="46.66039018332958" lon="9.448940182104707"><ele>881.8799743652344</ele></trkpt><trkpt lat="46.660370183642954" lon="9.448940182104707"><ele>882.0999755859375</ele></trkpt><trkpt lat="46.66034018341452" lon="9.448930182028562"><ele>882.0599975585938</ele></trkpt><trkpt lat="46.660290183499455" lon="9.448920181952417"><ele>882.0</ele></trkpt><trkpt lat="46.66024018358439" lon="9.448930182028562"><ele>882.0099792480469</ele></trkpt><trkpt lat="46.660080183297396" lon="9.44897018186748"><ele>881.0</ele></trkpt><trkpt lat="46.660020182840526" lon="9.448990181554109"><ele>879.6599731445312</ele></trkpt><trkpt lat="46.65982018224895" lon="9.449050180613995"><ele>876.1499938964844</ele></trkpt><trkpt lat="46.65979018248618" lon="9.44906018069014"><ele>875.8999938964844</ele></trkpt><trkpt lat="46.65968018211424" lon="9.449080180376768"><ele>875.0999755859375</ele></trkpt><trkpt lat="46.659560181666166" lon="9.449050180148333"><ele>872.3999938964844</ele></trkpt><trkpt lat="46.65953018143773" lon="9.449020179919899"><ele>872.22998046875</ele></trkpt><trkpt lat="46.659520181361586" lon="9.449010179843754"><ele>872.1999816894531</ele></trkpt><trkpt lat="46.65942018153146" lon="9.448870180174708"><ele>872.6999816894531</ele></trkpt><trkpt lat="46.659370181616396" lon="9.448760180268437"><ele>872.3999938964844</ele></trkpt><trkpt lat="46.65934018138796" lon="9.448690180201083"><ele>872.0</ele></trkpt><trkpt lat="46.65932018170133" lon="9.448680180124938"><ele>871.969970703125</ele></trkpt><trkpt lat="46.65932018170133" lon="9.448680180124938"><ele>871.8999938964844</ele></trkpt><trkpt lat="46.65927018132061" lon="9.448660179972649"><ele>871.6999816894531</ele></trkpt><trkpt lat="46.65926018124446" lon="9.448650179896504"><ele>871.2999877929688</ele></trkpt><trkpt lat="46.65926018124446" lon="9.448650179896504"><ele>871.2799987792969</ele></trkpt><trkpt lat="46.65925018070266" lon="9.4485601792112"><ele>868.8999938964844</ele></trkpt><trkpt lat="46.65917018102482" lon="9.448600179515779"><ele>869.6999816894531</ele></trkpt><trkpt lat="46.65917018102482" lon="9.448630179744214"><ele>870.5899963378906</ele></trkpt><trkpt lat="46.65915018180385" lon="9.448730180040002"><ele>872.5</ele></trkpt><trkpt lat="46.65914018172771" lon="9.448800180573016"><ele>873.7999877929688</ele></trkpt><trkpt lat="46.65913018165156" lon="9.448840180411935"><ele>873.6899719238281</ele></trkpt><trkpt lat="46.65912018157542" lon="9.448880180250853"><ele>873.5999755859375</ele></trkpt><trkpt lat="46.65912018157542" lon="9.448880180250853"><ele>873.5999755859375</ele></trkpt><trkpt lat="46.659110181964934" lon="9.448900180403143"><ele>873.4399719238281</ele></trkpt><trkpt lat="46.65910018188879" lon="9.448910180479288"><ele>873.2999877929688</ele></trkpt><trkpt lat="46.659010181669146" lon="9.448930180165917"><ele>872.3999938964844</ele></trkpt><trkpt lat="46.65889018122107" lon="9.448990179691464"><ele>870.0</ele></trkpt><trkpt lat="46.65884018084034" lon="9.449000179301947"><ele>869.5</ele></trkpt><trkpt lat="46.65881018107757" lon="9.449040179606527"><ele>869.2999877929688</ele></trkpt><trkpt lat="46.658780180849135" lon="9.449120179284364"><ele>867.8999938964844</ele></trkpt><trkpt lat="46.658740180544555" lon="9.449140179436654"><ele>868.3199768066406</ele></trkpt><trkpt lat="46.65872018085793" lon="9.449140179436654"><ele>868.4399719238281</ele></trkpt><trkpt lat="46.65870018070564" lon="9.449180178809911"><ele>867.0199890136719</ele></trkpt><trkpt lat="46.658680180087686" lon="9.44922017864883"><ele>865.9399719238281</ele></trkpt><trkpt lat="46.65866018040106" lon="9.44926017895341"><ele>865.5</ele></trkpt><trkpt lat="46.658600179478526" lon="9.44935017824173"><ele>862.7999877929688</ele></trkpt><trkpt lat="46.65844017872587" lon="9.449440177064389"><ele>857.2999877929688</ele></trkpt><trkpt lat="46.65837017772719" lon="9.449470176361501"><ele>853.5999755859375</ele></trkpt><trkpt lat="46.658310177735984" lon="9.44949017604813"><ele>852.0999755859375</ele></trkpt><trkpt lat="46.65822017705068" lon="9.449540175497532"><ele>848.6999816894531</ele></trkpt><trkpt lat="46.6581801767461" lon="9.44958017533645"><ele>848.5999755859375</ele></trkpt><trkpt lat="46.65816017659381" lon="9.44958017533645"><ele>848.1499938964844</ele></trkpt><trkpt lat="46.65813017683104" lon="9.449590175412595"><ele>847.5999755859375</ele></trkpt><trkpt lat="46.658110176213086" lon="9.449610175099224"><ele>846.489990234375</ele></trkpt><trkpt lat="46.6581001766026" lon="9.449610175099224"><ele>846.3999938964844</ele></trkpt><trkpt lat="46.65809017652646" lon="9.449620175175369"><ele>846.3899841308594</ele></trkpt><trkpt lat="46.658000176306814" lon="9.449650174938142"><ele>846.2999877929688</ele></trkpt><trkpt lat="46.65789017640054" lon="9.449680175166577"><ele>846.3999938964844</ele></trkpt><trkpt lat="46.65784017648548" lon="9.449670175090432"><ele>846.2999877929688</ele></trkpt><trkpt lat="46.65782017633319" lon="9.449660175014287"><ele>846.7999877929688</ele></trkpt><trkpt lat="46.65780017664656" lon="9.449650175403804"><ele>847.4299926757812</ele></trkpt><trkpt lat="46.65779017703608" lon="9.449630175251514"><ele>848.5999755859375</ele></trkpt><trkpt lat="46.657550177536905" lon="9.450140176340938"><ele>852.3999938964844</ele></trkpt><trkpt lat="46.657550177536905" lon="9.450170176103711"><ele>852.5</ele></trkpt><trkpt lat="46.657550177536905" lon="9.450180176179856"><ele>853.2999877929688</ele></trkpt><trkpt lat="46.657550178002566" lon="9.45023017656058"><ele>854.5999755859375</ele></trkpt><trkpt lat="46.65757017862052" lon="9.45029017701745"><ele>856.5999755859375</ele></trkpt><trkpt lat="46.65756017854437" lon="9.450300177093595"><ele>857.0699768066406</ele></trkpt><trkpt lat="46.65756017854437" lon="9.45031017716974"><ele>857.3299865722656</ele></trkpt><trkpt lat="46.65756017854437" lon="9.45031017716974"><ele>857.2999877929688</ele></trkpt><trkpt lat="46.6575301787816" lon="9.450280177406967"><ele>858.6899719238281</ele></trkpt><trkpt lat="46.65751017909497" lon="9.450250177644193"><ele>859.6999816894531</ele></trkpt><trkpt lat="46.65745017910376" lon="9.45020017772913"><ele>860.3999938964844</ele></trkpt><trkpt lat="46.65742017934099" lon="9.45020017772913"><ele>860.3399963378906</ele></trkpt><trkpt lat="46.65741017926484" lon="9.45020017772913"><ele>860.2999877929688</ele></trkpt><trkpt lat="46.657390179112554" lon="9.45020017772913"><ele>860.0999755859375</ele></trkpt><trkpt lat="46.657370178960264" lon="9.450190177652985"><ele>859.7999877929688</ele></trkpt><trkpt lat="46.65736017888412" lon="9.450190177652985"><ele>859.7699890136719</ele></trkpt><trkpt lat="46.65727017913014" lon="9.45020017772913"><ele>860.4399719238281</ele></trkpt><trkpt lat="46.65725017944351" lon="9.450210177805275"><ele>860.8999938964844</ele></trkpt><trkpt lat="46.657180179376155" lon="9.450210177805275"><ele>861.0999755859375</ele></trkpt><trkpt lat="46.65717017930001" lon="9.45022017788142"><ele>861.2699890136719</ele></trkpt><trkpt lat="46.657160179223865" lon="9.450230177957565"><ele>861.3999938964844</ele></trkpt><trkpt lat="46.65708017908037" lon="9.45020017772913"><ele>861.0</ele></trkpt><trkpt lat="46.657010179013014" lon="9.45020017772913"><ele>860.7099914550781</ele></trkpt><trkpt lat="46.65700017940253" lon="9.45020017772913"><ele>860.7999877929688</ele></trkpt><trkpt lat="46.65697017963976" lon="9.450250178109854"><ele>862.0999755859375</ele></trkpt><trkpt lat="46.65693017980084" lon="9.450290178414434"><ele>863.5</ele></trkpt><trkpt lat="46.65692017972469" lon="9.450290178414434"><ele>863.5</ele></trkpt><trkpt lat="46.65687017980963" lon="9.450310178101063"><ele>863.3999938964844</ele></trkpt><trkpt lat="46.65679017966613" lon="9.450340178329498"><ele>863.8999938964844</ele></trkpt><trkpt lat="46.656690180301666" lon="9.450400178786367"><ele>865.489990234375</ele></trkpt><trkpt lat="46.65666018007323" lon="9.450420178472996"><ele>864.5699768066406</ele></trkpt><trkpt lat="46.65664017992094" lon="9.450440178625286"><ele>864.6999816894531</ele></trkpt><trkpt lat="46.65660017961636" lon="9.45043017808348"><ele>862.3699951171875</ele></trkpt><trkpt lat="46.656550178769976" lon="9.450430177617818"><ele>859.6999816894531</ele></trkpt><trkpt lat="46.65652017854154" lon="9.450420177076012"><ele>857.6999816894531</ele></trkpt><trkpt lat="46.656490178313106" lon="9.450400176923722"><ele>856.5999755859375</ele></trkpt><trkpt lat="46.65640017809346" lon="9.450420177076012"><ele>855.9399719238281</ele></trkpt><trkpt lat="46.65626017842442" lon="9.45046017691493"><ele>855.8999938964844</ele></trkpt><trkpt lat="46.65618017828092" lon="9.450470176991075"><ele>855.3999938964844</ele></trkpt><trkpt lat="46.65610017813742" lon="9.450490176677704"><ele>855.6999816894531</ele></trkpt><trkpt lat="46.6560601782985" lon="9.450500176753849"><ele>855.7599792480469</ele></trkpt><trkpt lat="46.656020178459585" lon="9.450500176753849"><ele>855.8999938964844</ele></trkpt><trkpt lat="46.65593017823994" lon="9.450520176906139"><ele>855.9499816894531</ele></trkpt><trkpt lat="46.65591017808765" lon="9.450530176982284"><ele>856.0</ele></trkpt><trkpt lat="46.65588017785922" lon="9.450540176592767"><ele>855.0299987792969</ele></trkpt><trkpt lat="46.65585017763078" lon="9.450560176279396"><ele>854.0</ele></trkpt><trkpt lat="46.65582017786801" lon="9.450580176431686"><ele>854.6099853515625</ele></trkpt><trkpt lat="46.65578017802909" lon="9.45061017666012"><ele>855.5</ele></trkpt><trkpt lat="46.65572017803788" lon="9.450690176803619"><ele>854.5999755859375</ele></trkpt><trkpt lat="46.65567017812282" lon="9.450740176718682"><ele>854.7899780273438</ele></trkpt><trkpt lat="46.65565017797053" lon="9.450750176794827"><ele>855.2699890136719</ele></trkpt><trkpt lat="46.6555801788345" lon="9.450830177403986"><ele>859.6999816894531</ele></trkpt><trkpt lat="46.65537018002942" lon="9.451020178385079"><ele>863.8999938964844</ele></trkpt><trkpt lat="46.655230179429054" lon="9.451100178062916"><ele>862.1999816894531</ele></trkpt><trkpt lat="46.65510017890483" lon="9.451080177444965"><ele>858.5299987792969</ele></trkpt><trkpt lat="46.6550701786764" lon="9.45107017736882"><ele>858.0</ele></trkpt><trkpt lat="46.65500017860904" lon="9.45107017736882"><ele>857.7999877929688</ele></trkpt><trkpt lat="46.65498017845675" lon="9.45107017736882"><ele>857.8599853515625</ele></trkpt><trkpt lat="46.65491017885506" lon="9.451080177444965"><ele>858.0</ele></trkpt><trkpt lat="46.65489017870277" lon="9.45109017752111"><ele>858.0999755859375</ele></trkpt><trkpt lat="46.65487017901614" lon="9.451100177597255"><ele>858.8899841308594</ele></trkpt><trkpt lat="46.65486017894" lon="9.451100177597255"><ele>859.1999816894531</ele></trkpt><trkpt lat="46.65482017910108" lon="9.451100177597255"><ele>859.6999816894531</ele></trkpt><trkpt lat="46.65482017910108" lon="9.451100177597255"><ele>859.7699890136719</ele></trkpt><trkpt lat="46.65475017903373" lon="9.451070177834481"><ele>860.6999816894531</ele></trkpt><trkpt lat="46.65471017919481" lon="9.451070177834481"><ele>861.1599731445312</ele></trkpt><trkpt lat="46.654680179432034" lon="9.451070177834481"><ele>861.5999755859375</ele></trkpt><trkpt lat="46.654600179288536" lon="9.451040178071707"><ele>861.969970703125</ele></trkpt><trkpt lat="46.65457017952576" lon="9.451020177919418"><ele>862.0999755859375</ele></trkpt><trkpt lat="46.65456017944962" lon="9.451050178147852"><ele>861.6999816894531</ele></trkpt><trkpt lat="46.654490179382265" lon="9.451080178376287"><ele>862.9599914550781</ele></trkpt><trkpt lat="46.65448017977178" lon="9.451090178452432"><ele>863.2999877929688</ele></trkpt><trkpt lat="46.65444017993286" lon="9.451110178604722"><ele>865.5699768066406</ele></trkpt><trkpt lat="46.65441018063575" lon="9.451160179451108"><ele>869.0</ele></trkpt><trkpt lat="46.65434018149972" lon="9.45118018006906"><ele>871.3999938964844</ele></trkpt><trkpt lat="46.65419018222019" lon="9.451210180763155"><ele>876.2999877929688</ele></trkpt><trkpt lat="46.65406018355861" lon="9.451270182151347"><ele>882.2999877929688</ele></trkpt><trkpt lat="46.65403018333018" lon="9.451270182151347"><ele>882.5</ele></trkpt><trkpt lat="46.65401018364355" lon="9.451260182075202"><ele>882.6899719238281</ele></trkpt><trkpt lat="46.653980183415115" lon="9.451240182388574"><ele>883.0</ele></trkpt><trkpt lat="46.65389018366113" lon="9.451200182083994"><ele>883.5</ele></trkpt><trkpt lat="46.653430183883756" lon="9.451050182804465"><ele>885.2999877929688</ele></trkpt><trkpt lat="46.65339018404484" lon="9.45104018272832"><ele>885.75</ele></trkpt><trkpt lat="46.65327018452808" lon="9.451030183117837"><ele>887.2999877929688</ele></trkpt><trkpt lat="46.65309018502012" lon="9.451020183507353"><ele>890.6999816894531</ele></trkpt><trkpt lat="46.65301018534228" lon="9.45101018389687"><ele>891.8999938964844</ele></trkpt><trkpt lat="46.65290018590167" lon="9.451000184286386"><ele>893.7599792480469</ele></trkpt><trkpt lat="46.6528701861389" lon="9.451000184286386"><ele>894.7999877929688</ele></trkpt><trkpt lat="46.65270018624142" lon="9.451020184904337"><ele>897.5999755859375</ele></trkpt><trkpt lat="46.65270018624142" lon="9.451020184904337"><ele>897.5499877929688</ele></trkpt><trkpt lat="46.653050187043846" lon="9.451220185961574"><ele>901.2999877929688</ele></trkpt><trkpt lat="46.65316018741578" lon="9.451290186028928"><ele>903.0999755859375</ele></trkpt><trkpt lat="46.65323018794879" lon="9.451340186409652"><ele>904.0899963378906</ele></trkpt><trkpt lat="46.65329018794" lon="9.451380186714232"><ele>905.0</ele></trkpt><trkpt lat="46.653420188464224" lon="9.45148018701002"><ele>907.0699768066406</ele></trkpt><trkpt lat="46.653420188464224" lon="9.45148018701002"><ele>907.0799865722656</ele></trkpt><trkpt lat="46.653440188616514" lon="9.45150018716231"><ele>907.3999938964844</ele></trkpt><trkpt lat="46.65345018869266" lon="9.451560187153518"><ele>908.0</ele></trkpt><trkpt lat="46.65345018869266" lon="9.451580187305808"><ele>908.1699829101562</ele></trkpt><trkpt lat="46.65345018869266" lon="9.451600186992437"><ele>908.2999877929688</ele></trkpt><trkpt lat="46.65343018900603" lon="9.451780187431723"><ele>909.2999877929688</ele></trkpt><trkpt lat="46.653420188929886" lon="9.451830187346786"><ele>909.6999816894531</ele></trkpt><trkpt lat="46.653420188929886" lon="9.45190018741414"><ele>910.2999877929688</ele></trkpt><trkpt lat="46.65345018915832" lon="9.452050187624991"><ele>911.75</ele></trkpt><trkpt lat="46.65345018915832" lon="9.452080187853426"><ele>912.0</ele></trkpt><trkpt lat="46.65347018931061" lon="9.452120188158005"><ele>912.2699890136719</ele></trkpt><trkpt lat="46.653480189386755" lon="9.45213018776849"><ele>912.2999877929688</ele></trkpt><trkpt lat="46.653480189386755" lon="9.452190188225359"><ele>912.7999877929688</ele></trkpt><trkpt lat="46.65346018970013" lon="9.452250188216567"><ele>913.3999938964844</ele></trkpt><trkpt lat="46.65342018986121" lon="9.452250188216567"><ele>913.5</ele></trkpt><trkpt lat="46.65340018970892" lon="9.452240188140422"><ele>913.5</ele></trkpt><trkpt lat="46.65337018948048" lon="9.452180188149214"><ele>913.5999755859375</ele></trkpt><trkpt lat="46.653350189793855" lon="9.451970188412815"><ele>914.3999938964844</ele></trkpt><trkpt lat="46.65332019003108" lon="9.451850188430399"><ele>914.8999938964844</ele></trkpt><trkpt lat="46.65331018995494" lon="9.451820188667625"><ele>915.0399780273438</ele></trkpt><trkpt lat="46.65330018987879" lon="9.4517701882869"><ele>915.1999816894531</ele></trkpt><trkpt lat="46.65324018988758" lon="9.451720188837498"><ele>915.7999877929688</ele></trkpt><trkpt lat="46.65312019037083" lon="9.45168018899858"><ele>917.5</ele></trkpt><trkpt lat="46.65285019110888" lon="9.45159018971026"><ele>920.6999816894531</ele></trkpt><trkpt lat="46.65274019120261" lon="9.45157018955797"><ele>921.7999877929688</ele></trkpt><trkpt lat="46.65269019128755" lon="9.451580190099776"><ele>922.4299926757812</ele></trkpt><trkpt lat="46.652630191762" lon="9.451580190099776"><ele>923.0999755859375</ele></trkpt><trkpt lat="46.65248019201681" lon="9.451550190337002"><ele>924.7999877929688</ele></trkpt><trkpt lat="46.65240019187331" lon="9.451540190726519"><ele>925.5799865722656</ele></trkpt><trkpt lat="46.65240019187331" lon="9.451540190726519"><ele>925.5999755859375</ele></trkpt><trkpt lat="46.65229019196704" lon="9.451530190650374"><ele>926.3199768066406</ele></trkpt><trkpt lat="46.65219019213691" lon="9.451510190963745"><ele>927.0999755859375</ele></trkpt><trkpt lat="46.65210019238293" lon="9.451490190811455"><ele>927.5999755859375</ele></trkpt><trkpt lat="46.65195019263774" lon="9.451440190896392"><ele>928.5999755859375</ele></trkpt><trkpt lat="46.651870192959905" lon="9.45139019144699"><ele>929.2999877929688</ele></trkpt><trkpt lat="46.65174019290134" lon="9.451340191531926"><ele>930.5199890136719</ele></trkpt><trkpt lat="46.651510193478316" lon="9.45128019200638"><ele>932.5999755859375</ele></trkpt><trkpt lat="46.65143019333482" lon="9.451230192091316"><ele>933.2999877929688</ele></trkpt><trkpt lat="46.65137019334361" lon="9.451210191939026"><ele>933.5</ele></trkpt><trkpt lat="46.651340193580836" lon="9.451180192176253"><ele>934.0099792480469</ele></trkpt><trkpt lat="46.65133019350469" lon="9.451170192100108"><ele>934.1999816894531</ele></trkpt><trkpt lat="46.651140194386244" lon="9.45094019267708"><ele>937.47998046875</ele></trkpt><trkpt lat="46.65107019478455" lon="9.450870193075389"><ele>938.5</ele></trkpt><trkpt lat="46.65088019473478" lon="9.450700193177909"><ele>940.3999938964844</ele></trkpt><trkpt lat="46.65075019514188" lon="9.450620193500072"><ele>941.4499816894531</ele></trkpt><trkpt lat="46.650480195879936" lon="9.450490194372833"><ele>944.2999877929688</ele></trkpt><trkpt lat="46.65043019596487" lon="9.450470194220543"><ele>944.8999938964844</ele></trkpt><trkpt lat="46.65038019604981" lon="9.45042019430548"><ele>945.5499877929688</ele></trkpt><trkpt lat="46.6503201960586" lon="9.450370194390416"><ele>946.3999938964844</ele></trkpt><trkpt lat="46.65029019629583" lon="9.450340194627643"><ele>946.6299743652344</ele></trkpt><trkpt lat="46.65026019606739" lon="9.450320194475353"><ele>946.8999938964844</ele></trkpt><trkpt lat="46.65021019615233" lon="9.45029019471258"><ele>946.8999938964844</ele></trkpt><trkpt lat="46.650140196084976" lon="9.450280194636434"><ele>946.7999877929688</ele></trkpt><trkpt lat="46.65012019639835" lon="9.45029019471258"><ele>946.8099975585938</ele></trkpt><trkpt lat="46.65007019601762" lon="9.45029019471258"><ele>946.7999877929688</ele></trkpt><trkpt lat="46.649970196187496" lon="9.450300194788724"><ele>946.7699890136719</ele></trkpt><trkpt lat="46.649890196044" lon="9.450300194788724"><ele>946.8999938964844</ele></trkpt><trkpt lat="46.64983019605279" lon="9.45031019486487"><ele>947.0</ele></trkpt><trkpt lat="46.649800196290016" lon="9.45031019486487"><ele>947.0999755859375</ele></trkpt><trkpt lat="46.649800196290016" lon="9.45031019486487"><ele>947.0899963378906</ele></trkpt><trkpt lat="46.64983019605279" lon="9.450370194856077"><ele>947.2599792480469</ele></trkpt><trkpt lat="46.649840196128935" lon="9.450390194542706"><ele>947.2999877929688</ele></trkpt><trkpt lat="46.64991019666195" lon="9.45046019507572"><ele>949.3299865722656</ele></trkpt><trkpt lat="46.650000197347254" lon="9.450550195761025"><ele>951.6999816894531</ele></trkpt><trkpt lat="46.6500901975669" lon="9.450660196132958"><ele>954.5099792480469</ele></trkpt><trkpt lat="46.65014019794762" lon="9.450720196589828"><ele>956.0</ele></trkpt><trkpt lat="46.6501801982522" lon="9.450750196818262"><ele>957.6399841308594</ele></trkpt><trkpt lat="46.650270198937505" lon="9.450810197275132"><ele>960.9499816894531</ele></trkpt><trkpt lat="46.65030019916594" lon="9.450840197503567"><ele>962.2999877929688</ele></trkpt><trkpt lat="46.650370199698955" lon="9.450870198197663"><ele>964.1999816894531</ele></trkpt><trkpt lat="46.6504601999186" lon="9.450940198730677"><ele>966.5</ele></trkpt><trkpt lat="46.65057020029053" lon="9.45103019848466"><ele>967.0999755859375</ele></trkpt><trkpt lat="46.65071020042524" lon="9.451190198771656"><ele>968.6999816894531</ele></trkpt><trkpt lat="46.65074020065367" lon="9.451230199076235"><ele>969.719970703125</ele></trkpt><trkpt lat="46.65078020095825" lon="9.45128019945696"><ele>970.7999877929688</ele></trkpt><trkpt lat="46.65078020095825" lon="9.45130019960925"><ele>971.4299926757812</ele></trkpt><trkpt lat="46.65078020142391" lon="9.451310199685395"><ele>971.8999938964844</ele></trkpt><trkpt lat="46.650760201737285" lon="9.451350199989974"><ele>974.0999755859375</ele></trkpt><trkpt lat="46.65075020166114" lon="9.45136020006612"><ele>974.4099731445312</ele></trkpt><trkpt lat="46.65071020182222" lon="9.45138020021841"><ele>975.1999816894531</ele></trkpt><trkpt lat="46.65068020205945" lon="9.45136020053178"><ele>976.0</ele></trkpt><trkpt lat="46.65068020205945" lon="9.45136020053178"><ele>976.0</ele></trkpt><trkpt lat="46.650650202296674" lon="9.451390200294554"><ele>976.5</ele></trkpt><trkpt lat="46.65064020222053" lon="9.4514002003707"><ele>976.6999816894531</ele></trkpt><trkpt lat="46.65053020277992" lon="9.45140020083636"><ele>979.1799926757812</ele></trkpt><trkpt lat="46.650480202864856" lon="9.451410200912505"><ele>979.1999816894531</ele></trkpt><trkpt lat="46.65044020302594" lon="9.451450201217085"><ele>980.2999877929688</ele></trkpt><trkpt lat="46.65042020287365" lon="9.451470201369375"><ele>981.2999877929688</ele></trkpt><trkpt lat="46.650390203110874" lon="9.45148020144552"><ele>980.9099731445312</ele></trkpt><trkpt lat="46.650370202958584" lon="9.45148020144552"><ele>980.5999755859375</ele></trkpt><trkpt lat="46.65026020351797" lon="9.45154020190239"><ele>982.739990234375</ele></trkpt><trkpt lat="46.65026020351797" lon="9.45154020190239"><ele>982.8999938964844</ele></trkpt><trkpt lat="46.65017020376399" lon="9.45154020236805"><ele>985.1999816894531</ele></trkpt><trkpt lat="46.65013020392507" lon="9.45156020252034"><ele>986.6999816894531</ele></trkpt><trkpt lat="46.65001020487398" lon="9.451560202986002"><ele>990.2999877929688</ele></trkpt><trkpt lat="46.650000204797834" lon="9.451560203451663"><ele>990.469970703125</ele></trkpt><trkpt lat="46.649960204958916" lon="9.451530203223228"><ele>991.2699890136719</ele></trkpt><trkpt lat="46.64994020527229" lon="9.451520203612745"><ele>991.6999816894531</ele></trkpt><trkpt lat="46.64992020512" lon="9.4515102035366"><ele>992.0599975585938</ele></trkpt><trkpt lat="46.6497902055271" lon="9.451410204172134"><ele>994.7999877929688</ele></trkpt><trkpt lat="46.64977020584047" lon="9.45140020409599"><ele>995.2899780273438</ele></trkpt><trkpt lat="46.64977020584047" lon="9.451390204019845"><ele>995.3999938964844</ele></trkpt><trkpt lat="46.64973020600155" lon="9.451390204485506"><ele>996.2999877929688</ele></trkpt><trkpt lat="46.649720205925405" lon="9.45140020456165"><ele>996.8099975585938</ele></trkpt><trkpt lat="46.649540207348764" lon="9.451460205484182"><ele>1001.8999938964844</ele></trkpt><trkpt lat="46.64951020712033" lon="9.451480205636472"><ele>1002.5999755859375</ele></trkpt><trkpt lat="46.649500207509845" lon="9.451470205560327"><ele>1002.6499938964844</ele></trkpt><trkpt lat="46.6494902074337" lon="9.451460205484182"><ele>1002.7999877929688</ele></trkpt><trkpt lat="46.64944020751864" lon="9.451450205873698"><ele>1003.0899963378906</ele></trkpt><trkpt lat="46.64934020768851" lon="9.451420206110924"><ele>1004.5199890136719</ele></trkpt><trkpt lat="46.649330207612365" lon="9.451420206110924"><ele>1004.7999877929688</ele></trkpt><trkpt lat="46.64932020753622" lon="9.451420206110924"><ele>1004.8099975585938</ele></trkpt><trkpt lat="46.6492802076973" lon="9.45143020618707"><ele>1005.1999816894531</ele></trkpt><trkpt lat="46.64925020793453" lon="9.45145020633936"><ele>1005.8999938964844</ele></trkpt><trkpt lat="46.64923020778224" lon="9.451490206178278"><ele>1006.22998046875</ele></trkpt><trkpt lat="46.64923020778224" lon="9.451500206254423"><ele>1006.2999877929688</ele></trkpt><trkpt lat="46.649220208171755" lon="9.451550206169486"><ele>1006.5599975585938</ele></trkpt><trkpt lat="46.649220208171755" lon="9.451570206321776"><ele>1006.72998046875</ele></trkpt><trkpt lat="46.649220208171755" lon="9.451610206626356"><ele>1007.0699768066406</ele></trkpt><trkpt lat="46.649240208324045" lon="9.451650206465274"><ele>1007.3999938964844</ele></trkpt><trkpt lat="46.649260208476335" lon="9.451670206617564"><ele>1007.5199890136719</ele></trkpt><trkpt lat="46.64927020808682" lon="9.451680206693709"><ele>1007.5999755859375</ele></trkpt><trkpt lat="46.64936020830646" lon="9.451710206456482"><ele>1007.8799743652344</ele></trkpt><trkpt lat="46.64938020845875" lon="9.451720206532627"><ele>1008.2999877929688</ele></trkpt><trkpt lat="46.64940020861104" lon="9.451750206761062"><ele>1008.5999755859375</ele></trkpt><trkpt lat="46.64940020861104" lon="9.451770206913352"><ele>1009.2999877929688</ele></trkpt><trkpt lat="46.64939020900056" lon="9.451810207217932"><ele>1010.3999938964844</ele></trkpt><trkpt lat="46.649360209237784" lon="9.451840207446367"><ele>1011.5999755859375</ele></trkpt><trkpt lat="46.64922021050006" lon="9.451930209062994"><ele>1019.8999938964844</ele></trkpt><trkpt lat="46.649180211126804" lon="9.451960209291428"><ele>1022.4599914550781</ele></trkpt><trkpt lat="46.649220211897045" lon="9.452050209976733"><ele>1026.0999755859375</ele></trkpt><trkpt lat="46.649220211897045" lon="9.452050209976733"><ele>1025.8899841308594</ele></trkpt><trkpt lat="46.649110211990774" lon="9.452010210137814"><ele>1026.5999755859375</ele></trkpt><trkpt lat="46.64901021262631" lon="9.451970210764557"><ele>1028.5999755859375</ele></trkpt><trkpt lat="46.64890021272004" lon="9.451940211001784"><ele>1029.2999877929688</ele></trkpt><trkpt lat="46.64889021264389" lon="9.451930210925639"><ele>1029.3399963378906</ele></trkpt><trkpt lat="46.6488702124916" lon="9.451920210849494"><ele>1029.2999877929688</ele></trkpt><trkpt lat="46.64885021280497" lon="9.45189021108672"><ele>1029.4299926757812</ele></trkpt><trkpt lat="46.648790212813765" lon="9.451800210867077"><ele>1030.5099792480469</ele></trkpt><trkpt lat="46.648750212974846" lon="9.451750211417675"><ele>1031.2999877929688</ele></trkpt><trkpt lat="46.64871021313593" lon="9.45170021103695"><ele>1031.5599975585938</ele></trkpt><trkpt lat="46.64867021283135" lon="9.451670211274177"><ele>1031.3999938964844</ele></trkpt><trkpt lat="46.6486602127552" lon="9.451660211198032"><ele>1031.4299926757812</ele></trkpt><trkpt lat="46.64857021300122" lon="9.451640211045742"><ele>1031.5999755859375</ele></trkpt><trkpt lat="46.64854021277279" lon="9.451630211435258"><ele>1031.4499816894531</ele></trkpt><trkpt lat="46.64849021285772" lon="9.451620211359113"><ele>1031.3999938964844</ele></trkpt><trkpt lat="46.64848021278158" lon="9.451610211282969"><ele>1031.3999938964844</ele></trkpt><trkpt lat="46.648280213586986" lon="9.451370211783797"><ele>1033.8999938964844</ele></trkpt><trkpt lat="46.648150213994086" lon="9.451180212199688"><ele>1036.6999816894531</ele></trkpt><trkpt lat="46.64811021415517" lon="9.45114021236077"><ele>1037.8999938964844</ele></trkpt><trkpt lat="46.64809021446854" lon="9.451130212750286"><ele>1038.3599853515625</ele></trkpt><trkpt lat="46.64807021431625" lon="9.451120212674141"><ele>1038.7999877929688</ele></trkpt><trkpt lat="46.64803021447733" lon="9.451130212750286"><ele>1039.1499938964844</ele></trkpt><trkpt lat="46.64800021471456" lon="9.451130212750286"><ele>1039.2999877929688</ele></trkpt><trkpt lat="46.64796021440998" lon="9.451120212674141"><ele>1039.4399719238281</ele></trkpt><trkpt lat="46.64795021479949" lon="9.451120212674141"><ele>1039.47998046875</ele></trkpt><trkpt lat="46.64795021479949" lon="9.451110212597996"><ele>1039.5</ele></trkpt><trkpt lat="46.64792021457106" lon="9.451080212835222"><ele>1039.6999816894531</ele></trkpt><trkpt lat="46.647890214808285" lon="9.451020212844014"><ele>1039.5999755859375</ele></trkpt><trkpt lat="46.647850214503706" lon="9.45097021246329"><ele>1038.5999755859375</ele></trkpt><trkpt lat="46.64778021397069" lon="9.450910212472081"><ele>1037.3899841308594</ele></trkpt><trkpt lat="46.64776021428406" lon="9.450890212319791"><ele>1036.8999938964844</ele></trkpt><trkpt lat="46.64767021406442" lon="9.450870212167501"><ele>1035.8199768066406</ele></trkpt><trkpt lat="46.647660213988274" lon="9.450870212167501"><ele>1035.7099914550781</ele></trkpt><trkpt lat="46.647580213844776" lon="9.450860212091357"><ele>1034.7999877929688</ele></trkpt><trkpt lat="46.64749021362513" lon="9.450820211786777"><ele>1033.8099975585938</ele></trkpt><trkpt lat="46.64745021332055" lon="9.450800211634487"><ele>1033.1999816894531</ele></trkpt><trkpt lat="46.64740021340549" lon="9.450780211482197"><ele>1032.5899963378906</ele></trkpt><trkpt lat="46.647370213177055" lon="9.450770211406052"><ele>1032.1999816894531</ele></trkpt><trkpt lat="46.64725021272898" lon="9.450780211016536"><ele>1030.8199768066406</ele></trkpt><trkpt lat="46.647220212966204" lon="9.450780211016536"><ele>1030.5</ele></trkpt><trkpt lat="46.64717021258548" lon="9.45077021094039"><ele>1029.5999755859375</ele></trkpt><trkpt lat="46.647080212365836" lon="9.450760210398585"><ele>1027.5299987792969</ele></trkpt><trkpt lat="46.64703021198511" lon="9.45075021032244"><ele>1026.4099731445312</ele></trkpt><trkpt lat="46.64689021138474" lon="9.450740209314972"><ele>1022.8999938964844</ele></trkpt><trkpt lat="46.646810210775584" lon="9.450750209391117"><ele>1020.9999694824219</ele></trkpt><trkpt lat="46.646790210623294" lon="9.4507602090016"><ele>1020.5399780273438</ele></trkpt><trkpt lat="46.64676021086052" lon="9.450770209077746"><ele>1019.9499816894531</ele></trkpt><trkpt lat="46.646750210784376" lon="9.450770209077746"><ele>1020.0</ele></trkpt><trkpt lat="46.646730210632086" lon="9.450810208916664"><ele>1019.219970703125</ele></trkpt><trkpt lat="46.64666021009907" lon="9.450980208348483"><ele>1017.5</ele></trkpt><trkpt lat="46.64661021018401" lon="9.45112020848319"><ele>1016.5</ele></trkpt><trkpt lat="46.64660021010786" lon="9.451150208245963"><ele>1016.4399719238281</ele></trkpt><trkpt lat="46.64657020987943" lon="9.451210208237171"><ele>1016.2999877929688</ele></trkpt><trkpt lat="46.64653021004051" lon="9.45127020822838"><ele>1016.1999816894531</ele></trkpt><trkpt lat="46.64649020973593" lon="9.451320208143443"><ele>1016.0199890136719</ele></trkpt><trkpt lat="46.6464702100493" lon="9.451340208295733"><ele>1016.0</ele></trkpt><trkpt lat="46.64641020959243" lon="9.451370208058506"><ele>1014.9999694824219</ele></trkpt><trkpt lat="46.64626020891592" lon="9.451390207279474"><ele>1012.0</ele></trkpt><trkpt lat="46.646190208848566" lon="9.451390207279474"><ele>1010.75</ele></trkpt><trkpt lat="46.646130208391696" lon="9.451390206813812"><ele>1009.6999816894531</ele></trkpt><trkpt lat="46.64608020847663" lon="9.451370206661522"><ele>1008.6399841308594</ele></trkpt><trkpt lat="46.64601020794362" lon="9.451320206280798"><ele>1007.2999877929688</ele></trkpt><trkpt lat="46.645980208180845" lon="9.451290206518024"><ele>1006.8199768066406</ele></trkpt><trkpt lat="46.645960208028555" lon="9.451270206365734"><ele>1006.5</ele></trkpt><trkpt lat="46.64593020780012" lon="9.4512402061373"><ele>1005.8999938964844</ele></trkpt><trkpt lat="46.64587020780891" lon="9.451210205908865"><ele>1005.1199951171875</ele></trkpt><trkpt lat="46.64586020773277" lon="9.451210205908865"><ele>1004.8899841308594</ele></trkpt><trkpt lat="46.64581020735204" lon="9.451180206146091"><ele>1004.3999938964844</ele></trkpt><trkpt lat="46.645790207665414" lon="9.45118020568043"><ele>1004.2699890136719</ele></trkpt><trkpt lat="46.64557020738721" lon="9.451170205604285"><ele>1003.1099853515625</ele></trkpt><trkpt lat="46.64557020738721" lon="9.451170205604285"><ele>1003.0699768066406</ele></trkpt><trkpt lat="46.6454302072525" lon="9.45118020568043"><ele>1002.0999755859375</ele></trkpt><trkpt lat="46.645310206804425" lon="9.451190205290914"><ele>1001.3799743652344</ele></trkpt><trkpt lat="46.64524020673707" lon="9.451200205367059"><ele>1001.2999877929688</ele></trkpt><trkpt lat="46.64518020674586" lon="9.451200205367059"><ele>1001.3099975585938</ele></trkpt><trkpt lat="46.645060206763446" lon="9.451210205443203"><ele>1001.3999938964844</ele></trkpt><trkpt lat="46.644950206857175" lon="9.451200205367059"><ele>1001.8999938964844</ele></trkpt><trkpt lat="46.64481020718813" lon="9.45118020568043"><ele>1002.7999877929688</ele></trkpt><trkpt lat="46.644610207527876" lon="9.451150205917656"><ele>1003.6399841308594</ele></trkpt><trkpt lat="46.64455020753667" lon="9.451130205765367"><ele>1003.7999877929688</ele></trkpt><trkpt lat="46.644500207621604" lon="9.451130205765367"><ele>1004.0</ele></trkpt><trkpt lat="46.644440207630396" lon="9.451140205841511"><ele>1004.5</ele></trkpt><trkpt lat="46.64438020763919" lon="9.451160205993801"><ele>1005.0199890136719</ele></trkpt><trkpt lat="46.64434020780027" lon="9.451180206146091"><ele>1005.5</ele></trkpt><trkpt lat="46.644310207571834" lon="9.451180206146091"><ele>1005.7499694824219</ele></trkpt><trkpt lat="46.64426020765677" lon="9.451180206146091"><ele>1006.1899719238281</ele></trkpt><trkpt lat="46.64425020804629" lon="9.451180206146091"><ele>1006.1999816894531</ele></trkpt><trkpt lat="46.644230207894" lon="9.451160206459463"><ele>1006.2699890136719</ele></trkpt><trkpt lat="46.644160207826644" lon="9.451130206231028"><ele>1005.8999938964844</ele></trkpt><trkpt lat="46.64411020791158" lon="9.451120206154883"><ele>1005.6999816894531</ele></trkpt><trkpt lat="46.64404020784423" lon="9.451100206002593"><ele>1005.6999816894531</ele></trkpt><trkpt lat="46.64400020800531" lon="9.451110206078738"><ele>1005.7599792480469</ele></trkpt><trkpt lat="46.64392020786181" lon="9.451140206307173"><ele>1006.1999816894531</ele></trkpt><trkpt lat="46.64385020826012" lon="9.451170206535608"><ele>1006.9999694824219</ele></trkpt><trkpt lat="46.64381020795554" lon="9.451210206374526"><ele>1007.1999816894531</ele></trkpt><trkpt lat="46.643780208192766" lon="9.45130020659417"><ele>1007.8999938964844</ele></trkpt><trkpt lat="46.6437302082777" lon="9.45147020695731"><ele>1009.2999877929688</ele></trkpt><trkpt lat="46.643690208904445" lon="9.451560207176954"><ele>1010.1999816894531</ele></trkpt><trkpt lat="46.64362020883709" lon="9.451660207472742"><ele>1011.7999877929688</ele></trkpt><trkpt lat="46.64358020899817" lon="9.451680207625031"><ele>1012.3999938964844</ele></trkpt><trkpt lat="46.643560209311545" lon="9.451690207701176"><ele>1012.6399841308594</ele></trkpt><trkpt lat="46.64353020908311" lon="9.451710207853466"><ele>1013.1999816894531</ele></trkpt><trkpt lat="46.643410209566355" lon="9.45176020776853"><ele>1014.5999755859375</ele></trkpt><trkpt lat="46.643390209414065" lon="9.45176020776853"><ele>1014.5999755859375</ele></trkpt><trkpt lat="46.64332020934671" lon="9.451770207844675"><ele>1014.3199768066406</ele></trkpt><trkpt lat="46.64332020934671" lon="9.451770207844675"><ele>1014.3999938964844</ele></trkpt><trkpt lat="46.64329020958394" lon="9.451830207835883"><ele>1015.0799865722656</ele></trkpt><trkpt lat="46.64328020950779" lon="9.451850207988173"><ele>1015.2999877929688</ele></trkpt><trkpt lat="46.64327020989731" lon="9.451850207988173"><ele>1015.47998046875</ele></trkpt><trkpt lat="46.643220209982246" lon="9.451890208292753"><ele>1016.1899719238281</ele></trkpt><trkpt lat="46.6432102099061" lon="9.451890208292753"><ele>1016.2999877929688</ele></trkpt><trkpt lat="46.64318021014333" lon="9.451890208292753"><ele>1016.5699768066406</ele></trkpt><trkpt lat="46.64317021006718" lon="9.451890208292753"><ele>1016.6999816894531</ele></trkpt><trkpt lat="46.642960210330784" lon="9.45186020899564"><ele>1018.8999938964844</ele></trkpt><trkpt lat="46.6427402109839" lon="9.451830209232867"><ele>1021.3799743652344</ele></trkpt><trkpt lat="46.64259021123871" lon="9.451810209546238"><ele>1023.2999877929688</ele></trkpt><trkpt lat="46.64254021132365" lon="9.45179020985961"><ele>1023.8999938964844</ele></trkpt><trkpt lat="46.64252021163702" lon="9.451780209783465"><ele>1024.1499938964844</ele></trkpt><trkpt lat="46.64248021133244" lon="9.451750210020691"><ele>1024.6599731445312</ele></trkpt><trkpt lat="46.64245021156967" lon="9.451740209944546"><ele>1025.0</ele></trkpt><trkpt lat="46.64242021180689" lon="9.451690210029483"><ele>1025.469970703125</ele></trkpt><trkpt lat="46.642380211967975" lon="9.451590210199356"><ele>1026.2999877929688</ele></trkpt><trkpt lat="46.64234021212906" lon="9.45147021021694"><ele>1027.2599792480469</ele></trkpt><trkpt lat="46.64232021197677" lon="9.451430210378021"><ele>1027.5</ele></trkpt><trkpt lat="46.64232021197677" lon="9.451390210539103"><ele>1027.6999816894531</ele></trkpt><trkpt lat="46.64231021236628" lon="9.451360210310668"><ele>1027.8099975585938</ele></trkpt><trkpt lat="46.64231021236628" lon="9.451270210556686"><ele>1028.1999816894531</ele></trkpt><trkpt lat="46.64230021229014" lon="9.451210210565478"><ele>1028.3999938964844</ele></trkpt><trkpt lat="46.64229021221399" lon="9.451140210498124"><ele>1028.6999816894531</ele></trkpt><trkpt lat="46.64228021213785" lon="9.451090210583061"><ele>1028.7999877929688</ele></trkpt><trkpt lat="46.642250212375075" lon="9.451050210744143"><ele>1028.7999877929688</ele></trkpt><trkpt lat="46.64224021229893" lon="9.451040210667998"><ele>1028.7699890136719</ele></trkpt><trkpt lat="46.642210212536156" lon="9.451020210515708"><ele>1028.6999816894531</ele></trkpt><trkpt lat="46.64218021230772" lon="9.451020210515708"><ele>1028.6999816894531</ele></trkpt><trkpt lat="46.6421402124688" lon="9.451030210591853"><ele>1028.6999816894531</ele></trkpt><trkpt lat="46.64212021231651" lon="9.451060210820287"><ele>1028.5999755859375</ele></trkpt><trkpt lat="46.64210021216422" lon="9.45111021073535"><ele>1028.6999816894531</ele></trkpt><trkpt lat="46.64210021216422" lon="9.45113021088764"><ele>1028.6999816894531</ele></trkpt><trkpt lat="46.64210021216422" lon="9.45115021057427"><ele>1028.6999816894531</ele></trkpt><trkpt lat="46.64210021216422" lon="9.451200210489333"><ele>1028.6999816894531</ele></trkpt><trkpt lat="46.64210021216422" lon="9.451200210489333"><ele>1028.739990234375</ele></trkpt><trkpt lat="46.64209021208808" lon="9.451230210717767"><ele>1028.719970703125</ele></trkpt><trkpt lat="46.64201021241024" lon="9.451390210539103"><ele>1028.5999755859375</ele></trkpt><trkpt lat="46.64199021225795" lon="9.451460210606456"><ele>1028.5799865722656</ele></trkpt><trkpt lat="46.64197021210566" lon="9.45151021052152"><ele>1028.5</ele></trkpt><trkpt lat="46.64194021234289" lon="9.451580210588872"><ele>1028.3999938964844</ele></trkpt><trkpt lat="46.64186021219939" lon="9.451750210486352"><ele>1028.0999755859375</ele></trkpt><trkpt lat="46.6418402120471" lon="9.451840210705996"><ele>1027.719970703125</ele></trkpt><trkpt lat="46.641810211818665" lon="9.451930210459977"><ele>1027.25</ele></trkpt><trkpt lat="46.64179021213204" lon="9.451970210298896"><ele>1027.0</ele></trkpt><trkpt lat="46.64179021213204" lon="9.451990210451186"><ele>1026.9199829101562</ele></trkpt><trkpt lat="46.64172021159902" lon="9.452300210017711"><ele>1024.7999877929688</ele></trkpt><trkpt lat="46.64171021152288" lon="9.452330209780484"><ele>1024.6099853515625</ele></trkpt><trkpt lat="46.64170021144673" lon="9.452390209771693"><ele>1024.1999816894531</ele></trkpt><trkpt lat="46.64161021122709" lon="9.452610209584236"><ele>1022.7999877929688</ele></trkpt><trkpt lat="46.641560210846364" lon="9.452700209338218"><ele>1022.2899780273438</ele></trkpt><trkpt lat="46.64155021123588" lon="9.452720209490508"><ele>1022.1999816894531</ele></trkpt><trkpt lat="46.6415102109313" lon="9.452730209566653"><ele>1022.0</ele></trkpt><trkpt lat="46.64149021077901" lon="9.452710209414363"><ele>1021.719970703125</ele></trkpt><trkpt lat="46.641480210702866" lon="9.452690209262073"><ele>1021.5999755859375</ele></trkpt><trkpt lat="46.641410211101174" lon="9.452570209279656"><ele>1021.6999816894531</ele></trkpt><trkpt lat="46.641330210957676" lon="9.45245020929724"><ele>1021.7999877929688</ele></trkpt><trkpt lat="46.6413002111949" lon="9.452070209663361"><ele>1022.7999877929688</ele></trkpt><trkpt lat="46.64129021111876" lon="9.451990209519863"><ele>1023.2099914550781</ele></trkpt><trkpt lat="46.64127021143213" lon="9.451850209850818"><ele>1023.8999938964844</ele></trkpt><trkpt lat="46.6412502117455" lon="9.451700210105628"><ele>1024.7999877929688</ele></trkpt><trkpt lat="46.64122021198273" lon="9.451540210284293"><ele>1026.0499877929688</ele></trkpt><trkpt lat="46.64122021198273" lon="9.45149021036923"><ele>1026.3999938964844</ele></trkpt><trkpt lat="46.64122021198273" lon="9.45147021021694"><ele>1026.6099853515625</ele></trkpt><trkpt lat="46.64121021190658" lon="9.451380210462958"><ele>1027.1999816894531</ele></trkpt><trkpt lat="46.64119021221995" lon="9.451260210480541"><ele>1028.0</ele></trkpt><trkpt lat="46.64118021214381" lon="9.451190210413188"><ele>1028.5</ele></trkpt><trkpt lat="46.64116021245718" lon="9.45117021072656"><ele>1028.7599792480469</ele></trkpt><trkpt lat="46.641130212228745" lon="9.451120210811496"><ele>1029.1999816894531</ele></trkpt><trkpt lat="46.64110021246597" lon="9.451100210659206"><ele>1029.5399780273438</ele></trkpt><trkpt lat="46.64110021246597" lon="9.451100210659206"><ele>1029.5</ele></trkpt><trkpt lat="46.64108021231368" lon="9.451100210659206"><ele>1029.7999877929688</ele></trkpt><trkpt lat="46.64101021271199" lon="9.45113021088764"><ele>1030.5999755859375</ele></trkpt><trkpt lat="46.641000212635845" lon="9.45113021088764"><ele>1030.6599731445312</ele></trkpt><trkpt lat="46.640980212483555" lon="9.45115021103993"><ele>1030.6999816894531</ele></trkpt><trkpt lat="46.64071021229029" lon="9.451140210498124"><ele>1027.969970703125</ele></trkpt><trkpt lat="46.640640212222934" lon="9.45113021042198"><ele>1027.6999816894531</ele></trkpt><trkpt lat="46.640580212231725" lon="9.451120210345834"><ele>1027.3999938964844</ele></trkpt><trkpt lat="46.640430212020874" lon="9.451060210354626"><ele>1026.8999938964844</ele></trkpt><trkpt lat="46.640390211716294" lon="9.451050210278481"><ele>1026.72998046875</ele></trkpt><trkpt lat="46.64034021180123" lon="9.451040210202336"><ele>1026.5999755859375</ele></trkpt><trkpt lat="46.64029021188617" lon="9.451040210202336"><ele>1026.3999938964844</ele></trkpt><trkpt lat="46.640240211971104" lon="9.451030210126191"><ele>1026.1999816894531</ele></trkpt><trkpt lat="46.640220211818814" lon="9.451010209973902"><ele>1025.7599792480469</ele></trkpt><trkpt lat="46.640140211675316" lon="9.450950209982693"><ele>1024.739990234375</ele></trkpt><trkpt lat="46.640100211370736" lon="9.450920209754258"><ele>1024.2999877929688</ele></trkpt><trkpt lat="46.64006021106616" lon="9.450870209839195"><ele>1023.719970703125</ele></trkpt><trkpt lat="46.64005021145567" lon="9.450850209686905"><ele>1023.5</ele></trkpt><trkpt lat="46.64005021145567" lon="9.450850209686905"><ele>1023.489990234375</ele></trkpt><trkpt lat="46.63998021138832" lon="9.450850209686905"><ele>1023.0999755859375</ele></trkpt><trkpt lat="46.63996021123603" lon="9.450850209686905"><ele>1023.1399841308594</ele></trkpt><trkpt lat="46.63991021132097" lon="9.45086020976305"><ele>1023.1999816894531</ele></trkpt><trkpt lat="46.63990021124482" lon="9.45086020976305"><ele>1023.1899719238281</ele></trkpt><trkpt lat="46.63988021109253" lon="9.45086020976305"><ele>1023.1799926757812</ele></trkpt><trkpt lat="46.63988021109253" lon="9.45086020976305"><ele>1023.1999816894531</ele></trkpt><trkpt lat="46.63981021102518" lon="9.450870209373534"><ele>1023.2999877929688</ele></trkpt><trkpt lat="46.63979021133855" lon="9.450880209449679"><ele>1023.2999877929688</ele></trkpt><trkpt lat="46.63969021104276" lon="9.450910209678113"><ele>1023.3999938964844</ele></trkpt><trkpt lat="46.6396402111277" lon="9.450940209906548"><ele>1023.6999816894531</ele></trkpt><trkpt lat="46.639610211364925" lon="9.450950209517032"><ele>1023.8699951171875</ele></trkpt><trkpt lat="46.63957021152601" lon="9.450960209593177"><ele>1024.0999755859375</ele></trkpt><trkpt lat="46.63954021129757" lon="9.450970209669322"><ele>1024.2099914550781</ele></trkpt><trkpt lat="46.63952021161094" lon="9.450990209821612"><ele>1024.2999877929688</ele></trkpt><trkpt lat="46.63946021115407" lon="9.450980209745467"><ele>1024.1999816894531</ele></trkpt><trkpt lat="46.63922021118924" lon="9.450980209745467"><ele>1023.1599731445312</ele></trkpt><trkpt lat="46.63922021118924" lon="9.450980209745467"><ele>1023.1999816894531</ele></trkpt><trkpt lat="46.63899021083489" lon="9.450900209136307"><ele>1021.7999877929688</ele></trkpt><trkpt lat="46.63893021084368" lon="9.450890209060162"><ele>1021.4099731445312</ele></trkpt><trkpt lat="46.63888021092862" lon="9.450880208984017"><ele>1021.0999755859375</ele></trkpt><trkpt lat="46.63884021062404" lon="9.450870208907872"><ele>1020.8999938964844</ele></trkpt><trkpt lat="46.638790210708976" lon="9.450840209145099"><ele>1020.6999816894531</ele></trkpt><trkpt lat="46.638750210404396" lon="9.450810208916664"><ele>1020.3799743652344</ele></trkpt><trkpt lat="46.638660210650414" lon="9.450730208773166"><ele>1019.8999938964844</ele></trkpt><trkpt lat="46.638430210296065" lon="9.450500208418816"><ele>1018.3999938964844</ele></trkpt><trkpt lat="46.63825020985678" lon="9.450350208207965"><ele>1017.2999877929688</ele></trkpt><trkpt lat="46.638050209730864" lon="9.450180208310485"><ele>1015.969970703125</ele></trkpt><trkpt lat="46.637990209739655" lon="9.450120207853615"><ele>1015.3999938964844</ele></trkpt><trkpt lat="46.63771020900458" lon="9.449890207499266"><ele>1012.5</ele></trkpt><trkpt lat="46.637700208928436" lon="9.44988020742312"><ele>1012.3999938964844</ele></trkpt><trkpt lat="46.63767020916566" lon="9.449850207194686"><ele>1012.0999755859375</ele></trkpt><trkpt lat="46.63765020901337" lon="9.449830207508057"><ele>1011.9299926757812</ele></trkpt><trkpt lat="46.63763020886108" lon="9.449810207355767"><ele>1011.6999816894531</ele></trkpt><trkpt lat="46.63762020878494" lon="9.449770207051188"><ele>1011.5</ele></trkpt><trkpt lat="46.63760020863265" lon="9.449740207288414"><ele>1011.2999877929688</ele></trkpt><trkpt lat="46.63758020848036" lon="9.449670207221061"><ele>1010.8999938964844</ele></trkpt><trkpt lat="46.637550208717585" lon="9.449610207229853"><ele>1010.5499877929688</ele></trkpt><trkpt lat="46.63754020864144" lon="9.449610207229853"><ele>1010.5</ele></trkpt><trkpt lat="46.63754020864144" lon="9.449600207153708"><ele>1010.5</ele></trkpt><trkpt lat="46.637530208565295" lon="9.449580207001418"><ele>1010.3999938964844</ele></trkpt><trkpt lat="46.63750020833686" lon="9.449510206934065"><ele>1010.0</ele></trkpt><trkpt lat="46.637490208726376" lon="9.44950020685792"><ele>1009.8999938964844</ele></trkpt><trkpt lat="46.63741020811722" lon="9.449380206875503"><ele>1009.0999755859375</ele></trkpt><trkpt lat="46.63736020820215" lon="9.44931020680815"><ele>1008.6999816894531</ele></trkpt><trkpt lat="46.6372902081348" lon="9.449230206664652"><ele>1007.8999938964844</ele></trkpt><trkpt lat="46.637280208058655" lon="9.449210206512362"><ele>1007.8399963378906</ele></trkpt><trkpt lat="46.63720020791516" lon="9.449100206140429"><ele>1006.989990234375</ele></trkpt><trkpt lat="46.63718020776287" lon="9.449070206377655"><ele>1006.7999877929688</ele></trkpt><trkpt lat="46.63716020761058" lon="9.449000206310302"><ele>1006.3199768066406</ele></trkpt><trkpt lat="46.637070207390934" lon="9.448770205955952"><ele>1004.8999938964844</ele></trkpt><trkpt lat="46.637050207238644" lon="9.448720206040889"><ele>1004.5199890136719</ele></trkpt><trkpt lat="46.637010207399726" lon="9.448620205745101"><ele>1003.7999877929688</ele></trkpt><trkpt lat="46.63698020717129" lon="9.448530205525458"><ele>1002.9999694824219</ele></trkpt><trkpt lat="46.6368802068755" lon="9.448330205399543"><ele>1001.0999755859375</ele></trkpt><trkpt lat="46.63675020635128" lon="9.448050204664469"><ele>998.5999755859375</ele></trkpt><trkpt lat="46.63662020582706" lon="9.44778020400554"><ele>996.0</ele></trkpt><trkpt lat="46.63658020552248" lon="9.447700203862041"><ele>995.1999816894531</ele></trkpt><trkpt lat="46.63656020537019" lon="9.447680204175413"><ele>994.9499816894531</ele></trkpt><trkpt lat="46.63655020529404" lon="9.447660204023123"><ele>994.7999877929688</ele></trkpt><trkpt lat="46.63652020553127" lon="9.447630203794688"><ele>994.2999877929688</ele></trkpt><trkpt lat="46.6364602050744" lon="9.447610203642398"><ele>993.6999816894531</ele></trkpt><trkpt lat="46.63640020508319" lon="9.447580203413963"><ele>993.0</ele></trkpt><trkpt lat="46.6363802049309" lon="9.447560203727335"><ele>992.7999877929688</ele></trkpt><trkpt lat="46.63637020485476" lon="9.447540203575045"><ele>992.5999755859375</ele></trkpt><trkpt lat="46.63637020485476" lon="9.44751020334661"><ele>992.4399719238281</ele></trkpt><trkpt lat="46.63637020485476" lon="9.447500203270465"><ele>992.3499755859375</ele></trkpt><trkpt lat="46.63637020485476" lon="9.447500203270465"><ele>992.3999938964844</ele></trkpt><trkpt lat="46.63633020501584" lon="9.447480203583837"><ele>992.0899963378906</ele></trkpt><trkpt lat="46.6363002047874" lon="9.447470203507692"><ele>991.7999877929688</ele></trkpt><trkpt lat="46.63627020455897" lon="9.447430203203112"><ele>991.0999755859375</ele></trkpt><trkpt lat="46.636240204796195" lon="9.447410203050822"><ele>990.4299926757812</ele></trkpt><trkpt lat="46.636220204643905" lon="9.447400202974677"><ele>989.8999938964844</ele></trkpt><trkpt lat="46.636180204339325" lon="9.447390202898532"><ele>988.7999877929688</ele></trkpt><trkpt lat="46.636120203882456" lon="9.447350202593952"><ele>987.5999755859375</ele></trkpt><trkpt lat="46.63607020396739" lon="9.447290202137083"><ele>986.2999877929688</ele></trkpt><trkpt lat="46.63606020389125" lon="9.447290202137083"><ele>986.0</ele></trkpt><trkpt lat="46.63603020366281" lon="9.447260201908648"><ele>984.6999816894531</ele></trkpt><trkpt lat="46.63601020351052" lon="9.447250201832503"><ele>984.1399841308594</ele></trkpt><trkpt lat="46.63598020328209" lon="9.447230201680213"><ele>983.3699951171875</ele></trkpt><trkpt lat="46.63595020305365" lon="9.447210201527923"><ele>982.2999877929688</ele></trkpt><trkpt lat="46.63591020274907" lon="9.447140200994909"><ele>980.6399841308594</ele></trkpt><trkpt lat="46.635830202139914" lon="9.447070200927556"><ele>978.5799865722656</ele></trkpt><trkpt lat="46.63582020206377" lon="9.44706020085141"><ele>978.2999877929688</ele></trkpt><trkpt lat="46.63578020175919" lon="9.44704020023346"><ele>977.1099853515625</ele></trkpt><trkpt lat="46.63565020123497" lon="9.446950199548155"><ele>972.6999816894531</ele></trkpt><trkpt lat="46.63563020108268" lon="9.446950199548155"><ele>972.5199890136719</ele></trkpt><trkpt lat="46.63556020054966" lon="9.446950199082494"><ele>970.7999877929688</ele></trkpt><trkpt lat="46.63553020032123" lon="9.446920198854059"><ele>970.0</ele></trkpt><trkpt lat="46.63550020009279" lon="9.44686019886285"><ele>968.8199768066406</ele></trkpt><trkpt lat="46.6354801999405" lon="9.446820198558271"><ele>968.0299987792969</ele></trkpt><trkpt lat="46.63546019978821" lon="9.446770198643208"><ele>967.2999877929688</ele></trkpt><trkpt lat="46.63544019963592" lon="9.446730198338628"><ele>966.5</ele></trkpt><trkpt lat="46.63542019948363" lon="9.446690198034048"><ele>965.5999755859375</ele></trkpt><trkpt lat="46.63541019940749" lon="9.446680197957903"><ele>965.3999938964844</ele></trkpt><trkpt lat="46.63539019972086" lon="9.446670197881758"><ele>964.7999877929688</ele></trkpt><trkpt lat="46.635340199340135" lon="9.446660197805613"><ele>964.0</ele></trkpt><trkpt lat="46.63527019880712" lon="9.446640197653323"><ele>961.989990234375</ele></trkpt><trkpt lat="46.635240198578686" lon="9.446630197111517"><ele>961.1999816894531</ele></trkpt><trkpt lat="46.63520019873977" lon="9.446590197272599"><ele>959.9599914550781</ele></trkpt><trkpt lat="46.63518019858748" lon="9.446570197120309"><ele>959.2999877929688</ele></trkpt><trkpt lat="46.63516019843519" lon="9.446560197044164"><ele>959.0899963378906</ele></trkpt><trkpt lat="46.6351401982829" lon="9.446540196891874"><ele>958.6999816894531</ele></trkpt><trkpt lat="46.63510019797832" lon="9.446480196435004"><ele>957.5299987792969</ele></trkpt><trkpt lat="46.63509019790217" lon="9.446460196748376"><ele>957.0999755859375</ele></trkpt><trkpt lat="46.63504019798711" lon="9.446410196367651"><ele>956.0699768066406</ele></trkpt><trkpt lat="46.63500019768253" lon="9.446360195986927"><ele>955.1999816894531</ele></trkpt><trkpt lat="46.63498019753024" lon="9.446340196300298"><ele>954.8399963378906</ele></trkpt><trkpt lat="46.63496019737795" lon="9.446310196071863"><ele>954.5</ele></trkpt><trkpt lat="46.63496019737795" lon="9.446290195919573"><ele>954.2699890136719</ele></trkpt><trkpt lat="46.63494019722566" lon="9.446250196080655"><ele>953.7699890136719</ele></trkpt><trkpt lat="46.63494019722566" lon="9.44624019600451"><ele>953.6999816894531</ele></trkpt><trkpt lat="46.6348901973106" lon="9.44622019585222"><ele>953.2999877929688</ele></trkpt><trkpt lat="46.6348901973106" lon="9.446210195776075"><ele>953.1799926757812</ele></trkpt><trkpt lat="46.63487019715831" lon="9.44618019554764"><ele>952.8999938964844</ele></trkpt><trkpt lat="46.63484019692987" lon="9.446140195708722"><ele>952.6199951171875</ele></trkpt><trkpt lat="46.63483019685373" lon="9.446140195708722"><ele>952.5</ele></trkpt><trkpt lat="46.63483019685373" lon="9.446110195480287"><ele>952.4299926757812</ele></trkpt><trkpt lat="46.63482019677758" lon="9.446070195641369"><ele>952.1999816894531</ele></trkpt><trkpt lat="46.634780196938664" lon="9.445910195354372"><ele>951.5</ele></trkpt><trkpt lat="46.63475019671023" lon="9.44578019529581"><ele>950.9299926757812</ele></trkpt><trkpt lat="46.63471019687131" lon="9.445670195389539"><ele>950.5</ele></trkpt><trkpt lat="46.63471019687131" lon="9.445660195313394"><ele>950.4399719238281</ele></trkpt><trkpt lat="46.63467019656673" lon="9.445520195178688"><ele>949.7999877929688</ele></trkpt><trkpt lat="46.63457019627094" lon="9.445240194909275"><ele>948.0</ele></trkpt><trkpt lat="46.63455019611865" lon="9.445170194841921"><ele>947.5</ele></trkpt><trkpt lat="46.63454019604251" lon="9.445130194537342"><ele>947.0999755859375</ele></trkpt><trkpt lat="46.63455019611865" lon="9.445120194461197"><ele>946.9599914550781</ele></trkpt><trkpt lat="46.63455019611865" lon="9.445110194385052"><ele>946.7999877929688</ele></trkpt><trkpt lat="46.63463019533083" lon="9.444830194115639"><ele>944.1099853515625</ele></trkpt><trkpt lat="46.63463019533083" lon="9.444820194039494"><ele>944.0799865722656</ele></trkpt><trkpt lat="46.6345301955007" lon="9.444760194048285"><ele>943.9099731445312</ele></trkpt></trkseg></trk></gpx>