<?xml version="1.0" encoding="utf-8"?><gpx version="1.1" creator="MySchweizMobil - https://map.schweizmobil.ch/" xmlns:xsi="http://www.w3.org/2001/XMLSchema-instance" xmlns="http://www.topografix.com/GPX/1/1" xsi:schemaLocation="http://www.topografix.com/GPX/1/1 http://www.topografix.com/GPX/1/1/gpx.xsd"><metadata><name>260823_Kerenzerberg</name><bounds minlat="47.094008923042566" minlon="9.069049885496497" maxlat="47.12142002955079" maxlon="9.174295325763524" /></metadata><trk><name>260823_Kerenzerberg</name><trkseg><trkpt lat="47.117791009135544" lon="9.172723731957376"><ele>426.29998779296875</ele></trkpt><trkpt lat="47.117728060577065" lon="9.17272169329226"><ele>426.8999938964844</ele></trkpt><trkpt lat="47.1176916025579" lon="9.172872085589916"><ele>428.29998779296875</ele></trkpt><trkpt lat="47.117660937365144" lon="9.172996304463595"><ele>430.0</ele></trkpt><trkpt lat="47.11760578863323" lon="9.173073600046337"><ele>431.5999755859375</ele></trkpt><trkpt lat="47.11749753449112" lon="9.173033189028502"><ele>433.3999938964844</ele></trkpt><trkpt lat="47.117410763166845" lon="9.173000064212829"><ele>435.0999755859375</ele></trkpt><trkpt lat="47.11732399184257" lon="9.172966939397156"><ele>436.3999938964844</ele></trkpt><trkpt lat="47.117236321326345" lon="9.172933785710484"><ele>437.1999816894531</ele></trkpt><trkpt lat="47.11714955000207" lon="9.172900660894811"><ele>437.79998779296875</ele></trkpt><trkpt lat="47.11713395034894" lon="9.172741994727403"><ele>438.0999755859375</ele></trkpt><trkpt lat="47.1170811871998" lon="9.172661205288023"><ele>438.5999755859375</ele></trkpt><trkpt lat="47.116963686421514" lon="9.172696940600872"><ele>439.29998779296875</ele></trkpt><trkpt lat="47.116917530074716" lon="9.172774525824934"><ele>439.0999755859375</ele></trkpt><trkpt lat="47.1168285375461" lon="9.172709697391838"><ele>439.0</ele></trkpt><trkpt lat="47.11674845870584" lon="9.172650430351496"><ele>440.8999938964844</ele></trkpt><trkpt lat="47.116622442845255" lon="9.172654258087277"><ele>443.29998779296875</ele></trkpt><trkpt lat="47.116532436572015" lon="9.172656615264714"><ele>444.79998779296875</ele></trkpt><trkpt lat="47.116459054872394" lon="9.172630515415221"><ele>446.0999755859375</ele></trkpt><trkpt lat="47.116371364332736" lon="9.172598680015653"><ele>446.29998779296875</ele></trkpt><trkpt lat="47.116350109223276" lon="9.172695522662252"><ele>446.0999755859375</ele></trkpt><trkpt lat="47.11632302124053" lon="9.172821172513068"><ele>447.0999755859375</ele></trkpt><trkpt lat="47.11619712412357" lon="9.172817095648497"><ele>448.5999755859375</ele></trkpt><trkpt lat="47.11624849587679" lon="9.172990097664297"><ele>449.5999755859375</ele></trkpt><trkpt lat="47.116220921278" lon="9.173028744291514"><ele>450.1999816894531</ele></trkpt><trkpt lat="47.11614257236943" lon="9.17285486869514"><ele>451.0999755859375</ele></trkpt><trkpt lat="47.116034858860075" lon="9.17283820034936"><ele>451.79998779296875</ele></trkpt><trkpt lat="47.11594711942598" lon="9.172690380830318"><ele>452.29998779296875</ele></trkpt><trkpt lat="47.11588474782184" lon="9.172650140244514"><ele>454.29998779296875</ele></trkpt><trkpt lat="47.1158027513884" lon="9.172598720062524"><ele>458.0</ele></trkpt><trkpt lat="47.11571987532079" lon="9.172545954119414"><ele>460.79998779296875</ele></trkpt><trkpt lat="47.11563789844513" lon="9.172493216581643"><ele>462.1999816894531</ele></trkpt><trkpt lat="47.11555502237752" lon="9.172440450638533"><ele>463.29998779296875</ele></trkpt><trkpt lat="47.11547811282799" lon="9.172290347982198"><ele>464.29998779296875</ele></trkpt><trkpt lat="47.11542390892282" lon="9.172185791656375"><ele>465.0999755859375</ele></trkpt><trkpt lat="47.11539653362706" lon="9.172211265191436"><ele>467.0999755859375</ele></trkpt><trkpt lat="47.11529466882348" lon="9.17210516659543"><ele>470.3999938964844</ele></trkpt><trkpt lat="47.11522204242647" lon="9.172029010020196"><ele>473.3999938964844</ele></trkpt><trkpt lat="47.115148516371846" lon="9.171952824573964"><ele>476.0</ele></trkpt><trkpt lat="47.115033683832735" lon="9.171871348749846"><ele>478.79998779296875</ele></trkpt><trkpt lat="47.11495266575366" lon="9.171814690344036"><ele>481.5</ele></trkpt><trkpt lat="47.11487769894302" lon="9.171714735683054"><ele>484.0999755859375</ele></trkpt><trkpt lat="47.114811565726995" lon="9.17162561090663"><ele>486.0999755859375</ele></trkpt><trkpt lat="47.11476446129382" lon="9.17158718407154"><ele>488.0</ele></trkpt><trkpt lat="47.11468534078449" lon="9.171523998491466"><ele>490.1999816894531</ele></trkpt><trkpt lat="47.114606220275164" lon="9.17146081244573"><ele>492.0999755859375</ele></trkpt><trkpt lat="47.11452799849212" lon="9.171397656202316"><ele>493.79998779296875</ele></trkpt><trkpt lat="47.11444889800623" lon="9.171333153732121"><ele>495.5999755859375</ele></trkpt><trkpt lat="47.11436977703124" lon="9.171269968617707"><ele>497.3999938964844</ele></trkpt><trkpt lat="47.11429155571386" lon="9.171206812374294"><ele>499.0999755859375</ele></trkpt><trkpt lat="47.114212434738874" lon="9.171143627725542"><ele>501.0</ele></trkpt><trkpt lat="47.11413333378732" lon="9.171079125721008"><ele>503.0999755859375</ele></trkpt><trkpt lat="47.11405511246994" lon="9.171015970408916"><ele>505.0</ele></trkpt><trkpt lat="47.113975991494954" lon="9.170952786225826"><ele>506.8999938964844</ele></trkpt><trkpt lat="47.11392067419365" lon="9.170922002755105"><ele>508.79998779296875</ele></trkpt><trkpt lat="47.11383681837469" lon="9.170874480623752"><ele>510.5999755859375</ele></trkpt><trkpt lat="47.1137529630214" lon="9.17082695895806"><ele>512.6999816894531</ele></trkpt><trkpt lat="47.11368803167716" lon="9.170777413528413"><ele>514.6999816894531</ele></trkpt><trkpt lat="47.113608891144395" lon="9.170715547632426"><ele>516.7999877929688</ele></trkpt><trkpt lat="47.113528850954026" lon="9.170653652399778"><ele>519.0</ele></trkpt><trkpt lat="47.1134497099556" lon="9.170591786969453"><ele>521.0999755859375</ele></trkpt><trkpt lat="47.1133696497418" lon="9.170531209558249"><ele>523.1999816894531</ele></trkpt><trkpt lat="47.113290508743376" lon="9.170469344127923"><ele>525.0</ele></trkpt><trkpt lat="47.11328190518543" lon="9.170562637969851"><ele>526.7999877929688</ele></trkpt><trkpt lat="47.11326914886013" lon="9.170692699030042"><ele>529.0</ele></trkpt><trkpt lat="47.11328978417441" lon="9.170815933030099"><ele>531.2999877929688</ele></trkpt><trkpt lat="47.11331033986062" lon="9.170944435987622"><ele>533.5</ele></trkpt><trkpt lat="47.113239391706884" lon="9.17087624548003"><ele>535.0</ele></trkpt><trkpt lat="47.113201634027064" lon="9.170993636362255"><ele>536.5</ele></trkpt><trkpt lat="47.11324327532202" lon="9.171155769377947"><ele>538.8999938964844</ele></trkpt><trkpt lat="47.11327380221337" lon="9.171279323287308"><ele>541.5999755859375</ele></trkpt><trkpt lat="47.11330522829667" lon="9.171402906998992"><ele>544.0</ele></trkpt><trkpt lat="47.113336654379964" lon="9.171526490245014"><ele>546.5999755859375</ele></trkpt><trkpt lat="47.1133680799976" lon="9.171650073956698"><ele>549.1999816894531</ele></trkpt><trkpt lat="47.113399505615234" lon="9.171773657668382"><ele>551.7999877929688</ele></trkpt><trkpt lat="47.11343093123287" lon="9.171897241845727"><ele>555.0</ele></trkpt><trkpt lat="47.11344829155132" lon="9.17205859022215"><ele>558.5999755859375</ele></trkpt><trkpt lat="47.11346253147349" lon="9.172188207972795"><ele>561.5</ele></trkpt><trkpt lat="47.11346314754337" lon="9.172385916113853"><ele>563.8999938964844</ele></trkpt><trkpt lat="47.113463858142495" lon="9.172517731320113"><ele>566.1999816894531</ele></trkpt><trkpt lat="47.11346456827596" lon="9.172649546526372"><ele>567.8999938964844</ele></trkpt><trkpt lat="47.1134495488368" lon="9.172750540077686"><ele>569.0</ele></trkpt><trkpt lat="47.11343051446602" lon="9.17287907982245"><ele>570.0999755859375</ele></trkpt><trkpt lat="47.11341235972941" lon="9.173008965793997"><ele>571.7999877929688</ele></trkpt><trkpt lat="47.11339332489297" lon="9.173137505538762"><ele>573.6999816894531</ele></trkpt><trkpt lat="47.11337429052219" lon="9.173266045283526"><ele>575.3999938964844</ele></trkpt><trkpt lat="47.113330657128245" lon="9.17341487435624"><ele>576.6999816894531</ele></trkpt><trkpt lat="47.11329553509131" lon="9.173536302987486"><ele>578.0999755859375</ele></trkpt><trkpt lat="47.113260412588716" lon="9.173657731153071"><ele>580.0999755859375</ele></trkpt><trkpt lat="47.113180545624346" lon="9.173763212747872"><ele>582.5999755859375</ele></trkpt><trkpt lat="47.11311354720965" lon="9.173850660212338"><ele>585.5</ele></trkpt><trkpt lat="47.11309297615662" lon="9.17402132274583"><ele>588.6999816894531</ele></trkpt><trkpt lat="47.11304476624355" lon="9.174175274092704"><ele>591.2999877929688</ele></trkpt><trkpt lat="47.11300786444917" lon="9.174295325763524"><ele>592.7999877929688</ele></trkpt><trkpt lat="47.112928124610335" lon="9.17421366693452"><ele>594.0</ele></trkpt><trkpt lat="47.11283679725602" lon="9.174184348899871"><ele>595.0999755859375</ele></trkpt><trkpt lat="47.112749067135155" lon="9.174155147746205"><ele>596.0999755859375</ele></trkpt><trkpt lat="47.112669127993286" lon="9.174086662009358"><ele>597.0</ele></trkpt><trkpt lat="47.11261676391587" lon="9.173979533370584"><ele>598.0</ele></trkpt><trkpt lat="47.11260492634028" lon="9.173869764432311"><ele>599.0</ele></trkpt><trkpt lat="47.112591608427465" lon="9.173738860990852"><ele>600.0</ele></trkpt><trkpt lat="47.11257737129927" lon="9.173609246034175"><ele>601.0999755859375</ele></trkpt><trkpt lat="47.112534397281706" lon="9.173476064577699"><ele>602.1999816894531</ele></trkpt><trkpt lat="47.112463048193604" lon="9.173374910838902"><ele>603.3999938964844</ele></trkpt><trkpt lat="47.1123987743631" lon="9.173281894531101"><ele>604.5999755859375</ele></trkpt><trkpt lat="47.1123344800435" lon="9.17319019511342"><ele>605.7999877929688</ele></trkpt><trkpt lat="47.11227018618956" lon="9.173098496627063"><ele>606.7999877929688</ele></trkpt><trkpt lat="47.11223362991586" lon="9.17301692115143"><ele>607.7999877929688</ele></trkpt><trkpt lat="47.11218400252983" lon="9.172907247208059"><ele>608.7999877929688</ele></trkpt><trkpt lat="47.11213439470157" lon="9.172796256374568"><ele>609.8999938964844</ele></trkpt><trkpt lat="47.112084766849875" lon="9.172686582896858"><ele>611.0</ele></trkpt><trkpt lat="47.11203513899818" lon="9.17257690941915"><ele>612.1999816894531</ele></trkpt><trkpt lat="47.111967326607555" lon="9.172479826491326"><ele>613.3999938964844</ele></trkpt><trkpt lat="47.111903031822294" lon="9.172388129401952"><ele>614.5999755859375</ele></trkpt><trkpt lat="47.11187907541171" lon="9.172187036368996"><ele>616.0999755859375</ele></trkpt><trkpt lat="47.11186303803697" lon="9.172057365067303"><ele>617.2999877929688</ele></trkpt><trkpt lat="47.1118198633194" lon="9.171937358565629"><ele>618.3999938964844</ele></trkpt><trkpt lat="47.111705030314624" lon="9.171855887398124"><ele>619.5</ele></trkpt><trkpt lat="47.11162401176989" lon="9.171799232251942"><ele>620.1999816894531</ele></trkpt><trkpt lat="47.11157906288281" lon="9.171737155411392"><ele>620.7999877929688</ele></trkpt><trkpt lat="47.11151294922456" lon="9.171646718401462"><ele>621.2999877929688</ele></trkpt><trkpt lat="47.11144773475826" lon="9.171556311193854"><ele>621.8999938964844</ele></trkpt><trkpt lat="47.11131523922086" lon="9.171512487344444"><ele>622.5</ele></trkpt><trkpt lat="47.11122750816867" lon="9.171483291313052"><ele>623.0999755859375</ele></trkpt><trkpt lat="47.11113977711648" lon="9.17145409528166"><ele>623.6999816894531</ele></trkpt><trkpt lat="47.11105204652995" lon="9.171424899250269"><ele>624.2999877929688</ele></trkpt><trkpt lat="47.11096431547776" lon="9.171395703684539"><ele>624.7999877929688</ele></trkpt><trkpt lat="47.11092558177188" lon="9.17133910022676"><ele>624.6999816894531</ele></trkpt><trkpt lat="47.11086220527068" lon="9.171246117446572"><ele>624.5999755859375</ele></trkpt><trkpt lat="47.11079884832725" lon="9.171151818241924"><ele>625.5</ele></trkpt><trkpt lat="47.11073547182605" lon="9.171058836393058"><ele>626.2999877929688</ele></trkpt><trkpt lat="47.110687566921115" lon="9.17101379763335"><ele>626.6999816894531</ele></trkpt><trkpt lat="47.1106121619232" lon="9.170942829921842"><ele>627.0999755859375</ele></trkpt><trkpt lat="47.11053587729111" lon="9.170870516449213"><ele>627.5999755859375</ele></trkpt><trkpt lat="47.1104604722932" lon="9.170799549669027"><ele>628.0</ele></trkpt><trkpt lat="47.11043508257717" lon="9.170693301130086"><ele>628.1999816894531</ele></trkpt><trkpt lat="47.11047303909436" lon="9.170562744140625"><ele>628.5999755859375</ele></trkpt><trkpt lat="47.110563760623336" lon="9.17051296448335"><ele>629.0</ele></trkpt><trkpt lat="47.110617756377906" lon="9.170512075070292"><ele>629.2999877929688</ele></trkpt><trkpt lat="47.110707762651145" lon="9.170509714633226"><ele>629.5</ele></trkpt><trkpt lat="47.11079776939005" lon="9.170507354196161"><ele>629.7999877929688</ele></trkpt><trkpt lat="47.11087030638009" lon="9.170470164623111"><ele>630.0999755859375</ele></trkpt><trkpt lat="47.110917056910694" lon="9.170353069901466"><ele>630.3999938964844</ele></trkpt><trkpt lat="47.11091024801135" lon="9.170207885559648"><ele>630.5999755859375</ele></trkpt><trkpt lat="47.11086623137817" lon="9.170083901844919"><ele>630.5999755859375</ele></trkpt><trkpt lat="47.11082389391959" lon="9.169967879541218"><ele>630.5999755859375</ele></trkpt><trkpt lat="47.11080475896597" lon="9.169864468742162"><ele>630.7999877929688</ele></trkpt><trkpt lat="47.110780586022884" lon="9.169737173710018"><ele>631.2999877929688</ele></trkpt><trkpt lat="47.11075731134042" lon="9.169609907548875"><ele>631.6999816894531</ele></trkpt><trkpt lat="47.11069991067052" lon="9.169538205955178"><ele>631.7999877929688</ele></trkpt><trkpt lat="47.11063103796914" lon="9.169451637659222"><ele>631.5</ele></trkpt><trkpt lat="47.110563043970615" lon="9.169366415590048"><ele>630.5</ele></trkpt><trkpt lat="47.1104456493631" lon="9.16927564330399"><ele>628.5999755859375</ele></trkpt><trkpt lat="47.110366506967694" lon="9.169213782530278"><ele>626.6999816894531</ele></trkpt><trkpt lat="47.110286445356905" lon="9.169153209775686"><ele>625.1999816894531</ele></trkpt><trkpt lat="47.1102073029615" lon="9.169091349467635"><ele>623.8999938964844</ele></trkpt><trkpt lat="47.11015265900642" lon="9.169015784747899"><ele>623.0</ele></trkpt><trkpt lat="47.11008744221181" lon="9.168925382662565"><ele>622.5</ele></trkpt><trkpt lat="47.110022224951535" lon="9.16883498057723"><ele>622.5999755859375</ele></trkpt><trkpt lat="47.10998842306435" lon="9.168749547097832"><ele>622.5999755859375</ele></trkpt><trkpt lat="47.10994426626712" lon="9.168634787201881"><ele>622.2999877929688</ele></trkpt><trkpt lat="47.10993388434872" lon="9.168547474779189"><ele>621.7999877929688</ele></trkpt><trkpt lat="47.10991874150932" lon="9.168417838402092"><ele>620.8999938964844</ele></trkpt><trkpt lat="47.109903598669916" lon="9.168288201559335"><ele>620.1999816894531</ele></trkpt><trkpt lat="47.109888455830514" lon="9.168158565182239"><ele>620.0999755859375</ele></trkpt><trkpt lat="47.10990634094924" lon="9.16798650752753"><ele>620.5</ele></trkpt><trkpt lat="47.10991999460384" lon="9.167856483254582"><ele>621.2999877929688</ele></trkpt><trkpt lat="47.109956758096814" lon="9.16780495736748"><ele>621.3999938964844</ele></trkpt><trkpt lat="47.110040112864226" lon="9.167826098389924"><ele>621.2999877929688</ele></trkpt><trkpt lat="47.110128823667765" lon="9.167850048281252"><ele>622.5</ele></trkpt><trkpt lat="47.11021755402908" lon="9.16787268128246"><ele>623.8999938964844</ele></trkpt><trkpt lat="47.11030628485605" lon="9.167895314283669"><ele>624.8999938964844</ele></trkpt><trkpt lat="47.11038114223629" lon="9.167883235495538"><ele>626.1999816894531</ele></trkpt><trkpt lat="47.11047042813152" lon="9.167868987191468"><ele>627.2999877929688</ele></trkpt><trkpt lat="47.11055971356109" lon="9.167854738421738"><ele>627.7999877929688</ele></trkpt><trkpt lat="47.110648999456316" lon="9.167840489652008"><ele>628.7999877929688</ele></trkpt><trkpt lat="47.110769593622535" lon="9.167778491508216"><ele>630.5999755859375</ele></trkpt><trkpt lat="47.110853920225054" lon="9.167735090013593"><ele>632.3999938964844</ele></trkpt><trkpt lat="47.11093914555386" lon="9.167691717389971"><ele>633.8999938964844</ele></trkpt><trkpt lat="47.11108004627749" lon="9.16765541350469"><ele>635.5</ele></trkpt><trkpt lat="47.11116857174784" lon="9.167631914839149"><ele>637.0999755859375</ele></trkpt><trkpt lat="47.11125707719475" lon="9.167609733529389"><ele>638.8999938964844</ele></trkpt><trkpt lat="47.111345602199435" lon="9.167586234398186"><ele>640.6999816894531</ele></trkpt><trkpt lat="47.11139789177105" lon="9.167519394308329"><ele>642.8999938964844</ele></trkpt><trkpt lat="47.111464886926115" lon="9.167431942652911"><ele>645.0999755859375</ele></trkpt><trkpt lat="47.11147458571941" lon="9.167325508780777"><ele>646.5999755859375</ele></trkpt><trkpt lat="47.1114864400588" lon="9.167195422574878"><ele>647.5999755859375</ele></trkpt><trkpt lat="47.11154791992158" lon="9.167115699499846"><ele>648.3999938964844</ele></trkpt><trkpt lat="47.11161491414532" lon="9.167028246913105"><ele>648.6999816894531</ele></trkpt><trkpt lat="47.11167806107551" lon="9.167017105966806"><ele>648.8999938964844</ele></trkpt><trkpt lat="47.11172401579097" lon="9.166952695697546"><ele>649.8999938964844</ele></trkpt><trkpt lat="47.11177805159241" lon="9.166949168778956"><ele>651.5999755859375</ele></trkpt><trkpt lat="47.11186809791252" lon="9.166944168042392"><ele>653.5999755859375</ele></trkpt><trkpt lat="47.111923199146986" lon="9.166989436838776"><ele>656.0</ele></trkpt><trkpt lat="47.11200140416622" lon="9.167053902056068"><ele>659.0</ele></trkpt><trkpt lat="47.11209992831573" lon="9.167083440348506"><ele>662.1999816894531</ele></trkpt><trkpt lat="47.11212795693427" lon="9.167014497797936"><ele>665.0999755859375</ele></trkpt><trkpt lat="47.11217464506626" lon="9.16690134909004"><ele>667.8999938964844</ele></trkpt><trkpt lat="47.11217962950468" lon="9.166809258516878"><ele>670.6999816894531</ele></trkpt><trkpt lat="47.112187006976455" lon="9.166677708737552"><ele>673.5</ele></trkpt><trkpt lat="47.112214975990355" lon="9.166612717323005"><ele>674.6999816894531</ele></trkpt><trkpt lat="47.11234794091433" lon="9.166565610095859"><ele>674.0999755859375</ele></trkpt><trkpt lat="47.11243476625532" lon="9.166535464581102"><ele>674.1999816894531</ele></trkpt><trkpt lat="47.112522510346025" lon="9.166504031047225"><ele>675.1999816894531</ele></trkpt><trkpt lat="47.11259564105421" lon="9.166427317075431"><ele>676.6999816894531</ele></trkpt><trkpt lat="47.11266877129674" lon="9.166350603103638"><ele>678.1999816894531</ele></trkpt><trkpt lat="47.112741901539266" lon="9.166273889131844"><ele>678.8999938964844</ele></trkpt><trkpt lat="47.11280575348064" lon="9.166156020015478"><ele>679.2999877929688</ele></trkpt><trkpt lat="47.112861294299364" lon="9.166052379645407"><ele>679.5</ele></trkpt><trkpt lat="47.112917714286596" lon="9.165950085502118"><ele>679.6999816894531</ele></trkpt><trkpt lat="47.112973254639655" lon="9.165846445132047"><ele>680.0999755859375</ele></trkpt><trkpt lat="47.11308769136667" lon="9.165775015484542"><ele>680.5999755859375</ele></trkpt><trkpt lat="47.11317123612389" lon="9.165723675861955"><ele>681.2999877929688</ele></trkpt><trkpt lat="47.11325388168916" lon="9.165672307368368"><ele>682.1999816894531</ele></trkpt><trkpt lat="47.11333652725443" lon="9.165620938874781"><ele>683.0</ele></trkpt><trkpt lat="47.1134082460776" lon="9.165458512492478"><ele>683.5</ele></trkpt><trkpt lat="47.11345758987591" lon="9.165348080918193"><ele>683.5999755859375</ele></trkpt><trkpt lat="47.11347478907555" lon="9.165161491371691"><ele>683.3999938964844</ele></trkpt><trkpt lat="47.11348666017875" lon="9.165030082222074"><ele>683.2999877929688</ele></trkpt><trkpt lat="47.113498511724174" lon="9.1648999908939"><ele>683.0999755859375</ele></trkpt><trkpt lat="47.11351038282737" lon="9.164768581744283"><ele>682.8999938964844</ele></trkpt><trkpt lat="47.11352223344147" lon="9.164638489950448"><ele>682.5999755859375</ele></trkpt><trkpt lat="47.11355006461963" lon="9.164462785702199"><ele>682.2999877929688</ele></trkpt><trkpt lat="47.113570888061076" lon="9.164334300905466"><ele>682.0</ele></trkpt><trkpt lat="47.11359171150252" lon="9.164205816108733"><ele>681.6999816894531</ele></trkpt><trkpt lat="47.11364377196878" lon="9.164094152394682"><ele>681.5</ele></trkpt><trkpt lat="47.11369399400428" lon="9.163985065184534"><ele>681.3999938964844</ele></trkpt><trkpt lat="47.11376931658015" lon="9.163882058579475"><ele>681.3999938964844</ele></trkpt><trkpt lat="47.11383454920724" lon="9.16379190562293"><ele>681.3999938964844</ele></trkpt><trkpt lat="47.113899781834334" lon="9.163701752200723"><ele>681.5999755859375</ele></trkpt><trkpt lat="47.113965913653374" lon="9.163611628115177"><ele>681.6999816894531</ele></trkpt><trkpt lat="47.11403114628047" lon="9.16352147422731"><ele>681.7999877929688</ele></trkpt><trkpt lat="47.11409727809951" lon="9.163431349210441"><ele>681.7999877929688</ele></trkpt><trkpt lat="47.11416251026094" lon="9.163341195322573"><ele>681.3999938964844</ele></trkpt><trkpt lat="47.11422763392329" lon="9.163198319729418"><ele>680.5999755859375</ele></trkpt><trkpt lat="47.11424118280411" lon="9.163074870128185"><ele>679.7999877929688</ele></trkpt><trkpt lat="47.11425662878901" lon="9.162944891955703"><ele>679.0999755859375</ele></trkpt><trkpt lat="47.11427117558196" lon="9.162814884912223"><ele>678.1999816894531</ele></trkpt><trkpt lat="47.114285721909255" lon="9.16268487740308"><ele>677.3999938964844</ele></trkpt><trkpt lat="47.11430026823655" lon="9.162554869893938"><ele>676.7999877929688</ele></trkpt><trkpt lat="47.114365983754396" lon="9.162372474558651"><ele>676.0</ele></trkpt><trkpt lat="47.11447587236762" lon="9.162244217470288"><ele>675.0</ele></trkpt><trkpt lat="47.11458123475313" lon="9.162177757825702"><ele>674.0</ele></trkpt><trkpt lat="47.11466389801353" lon="9.162125064991415"><ele>673.1999816894531</ele></trkpt><trkpt lat="47.11474656127393" lon="9.162072371691465"><ele>672.2999877929688</ele></trkpt><trkpt lat="47.11482920497656" lon="9.162020995747298"><ele>671.5</ele></trkpt><trkpt lat="47.1149118677713" lon="9.161968301981688"><ele>670.3999938964844</ele></trkpt><trkpt lat="47.11500619165599" lon="9.161857993341982"><ele>669.1999816894531</ele></trkpt><trkpt lat="47.11507669975981" lon="9.161775913555175"><ele>668.0999755859375</ele></trkpt><trkpt lat="47.115145951509476" lon="9.161597581580281"><ele>667.0999755859375</ele></trkpt><trkpt lat="47.115189955569804" lon="9.161483017262071"><ele>666.0999755859375</ele></trkpt><trkpt lat="47.115234858356416" lon="9.1613684813492"><ele>665.2999877929688</ele></trkpt><trkpt lat="47.11527888150886" lon="9.161252599209547"><ele>664.3999938964844</ele></trkpt><trkpt lat="47.115322885103524" lon="9.161138034425676"><ele>663.5</ele></trkpt><trkpt lat="47.115367787424475" lon="9.161023498047143"><ele>662.6999816894531</ele></trkpt><trkpt lat="47.11541179055348" lon="9.16090893279761"><ele>661.8999938964844</ele></trkpt><trkpt lat="47.115455793682486" lon="9.160794367082417"><ele>661.1999816894531</ele></trkpt><trkpt lat="47.11550069600344" lon="9.160679830238223"><ele>660.5</ele></trkpt><trkpt lat="47.11554469913244" lon="9.16056526452303"><ele>660.0</ele></trkpt><trkpt lat="47.11561802215874" lon="9.160475364420563"><ele>659.5</ele></trkpt><trkpt lat="47.11565754842013" lon="9.160359336528927"><ele>659.3999938964844</ele></trkpt><trkpt lat="47.11569799343124" lon="9.160242019686848"><ele>659.5</ele></trkpt><trkpt lat="47.11573755927384" lon="9.160123356617987"><ele>659.7999877929688</ele></trkpt><trkpt lat="47.11577800428495" lon="9.160006039775908"><ele>660.6999816894531</ele></trkpt><trkpt lat="47.11578096449375" lon="9.159808439202607"><ele>661.8999938964844</ele></trkpt><trkpt lat="47.11578293796629" lon="9.159676705952734"><ele>662.6999816894531</ele></trkpt><trkpt lat="47.115816393867135" lon="9.159485357347876"><ele>663.0999755859375</ele></trkpt><trkpt lat="47.11583899054676" lon="9.159358240198344"><ele>663.7999877929688</ele></trkpt><trkpt lat="47.115860688034445" lon="9.159231094177812"><ele>664.2999877929688</ele></trkpt><trkpt lat="47.11588330473751" lon="9.159102659672499"><ele>664.2999877929688</ele></trkpt><trkpt lat="47.115905900951475" lon="9.158975542057306"><ele>663.7999877929688</ele></trkpt><trkpt lat="47.11592761753127" lon="9.15884707821533"><ele>663.2999877929688</ele></trkpt><trkpt lat="47.115950213745236" lon="9.158719960600138"><ele>663.0</ele></trkpt><trkpt lat="47.11598618840799" lon="9.158540553878993"><ele>663.0999755859375</ele></trkpt><trkpt lat="47.116012380924076" lon="9.158413551282138"><ele>663.2999877929688</ele></trkpt><trkpt lat="47.116037655156106" lon="9.158287837635726"><ele>663.8999938964844</ele></trkpt><trkpt lat="47.11609433218837" lon="9.158107777126133"><ele>665.0</ele></trkpt><trkpt lat="47.11613211687654" lon="9.157987736631185"><ele>666.1999816894531</ele></trkpt><trkpt lat="47.11612067790702" lon="9.157850299496204"><ele>667.0999755859375</ele></trkpt><trkpt lat="47.116110938601196" lon="9.157719506882131"><ele>667.6999816894531</ele></trkpt><trkpt lat="47.116100300103426" lon="9.15758868586272"><ele>668.5</ele></trkpt><trkpt lat="47.116089661139995" lon="9.157457864843309"><ele>669.5</ele></trkpt><trkpt lat="47.116079022642225" lon="9.157327043823898"><ele>670.5</ele></trkpt><trkpt lat="47.116053620819" lon="9.157220790162683"><ele>671.1999816894531</ele></trkpt><trkpt lat="47.116019514855" lon="9.157155114691705"><ele>671.3999938964844</ele></trkpt><trkpt lat="47.11596529651433" lon="9.157050572801381"><ele>671.8999938964844</ele></trkpt><trkpt lat="47.11591107863933" lon="9.156946030911058"><ele>672.8999938964844</ele></trkpt><trkpt lat="47.115856860764325" lon="9.156841489486396"><ele>673.8999938964844</ele></trkpt><trkpt lat="47.11580176278949" lon="9.156735602300614"><ele>675.0</ele></trkpt><trkpt lat="47.11574754444882" lon="9.156631060875952"><ele>676.0</ele></trkpt><trkpt lat="47.115713346749544" lon="9.156511346809566"><ele>676.6999816894531</ele></trkpt><trkpt lat="47.11567918770015" lon="9.156388998031616"><ele>677.0</ele></trkpt><trkpt lat="47.11564502865076" lon="9.156266649253666"><ele>677.0</ele></trkpt><trkpt lat="47.11561084957793" lon="9.156145617831498"><ele>677.0999755859375</ele></trkpt><trkpt lat="47.11557669006288" lon="9.15602326951921"><ele>676.8999938964844</ele></trkpt><trkpt lat="47.11554251099005" lon="9.155902238562703"><ele>676.5999755859375</ele></trkpt><trkpt lat="47.11550835100934" lon="9.155779890250415"><ele>675.7999877929688</ele></trkpt><trkpt lat="47.115411340259016" lon="9.155648936983198"><ele>674.5</ele></trkpt><trkpt lat="47.11534521356225" lon="9.155558513011783"><ele>673.5</ele></trkpt><trkpt lat="47.11527906730771" lon="9.155469406861812"><ele>672.7999877929688</ele></trkpt><trkpt lat="47.11520512867719" lon="9.15529965609312"><ele>672.6999816894531</ele></trkpt><trkpt lat="47.115157302469015" lon="9.155188732780516"><ele>673.5999755859375</ele></trkpt><trkpt lat="47.11514187511057" lon="9.15501690423116"><ele>674.5999755859375</ele></trkpt><trkpt lat="47.11517042759806" lon="9.154912383295596"><ele>675.2999877929688</ele></trkpt><trkpt lat="47.115224645938724" lon="9.154836361762136"><ele>676.0999755859375</ele></trkpt><trkpt lat="47.11528989113867" lon="9.154744878411293"><ele>677.0999755859375</ele></trkpt><trkpt lat="47.11533560836688" lon="9.154635635204613"><ele>677.6999816894531</ele></trkpt><trkpt lat="47.11538316309452" lon="9.154523814562708"><ele>677.8999938964844</ele></trkpt><trkpt lat="47.11545694852248" lon="9.1544629172422"><ele>678.0999755859375</ele></trkpt><trkpt lat="47.115536188241094" lon="9.154398240149021"><ele>678.3999938964844</ele></trkpt><trkpt lat="47.11561450920999" lon="9.154334851540625"><ele>678.7999877929688</ele></trkpt><trkpt lat="47.11569285020232" lon="9.154270145576447"><ele>679.0999755859375</ele></trkpt><trkpt lat="47.115742242429405" lon="9.154155747033656"><ele>678.8999938964844</ele></trkpt><trkpt lat="47.1157906758599" lon="9.154045271221548"><ele>678.3999938964844</ele></trkpt><trkpt lat="47.11583912931383" lon="9.15393347805366"><ele>678.0</ele></trkpt><trkpt lat="47.115886663552374" lon="9.15382297290489"><ele>677.7999877929688</ele></trkpt><trkpt lat="47.1159351170063" lon="9.15371117927134"><ele>677.6999816894531</ele></trkpt><trkpt lat="47.116017039399594" lon="9.153587277978659"><ele>677.7999877929688</ele></trkpt><trkpt lat="47.116079645231366" lon="9.153491752687842"><ele>678.1999816894531</ele></trkpt><trkpt lat="47.116141331382096" lon="9.153397516347468"><ele>678.6999816894531</ele></trkpt><trkpt lat="47.11620393674821" lon="9.15330199059099"><ele>679.1999816894531</ele></trkpt><trkpt lat="47.11626652255654" lon="9.153207782190293"><ele>679.5999755859375</ele></trkpt><trkpt lat="47.116298301611096" lon="9.15306777600199"><ele>680.0999755859375</ele></trkpt><trkpt lat="47.11632624780759" lon="9.152943462599069"><ele>680.5</ele></trkpt><trkpt lat="47.11635511275381" lon="9.152817860711366"><ele>680.5999755859375</ele></trkpt><trkpt lat="47.116383058950305" lon="9.152693546842784"><ele>680.6999816894531</ele></trkpt><trkpt lat="47.11641192343086" lon="9.15256794448942"><ele>681.0</ele></trkpt><trkpt lat="47.116439869161695" lon="9.152443630620837"><ele>681.3999938964844</ele></trkpt><trkpt lat="47.11646873364225" lon="9.152318027801812"><ele>682.0</ele></trkpt><trkpt lat="47.11653376510367" lon="9.15218040253967"><ele>682.8999938964844</ele></trkpt><trkpt lat="47.1165848756209" lon="9.152071327436715"><ele>683.7999877929688</ele></trkpt><trkpt lat="47.1166359661147" lon="9.15196356922388"><ele>684.5999755859375</ele></trkpt><trkpt lat="47.11668707616627" lon="9.151854493655264"><ele>684.8999938964844</ele></trkpt><trkpt lat="47.11673816619441" lon="9.151746734976768"><ele>684.7999877929688</ele></trkpt><trkpt lat="47.11679955665022" lon="9.151672255713493"><ele>684.3999938964844</ele></trkpt><trkpt lat="47.11686919722706" lon="9.151587495580316"><ele>683.6999816894531</ele></trkpt><trkpt lat="47.116938818246126" lon="9.151504053268582"><ele>682.8999938964844</ele></trkpt><trkpt lat="47.11700755963102" lon="9.151419264264405"><ele>682.2999877929688</ele></trkpt><trkpt lat="47.117077180650085" lon="9.151335821021348"><ele>682.2999877929688</ele></trkpt><trkpt lat="47.11709196958691" lon="9.151188678108156"><ele>682.6999816894531</ele></trkpt><trkpt lat="47.117104704491794" lon="9.151058603543788"><ele>683.3999938964844</ele></trkpt><trkpt lat="47.11711745895445" lon="9.150927211623639"><ele>684.0</ele></trkpt><trkpt lat="47.11713019385934" lon="9.150797137059271"><ele>684.5999755859375</ele></trkpt><trkpt lat="47.117201754357666" lon="9.150643900968134"><ele>685.1999816894531</ele></trkpt><trkpt lat="47.11725196382031" lon="9.150534794200212"><ele>685.6999816894531</ele></trkpt><trkpt lat="47.1173030724749" lon="9.150425715837628"><ele>686.1999816894531</ele></trkpt><trkpt lat="47.11735328193754" lon="9.150316608604044"><ele>687.0999755859375</ele></trkpt><trkpt lat="47.11727084685117" lon="9.150233575608581"><ele>688.6999816894531</ele></trkpt><trkpt lat="47.1171972672455" lon="9.150160051416606"><ele>690.5</ele></trkpt><trkpt lat="47.11712280754" lon="9.150085181929171"><ele>691.6999816894531</ele></trkpt><trkpt lat="47.117052036337554" lon="9.150125095620751"><ele>692.1999816894531</ele></trkpt><trkpt lat="47.11696855770424" lon="9.150172511581331"><ele>692.7999877929688</ele></trkpt><trkpt lat="47.11684128968045" lon="9.150200075469911"><ele>693.8999938964844</ele></trkpt><trkpt lat="47.11675194790587" lon="9.150218307506293"><ele>695.2999877929688</ele></trkpt><trkpt lat="47.116679983679205" lon="9.150277953129262"><ele>696.6999816894531</ele></trkpt><trkpt lat="47.11660252511501" lon="9.150344012770802"><ele>698.0</ele></trkpt><trkpt lat="47.11652418691665" lon="9.150408725719899"><ele>698.5999755859375</ele></trkpt><trkpt lat="47.1165337683633" lon="9.15036949235946"><ele>699.2999877929688</ele></trkpt><trkpt lat="47.11645224550739" lon="9.150406426284462"><ele>700.8999938964844</ele></trkpt><trkpt lat="47.11638022586703" lon="9.150409396272153"><ele>702.8999938964844</ele></trkpt><trkpt lat="47.11629020050168" lon="9.150413108523935"><ele>705.0</ele></trkpt><trkpt lat="47.116200156044215" lon="9.1504181381315"><ele>707.2999877929688</ele></trkpt><trkpt lat="47.116110131144524" lon="9.150421850383282"><ele>709.5999755859375</ele></trkpt><trkpt lat="47.11602998198941" lon="9.150366569403559"><ele>711.5</ele></trkpt><trkpt lat="47.11604198999703" lon="9.150285239331424"><ele>712.5</ele></trkpt><trkpt lat="47.116060100030154" lon="9.150156656745821"><ele>713.0999755859375</ele></trkpt><trkpt lat="47.116120361723006" lon="9.149976702407002"><ele>713.8999938964844</ele></trkpt><trkpt lat="47.116159916389734" lon="9.149858030956239"><ele>714.6999816894531</ele></trkpt><trkpt lat="47.11619945149869" lon="9.149740676395595"><ele>715.3999938964844</ele></trkpt><trkpt lat="47.116239006631076" lon="9.14962200447917"><ele>716.0</ele></trkpt><trkpt lat="47.116257292218506" lon="9.14948156522587"><ele>716.6999816894531</ele></trkpt><trkpt lat="47.11627362249419" lon="9.149351607542485"><ele>717.3999938964844</ele></trkpt><trkpt lat="47.116289952769876" lon="9.14922164939344"><ele>718.1999816894531</ele></trkpt><trkpt lat="47.11630716221407" lon="9.149093037005514"><ele>718.8999938964844</ele></trkpt><trkpt lat="47.116323492024094" lon="9.148963078856468"><ele>719.5999755859375</ele></trkpt><trkpt lat="47.11633982183412" lon="9.148833120241761"><ele>720.2999877929688</ele></trkpt><trkpt lat="47.11635703081265" lon="9.148704507853836"><ele>720.8999938964844</ele></trkpt><trkpt lat="47.11637336015701" lon="9.14857454970479"><ele>721.5</ele></trkpt><trkpt lat="47.116389689501375" lon="9.148444591090083"><ele>722.0999755859375</ele></trkpt><trkpt lat="47.11640689801425" lon="9.148315978236496"><ele>722.7999877929688</ele></trkpt><trkpt lat="47.11642322735861" lon="9.14818601962179"><ele>723.5999755859375</ele></trkpt><trkpt lat="47.11643955623731" lon="9.148056061007082"><ele>724.7999877929688</ele></trkpt><trkpt lat="47.11645676428452" lon="9.147927448153496"><ele>725.6999816894531</ele></trkpt><trkpt lat="47.11647309269756" lon="9.147797489073128"><ele>726.3999938964844</ele></trkpt><trkpt lat="47.11650656396523" lon="9.147724750451744"><ele>726.6999816894531</ele></trkpt><trkpt lat="47.116556770633906" lon="9.147615641821176"><ele>726.6999816894531</ele></trkpt><trkpt lat="47.116660931613296" lon="9.147568882908672"><ele>726.5</ele></trkpt><trkpt lat="47.11674698954448" lon="9.147529453970492"><ele>726.3999938964844</ele></trkpt><trkpt lat="47.116852247621864" lon="9.147408921737224"><ele>726.5</ele></trkpt><trkpt lat="47.11692272592336" lon="9.147328137420118"><ele>726.6999816894531</ele></trkpt><trkpt lat="47.1169941034168" lon="9.14724738150835"><ele>726.8999938964844</ele></trkpt><trkpt lat="47.11704131774604" lon="9.147157946135849"><ele>727.1999816894531</ele></trkpt><trkpt lat="47.117095961701125" lon="9.14705293206498"><ele>727.6999816894531</ele></trkpt><trkpt lat="47.11712972773239" lon="9.1468998035416"><ele>728.5</ele></trkpt><trkpt lat="47.1171576869674" lon="9.146774167660624"><ele>728.7999877929688</ele></trkpt><trkpt lat="47.11718562617898" lon="9.146649849135429"><ele>728.7999877929688</ele></trkpt><trkpt lat="47.117212685756385" lon="9.14652418391779"><ele>728.3999938964844</ele></trkpt><trkpt lat="47.117240644060075" lon="9.146398547571152"><ele>728.0</ele></trkpt><trkpt lat="47.117252356838435" lon="9.146276346873492"><ele>727.8999938964844</ele></trkpt><trkpt lat="47.11726510571316" lon="9.146144953090698"><ele>728.0</ele></trkpt><trkpt lat="47.11727783503011" lon="9.146014876663685"><ele>728.2999877929688</ele></trkpt><trkpt lat="47.11728966515511" lon="9.145884771831334"><ele>728.6999816894531</ele></trkpt><trkpt lat="47.117302413564175" lon="9.14575337804854"><ele>729.5</ele></trkpt><trkpt lat="47.117315142881125" lon="9.145623301621526"><ele>730.3999938964844</ele></trkpt><trkpt lat="47.11733273882419" lon="9.14552896656096"><ele>731.0999755859375</ele></trkpt><trkpt lat="47.117355320136994" lon="9.145401840098202"><ele>731.7999877929688</ele></trkpt><trkpt lat="47.11737880110741" lon="9.145274742040783"><ele>732.5999755859375</ele></trkpt><trkpt lat="47.11740228161216" lon="9.145147644449025"><ele>733.3999938964844</ele></trkpt><trkpt lat="47.11742576211691" lon="9.145020545925945"><ele>733.8999938964844</ele></trkpt><trkpt lat="47.117449242156" lon="9.144893447868526"><ele>734.5999755859375</ele></trkpt><trkpt lat="47.11747272219509" lon="9.144766349345446"><ele>735.2999877929688</ele></trkpt><trkpt lat="47.11749622179195" lon="9.144637933466583"><ele>735.8999938964844</ele></trkpt><trkpt lat="47.117518802173436" lon="9.144510806538165"><ele>736.3999938964844</ele></trkpt><trkpt lat="47.117542282212526" lon="9.144383708015084"><ele>737.5</ele></trkpt><trkpt lat="47.117565761785954" lon="9.144256609026343"><ele>739.0</ele></trkpt><trkpt lat="47.11758924135938" lon="9.144129510503262"><ele>740.0</ele></trkpt><trkpt lat="47.11756853898987" lon="9.143948283977807"><ele>740.5</ele></trkpt><trkpt lat="47.1175542678684" lon="9.143818664364517"><ele>741.1999816894531</ele></trkpt><trkpt lat="47.11753909755498" lon="9.14368901681155"><ele>742.0</ele></trkpt><trkpt lat="47.117524845991284" lon="9.14355808030814"><ele>742.5999755859375</ele></trkpt><trkpt lat="47.117509675212204" lon="9.143428432289511"><ele>742.5999755859375</ele></trkpt><trkpt lat="47.11754267429933" lon="9.14326605014503"><ele>742.8999938964844</ele></trkpt><trkpt lat="47.11756793130189" lon="9.143140325322747"><ele>743.7999877929688</ele></trkpt><trkpt lat="47.11761985486373" lon="9.143097165971994"><ele>744.1999816894531</ele></trkpt><trkpt lat="47.11769820842892" lon="9.143031123559922"><ele>744.0</ele></trkpt><trkpt lat="47.11777654243633" lon="9.142966398503631"><ele>743.8999938964844</ele></trkpt><trkpt lat="47.11785399680957" lon="9.14290032722056"><ele>743.8999938964844</ele></trkpt><trkpt lat="47.117932330816984" lon="9.142835601698607"><ele>744.0999755859375</ele></trkpt><trkpt lat="47.11800806457177" lon="9.1427035741508"><ele>744.6999816894531</ele></trkpt><trkpt lat="47.11806624243036" lon="9.142602620180696"><ele>745.5999755859375</ele></trkpt><trkpt lat="47.11812440119684" lon="9.142502983566374"><ele>746.5999755859375</ele></trkpt><trkpt lat="47.118181680329144" lon="9.14240200072527"><ele>748.0</ele></trkpt><trkpt lat="47.118239858187735" lon="9.142301046289504"><ele>749.5</ele></trkpt><trkpt lat="47.11829803651199" lon="9.142200091388077"><ele>750.5999755859375</ele></trkpt><trkpt lat="47.11835621390492" lon="9.14209913648665"><ele>751.0</ele></trkpt><trkpt lat="47.11841439176351" lon="9.141998181119561"><ele>751.0999755859375</ele></trkpt><trkpt lat="47.11847165040672" lon="9.141898514237255"><ele>751.0999755859375</ele></trkpt><trkpt lat="47.11852982779965" lon="9.141797558404505"><ele>751.0999755859375</ele></trkpt><trkpt lat="47.11858800519258" lon="9.141696602571756"><ele>751.3999938964844</ele></trkpt><trkpt lat="47.118660550098866" lon="9.141536791808903"><ele>752.1999816894531</ele></trkpt><trkpt lat="47.11871077073738" lon="9.141426356043667"><ele>753.0999755859375</ele></trkpt><trkpt lat="47.11876097135246" lon="9.141317237634212"><ele>754.2999877929688</ele></trkpt><trkpt lat="47.118810292333364" lon="9.141206772997975"><ele>755.5</ele></trkpt><trkpt lat="47.11886049294844" lon="9.14109765412286"><ele>756.5999755859375</ele></trkpt><trkpt lat="47.11890981392935" lon="9.140987189020962"><ele>757.3999938964844</ele></trkpt><trkpt lat="47.118960014078766" lon="9.140878069214523"><ele>757.5999755859375</ele></trkpt><trkpt lat="47.11900395946577" lon="9.140826744958758"><ele>757.0999755859375</ele></trkpt><trkpt lat="47.119074433110654" lon="9.140745948068798"><ele>755.5999755859375</ele></trkpt><trkpt lat="47.119145825039595" lon="9.140663862228394"><ele>754.0</ele></trkpt><trkpt lat="47.11921629821882" lon="9.140583065338433"><ele>752.6999816894531</ele></trkpt><trkpt lat="47.119253205601126" lon="9.140520971734077"><ele>751.5999755859375</ele></trkpt><trkpt lat="47.119313140865415" lon="9.1404227046296"><ele>750.3999938964844</ele></trkpt><trkpt lat="47.119373076129705" lon="9.140324437525123"><ele>749.0999755859375</ele></trkpt><trkpt lat="47.119489097967744" lon="9.14020554581657"><ele>747.5999755859375</ele></trkpt><trkpt lat="47.119563109241426" lon="9.140128814149648"><ele>746.0999755859375</ele></trkpt><trkpt lat="47.119637101422995" lon="9.140053399838507"><ele>745.0999755859375</ele></trkpt><trkpt lat="47.11971019394696" lon="9.139977956656367"><ele>744.0</ele></trkpt><trkpt lat="47.119784185662866" lon="9.139902541879565"><ele>742.8999938964844</ele></trkpt><trkpt lat="47.11982247978449" lon="9.139807539992034"><ele>742.0999755859375</ele></trkpt><trkpt lat="47.119868240784854" lon="9.139694322366267"><ele>741.6999816894531</ele></trkpt><trkpt lat="47.11988862697035" lon="9.139593478757888"><ele>741.3999938964844</ele></trkpt><trkpt lat="47.1199138998054" lon="9.139466429129243"><ele>741.1999816894531</ele></trkpt><trkpt lat="47.11993825342506" lon="9.139340668451041"><ele>740.7999877929688</ele></trkpt><trkpt lat="47.11996352579445" lon="9.139213618822396"><ele>740.1999816894531</ele></trkpt><trkpt lat="47.119988778140396" lon="9.139087886083871"><ele>739.5</ele></trkpt><trkpt lat="47.12001405004412" lon="9.138960835989565"><ele>738.6999816894531</ele></trkpt><trkpt lat="47.1200752123259" lon="9.13877956662327"><ele>737.7999877929688</ele></trkpt><trkpt lat="47.12011563498527" lon="9.13866222370416"><ele>736.5</ele></trkpt><trkpt lat="47.120155178010464" lon="9.138543534558266"><ele>735.3999938964844</ele></trkpt><trkpt lat="47.120170793961734" lon="9.13846099190414"><ele>734.7999877929688</ele></trkpt><trkpt lat="47.12019426655024" lon="9.138333884067833"><ele>734.0999755859375</ele></trkpt><trkpt lat="47.120159305632114" lon="9.138203602749854"><ele>732.8999938964844</ele></trkpt><trkpt lat="47.120126026216894" lon="9.138081283774227"><ele>731.6999816894531</ele></trkpt><trkpt lat="47.120071361772716" lon="9.13800573674962"><ele>730.7999877929688</ele></trkpt><trkpt lat="47.12000612076372" lon="9.137915355619043"><ele>729.8999938964844</ele></trkpt><trkpt lat="47.11994087928906" lon="9.137824974488467"><ele>728.7999877929688</ele></trkpt><trkpt lat="47.1198764173314" lon="9.13768189586699"><ele>728.2999877929688</ele></trkpt><trkpt lat="47.11982767470181" lon="9.137570949736983"><ele>728.8999938964844</ele></trkpt><trkpt lat="47.1198022547178" lon="9.137464698404074"><ele>730.0999755859375</ele></trkpt><trkpt lat="47.11981354933232" lon="9.137370156589895"><ele>731.5</ele></trkpt><trkpt lat="47.119828067254275" lon="9.13724012952298"><ele>732.5999755859375</ele></trkpt><trkpt lat="47.119843484368175" lon="9.13711013039574"><ele>732.8999938964844</ele></trkpt><trkpt lat="47.11981884250417" lon="9.13695118110627"><ele>732.0999755859375</ele></trkpt><trkpt lat="47.1197664430365" lon="9.136844073887914"><ele>730.5</ele></trkpt><trkpt lat="47.11971404356882" lon="9.13673696666956"><ele>728.2999877929688</ele></trkpt><trkpt lat="47.119620686396956" lon="9.136600881814957"><ele>726.0</ele></trkpt><trkpt lat="47.11955730058253" lon="9.136506607290357"><ele>724.2999877929688</ele></trkpt><trkpt lat="47.11949389567599" lon="9.136413650587201"><ele>723.5</ele></trkpt><trkpt lat="47.11945785814896" lon="9.136295201256871"><ele>723.1999816894531</ele></trkpt><trkpt lat="47.119420940987766" lon="9.136175406165421"><ele>723.5999755859375</ele></trkpt><trkpt lat="47.11938494257629" lon="9.136054322589189"><ele>724.3999938964844</ele></trkpt><trkpt lat="47.11934802541509" lon="9.1359345279634"><ele>725.6999816894531</ele></trkpt><trkpt lat="47.119259654544294" lon="9.135826282668859"><ele>726.6999816894531</ele></trkpt><trkpt lat="47.11919884569943" lon="9.135679370258003"><ele>726.6999816894531</ele></trkpt><trkpt lat="47.11918358784169" lon="9.135554990265518"><ele>726.0999755859375</ele></trkpt><trkpt lat="47.11916660936549" lon="9.135425283573568"><ele>724.8999938964844</ele></trkpt><trkpt lat="47.11915053008124" lon="9.135295605286956"><ele>723.3999938964844</ele></trkpt><trkpt lat="47.11911556543782" lon="9.13516532862559"><ele>722.0</ele></trkpt><trkpt lat="47.119082282762975" lon="9.135043013840914"><ele>721.1999816894531</ele></trkpt><trkpt lat="47.11910754581913" lon="9.134855334181339"><ele>720.8999938964844</ele></trkpt><trkpt lat="47.1191256577149" lon="9.134725421667099"><ele>721.1999816894531</ele></trkpt><trkpt lat="47.119142851326615" lon="9.134596798103303"><ele>721.8999938964844</ele></trkpt><trkpt lat="47.119135486893356" lon="9.134425218682736"><ele>722.0999755859375</ele></trkpt><trkpt lat="47.119129337370396" lon="9.134293219540268"><ele>722.0</ele></trkpt><trkpt lat="47.119087289087474" lon="9.134094181470573"><ele>721.8999938964844</ele></trkpt><trkpt lat="47.11902483506128" lon="9.13393667479977"><ele>721.6999816894531</ele></trkpt><trkpt lat="47.11897974368185" lon="9.133821895811707"><ele>721.2999877929688</ele></trkpt><trkpt lat="47.1189346332103" lon="9.133708434179425"><ele>720.8999938964844</ele></trkpt><trkpt lat="47.11888954183087" lon="9.133593655191362"><ele>720.3999938964844</ele></trkpt><trkpt lat="47.11884443089366" lon="9.133480194024742"><ele>719.6999816894531</ele></trkpt><trkpt lat="47.11879780748859" lon="9.133286284748465"><ele>719.0</ele></trkpt><trkpt lat="47.11876815883443" lon="9.133161451201886"><ele>718.3999938964844</ele></trkpt><trkpt lat="47.11876484751701" lon="9.133080946281552"><ele>718.5</ele></trkpt><trkpt lat="47.118759595789015" lon="9.132948976475745"><ele>718.7999877929688</ele></trkpt><trkpt lat="47.1187534253113" lon="9.132818296086043"><ele>718.3999938964844</ele></trkpt><trkpt lat="47.11874817311764" lon="9.132686326280236"><ele>717.5999755859375</ele></trkpt><trkpt lat="47.11877538589761" lon="9.132488163653761"><ele>717.0</ele></trkpt><trkpt lat="47.118793475907296" lon="9.132359568495303"><ele>716.8999938964844</ele></trkpt><trkpt lat="47.11881068581715" lon="9.132229627575725"><ele>716.8999938964844</ele></trkpt><trkpt lat="47.11882877582684" lon="9.132101031951606"><ele>716.7999877929688</ele></trkpt><trkpt lat="47.11884598527104" lon="9.131971091032028"><ele>716.3999938964844</ele></trkpt><trkpt lat="47.1188640743494" lon="9.13184249540791"><ele>715.7999877929688</ele></trkpt><trkpt lat="47.1188812837936" lon="9.131712553557009"><ele>715.0</ele></trkpt><trkpt lat="47.118899372871965" lon="9.13158395793289"><ele>714.0999755859375</ele></trkpt><trkpt lat="47.11891846451908" lon="9.131509433034807"><ele>712.8999938964844</ele></trkpt><trkpt lat="47.118949964642525" lon="9.131386532913893"><ele>711.2999877929688</ele></trkpt><trkpt lat="47.118982383050025" lon="9.131262343842536"><ele>709.5999755859375</ele></trkpt><trkpt lat="47.119013882707804" lon="9.131139443721622"><ele>707.6999816894531</ele></trkpt><trkpt lat="47.11909278528765" lon="9.130974546074867"><ele>705.5999755859375</ele></trkpt><trkpt lat="47.11914385529235" lon="9.130866762250662"><ele>704.0</ele></trkpt><trkpt lat="47.119126645382494" lon="9.13081349618733"><ele>702.5</ele></trkpt><trkpt lat="47.11915841605514" lon="9.130672151222825"><ele>700.0999755859375</ele></trkpt><trkpt lat="47.11918545793742" lon="9.130546472966671"><ele>697.7999877929688</ele></trkpt><trkpt lat="47.11921339854598" lon="9.130420823581517"><ele>696.5999755859375</ele></trkpt><trkpt lat="47.119270414114" lon="9.130336951930076"><ele>695.8999938964844</ele></trkpt><trkpt lat="47.11933388002217" lon="9.130242739804089"><ele>695.5999755859375</ele></trkpt><trkpt lat="47.119397326838225" lon="9.130149844568223"><ele>695.6999816894531</ele></trkpt><trkpt lat="47.11945020221174" lon="9.130102747119963"><ele>695.8999938964844</ele></trkpt><trkpt lat="47.11952680815011" lon="9.130032674409449"><ele>695.8999938964844</ele></trkpt><trkpt lat="47.119603394530714" lon="9.129963919054717"><ele>696.0</ele></trkpt><trkpt lat="47.119679980911314" lon="9.129895163234323"><ele>696.3999938964844</ele></trkpt><trkpt lat="47.11972434865311" lon="9.129814845044166"><ele>696.8999938964844</ele></trkpt><trkpt lat="47.11978073604405" lon="9.129712499678135"><ele>697.3999938964844</ele></trkpt><trkpt lat="47.11983712390065" lon="9.129610153846443"><ele>697.6999816894531</ele></trkpt><trkpt lat="47.11992860212922" lon="9.12950759800151"><ele>697.5999755859375</ele></trkpt><trkpt lat="47.12002669367939" lon="9.129444792401046"><ele>697.6999816894531</ele></trkpt><trkpt lat="47.12010846240446" lon="9.129390698391944"><ele>698.8999938964844</ele></trkpt><trkpt lat="47.12019111122936" lon="9.129337949678302"><ele>701.1999816894531</ele></trkpt><trkpt lat="47.12027287995443" lon="9.12928385520354"><ele>703.6999816894531</ele></trkpt><trkpt lat="47.12035552877933" lon="9.129231106024235"><ele>706.0</ele></trkpt><trkpt lat="47.12042747111991" lon="9.129233377985656"><ele>707.5</ele></trkpt><trkpt lat="47.1204098733142" lon="9.129206460900605"><ele>708.1999816894531</ele></trkpt><trkpt lat="47.12047132709995" lon="9.129126681014895"><ele>709.0999755859375</ele></trkpt><trkpt lat="47.12053829245269" lon="9.129039166495204"><ele>710.5999755859375</ele></trkpt><trkpt lat="47.120603567454964" lon="9.128883058205247"><ele>712.5</ele></trkpt><trkpt lat="47.120621343608946" lon="9.128775537014008"><ele>713.5999755859375</ele></trkpt><trkpt lat="47.12064302666113" lon="9.128647049888968"><ele>714.0</ele></trkpt><trkpt lat="47.12058065878227" lon="9.128605538979173"><ele>714.0999755859375</ele></trkpt><trkpt lat="47.120611381251365" lon="9.12853533262387"><ele>714.5</ele></trkpt><trkpt lat="47.12065891036764" lon="9.12842347798869"><ele>715.0</ele></trkpt><trkpt lat="47.120707319583744" lon="9.12831296864897"><ele>715.5999755859375</ele></trkpt><trkpt lat="47.120755748357624" lon="9.12820114241913"><ele>716.1999816894531</ele></trkpt><trkpt lat="47.12080417666584" lon="9.128089315257967"><ele>716.7999877929688</ele></trkpt><trkpt lat="47.12085168622434" lon="9.127978777512908"><ele>717.3999938964844</ele></trkpt><trkpt lat="47.1209001140669" lon="9.127866950351745"><ele>718.0</ele></trkpt><trkpt lat="47.12094852281734" lon="9.127756440546364"><ele>718.5999755859375</ele></trkpt><trkpt lat="47.1209969506599" lon="9.12764461291954"><ele>719.2999877929688</ele></trkpt><trkpt lat="47.12104445975274" lon="9.127534074243158"><ele>719.7999877929688</ele></trkpt><trkpt lat="47.121092887595296" lon="9.127422246150672"><ele>720.3999938964844</ele></trkpt><trkpt lat="47.12112501217052" lon="9.127317812293768"><ele>721.0</ele></trkpt><trkpt lat="47.12116186507046" lon="9.12719771033153"><ele>721.5999755859375</ele></trkpt><trkpt lat="47.1211987179704" lon="9.12707760790363"><ele>722.2999877929688</ele></trkpt><trkpt lat="47.121236470062286" lon="9.126957533881068"><ele>722.7999877929688</ele></trkpt><trkpt lat="47.12127332249656" lon="9.126837431453168"><ele>723.3999938964844</ele></trkpt><trkpt lat="47.12131017493084" lon="9.126717329025269"><ele>724.0</ele></trkpt><trkpt lat="47.12132823932916" lon="9.12659004330635"><ele>724.5999755859375</ele></trkpt><trkpt lat="47.12134632281959" lon="9.126461440231651"><ele>725.0999755859375</ele></trkpt><trkpt lat="47.12136440631002" lon="9.12633283669129"><ele>725.6999816894531</ele></trkpt><trkpt lat="47.121382508892566" lon="9.126202916260809"><ele>726.1999816894531</ele></trkpt><trkpt lat="47.121400591917336" lon="9.126074312720448"><ele>726.5999755859375</ele></trkpt><trkpt lat="47.12140599777922" lon="9.12588994950056"><ele>727.0999755859375</ele></trkpt><trkpt lat="47.121408831793815" lon="9.125758229289204"><ele>727.5</ele></trkpt><trkpt lat="47.121412564534694" lon="9.125626537017524"><ele>727.8999938964844</ele></trkpt><trkpt lat="47.12141629680991" lon="9.125494845211506"><ele>728.2999877929688</ele></trkpt><trkpt lat="47.12142002955079" lon="9.125363152939826"><ele>728.7999877929688</ele></trkpt><trkpt lat="47.12140428693965" lon="9.12520975805819"><ele>729.1999816894531</ele></trkpt><trkpt lat="47.121390014421195" lon="9.125078816898167"><ele>729.5999755859375</ele></trkpt><trkpt lat="47.12137662153691" lon="9.124949221499264"><ele>730.0</ele></trkpt><trkpt lat="47.12136234855279" lon="9.124818280804902"><ele>730.3999938964844</ele></trkpt><trkpt lat="47.12134895520285" lon="9.124688685406"><ele>730.7999877929688</ele></trkpt><trkpt lat="47.12132054474205" lon="9.124540164601058"><ele>731.2999877929688</ele></trkpt><trkpt lat="47.12129630148411" lon="9.124414182268083"><ele>731.6999816894531</ele></trkpt><trkpt lat="47.12127207778394" lon="9.124286882579327"><ele>732.0999755859375</ele></trkpt><trkpt lat="47.12124695489183" lon="9.124159554950893"><ele>732.5</ele></trkpt><trkpt lat="47.12122271163389" lon="9.12403357308358"><ele>732.8999938964844</ele></trkpt><trkpt lat="47.121198487468064" lon="9.123906273860484"><ele>733.2999877929688</ele></trkpt><trkpt lat="47.1211829171516" lon="9.123741022311151"><ele>733.7999877929688</ele></trkpt><trkpt lat="47.12117044115439" lon="9.123610138893127"><ele>734.2999877929688</ele></trkpt><trkpt lat="47.12115796515718" lon="9.123479255475104"><ele>734.6999816894531</ele></trkpt><trkpt lat="47.1211454696022" lon="9.123349689412862"><ele>735.1999816894531</ele></trkpt><trkpt lat="47.121133892796934" lon="9.123218834400177"><ele>735.6999816894531</ele></trkpt><trkpt lat="47.12112141633406" lon="9.123087950982153"><ele>736.1999816894531</ele></trkpt><trkpt lat="47.12110893940553" lon="9.122957068029791"><ele>736.6999816894531</ele></trkpt><trkpt lat="47.121096443384886" lon="9.12282750243321"><ele>737.0999755859375</ele></trkpt><trkpt lat="47.121083966456354" lon="9.122696619015187"><ele>737.3999938964844</ele></trkpt><trkpt lat="47.12107148952782" lon="9.122565736062825"><ele>737.6999816894531</ele></trkpt><trkpt lat="47.121059911325574" lon="9.122434881515801"><ele>737.8999938964844</ele></trkpt><trkpt lat="47.12104741483927" lon="9.12230531591922"><ele>738.0999755859375</ele></trkpt><trkpt lat="47.121034937445074" lon="9.122174432966858"><ele>738.0999755859375</ele></trkpt><trkpt lat="47.12103093136102" lon="9.122079404536635"><ele>738.1999816894531</ele></trkpt><trkpt lat="47.12102476740256" lon="9.121947402134538"><ele>738.2999877929688</ele></trkpt><trkpt lat="47.12101860390976" lon="9.12181539973244"><ele>738.3999938964844</ele></trkpt><trkpt lat="47.12101242085919" lon="9.121684715151787"><ele>738.3999938964844</ele></trkpt><trkpt lat="47.12100625690073" lon="9.12155271274969"><ele>738.5</ele></trkpt><trkpt lat="47.121000073384494" lon="9.121422027703375"><ele>738.5999755859375</ele></trkpt><trkpt lat="47.12099390896037" lon="9.121290025766939"><ele>738.6999816894531</ele></trkpt><trkpt lat="47.12099545216188" lon="9.121184627059847"><ele>738.6999816894531</ele></trkpt><trkpt lat="47.12099738093093" lon="9.121052879374474"><ele>738.7999877929688</ele></trkpt><trkpt lat="47.12099930969998" lon="9.120921131689101"><ele>738.7999877929688</ele></trkpt><trkpt lat="47.121001238469034" lon="9.120789383538067"><ele>738.8999938964844</ele></trkpt><trkpt lat="47.12102469848469" lon="9.120600316207856"><ele>738.8999938964844</ele></trkpt><trkpt lat="47.12104097660631" lon="9.120471655391157"><ele>739.0</ele></trkpt><trkpt lat="47.1210563746281" lon="9.120341648347676"><ele>739.0999755859375</ele></trkpt><trkpt lat="47.12107267184183" lon="9.120211669709533"><ele>739.0999755859375</ele></trkpt><trkpt lat="47.12107530608773" lon="9.120093124452978"><ele>739.0999755859375</ele></trkpt><trkpt lat="47.12107813311741" lon="9.119961404707283"><ele>739.1999816894531</ele></trkpt><trkpt lat="47.12108096014708" lon="9.119829684495926"><ele>739.1999816894531</ele></trkpt><trkpt lat="47.1210837867111" lon="9.11969796475023"><ele>739.2999877929688</ele></trkpt><trkpt lat="47.12108751246706" lon="9.119566272944212"><ele>739.3999938964844</ele></trkpt><trkpt lat="47.12109033856541" lon="9.119434553198516"><ele>739.5</ele></trkpt><trkpt lat="47.12109316466376" lon="9.11930283298716"><ele>739.6999816894531</ele></trkpt><trkpt lat="47.121095990762115" lon="9.119171113241464"><ele>739.7999877929688</ele></trkpt><trkpt lat="47.12109881686047" lon="9.119039393030107"><ele>740.0</ele></trkpt><trkpt lat="47.121121503878385" lon="9.118903024122119"><ele>740.2999877929688</ele></trkpt><trkpt lat="47.121142257004976" lon="9.118775820825249"><ele>740.5999755859375</ele></trkpt><trkpt lat="47.12116302968934" lon="9.118647300172597"><ele>741.0</ele></trkpt><trkpt lat="47.12118380237371" lon="9.118518779519945"><ele>741.3999938964844</ele></trkpt><trkpt lat="47.12120547378436" lon="9.11839028680697"><ele>741.7999877929688</ele></trkpt><trkpt lat="47.12122622644529" lon="9.11826308304444"><ele>742.2999877929688</ele></trkpt><trkpt lat="47.12124699866399" lon="9.118134561926126"><ele>743.0999755859375</ele></trkpt><trkpt lat="47.12117582699284" lon="9.118079606443644"><ele>744.3999938964844</ele></trkpt><trkpt lat="47.12115111481398" lon="9.11798524716869"><ele>746.0999755859375</ele></trkpt><trkpt lat="47.12111963238567" lon="9.117861677892506"><ele>747.8999938964844</ele></trkpt><trkpt lat="47.12108814995736" lon="9.117738108616322"><ele>749.6999816894531</ele></trkpt><trkpt lat="47.121056667063385" lon="9.1176145398058"><ele>750.8999938964844</ele></trkpt><trkpt lat="47.121042822953314" lon="9.117515249177814"><ele>751.5999755859375</ele></trkpt><trkpt lat="47.12102580489591" lon="9.11738686170429"><ele>751.7999877929688</ele></trkpt><trkpt lat="47.12100790673867" lon="9.117257128003985"><ele>751.7999877929688</ele></trkpt><trkpt lat="47.1209610006772" lon="9.117142302449793"><ele>751.8999938964844</ele></trkpt><trkpt lat="47.1209149742499" lon="9.11702882265672"><ele>751.5999755859375</ele></trkpt><trkpt lat="47.120868048630655" lon="9.11691531445831"><ele>751.3999938964844</ele></trkpt><trkpt lat="47.120822022203356" lon="9.1168018351309"><ele>751.3999938964844</ele></trkpt><trkpt lat="47.120775976683944" lon="9.116689673159271"><ele>751.5</ele></trkpt><trkpt lat="47.120729949790984" lon="9.116576194297522"><ele>752.0</ele></trkpt><trkpt lat="47.12069318536669" lon="9.116444552782923"><ele>752.3999938964844</ele></trkpt><trkpt lat="47.12065988313407" lon="9.11632224638015"><ele>752.8999938964844</ele></trkpt><trkpt lat="47.12062568124384" lon="9.11619991157204"><ele>753.0999755859375</ele></trkpt><trkpt lat="47.12059235945344" lon="9.11607892299071"><ele>752.5999755859375</ele></trkpt><trkpt lat="47.12055815709755" lon="9.11595658864826"><ele>751.6999816894531</ele></trkpt><trkpt lat="47.120524854399264" lon="9.115834282711148"><ele>750.7999877929688</ele></trkpt><trkpt lat="47.12049065157771" lon="9.115711948368698"><ele>749.3999938964844</ele></trkpt><trkpt lat="47.12047826638445" lon="9.115512531250715"><ele>747.1999816894531</ele></trkpt><trkpt lat="47.12046939693391" lon="9.11538044596091"><ele>745.2999877929688</ele></trkpt><trkpt lat="47.12046140758321" lon="9.115249706897885"><ele>743.8999938964844</ele></trkpt><trkpt lat="47.12044467125088" lon="9.11516350787133"><ele>742.6999816894531</ele></trkpt><trkpt lat="47.120419518556446" lon="9.115037503652275"><ele>741.5999755859375</ele></trkpt><trkpt lat="47.12045587413013" lon="9.115012280642986"><ele>741.1999816894531</ele></trkpt><trkpt lat="47.12043166300282" lon="9.114821720402688"><ele>741.0</ele></trkpt><trkpt lat="47.120415560435504" lon="9.114692045375705"><ele>740.8999938964844</ele></trkpt><trkpt lat="47.12039945786819" lon="9.114562370814383"><ele>740.8999938964844</ele></trkpt><trkpt lat="47.12038335483521" lon="9.114432696253061"><ele>740.8999938964844</ele></trkpt><trkpt lat="47.1203672522679" lon="9.11430302169174"><ele>740.8999938964844</ele></trkpt><trkpt lat="47.12035114923492" lon="9.114173347130418"><ele>740.8999938964844</ele></trkpt><trkpt lat="47.12033504573628" lon="9.114043672569096"><ele>740.7999877929688</ele></trkpt><trkpt lat="47.12031894270331" lon="9.113913998007774"><ele>740.7999877929688</ele></trkpt><trkpt lat="47.12030218588188" lon="9.113829117733985"><ele>740.7999877929688</ele></trkpt><trkpt lat="47.120277032256126" lon="9.113703114446253"><ele>740.7999877929688</ele></trkpt><trkpt lat="47.12025189725682" lon="9.113575793802738"><ele>740.7999877929688</ele></trkpt><trkpt lat="47.12022674269974" lon="9.113449790980667"><ele>740.2999877929688</ele></trkpt><trkpt lat="47.12025583302602" lon="9.113305713515729"><ele>738.8999938964844</ele></trkpt><trkpt lat="47.120235251262784" lon="9.113174581434578"><ele>737.2999877929688</ele></trkpt><trkpt lat="47.12021463084966" lon="9.11304608406499"><ele>736.0</ele></trkpt><trkpt lat="47.120194010902196" lon="9.112917586695403"><ele>734.8999938964844</ele></trkpt><trkpt lat="47.12017339048907" lon="9.112789089791477"><ele>734.0</ele></trkpt><trkpt lat="47.120136755518615" lon="9.112648229580373"><ele>733.3999938964844</ele></trkpt><trkpt lat="47.120105267036706" lon="9.112524665892124"><ele>733.5</ele></trkpt><trkpt lat="47.12007287889719" lon="9.112401073798537"><ele>733.7999877929688</ele></trkpt><trkpt lat="47.12004138994962" lon="9.112277509644628"><ele>733.5</ele></trkpt><trkpt lat="47.12000898225233" lon="9.112155235372484"><ele>732.3999938964844</ele></trkpt><trkpt lat="47.11997749237344" lon="9.112031671218574"><ele>730.0999755859375</ele></trkpt><trkpt lat="47.11997101223096" lon="9.111858802847564"><ele>727.0</ele></trkpt><trkpt lat="47.1199666345492" lon="9.11172685958445"><ele>724.1999816894531</ele></trkpt><trkpt lat="47.119961358141154" lon="9.111594888847321"><ele>722.3999938964844</ele></trkpt><trkpt lat="47.11995696183294" lon="9.111464263871312"><ele>721.2999877929688</ele></trkpt><trkpt lat="47.11995168495923" lon="9.111332293134183"><ele>720.5</ele></trkpt><trkpt lat="47.11991924000904" lon="9.11115070572123"><ele>719.0999755859375</ele></trkpt><trkpt lat="47.11989591922611" lon="9.111022125463933"><ele>716.8999938964844</ele></trkpt><trkpt lat="47.11987347854301" lon="9.110894890967757"><ele>714.5999755859375</ele></trkpt><trkpt lat="47.11985103832558" lon="9.11076765647158"><ele>712.5999755859375</ele></trkpt><trkpt lat="47.119827697984874" lon="9.110640394501388"><ele>710.7999877929688</ele></trkpt><trkpt lat="47.11980525730178" lon="9.110513160470873"><ele>709.5</ele></trkpt><trkpt lat="47.11978281661868" lon="9.110385926440358"><ele>708.3999938964844</ele></trkpt><trkpt lat="47.11975949537009" lon="9.110257347114384"><ele>706.8999938964844</ele></trkpt><trkpt lat="47.11973705422133" lon="9.11013011308387"><ele>704.8999938964844</ele></trkpt><trkpt lat="47.11971371341497" lon="9.110002851579338"><ele>702.8999938964844</ele></trkpt><trkpt lat="47.11969127180055" lon="9.109875618014485"><ele>700.5999755859375</ele></trkpt><trkpt lat="47.11966882972047" lon="9.109748384449631"><ele>698.2999877929688</ele></trkpt><trkpt lat="47.11964548844844" lon="9.1096211229451"><ele>696.1999816894531</ele></trkpt><trkpt lat="47.11962306546047" lon="9.109492572024465"><ele>694.1999816894531</ele></trkpt><trkpt lat="47.11959972418845" lon="9.109365310985595"><ele>692.2999877929688</ele></trkpt><trkpt lat="47.11957728210837" lon="9.109238077886403"><ele>690.3999938964844</ele></trkpt><trkpt lat="47.119525871705264" lon="9.109061173163354"><ele>688.1999816894531</ele></trkpt><trkpt lat="47.119489843957126" lon="9.10894010681659"><ele>686.0</ele></trkpt><trkpt lat="47.119454715400934" lon="9.108819068875164"><ele>684.0</ele></trkpt><trkpt lat="47.11941958684474" lon="9.108698030933738"><ele>681.8999938964844</ele></trkpt><trkpt lat="47.119383559096605" lon="9.108576965052634"><ele>680.0999755859375</ele></trkpt><trkpt lat="47.11934843007475" lon="9.10845592757687"><ele>678.5999755859375</ele></trkpt><trkpt lat="47.11931240186095" lon="9.108334862161428"><ele>677.0</ele></trkpt><trkpt lat="47.1192772728391" lon="9.108213824685663"><ele>675.3999938964844</ele></trkpt><trkpt lat="47.11924197198823" lon="9.108042696956545"><ele>673.8999938964844</ele></trkpt><trkpt lat="47.11921591171995" lon="9.107916670385748"><ele>671.8999938964844</ele></trkpt><trkpt lat="47.11919075064361" lon="9.10779067222029"><ele>670.0</ele></trkpt><trkpt lat="47.11916469084099" lon="9.107664646580815"><ele>668.7999877929688</ele></trkpt><trkpt lat="47.11913863057271" lon="9.10753862047568"><ele>667.7999877929688</ele></trkpt><trkpt lat="47.11911256983876" lon="9.107412594836205"><ele>666.3999938964844</ele></trkpt><trkpt lat="47.11908650910482" lon="9.10728656919673"><ele>664.5999755859375</ele></trkpt><trkpt lat="47.11906046746299" lon="9.107159226201475"><ele>663.0999755859375</ele></trkpt><trkpt lat="47.11903530592099" lon="9.107033228967339"><ele>661.7999877929688</ele></trkpt><trkpt lat="47.11900924472138" lon="9.106907203327864"><ele>660.2999877929688</ele></trkpt><trkpt lat="47.11898318352178" lon="9.106781178154051"><ele>658.3999938964844</ele></trkpt><trkpt lat="47.11894397716969" lon="9.106631019152701"><ele>656.2999877929688</ele></trkpt><trkpt lat="47.118912481702864" lon="9.106507461052388"><ele>654.3999938964844</ele></trkpt><trkpt lat="47.118880985770375" lon="9.106383902952075"><ele>652.5999755859375</ele></trkpt><trkpt lat="47.1188485911116" lon="9.106260316912085"><ele>651.1999816894531</ele></trkpt><trkpt lat="47.118817076087" lon="9.106138076633215"><ele>649.8999938964844</ele></trkpt><trkpt lat="47.11878468096256" lon="9.106014491524547"><ele>648.3999938964844</ele></trkpt><trkpt lat="47.11875318456441" lon="9.105890933889896"><ele>646.5</ele></trkpt><trkpt lat="47.11868353514001" lon="9.105730602052063"><ele>644.2999877929688</ele></trkpt><trkpt lat="47.118665126618" lon="9.105635130777955"><ele>642.0999755859375</ele></trkpt><trkpt lat="47.11863998230547" lon="9.105507817585021"><ele>640.0</ele></trkpt><trkpt lat="47.11861571809277" lon="9.105381849687546"><ele>638.1999816894531</ele></trkpt><trkpt lat="47.11859057331458" lon="9.105254536960274"><ele>636.8999938964844</ele></trkpt><trkpt lat="47.11856630910188" lon="9.10512856952846"><ele>635.7999877929688</ele></trkpt><trkpt lat="47.11854116432369" lon="9.10500125726685"><ele>635.0999755859375</ele></trkpt><trkpt lat="47.11849776515737" lon="9.104829881805927"><ele>634.0</ele></trkpt><trkpt lat="47.11846534954384" lon="9.104707615450025"><ele>632.3999938964844</ele></trkpt><trkpt lat="47.118433851748705" lon="9.104584059212357"><ele>630.7999877929688</ele></trkpt><trkpt lat="47.11840235441923" lon="9.104460503906012"><ele>629.5</ele></trkpt><trkpt lat="47.1183708566241" lon="9.104336948134005"><ele>628.2999877929688</ele></trkpt><trkpt lat="47.118320893961936" lon="9.104183822404593"><ele>627.3999938964844</ele></trkpt><trkpt lat="47.118281226139516" lon="9.10406528506428"><ele>626.8999938964844</ele></trkpt><trkpt lat="47.11824245750904" lon="9.103946776129305"><ele>626.8999938964844</ele></trkpt><trkpt lat="47.118203688878566" lon="9.103828267659992"><ele>626.8999938964844</ele></trkpt><trkpt lat="47.11816493887454" lon="9.103708441369236"><ele>626.1999816894531</ele></trkpt><trkpt lat="47.11812527058646" lon="9.103589904960245"><ele>625.1999816894531</ele></trkpt><trkpt lat="47.118086501490325" lon="9.103471396956593"><ele>624.5999755859375</ele></trkpt><trkpt lat="47.11804099846631" lon="9.103382993489504"><ele>624.2999877929688</ele></trkpt><trkpt lat="47.11798764951527" lon="9.103277212474495"><ele>623.6999816894531</ele></trkpt><trkpt lat="47.117933401372284" lon="9.10317140351981"><ele>622.5999755859375</ele></trkpt><trkpt lat="47.11787913367152" lon="9.103066911920905"><ele>621.6999816894531</ele></trkpt><trkpt lat="47.11782578472048" lon="9.102961131837219"><ele>621.3999938964844</ele></trkpt><trkpt lat="47.11777153657749" lon="9.102855323348194"><ele>621.2999877929688</ele></trkpt><trkpt lat="47.11774014914408" lon="9.102661920245737"><ele>621.0</ele></trkpt><trkpt lat="47.11771951755509" lon="9.102533433120698"><ele>621.0</ele></trkpt><trkpt lat="47.11769796721637" lon="9.102406235877424"><ele>621.1999816894531</ele></trkpt><trkpt lat="47.117677335161716" lon="9.102277748752385"><ele>620.6999816894531</ele></trkpt><trkpt lat="47.11765670310706" lon="9.102149262093008"><ele>620.5</ele></trkpt><trkpt lat="47.1176360710524" lon="9.10202077543363"><ele>621.0</ele></trkpt><trkpt lat="47.117614520248026" lon="9.101893578656018"><ele>620.8999938964844</ele></trkpt><trkpt lat="47.117593887262046" lon="9.10176509199664"><ele>620.1999816894531</ele></trkpt><trkpt lat="47.11757325474173" lon="9.101636605802923"><ele>619.5</ele></trkpt><trkpt lat="47.11751461960375" lon="9.101460809353739"><ele>618.5</ele></trkpt><trkpt lat="47.117474948987365" lon="9.101342276204377"><ele>617.5</ele></trkpt><trkpt lat="47.117435277905315" lon="9.101223743055016"><ele>616.6999816894531</ele></trkpt><trkpt lat="47.117410510312766" lon="9.101070086937398"><ele>616.0999755859375</ele></trkpt><trkpt lat="47.117389876861125" lon="9.100941601209342"><ele>615.5</ele></trkpt><trkpt lat="47.11736924294382" lon="9.100813115481287"><ele>614.7999877929688</ele></trkpt><trkpt lat="47.11729685077444" lon="9.100655345711857"><ele>613.7999877929688</ele></trkpt><trkpt lat="47.11724715353921" lon="9.100545728113502"><ele>612.0999755859375</ele></trkpt><trkpt lat="47.11718866880983" lon="9.100359394680709"><ele>610.2999877929688</ele></trkpt><trkpt lat="47.117150814738125" lon="9.100239601451904"><ele>609.0999755859375</ele></trkpt><trkpt lat="47.1171138593927" lon="9.100119836162776"><ele>608.5</ele></trkpt><trkpt lat="47.117076005320996" lon="9.10000004293397"><ele>607.8999938964844</ele></trkpt><trkpt lat="47.11703815078363" lon="9.099880250170827"><ele>607.3999938964844</ele></trkpt><trkpt lat="47.117001195438206" lon="9.09976048534736"><ele>607.1999816894531</ele></trkpt><trkpt lat="47.11696334043518" lon="9.099640693049878"><ele>606.8999938964844</ele></trkpt><trkpt lat="47.11693921824917" lon="9.099442247767001"><ele>606.5999755859375</ele></trkpt><trkpt lat="47.11694776453078" lon="9.099348936695606"><ele>606.3999938964844</ele></trkpt><trkpt lat="47.11696044029668" lon="9.099218850024045"><ele>606.0</ele></trkpt><trkpt lat="47.1169444960542" lon="9.099139276426286"><ele>605.1999816894531</ele></trkpt><trkpt lat="47.116918426472694" lon="9.099013260100037"><ele>604.0</ele></trkpt><trkpt lat="47.11689325608313" lon="9.098887271713465"><ele>602.7999877929688</ele></trkpt><trkpt lat="47.11685473425314" lon="9.09881358826533"><ele>602.1999816894531</ele></trkpt><trkpt lat="47.11679954454303" lon="9.09871039306745"><ele>602.0</ele></trkpt><trkpt lat="47.11674437392503" lon="9.098605880979449"><ele>602.1999816894531</ele></trkpt><trkpt lat="47.1166553972289" lon="9.09853722434491"><ele>603.0</ele></trkpt><trkpt lat="47.11657419940457" lon="9.098366007208824"><ele>603.5</ele></trkpt><trkpt lat="47.11652266373858" lon="9.098258972167969"><ele>602.5</ele></trkpt><trkpt lat="47.11647114669904" lon="9.098150620236993"><ele>601.3999938964844</ele></trkpt><trkpt lat="47.116419629659504" lon="9.098042268306017"><ele>600.6999816894531</ele></trkpt><trkpt lat="47.11632242007181" lon="9.097920638974756"><ele>599.6999816894531</ele></trkpt><trkpt lat="47.11628259345889" lon="9.097812649793923"><ele>598.7999877929688</ele></trkpt><trkpt lat="47.11624018335715" lon="9.097696673125029"><ele>598.1999816894531</ele></trkpt><trkpt lat="47.11619777278975" lon="9.097580696921796"><ele>597.8999938964844</ele></trkpt><trkpt lat="47.116155362222344" lon="9.097464720718563"><ele>597.8999938964844</ele></trkpt><trkpt lat="47.1161129521206" lon="9.09734874451533"><ele>598.2999877929688</ele></trkpt><trkpt lat="47.11606964189559" lon="9.09723274083808"><ele>598.5999755859375</ele></trkpt><trkpt lat="47.11602723132819" lon="9.097116765100509"><ele>598.3999938964844</ele></trkpt><trkpt lat="47.115984820295125" lon="9.097000789828598"><ele>598.2999877929688</ele></trkpt><trkpt lat="47.11597829917446" lon="9.096829253714532"><ele>598.5999755859375</ele></trkpt><trkpt lat="47.1160274441354" lon="9.09672797517851"><ele>599.1999816894531</ele></trkpt><trkpt lat="47.11608026223257" lon="9.096621538512409"><ele>600.1999816894531</ele></trkpt><trkpt lat="47.11610014922917" lon="9.096490358933806"><ele>601.5</ele></trkpt><trkpt lat="47.11608806019649" lon="9.096330512315035"><ele>602.7999877929688</ele></trkpt><trkpt lat="47.116077351849526" lon="9.096199703402817"><ele>604.0</ele></trkpt><trkpt lat="47.116048702038825" lon="9.09612764744088"><ele>605.0999755859375</ele></trkpt><trkpt lat="47.11600265512243" lon="9.096014196053147"><ele>606.0999755859375</ele></trkpt><trkpt lat="47.11595750739798" lon="9.095900773070753"><ele>606.7999877929688</ele></trkpt><trkpt lat="47.11591235967353" lon="9.095787350088358"><ele>607.3999938964844</ele></trkpt><trkpt lat="47.115866331383586" lon="9.095672581810504"><ele>608.2999877929688</ele></trkpt><trkpt lat="47.115821183659136" lon="9.09555915929377"><ele>609.6999816894531</ele></trkpt><trkpt lat="47.11577513627708" lon="9.095445709303021"><ele>611.0</ele></trkpt><trkpt lat="47.11572998762131" lon="9.09533228725195"><ele>611.7999877929688</ele></trkpt><trkpt lat="47.11565937427804" lon="9.09523784648627"><ele>612.1999816894531</ele></trkpt><trkpt lat="47.11559948883951" lon="9.095085748005658"><ele>612.6999816894531</ele></trkpt><trkpt lat="47.11555525846779" lon="9.094971037004143"><ele>613.2999877929688</ele></trkpt><trkpt lat="47.11553686019033" lon="9.09487425815314"><ele>613.7999877929688</ele></trkpt><trkpt lat="47.11551170470193" lon="9.094746957998723"><ele>613.6999816894531</ele></trkpt><trkpt lat="47.1154874288477" lon="9.094621002674103"><ele>613.2999877929688</ele></trkpt><trkpt lat="47.11546317208558" lon="9.094493730459362"><ele>613.3999938964844</ele></trkpt><trkpt lat="47.115400929003954" lon="9.094317838083953"><ele>614.3999938964844</ele></trkpt><trkpt lat="47.11535943392664" lon="9.094200576655567"><ele>615.0999755859375</ele></trkpt><trkpt lat="47.115339919924736" lon="9.094056318048388"><ele>614.8999938964844</ele></trkpt><trkpt lat="47.115321995224804" lon="9.093926606234163"><ele>614.3999938964844</ele></trkpt><trkpt lat="47.11530496971682" lon="9.093796922359616"><ele>614.0999755859375</ele></trkpt><trkpt lat="47.11528702592477" lon="9.093668527901173"><ele>614.0</ele></trkpt><trkpt lat="47.115270000416785" lon="9.093538844026625"><ele>614.2999877929688</ele></trkpt><trkpt lat="47.11520299408585" lon="9.093381257262081"><ele>615.1999816894531</ele></trkpt><trkpt lat="47.11515602609143" lon="9.093269099947065"><ele>616.1999816894531</ele></trkpt><trkpt lat="47.11510815890506" lon="9.093156914692372"><ele>617.3999938964844</ele></trkpt><trkpt lat="47.1150611913763" lon="9.093044757843018"><ele>618.6999816894531</ele></trkpt><trkpt lat="47.11501888232306" lon="9.092858940828592"><ele>619.7999877929688</ele></trkpt><trkpt lat="47.11499008908868" lon="9.092734166420996"><ele>620.7999877929688</ele></trkpt><trkpt lat="47.11496129631996" lon="9.0926093920134"><ele>621.7999877929688</ele></trkpt><trkpt lat="47.11493250308558" lon="9.092484618071467"><ele>622.8999938964844</ele></trkpt><trkpt lat="47.114903709851205" lon="9.092359844129533"><ele>624.0999755859375</ele></trkpt><trkpt lat="47.114874916151166" lon="9.092235070187598"><ele>625.3999938964844</ele></trkpt><trkpt lat="47.11479438934475" lon="9.092141646891832"><ele>626.3999938964844</ele></trkpt><trkpt lat="47.11472450196743" lon="9.092059095855802"><ele>626.3999938964844</ele></trkpt><trkpt lat="47.11468105390668" lon="9.091952320653945"><ele>626.1999816894531</ele></trkpt><trkpt lat="47.11464986531064" lon="9.091806386597455"><ele>625.8999938964844</ele></trkpt><trkpt lat="47.11462378781289" lon="9.09168037911877"><ele>625.6999816894531</ele></trkpt><trkpt lat="47.11459681065753" lon="9.09155434416607"><ele>625.8999938964844</ele></trkpt><trkpt lat="47.11454206937924" lon="9.091419545002282"><ele>626.1999816894531</ele></trkpt><trkpt lat="47.11449509952217" lon="9.091307390481234"><ele>626.5</ele></trkpt><trkpt lat="47.114449047949165" lon="9.091193947009742"><ele>627.2999877929688</ele></trkpt><trkpt lat="47.114440909121186" lon="9.091009187977761"><ele>628.3999938964844</ele></trkpt><trkpt lat="47.114435609430075" lon="9.090877233538777"><ele>629.2999877929688</ele></trkpt><trkpt lat="47.114356946665794" lon="9.090716657228768"><ele>630.0999755859375</ele></trkpt><trkpt lat="47.11430450435728" lon="9.090609606355429"><ele>630.0</ele></trkpt><trkpt lat="47.11425206204876" lon="9.09050255594775"><ele>629.7999877929688</ele></trkpt><trkpt lat="47.11419961974025" lon="9.090395505540073"><ele>629.6999816894531</ele></trkpt><trkpt lat="47.11415271507576" lon="9.090216141194105"><ele>629.1999816894531</ele></trkpt><trkpt lat="47.11412118328735" lon="9.090093921404332"><ele>628.5</ele></trkpt><trkpt lat="47.11408877093345" lon="9.089970356784761"><ele>627.7999877929688</ele></trkpt><trkpt lat="47.114078301005065" lon="9.089822428300977"><ele>627.0</ele></trkpt><trkpt lat="47.114068483933806" lon="9.089691652916372"><ele>626.5999755859375</ele></trkpt><trkpt lat="47.11405866732821" lon="9.089560877997428"><ele>626.6999816894531</ele></trkpt><trkpt lat="47.11400610068813" lon="9.089399791322649"><ele>626.7999877929688</ele></trkpt><trkpt lat="47.11396823497489" lon="9.089280012995005"><ele>627.0</ele></trkpt><trkpt lat="47.113929451443255" lon="9.089161524549127"><ele>627.5</ele></trkpt><trkpt lat="47.11390234855935" lon="9.088981454726309"><ele>628.5</ele></trkpt><trkpt lat="47.113883500453085" lon="9.088853037916124"><ele>629.6999816894531</ele></trkpt><trkpt lat="47.11386375268921" lon="9.088724593631923"><ele>630.6999816894531</ele></trkpt><trkpt lat="47.11386677948758" lon="9.088513823226094"><ele>631.7999877929688</ele></trkpt><trkpt lat="47.11386867100373" lon="9.088382091838866"><ele>632.8999938964844</ele></trkpt><trkpt lat="47.11387056251988" lon="9.0882503609173"><ele>634.2999877929688</ele></trkpt><trkpt lat="47.11382423294708" lon="9.088093421887606"><ele>635.5</ele></trkpt><trkpt lat="47.11378816468641" lon="9.08797370037064"><ele>636.2999877929688</ele></trkpt><trkpt lat="47.113752115517855" lon="9.087852661497891"><ele>636.7999877929688</ele></trkpt><trkpt lat="47.11371606588364" lon="9.087731623090804"><ele>636.5999755859375</ele></trkpt><trkpt lat="47.1137179560028" lon="9.087599891703576"><ele>635.1999816894531</ele></trkpt><trkpt lat="47.11365746287629" lon="9.087426702491939"><ele>633.2999877929688</ele></trkpt><trkpt lat="47.113660108763725" lon="9.087242278736085"><ele>632.5</ele></trkpt><trkpt lat="47.11353364959359" lon="9.087214663624763"><ele>633.2999877929688</ele></trkpt><trkpt lat="47.11344484658912" lon="9.087196115404367"><ele>634.0999755859375</ele></trkpt><trkpt lat="47.11337403766811" lon="9.087114862166345"><ele>634.3999938964844</ele></trkpt><trkpt lat="47.11330322828144" lon="9.087033609393984"><ele>634.3999938964844</ele></trkpt><trkpt lat="47.113222481217235" lon="9.08701794501394"><ele>634.3999938964844</ele></trkpt><trkpt lat="47.11326822405681" lon="9.087090518791229"><ele>634.6999816894531</ele></trkpt><trkpt lat="47.113328914158046" lon="9.087187274824828"><ele>635.0</ele></trkpt><trkpt lat="47.11339050391689" lon="9.087284058798105"><ele>635.3999938964844</ele></trkpt><trkpt lat="47.113451194018126" lon="9.087380815297365"><ele>636.0</ele></trkpt><trkpt lat="47.113432452082634" lon="9.087432953994721"><ele>636.8999938964844</ele></trkpt><trkpt lat="47.11349812196568" lon="9.087558857630938"><ele>637.8999938964844</ele></trkpt><trkpt lat="47.11355330282822" lon="9.087663352489471"><ele>638.7999877929688</ele></trkpt><trkpt lat="47.11360758449882" lon="9.087767819408327"><ele>639.1999816894531</ele></trkpt><trkpt lat="47.11366807669401" lon="9.087941008619964"><ele>640.0</ele></trkpt><trkpt lat="47.113679656758904" lon="9.088074472732842"><ele>641.5</ele></trkpt><trkpt lat="47.1136912740767" lon="9.088205302599818"><ele>643.3999938964844</ele></trkpt><trkpt lat="47.113635047804564" lon="9.088361718226224"><ele>646.1999816894531</ele></trkpt><trkpt lat="47.113560957834125" lon="9.088446416892111"><ele>649.0999755859375</ele></trkpt><trkpt lat="47.113490502815694" lon="9.088528591673821"><ele>652.0</ele></trkpt><trkpt lat="47.113420066423714" lon="9.08860944909975"><ele>655.0</ele></trkpt><trkpt lat="47.113348711747676" lon="9.08869159547612"><ele>657.7999877929688</ele></trkpt><trkpt lat="47.1132782753557" lon="9.088772452436388"><ele>660.6999816894531</ele></trkpt><trkpt lat="47.11321473028511" lon="9.088874607346952"><ele>663.5999755859375</ele></trkpt><trkpt lat="47.11315483925864" lon="9.088972921483219"><ele>666.8999938964844</ele></trkpt><trkpt lat="47.11309406813234" lon="9.089069889858365"><ele>669.6999816894531</ele></trkpt><trkpt lat="47.11303510237485" lon="9.088978456798941"><ele>670.5999755859375</ele></trkpt><trkpt lat="47.11297261482105" lon="9.088881643954664"><ele>670.1999816894531</ele></trkpt><trkpt lat="47.112911007832736" lon="9.088786176405847"><ele>669.6999816894531</ele></trkpt><trkpt lat="47.112849400844425" lon="9.08869070885703"><ele>668.8999938964844</ele></trkpt><trkpt lat="47.11278779339045" lon="9.088595241308212"><ele>668.0</ele></trkpt><trkpt lat="47.112725286744535" lon="9.08849974675104"><ele>667.5</ele></trkpt><trkpt lat="47.11266367929056" lon="9.088404280133545"><ele>667.5999755859375</ele></trkpt><trkpt lat="47.1126020909287" lon="9.088307496160269"><ele>668.0</ele></trkpt><trkpt lat="47.11254048347473" lon="9.088212030008435"><ele>668.5999755859375</ele></trkpt><trkpt lat="47.112477976828814" lon="9.088116536382586"><ele>669.1999816894531</ele></trkpt><trkpt lat="47.11241636937484" lon="9.088021070696414"><ele>669.5999755859375</ele></trkpt><trkpt lat="47.11234458582476" lon="9.087945059407502"><ele>669.8999938964844</ele></trkpt><trkpt lat="47.11227192217484" lon="9.087867703754455"><ele>670.1999816894531</ele></trkpt><trkpt lat="47.11219925805926" lon="9.087790348101407"><ele>670.5</ele></trkpt><trkpt lat="47.1121266130358" lon="9.087711675092578"><ele>670.3999938964844</ele></trkpt><trkpt lat="47.11205394892022" lon="9.087634319905192"><ele>670.2999877929688</ele></trkpt><trkpt lat="47.111980385612696" lon="9.08755693724379"><ele>670.6999816894531</ele></trkpt><trkpt lat="47.11190772149712" lon="9.087479582522064"><ele>671.0999755859375</ele></trkpt><trkpt lat="47.11183505691588" lon="9.08740222780034"><ele>671.3999938964844</ele></trkpt><trkpt lat="47.1117623928003" lon="9.087324873544276"><ele>671.7999877929688</ele></trkpt><trkpt lat="47.11168972868472" lon="9.087247519288212"><ele>672.5999755859375</ele></trkpt><trkpt lat="47.111652004066855" lon="9.087180465925485"><ele>673.0</ele></trkpt><trkpt lat="47.11159498663619" lon="9.087078554555774"><ele>673.1999816894531</ele></trkpt><trkpt lat="47.11153705138713" lon="9.08697793353349"><ele>674.0999755859375</ele></trkpt><trkpt lat="47.11148003395647" lon="9.086876023095101"><ele>675.5999755859375</ele></trkpt><trkpt lat="47.111423016525805" lon="9.086774112656713"><ele>677.3999938964844</ele></trkpt><trkpt lat="47.11136599909514" lon="9.086672202683985"><ele>678.6999816894531</ele></trkpt><trkpt lat="47.11130806291476" lon="9.086571582127362"><ele>680.0</ele></trkpt><trkpt lat="47.111251045484096" lon="9.086469673085958"><ele>682.5999755859375</ele></trkpt><trkpt lat="47.111158358864486" lon="9.086345580872148"><ele>686.0999755859375</ele></trkpt><trkpt lat="47.11109215952456" lon="9.086256567854434"><ele>689.0</ele></trkpt><trkpt lat="47.11102595971897" lon="9.08616755483672"><ele>690.3999938964844</ele></trkpt><trkpt lat="47.110959759447724" lon="9.086078541819006"><ele>690.5999755859375</ele></trkpt><trkpt lat="47.11087995674461" lon="9.085997017100453"><ele>689.8999938964844</ele></trkpt><trkpt lat="47.11075386684388" lon="9.086006316356361"><ele>688.0999755859375</ele></trkpt><trkpt lat="47.110638280399144" lon="9.085910513065755"><ele>684.5999755859375</ele></trkpt><trkpt lat="47.110601630527526" lon="9.085768378339708"><ele>680.3999938964844</ele></trkpt><trkpt lat="47.110570112243295" lon="9.085644851438701"><ele>676.3999938964844</ele></trkpt><trkpt lat="47.110503521282226" lon="9.085520246066153"><ele>673.0</ele></trkpt><trkpt lat="47.110447420272976" lon="9.085417049005628"><ele>671.3999938964844</ele></trkpt><trkpt lat="47.11038033198565" lon="9.085389947518706"><ele>671.6999816894531</ele></trkpt><trkpt lat="47.11029355460778" lon="9.085355652030557"><ele>673.0</ele></trkpt><trkpt lat="47.110206776764244" lon="9.085321356542408"><ele>674.2999877929688</ele></trkpt><trkpt lat="47.11011999892071" lon="9.08528706105426"><ele>675.7999877929688</ele></trkpt><trkpt lat="47.11003324016929" lon="9.08525144867599"><ele>677.5</ele></trkpt><trkpt lat="47.10994646232575" lon="9.085217153653502"><ele>679.1999816894531</ele></trkpt><trkpt lat="47.109830687288195" lon="9.085134526249021"><ele>680.0999755859375</ele></trkpt><trkpt lat="47.109751355368644" lon="9.085020074620843"><ele>679.5999755859375</ele></trkpt><trkpt lat="47.10968790855259" lon="9.084927196148783"><ele>678.6999816894531</ele></trkpt><trkpt lat="47.10962354391813" lon="9.084835607092828"><ele>677.5</ele></trkpt><trkpt lat="47.109560096636415" lon="9.084742729086429"><ele>676.2999877929688</ele></trkpt><trkpt lat="47.10949575062841" lon="9.084649823606014"><ele>675.3999938964844</ele></trkpt><trkpt lat="47.10945375403389" lon="9.0845668297261"><ele>674.2999877929688</ele></trkpt><trkpt lat="47.109400387853384" lon="9.08446108456701"><ele>673.8999938964844</ele></trkpt><trkpt lat="47.109347021672875" lon="9.08435533940792"><ele>673.6999816894531</ele></trkpt><trkpt lat="47.10925333853811" lon="9.084237813018262"><ele>673.0999755859375</ele></trkpt><trkpt lat="47.10918530030176" lon="9.084151384420693"><ele>673.0999755859375</ele></trkpt><trkpt lat="47.10911726253107" lon="9.084064956288785"><ele>674.1999816894531</ele></trkpt><trkpt lat="47.10904920613393" lon="9.083979845512658"><ele>676.0</ele></trkpt><trkpt lat="47.10898116789758" lon="9.083893417846411"><ele>677.2999877929688</ele></trkpt><trkpt lat="47.10891311103478" lon="9.083808307535946"><ele>677.5999755859375</ele></trkpt><trkpt lat="47.108844173140824" lon="9.083721851930022"><ele>677.5999755859375</ele></trkpt><trkpt lat="47.108776134904474" lon="9.083635424729437"><ele>677.5999755859375</ele></trkpt><trkpt lat="47.10870807757601" lon="9.083550314884633"><ele>676.7999877929688</ele></trkpt><trkpt lat="47.10864003840834" lon="9.083463887684047"><ele>675.1999816894531</ele></trkpt><trkpt lat="47.1085778423585" lon="9.083409266546369"><ele>673.7999877929688</ele></trkpt><trkpt lat="47.10850054677576" lon="9.08334100432694"><ele>673.1999816894531</ele></trkpt><trkpt lat="47.10842415038496" lon="9.083272769581527"><ele>672.7999877929688</ele></trkpt><trkpt lat="47.10834685433656" lon="9.083204507827759"><ele>672.0</ele></trkpt><trkpt lat="47.108279186766595" lon="9.083154990337789"><ele>670.7999877929688</ele></trkpt><trkpt lat="47.1081981617026" lon="9.083095838781446"><ele>669.8999938964844</ele></trkpt><trkpt lat="47.108118017204106" lon="9.083038032054901"><ele>669.7999877929688</ele></trkpt><trkpt lat="47.10803789179772" lon="9.082978908438236"><ele>670.3999938964844</ele></trkpt><trkpt lat="47.10795686719939" lon="9.082919757813215"><ele>671.0</ele></trkpt><trkpt lat="47.107876722700894" lon="9.082861951552331"><ele>671.3999938964844</ele></trkpt><trkpt lat="47.107795698102564" lon="9.082802800927311"><ele>671.5999755859375</ele></trkpt><trkpt lat="47.10771557223052" lon="9.082743678241968"><ele>671.6999816894531</ele></trkpt><trkpt lat="47.10763452807441" lon="9.08268584497273"><ele>671.5</ele></trkpt><trkpt lat="47.10755440266803" lon="9.082626722287387"><ele>671.1999816894531</ele></trkpt><trkpt lat="47.10746768023819" lon="9.08258848125115"><ele>671.2999877929688</ele></trkpt><trkpt lat="47.10738093871623" lon="9.082551557570696"><ele>671.5</ele></trkpt><trkpt lat="47.107295115944" lon="9.082513344474137"><ele>671.5999755859375</ele></trkpt><trkpt lat="47.10719628771767" lon="9.082503722049296"><ele>670.8999938964844</ele></trkpt><trkpt lat="47.10710645234212" lon="9.082494375295937"><ele>667.5</ele></trkpt><trkpt lat="47.10709110414609" lon="9.082309421617538"><ele>664.3999938964844</ele></trkpt><trkpt lat="47.10703695798293" lon="9.082320937421173"><ele>664.5</ele></trkpt><trkpt lat="47.106994254514575" lon="9.082161499653012"><ele>664.7999877929688</ele></trkpt><trkpt lat="47.10689136898145" lon="9.082058195024729"><ele>664.7999877929688</ele></trkpt><trkpt lat="47.106816845946014" lon="9.081984751392156"><ele>665.1999816894531</ele></trkpt><trkpt lat="47.106716860085726" lon="9.081930292304605"><ele>665.5</ele></trkpt><trkpt lat="47.10663204872981" lon="9.081884205341339"><ele>665.5</ele></trkpt><trkpt lat="47.106548118405044" lon="9.08183946320787"><ele>665.5</ele></trkpt><trkpt lat="47.106463307049125" lon="9.081793376710266"><ele>665.5</ele></trkpt><trkpt lat="47.10637939488515" lon="9.081747317221016"><ele>663.6999816894531</ele></trkpt><trkpt lat="47.106266936287284" lon="9.08162131998688"><ele>660.8999938964844</ele></trkpt><trkpt lat="47.106195223517716" lon="9.081540057435632"><ele>660.3999938964844</ele></trkpt><trkpt lat="47.1061234921217" lon="9.081460112240165"><ele>660.5999755859375</ele></trkpt><trkpt lat="47.10605265991762" lon="9.081380194984376"><ele>659.7999877929688</ele></trkpt><trkpt lat="47.1059809285216" lon="9.081300250254571"><ele>659.8999938964844</ele></trkpt><trkpt lat="47.10589099954814" lon="9.081297492142767"><ele>660.5999755859375</ele></trkpt><trkpt lat="47.10577776841819" lon="9.081225499045104"><ele>659.7999877929688</ele></trkpt><trkpt lat="47.105694849509746" lon="9.08117288351059"><ele>658.0</ele></trkpt><trkpt lat="47.105621149297804" lon="9.081104738172144"><ele>656.5999755859375</ele></trkpt><trkpt lat="47.105545688420534" lon="9.081033903639764"><ele>655.0999755859375</ele></trkpt><trkpt lat="47.10546932788566" lon="9.080963042099029"><ele>653.5999755859375</ele></trkpt><trkpt lat="47.10539386700839" lon="9.08089220803231"><ele>652.0999755859375</ele></trkpt><trkpt lat="47.10531750647351" lon="9.080821346957237"><ele>650.5999755859375</ele></trkpt><trkpt lat="47.10524204513058" lon="9.080750513356179"><ele>648.7999877929688</ele></trkpt><trkpt lat="47.10517836874351" lon="9.080673452466726"><ele>646.8999938964844</ele></trkpt><trkpt lat="47.105108472984284" lon="9.080590930767357"><ele>645.5</ele></trkpt><trkpt lat="47.10503859538585" lon="9.080507092177868"><ele>643.7999877929688</ele></trkpt><trkpt lat="47.10495648533106" lon="9.080397842917591"><ele>641.7999877929688</ele></trkpt><trkpt lat="47.10488938121125" lon="9.080308819189668"><ele>640.5999755859375</ele></trkpt><trkpt lat="47.10482317628339" lon="9.080219823867083"><ele>640.5</ele></trkpt><trkpt lat="47.10475697135553" lon="9.080130828078836"><ele>640.6999816894531</ele></trkpt><trkpt lat="47.10468984860927" lon="9.080043122172356"><ele>640.0</ele></trkpt><trkpt lat="47.104623642750084" lon="9.07995412684977"><ele>637.7999877929688</ele></trkpt><trkpt lat="47.1046190825291" lon="9.079769513104111"><ele>635.3999938964844</ele></trkpt><trkpt lat="47.1046155677177" lon="9.079637638293207"><ele>633.5</ele></trkpt><trkpt lat="47.10461205244064" lon="9.079505763482302"><ele>631.3999938964844</ele></trkpt><trkpt lat="47.10452104266733" lon="9.079389655962586"><ele>628.6999816894531</ele></trkpt><trkpt lat="47.10445300024003" lon="9.079303240403533"><ele>626.0</ele></trkpt><trkpt lat="47.104550725314766" lon="9.079264068510383"><ele>624.1999816894531</ele></trkpt><trkpt lat="47.10463760280982" lon="9.079228517133743"><ele>623.0</ele></trkpt><trkpt lat="47.10472356202081" lon="9.079194255173206"><ele>621.7999877929688</ele></trkpt><trkpt lat="47.10481043951586" lon="9.079158703796566"><ele>620.5</ele></trkpt><trkpt lat="47.10489731654525" lon="9.079123151954263"><ele>619.1999816894531</ele></trkpt><trkpt lat="47.104984174948186" lon="9.079088917002082"><ele>617.8999938964844</ele></trkpt><trkpt lat="47.105071052443236" lon="9.07905336515978"><ele>616.5999755859375</ele></trkpt><trkpt lat="47.10515703028068" lon="9.079017785843462"><ele>615.3999938964844</ele></trkpt><trkpt lat="47.10524388868362" lon="9.07898355089128"><ele>614.2999877929688</ele></trkpt><trkpt lat="47.105330765713006" lon="9.078947998583317"><ele>613.0</ele></trkpt><trkpt lat="47.105438586790115" lon="9.078957888763398"><ele>611.6999816894531</ele></trkpt><trkpt lat="47.105528459418565" lon="9.078964594285935"><ele>610.3999938964844</ele></trkpt><trkpt lat="47.1056183129549" lon="9.078972616698593"><ele>609.0999755859375</ele></trkpt><trkpt lat="47.1057081669569" lon="9.07898063911125"><ele>608.0</ele></trkpt><trkpt lat="47.10579802049324" lon="9.07898866198957"><ele>606.6999816894531</ele></trkpt><trkpt lat="47.10592506499961" lon="9.078975422307849"><ele>605.1999816894531</ele></trkpt><trkpt lat="47.106015163008124" lon="9.078966322354972"><ele>603.7999877929688</ele></trkpt><trkpt lat="47.10610436229035" lon="9.07895719492808"><ele>602.5999755859375</ele></trkpt><trkpt lat="47.106194460298866" lon="9.078948094509542"><ele>601.3999938964844</ele></trkpt><trkpt lat="47.10627603251487" lon="9.078969040885568"><ele>600.3999938964844</ele></trkpt><trkpt lat="47.1063647614792" lon="9.078992841765285"><ele>599.8999938964844</ele></trkpt><trkpt lat="47.10630110325292" lon="9.078914464917034"><ele>599.5</ele></trkpt><trkpt lat="47.106232123915106" lon="9.078830654267222"><ele>598.6999816894531</ele></trkpt><trkpt lat="47.10610937513411" lon="9.07873202022165"><ele>597.6999816894531</ele></trkpt><trkpt lat="47.10603020293638" lon="9.078668981324881"><ele>596.7999877929688</ele></trkpt><trkpt lat="47.10595194855705" lon="9.078604653012007"><ele>596.0</ele></trkpt><trkpt lat="47.10587277635932" lon="9.078541614115238"><ele>595.2999877929688</ele></trkpt><trkpt lat="47.10579360416159" lon="9.078478576149791"><ele>594.5</ele></trkpt><trkpt lat="47.10571534978226" lon="9.078414248302579"><ele>593.6999816894531</ele></trkpt><trkpt lat="47.10563617711887" lon="9.078351210337132"><ele>592.8999938964844</ele></trkpt><trkpt lat="47.10557295335457" lon="9.07817929238081"><ele>591.8999938964844</ele></trkpt><trkpt lat="47.10553052322939" lon="9.078063354361802"><ele>590.7999877929688</ele></trkpt><trkpt lat="47.10548809263855" lon="9.077947416342795"><ele>589.8999938964844</ele></trkpt><trkpt lat="47.105445662047714" lon="9.077831478789449"><ele>588.5</ele></trkpt><trkpt lat="47.105405220296234" lon="9.077639176044613"><ele>586.6999816894531</ele></trkpt><trkpt lat="47.105378227774054" lon="9.077513169497252"><ele>584.8999938964844</ele></trkpt><trkpt lat="47.10532862087712" lon="9.077395695261657"><ele>583.0999755859375</ele></trkpt><trkpt lat="47.10528163658455" lon="9.077283571939915"><ele>581.2999877929688</ele></trkpt><trkpt lat="47.10523375310004" lon="9.077171421144158"><ele>579.5999755859375</ele></trkpt><trkpt lat="47.10518676880747" lon="9.077059298288077"><ele>577.5999755859375</ele></trkpt><trkpt lat="47.10512531828135" lon="9.077015252318233"><ele>575.8999938964844</ele></trkpt><trkpt lat="47.10504518914968" lon="9.076956140808761"><ele>574.0</ele></trkpt><trkpt lat="47.104964142199606" lon="9.076898318715394"><ele>572.0</ele></trkpt><trkpt lat="47.10488401306793" lon="9.076839207671583"><ele>570.5</ele></trkpt><trkpt lat="47.104808962438256" lon="9.07673940435052"><ele>569.1999816894531</ele></trkpt><trkpt lat="47.104742754716426" lon="9.076650412753224"><ele>568.0999755859375</ele></trkpt><trkpt lat="47.10470863990486" lon="9.076582168228924"><ele>566.8999938964844</ele></trkpt><trkpt lat="47.10465616546571" lon="9.076476467307657"><ele>565.6999816894531</ele></trkpt><trkpt lat="47.104602810461074" lon="9.076369422487915"><ele>564.6999816894531</ele></trkpt><trkpt lat="47.104595507029444" lon="9.076250609010458"><ele>563.5</ele></trkpt><trkpt lat="47.104479257483035" lon="9.076137688010931"><ele>561.6999816894531</ele></trkpt><trkpt lat="47.10440381197259" lon="9.076065544970334"><ele>559.5999755859375</ele></trkpt><trkpt lat="47.10432928428054" lon="9.075992112513632"><ele>557.5</ele></trkpt><trkpt lat="47.104246721137315" lon="9.075851234141737"><ele>555.0999755859375</ele></trkpt><trkpt lat="47.104188774712384" lon="9.075750638265163"><ele>552.0999755859375</ele></trkpt><trkpt lat="47.10412826342508" lon="9.075577492825687"><ele>548.8999938964844</ele></trkpt><trkpt lat="47.104083673562855" lon="9.075549776665866"><ele>546.5</ele></trkpt><trkpt lat="47.10394763574004" lon="9.075562748126686"><ele>544.6999816894531</ele></trkpt><trkpt lat="47.10385753726587" lon="9.075571853201836"><ele>543.0999755859375</ele></trkpt><trkpt lat="47.10376833798364" lon="9.075580985285342"><ele>541.7999877929688</ele></trkpt><trkpt lat="47.10367823950946" lon="9.075590090360492"><ele>540.0</ele></trkpt><trkpt lat="47.10358508769423" lon="9.07556089013815"><ele>538.1999816894531</ele></trkpt><trkpt lat="47.10349731333554" lon="9.075533172115684"><ele>537.1999816894531</ele></trkpt><trkpt lat="47.10340862069279" lon="9.075506743974984"><ele>536.7999877929688</ele></trkpt><trkpt lat="47.1033208463341" lon="9.07547902641818"><ele>536.3999938964844</ele></trkpt><trkpt lat="47.10323307197541" lon="9.075451308861375"><ele>535.6999816894531</ele></trkpt><trkpt lat="47.10314529761672" lon="9.07542359130457"><ele>535.0999755859375</ele></trkpt><trkpt lat="47.10305660543963" lon="9.075397163629532"><ele>535.0999755859375</ele></trkpt><trkpt lat="47.10296883108094" lon="9.075369446538389"><ele>535.5999755859375</ele></trkpt><trkpt lat="47.102881057187915" lon="9.075341729912907"><ele>536.5</ele></trkpt><trkpt lat="47.10276238946244" lon="9.075272222515196"><ele>537.0999755859375</ele></trkpt><trkpt lat="47.10267941141501" lon="9.075223570223898"><ele>537.0</ele></trkpt><trkpt lat="47.102595534641296" lon="9.075174890924245"><ele>537.0999755859375</ele></trkpt><trkpt lat="47.102473793551326" lon="9.075131643097848"><ele>537.3999938964844</ele></trkpt><trkpt lat="47.1023860569112" lon="9.075101292226464"><ele>537.5999755859375</ele></trkpt><trkpt lat="47.102298338431865" lon="9.07506962493062"><ele>537.5</ele></trkpt><trkpt lat="47.102211500983685" lon="9.075039301998913"><ele>537.5</ele></trkpt><trkpt lat="47.10212378297001" lon="9.07500763470307"><ele>537.2999877929688</ele></trkpt><trkpt lat="47.102036045864224" lon="9.074977284763008"><ele>537.1999816894531</ele></trkpt><trkpt lat="47.101949227042496" lon="9.074945644941181"><ele>537.1999816894531</ele></trkpt><trkpt lat="47.10186149040237" lon="9.07491529500112"><ele>536.8999938964844</ele></trkpt><trkpt lat="47.10180060286075" lon="9.074768499471247"><ele>536.2999877929688</ele></trkpt><trkpt lat="47.10173403704539" lon="9.07470453903079"><ele>535.5</ele></trkpt><trkpt lat="47.10165859106928" lon="9.074632401578128"><ele>534.5</ele></trkpt><trkpt lat="47.10154179483652" lon="9.074620928615332"><ele>533.0</ele></trkpt><trkpt lat="47.10145194036886" lon="9.074612913653255"><ele>531.3999938964844</ele></trkpt><trkpt lat="47.10138949472457" lon="9.074638674966991"><ele>529.8999938964844</ele></trkpt><trkpt lat="47.10130349872634" lon="9.074675575830042"><ele>528.1999816894531</ele></trkpt><trkpt lat="47.10121662216261" lon="9.074711131863296"><ele>526.3999938964844</ele></trkpt><trkpt lat="47.101117624435574" lon="9.074713377747685"><ele>524.6999816894531</ele></trkpt><trkpt lat="47.10102761955932" lon="9.074715898372233"><ele>523.0999755859375</ele></trkpt><trkpt lat="47.10093761468306" lon="9.074718419462442"><ele>521.5999755859375</ele></trkpt><trkpt lat="47.100847609806806" lon="9.07472094008699"><ele>520.2999877929688</ele></trkpt><trkpt lat="47.10075760539621" lon="9.0747234611772"><ele>519.1999816894531</ele></trkpt><trkpt lat="47.10069669596851" lon="9.07476771529764"><ele>518.2999877929688</ele></trkpt><trkpt lat="47.100615814328194" lon="9.074824535287917"><ele>517.5</ele></trkpt><trkpt lat="47.10053491406143" lon="9.074882671702653"><ele>516.3999938964844</ele></trkpt><trkpt lat="47.100454912520945" lon="9.074940835591406"><ele>514.8999938964844</ele></trkpt><trkpt lat="47.10037401225418" lon="9.07499897154048"><ele>513.1999816894531</ele></trkpt><trkpt lat="47.10029311152175" lon="9.075057107489556"><ele>511.1999816894531</ele></trkpt><trkpt lat="47.10021221078932" lon="9.07511524297297"><ele>508.79998779296875</ele></trkpt><trkpt lat="47.100105420686305" lon="9.075032926630229"><ele>506.29998779296875</ele></trkpt><trkpt lat="47.10007261298597" lon="9.075125470291823"><ele>504.1999816894531</ele></trkpt><trkpt lat="47.10003047436476" lon="9.075241444632411"><ele>502.29998779296875</ele></trkpt><trkpt lat="47.099921432789415" lon="9.075317165348679"><ele>499.6999816894531</ele></trkpt><trkpt lat="47.0998170748353" lon="9.075379853602499"><ele>497.0999755859375</ele></trkpt><trkpt lat="47.099733588751405" lon="9.075430003926158"><ele>494.79998779296875</ele></trkpt><trkpt lat="47.099651001859456" lon="9.075480181723833"><ele>493.0</ele></trkpt><trkpt lat="47.09956751624122" lon="9.075530332047492"><ele>491.79998779296875</ele></trkpt><trkpt lat="47.099577634595335" lon="9.075451588723809"><ele>491.1999816894531</ele></trkpt><trkpt lat="47.09952367702499" lon="9.07544993981719"><ele>490.29998779296875</ele></trkpt><trkpt lat="47.099404480308294" lon="9.07554379478097"><ele>488.79998779296875</ele></trkpt><trkpt lat="47.0993244224228" lon="9.075605907011777"><ele>487.0999755859375</ele></trkpt><trkpt lat="47.099245263729244" lon="9.0756680467166"><ele>485.6999816894531</ele></trkpt><trkpt lat="47.099166105501354" lon="9.075730186421424"><ele>485.0999755859375</ele></trkpt><trkpt lat="47.09908694727346" lon="9.075792326126248"><ele>484.5</ele></trkpt><trkpt lat="47.09899744717404" lon="9.075822528451681"><ele>482.8999938964844</ele></trkpt><trkpt lat="47.098909745924175" lon="9.075852785725147"><ele>481.0</ele></trkpt><trkpt lat="47.09882204513997" lon="9.075883042998612"><ele>480.0999755859375</ele></trkpt><trkpt lat="47.0987343438901" lon="9.075913300272077"><ele>479.5</ele></trkpt><trkpt lat="47.09864139882848" lon="9.075869616121054"><ele>477.29998779296875</ele></trkpt><trkpt lat="47.098555591423064" lon="9.07583010243252"><ele>474.5</ele></trkpt><trkpt lat="47.098469784483314" lon="9.075790588743985"><ele>472.1999816894531</ele></trkpt><trkpt lat="47.0983839770779" lon="9.075751075521111"><ele>470.0</ele></trkpt><trkpt lat="47.0982981887646" lon="9.075710245408118"><ele>468.0</ele></trkpt><trkpt lat="47.09821238135919" lon="9.075670732185245"><ele>465.6999816894531</ele></trkpt><trkpt lat="47.09812657395378" lon="9.075631218962371"><ele>462.8999938964844</ele></trkpt><trkpt lat="47.09801721572876" lon="9.07560284389183"><ele>459.8999938964844</ele></trkpt><trkpt lat="47.09792848536745" lon="9.075579051859677"><ele>457.0999755859375</ele></trkpt><trkpt lat="47.09783973637968" lon="9.075556576717645"><ele>454.79998779296875</ele></trkpt><trkpt lat="47.097721999976784" lon="9.075674188323319"><ele>452.6999816894531</ele></trkpt><trkpt lat="47.09764806833118" lon="9.075748343020678"><ele>450.6999816894531</ele></trkpt><trkpt lat="47.097591765690595" lon="9.075848069041967"><ele>449.0</ele></trkpt><trkpt lat="47.09753454476595" lon="9.0759490840137"><ele>447.5999755859375</ele></trkpt><trkpt lat="47.09747642511502" lon="9.076050071511418"><ele>446.6999816894531</ele></trkpt><trkpt lat="47.09741918556392" lon="9.076152403373271"><ele>446.3999938964844</ele></trkpt><trkpt lat="47.097361964639276" lon="9.076253418345004"><ele>446.0999755859375</ele></trkpt><trkpt lat="47.097303135320544" lon="9.076277969405055"><ele>446.0</ele></trkpt><trkpt lat="47.09721713885665" lon="9.076314865145832"><ele>446.0</ele></trkpt><trkpt lat="47.09716321900487" lon="9.07631058152765"><ele>446.3999938964844</ele></trkpt><trkpt lat="47.097073326818645" lon="9.076305198483169"><ele>447.0</ele></trkpt><trkpt lat="47.096983454190195" lon="9.076298498548567"><ele>447.79998779296875</ele></trkpt><trkpt lat="47.09689356200397" lon="9.076293115504086"><ele>448.5</ele></trkpt><trkpt lat="47.09680368890986" lon="9.076286415569484"><ele>448.3999938964844</ele></trkpt><trkpt lat="47.09671381581575" lon="9.076279715169221"><ele>447.5</ele></trkpt><trkpt lat="47.09662392362952" lon="9.07627433212474"><ele>446.5999755859375</ele></trkpt><trkpt lat="47.09653405006975" lon="9.076267632190138"><ele>446.1999816894531</ele></trkpt><trkpt lat="47.09640009468421" lon="9.076197663322091"><ele>446.0</ele></trkpt><trkpt lat="47.0963564440608" lon="9.076104106847197"><ele>446.0</ele></trkpt><trkpt lat="47.09627387765795" lon="9.076089725829661"><ele>446.29998779296875</ele></trkpt><trkpt lat="47.096184154972434" lon="9.076072491239756"><ele>446.5</ele></trkpt><trkpt lat="47.09609531238675" lon="9.076056600548327"><ele>446.5</ele></trkpt><trkpt lat="47.09600557060912" lon="9.076040682848543"><ele>446.29998779296875</ele></trkpt><trkpt lat="47.09591672802344" lon="9.076024792622775"><ele>446.0</ele></trkpt><trkpt lat="47.095853777136654" lon="9.076022868510336"><ele>445.79998779296875</ele></trkpt><trkpt lat="47.095763847697526" lon="9.076020119711757"><ele>445.6999816894531</ele></trkpt><trkpt lat="47.095701477024704" lon="9.07604060973972"><ele>445.5</ele></trkpt><trkpt lat="47.09561379486695" lon="9.07606954826042"><ele>445.3999938964844</ele></trkpt><trkpt lat="47.09552609408274" lon="9.07609980367124"><ele>445.29998779296875</ele></trkpt><trkpt lat="47.09543841145933" lon="9.07612874172628"><ele>445.0999755859375</ele></trkpt><trkpt lat="47.0953486696817" lon="9.076112824026495"><ele>444.79998779296875</ele></trkpt><trkpt lat="47.09525892790407" lon="9.076096906326711"><ele>444.3999938964844</ele></trkpt><trkpt lat="47.09515063883737" lon="9.076056708116084"><ele>444.0</ele></trkpt><trkpt lat="47.09506383864209" lon="9.076023754198104"><ele>443.5999755859375</ele></trkpt><trkpt lat="47.094977038446814" lon="9.075990799814463"><ele>443.29998779296875</ele></trkpt><trkpt lat="47.09488933952525" lon="9.075957818422467"><ele>443.0</ele></trkpt><trkpt lat="47.094802539329976" lon="9.075924864504486"><ele>442.8999938964844</ele></trkpt><trkpt lat="47.09468349814415" lon="9.075818467419595"><ele>443.0999755859375</ele></trkpt><trkpt lat="47.09460621653125" lon="9.075748917181045"><ele>443.1999816894531</ele></trkpt><trkpt lat="47.09452981548384" lon="9.075680711306632"><ele>443.3999938964844</ele></trkpt><trkpt lat="47.094452533870935" lon="9.075611161533743"><ele>443.5999755859375</ele></trkpt><trkpt lat="47.09437613282353" lon="9.075542956124991"><ele>443.8999938964844</ele></trkpt><trkpt lat="47.094272246118635" lon="9.075509481597692"><ele>444.1999816894531</ele></trkpt><trkpt lat="47.094184471759945" lon="9.0754817686975"><ele>444.5999755859375</ele></trkpt><trkpt lat="47.094096697401255" lon="9.075454055797309"><ele>444.79998779296875</ele></trkpt><trkpt lat="47.094008923042566" lon="9.075426343362778"><ele>444.8999938964844</ele></trkpt><trkpt lat="47.09405651455745" lon="9.075243360828608"><ele>444.5</ele></trkpt><trkpt lat="47.09410084411502" lon="9.075163035653532"><ele>444.0</ele></trkpt><trkpt lat="47.094157183077186" lon="9.075060681439936"><ele>443.5999755859375</ele></trkpt><trkpt lat="47.094213522039354" lon="9.07495832722634"><ele>443.29998779296875</ele></trkpt><trkpt lat="47.094254028983414" lon="9.074893693905324"><ele>443.0</ele></trkpt><trkpt lat="47.09431568905711" lon="9.074796771164984"><ele>442.6999816894531</ele></trkpt><trkpt lat="47.094377329573035" lon="9.074701165314764"><ele>442.29998779296875</ele></trkpt><trkpt lat="47.094438089989126" lon="9.074604214634746"><ele>441.8999938964844</ele></trkpt><trkpt lat="47.0944997491315" lon="9.074507291428745"><ele>441.5</ele></trkpt><trkpt lat="47.09456049045548" lon="9.074411657173187"><ele>441.1999816894531</ele></trkpt><trkpt lat="47.09462214959785" lon="9.074314733501524"><ele>440.8999938964844</ele></trkpt><trkpt lat="47.09468290954828" lon="9.074217782355845"><ele>440.5999755859375</ele></trkpt><trkpt lat="47.094744549598545" lon="9.07412217464298"><ele>440.1999816894531</ele></trkpt><trkpt lat="47.094805309548974" lon="9.07402522303164"><ele>439.8999938964844</ele></trkpt><trkpt lat="47.09486696822569" lon="9.073928298428655"><ele>439.6999816894531</ele></trkpt><trkpt lat="47.094927709084004" lon="9.073832662776113"><ele>439.3999938964844</ele></trkpt><trkpt lat="47.09498936776072" lon="9.073735738173127"><ele>439.1999816894531</ele></trkpt><trkpt lat="47.095050127245486" lon="9.073638785164803"><ele>439.0999755859375</ele></trkpt><trkpt lat="47.09511176729575" lon="9.073543176520616"><ele>439.0</ele></trkpt><trkpt lat="47.095172526314855" lon="9.073446223512292"><ele>438.8999938964844</ele></trkpt><trkpt lat="47.09523418499157" lon="9.073349297512323"><ele>438.8999938964844</ele></trkpt><trkpt lat="47.09529492538422" lon="9.073253660928458"><ele>438.79998779296875</ele></trkpt><trkpt lat="47.095356583595276" lon="9.073156734928489"><ele>438.79998779296875</ele></trkpt><trkpt lat="47.09541734261438" lon="9.073059780523181"><ele>438.5</ele></trkpt><trkpt lat="47.09547898173332" lon="9.072964170947671"><ele>438.29998779296875</ele></trkpt><trkpt lat="47.09553974075243" lon="9.072867216542363"><ele>438.5999755859375</ele></trkpt><trkpt lat="47.09560139849782" lon="9.07277028914541"><ele>438.8999938964844</ele></trkpt><trkpt lat="47.095662138424814" lon="9.072674651164562"><ele>439.0</ele></trkpt><trkpt lat="47.095723796170205" lon="9.072577723767608"><ele>439.0999755859375</ele></trkpt><trkpt lat="47.09578455472365" lon="9.072480768430978"><ele>439.0999755859375</ele></trkpt><trkpt lat="47.09584619384259" lon="9.072385156992823"><ele>439.29998779296875</ele></trkpt><trkpt lat="47.095906951930374" lon="9.072288201656193"><ele>439.3999938964844</ele></trkpt><trkpt lat="47.095968609675765" lon="9.072191272862256"><ele>439.6999816894531</ele></trkpt><trkpt lat="47.0960293491371" lon="9.072095633950084"><ele>440.0</ele></trkpt><trkpt lat="47.09609100641683" lon="9.071998704690486"><ele>440.3999938964844</ele></trkpt><trkpt lat="47.09615524858236" lon="9.07184652145952"><ele>440.79998779296875</ele></trkpt><trkpt lat="47.09620184265077" lon="9.071733323391527"><ele>441.29998779296875</ele></trkpt><trkpt lat="47.09624931681901" lon="9.07162146922201"><ele>440.79998779296875</ele></trkpt><trkpt lat="47.09629484126344" lon="9.071456856559962"><ele>438.6999816894531</ele></trkpt><trkpt lat="47.09632807597518" lon="9.071334028150886"><ele>437.0</ele></trkpt><trkpt lat="47.09636219125241" lon="9.071212544105947"><ele>437.0</ele></trkpt><trkpt lat="47.09639542642981" lon="9.071089715696871"><ele>438.8999938964844</ele></trkpt><trkpt lat="47.09642954170704" lon="9.070968231651932"><ele>440.8999938964844</ele></trkpt><trkpt lat="47.096477090381086" lon="9.07085110899061"><ele>441.3999938964844</ele></trkpt><trkpt lat="47.0965236639604" lon="9.070739225950092"><ele>440.8999938964844</ele></trkpt><trkpt lat="47.096569357439876" lon="9.070625998545438"><ele>440.5</ele></trkpt><trkpt lat="47.0966159501113" lon="9.070512798149139"><ele>440.0999755859375</ele></trkpt><trkpt lat="47.09670726256445" lon="9.070354848634452"><ele>439.6999816894531</ele></trkpt><trkpt lat="47.096765358466655" lon="9.07025517290458"><ele>439.29998779296875</ele></trkpt><trkpt lat="47.09682347299531" lon="9.07015418028459"><ele>439.0999755859375</ele></trkpt><trkpt lat="47.096882487181574" lon="9.070053214672953"><ele>438.8999938964844</ele></trkpt><trkpt lat="47.09694058261812" lon="9.06995353847742"><ele>438.79998779296875</ele></trkpt><trkpt lat="47.09699869714677" lon="9.069852544926107"><ele>438.5999755859375</ele></trkpt><trkpt lat="47.09705679258332" lon="9.069752868264914"><ele>438.5</ele></trkpt><trkpt lat="47.09711490711197" lon="9.0696518747136"><ele>438.3999938964844</ele></trkpt><trkpt lat="47.097173002548516" lon="9.069552197586745"><ele>438.29998779296875</ele></trkpt><trkpt lat="47.09723111661151" lon="9.069451203104109"><ele>438.1999816894531</ele></trkpt><trkpt lat="47.09729011077434" lon="9.069351552985609"><ele>438.0999755859375</ele></trkpt><trkpt lat="47.09734822483733" lon="9.069250558502972"><ele>438.0</ele></trkpt><trkpt lat="47.097406319808215" lon="9.069150880444795"><ele>437.8999938964844</ele></trkpt><trkpt lat="47.09746443340555" lon="9.069049885496497"><ele>437.8999938964844</ele></trkpt><trkpt lat="47.097554626874626" lon="9.06909742532298"><ele>437.79998779296875</ele></trkpt><trkpt lat="47.09763948060572" lon="9.069140850100666"><ele>437.79998779296875</ele></trkpt><trkpt lat="47.097724315710366" lon="9.069185592234135"><ele>437.79998779296875</ele></trkpt><trkpt lat="47.09780916944146" lon="9.069229017477483"><ele>437.6999816894531</ele></trkpt><trkpt lat="47.09789402317256" lon="9.069272443186492"><ele>437.6999816894531</ele></trkpt><trkpt lat="47.09797885781154" lon="9.069317185785621"><ele>437.5999755859375</ele></trkpt><trkpt lat="47.098063711542636" lon="9.06936061149463"><ele>437.5999755859375</ele></trkpt><trkpt lat="47.09814854664728" lon="9.06940535409376"><ele>437.5999755859375</ele></trkpt><trkpt lat="47.098233399912715" lon="9.06944878026843"><ele>437.5</ele></trkpt><trkpt lat="47.09831823501736" lon="9.069493523333222"><ele>437.5</ele></trkpt><trkpt lat="47.098403088282794" lon="9.069536949507892"><ele>437.3999938964844</ele></trkpt><trkpt lat="47.09848792338744" lon="9.069581693038344"><ele>437.3999938964844</ele></trkpt><trkpt lat="47.09857187746093" lon="9.06962509220466"><ele>437.3999938964844</ele></trkpt><trkpt lat="47.09865671209991" lon="9.069669835735112"><ele>437.29998779296875</ele></trkpt><trkpt lat="47.098741565831006" lon="9.069713262375444"><ele>437.29998779296875</ele></trkpt><trkpt lat="47.09882640046999" lon="9.069758006371558"><ele>437.29998779296875</ele></trkpt><trkpt lat="47.09891125373542" lon="9.06980143347755"><ele>437.3999938964844</ele></trkpt><trkpt lat="47.09899608884007" lon="9.069846177939326"><ele>437.3999938964844</ele></trkpt><trkpt lat="47.0990809421055" lon="9.06988960551098"><ele>437.3999938964844</ele></trkpt></trkseg></trk></gpx>